season,week_num,celebrity_name,week_avg_score,week_z_sum,judge_count,signal_clarity,tech_rank,celebrity_industry,celebrity_age_during_season,final_status,eliminated_week,placement,ballroom_partner,had_bottom_two_record
1,1,Evander Holyfield,6.0,0.0,3,1.0,4.0,Athlete,42,Eliminated,3.0,5,Edyta Sliwinska,0
1,1,Joey Mcintyre,6.666666666666667,2.6978,3,0.5773502691896258,1.0,Singer/Rapper,32,Finalist,4.0,3,Ashly Delgrosso,0
1,1,John O'Hurley,6.666666666666667,2.6978,3,0.5773502691896258,1.0,Actor/Actress,50,RunnerUp,4.0,2,Charlotte Jorgensen,0
1,1,Kelly Monaco,4.333333333333333,-6.7445,3,0.5773502691896257,6.0,Actor/Actress,29,Winner,4.0,1,Alec Mazo,0
1,1,Rachel Hunter,6.666666666666667,2.6978,3,0.5773502691896257,1.0,Model,35,Eliminated,4.0,4,Jonathan Roberts,0
1,1,Trista Sutter,6.0,0.0,3,0.0,4.0,Tv Personality,32,Eliminated,2.0,6,Louis Van Amstel,0
1,2,Evander Holyfield,4.666666666666667,-3.7094749999999994,3,0.5773502691896257,6.0,Athlete,42,Eliminated,3.0,5,Edyta Sliwinska,0
1,2,Joey Mcintyre,7.0,1.0116749999999999,3,1.0,3.0,Singer/Rapper,32,Finalist,4.0,3,Ashly Delgrosso,0
1,2,John O'Hurley,8.666666666666666,4.383925,3,0.5773502691896258,1.0,Actor/Actress,50,RunnerUp,4.0,2,Charlotte Jorgensen,0
1,2,Kelly Monaco,5.666666666666667,-1.6861249999999999,3,0.5773502691896257,5.0,Actor/Actress,29,Winner,4.0,1,Alec Mazo,0
1,2,Rachel Hunter,8.0,3.0350249999999996,3,0.0,2.0,Model,35,Eliminated,4.0,4,Jonathan Roberts,0
1,2,Trista Sutter,6.333333333333333,-0.337225,3,0.5773502691896257,4.0,Tv Personality,32,Eliminated,2.0,6,Louis Van Amstel,0
1,3,Evander Holyfield,4.333333333333333,-7.194133333333333,3,0.5773502691896257,5.0,Athlete,42,Eliminated,3.0,5,Edyta Sliwinska,0
1,3,Joey Mcintyre,7.333333333333333,0.8992666666666665,3,0.5773502691896258,3.0,Singer/Rapper,32,Finalist,4.0,3,Ashly Delgrosso,0
1,3,John O'Hurley,8.0,2.6977999999999995,3,1.0,2.0,Actor/Actress,50,RunnerUp,4.0,2,Charlotte Jorgensen,0
1,3,Kelly Monaco,7.0,0.0,3,1.0,4.0,Actor/Actress,29,Winner,4.0,1,Alec Mazo,0
1,3,Rachel Hunter,8.666666666666666,4.496333333333332,3,0.5773502691896258,1.0,Model,35,Eliminated,4.0,4,Jonathan Roberts,0
1,4,Joey Mcintyre,6.666666666666667,-1.686125,3,0.5773502691896257,4.0,Singer/Rapper,32,Finalist,4.0,3,Ashly Delgrosso,0
1,4,John O'Hurley,7.0,-1.0116749999999999,3,1.0,3.0,Actor/Actress,50,RunnerUp,4.0,2,Charlotte Jorgensen,0
1,4,Kelly Monaco,8.666666666666666,2.360575,3,0.5773502691896255,1.0,Actor/Actress,29,Winner,4.0,1,Alec Mazo,0
1,4,Rachel Hunter,8.333333333333334,1.6861249999999997,3,1.1547005383792515,2.0,Model,35,Eliminated,4.0,4,Jonathan Roberts,0
2,1,Drew Lachey,8.0,1.4715272727272726,3,0.0,1.0,Singer/Rapper,29,Winner,7.0,1,Cheryl Burke,0
2,1,George Hamilton,6.0,-1.4715272727272726,3,1.0,8.0,Actor/Actress,66,Eliminated,6.0,5,Edyta Sliwinska,0
2,1,Giselle Fernandez,7.666666666666667,0.9810181818181817,3,0.5773502691896257,2.0,News Anchor,44,Eliminated,3.0,8,Jonathan Roberts,0
2,1,Jerry Rice,7.0,0.0,3,0.0,5.0,Athlete,43,RunnerUp,7.0,2,Anna Trebunskaya,0
2,1,Kenny Mayne,4.333333333333333,-3.9240727272727267,3,0.5773502691896257,9.0,Sports Broadcaster,46,Eliminated,1.0,10,Andrea Hale,0
2,1,Lisa Rinna,6.333333333333333,-0.9810181818181817,3,1.1547005383792517,7.0,Actor/Actress,42,Eliminated,7.0,4,Louis Van Amstel,0
2,1,Master P,4.0,-4.4145818181818175,3,0.0,10.0,Singer/Rapper,35,Eliminated,4.0,7,Ashly Delgrosso,0
2,1,Stacy Keibler,7.333333333333333,0.49050909090909084,3,1.1547005383792517,4.0,Athlete,26,Finalist,7.0,3,Tony Dovolani,0
2,1,Tatum O'Neal,7.666666666666667,0.9810181818181817,3,0.5773502691896257,2.0,Actor/Actress,42,Eliminated,2.0,9,Nick Kosovich,0
2,1,Tia Carrere,6.666666666666667,-0.49050909090909084,3,0.5773502691896257,6.0,Actor/Actress,39,Eliminated,5.0,6,Maksim Chmerkoskiy,0
2,2,Drew Lachey,9.0,5.395599999999999,3,0.0,2.0,Singer/Rapper,29,Winner,7.0,1,Cheryl Burke,0
2,2,George Hamilton,7.333333333333333,0.8992666666666665,3,0.5773502691896257,5.0,Actor/Actress,66,Eliminated,6.0,5,Edyta Sliwinska,0
2,2,Giselle Fernandez,8.0,2.6977999999999995,3,0.0,3.0,News Anchor,44,Eliminated,3.0,8,Jonathan Roberts,0
2,2,Jerry Rice,7.666666666666667,1.798533333333333,3,0.5773502691896257,4.0,Athlete,43,RunnerUp,7.0,2,Anna Trebunskaya,0
2,2,Lisa Rinna,6.666666666666667,-0.8992666666666665,3,0.5773502691896257,7.0,Actor/Actress,42,Eliminated,7.0,4,Louis Van Amstel,0
2,2,Master P,5.333333333333333,-4.496333333333332,3,0.5773502691896257,9.0,Singer/Rapper,35,Eliminated,4.0,7,Ashly Delgrosso,0
2,2,Stacy Keibler,9.666666666666666,7.194133333333333,3,0.5773502691896258,1.0,Athlete,26,Finalist,7.0,3,Tony Dovolani,0
2,2,Tatum O'Neal,5.666666666666667,-3.597066666666666,3,0.5773502691896257,8.0,Actor/Actress,42,Eliminated,2.0,9,Nick Kosovich,0
2,2,Tia Carrere,7.333333333333333,0.8992666666666665,3,0.5773502691896257,5.0,Actor/Actress,39,Eliminated,5.0,6,Maksim Chmerkoskiy,0
2,3,Drew Lachey,9.0,2.0233499999999998,3,0.0,1.0,Singer/Rapper,29,Winner,7.0,1,Cheryl Burke,0
2,3,George Hamilton,7.333333333333333,-1.3489,3,0.5773502691896258,5.0,Actor/Actress,66,Eliminated,6.0,5,Edyta Sliwinska,0
2,3,Giselle Fernandez,7.333333333333333,-1.3489,3,0.5773502691896257,5.0,News Anchor,44,Eliminated,3.0,8,Jonathan Roberts,0
2,3,Jerry Rice,6.333333333333333,-3.37225,3,0.5773502691896257,7.0,Athlete,43,RunnerUp,7.0,2,Anna Trebunskaya,0
2,3,Lisa Rinna,8.333333333333334,0.67445,3,0.5773502691896255,4.0,Actor/Actress,42,Eliminated,7.0,4,Louis Van Amstel,0
2,3,Master P,4.666666666666667,-6.7445,3,1.1547005383792517,8.0,Singer/Rapper,35,Eliminated,4.0,7,Ashly Delgrosso,0
2,3,Stacy Keibler,9.0,2.0233499999999998,3,0.0,1.0,Athlete,26,Finalist,7.0,3,Tony Dovolani,0
2,3,Tia Carrere,8.666666666666666,1.3489,3,0.5773502691896258,3.0,Actor/Actress,39,Eliminated,5.0,6,Maksim Chmerkoskiy,0
2,4,Drew Lachey,9.333333333333334,2.6978,3,0.5773502691896255,1.0,Singer/Rapper,29,Winner,7.0,1,Cheryl Burke,0
2,4,George Hamilton,7.0,-2.0233499999999998,3,0.0,6.0,Actor/Actress,66,Eliminated,6.0,5,Edyta Sliwinska,0
2,4,Jerry Rice,8.0,0.0,3,0.0,5.0,Athlete,43,RunnerUp,7.0,2,Anna Trebunskaya,0
2,4,Lisa Rinna,8.666666666666666,1.3489,3,0.5773502691896255,2.0,Actor/Actress,42,Eliminated,7.0,4,Louis Van Amstel,0
2,4,Master P,2.6666666666666665,-10.7912,3,1.1547005383792515,7.0,Singer/Rapper,35,Eliminated,4.0,7,Ashly Delgrosso,0
2,4,Stacy Keibler,8.666666666666666,1.3489,3,0.5773502691896258,2.0,Athlete,26,Finalist,7.0,3,Tony Dovolani,0
2,4,Tia Carrere,8.333333333333334,0.67445,3,0.5773502691896258,4.0,Actor/Actress,39,Eliminated,5.0,6,Maksim Chmerkoskiy,0
2,5,Drew Lachey,9.0,4.0466999999999995,3,0.0,2.0,Singer/Rapper,29,Winner,7.0,1,Cheryl Burke,0
2,5,George Hamilton,8.0,0.0,3,0.0,4.0,Actor/Actress,66,Eliminated,6.0,5,Edyta Sliwinska,0
2,5,Jerry Rice,7.666666666666667,-1.3489,3,0.5773502691896257,5.0,Athlete,43,RunnerUp,7.0,2,Anna Trebunskaya,0
2,5,Lisa Rinna,8.333333333333334,1.3489,3,1.1547005383792515,3.0,Actor/Actress,42,Eliminated,7.0,4,Louis Van Amstel,0
2,5,Stacy Keibler,10.0,8.093399999999999,3,0.0,1.0,Athlete,26,Finalist,7.0,3,Tony Dovolani,0
2,5,Tia Carrere,7.333333333333333,-2.6978,3,0.5773502691896258,6.0,Actor/Actress,39,Eliminated,5.0,6,Maksim Chmerkoskiy,0
2,6,Drew Lachey,10.0,2.0233499999999998,3,0.0,1.0,Singer/Rapper,29,Winner,7.0,1,Cheryl Burke,0
2,6,George Hamilton,7.666666666666667,-2.6978,3,0.5773502691896257,4.0,Actor/Actress,66,Eliminated,6.0,5,Edyta Sliwinska,0
2,6,Jerry Rice,7.666666666666667,-2.6978,3,0.5773502691896257,4.0,Athlete,43,RunnerUp,7.0,2,Anna Trebunskaya,0
2,6,Lisa Rinna,9.0,0.0,3,0.0,3.0,Actor/Actress,42,Eliminated,7.0,4,Louis Van Amstel,0
2,6,Stacy Keibler,10.0,2.0233499999999998,3,0.0,1.0,Athlete,26,Finalist,7.0,3,Tony Dovolani,0
2,7,Drew Lachey,9.166666666666666,0.7707999999999999,3,0.28867513459481275,1.0,Singer/Rapper,29,Winner,7.0,1,Cheryl Burke,0
2,7,Jerry Rice,6.833333333333333,-10.020399999999999,3,0.28867513459481275,4.0,Athlete,43,RunnerUp,7.0,2,Anna Trebunskaya,0
2,7,Lisa Rinna,8.833333333333334,-0.7707999999999999,3,0.28867513459481275,3.0,Actor/Actress,42,Eliminated,7.0,4,Louis Van Amstel,0
2,7,Stacy Keibler,9.166666666666666,0.7707999999999999,3,0.28867513459481314,1.0,Athlete,26,Finalist,7.0,3,Tony Dovolani,0
3,1,Emmitt Smith,8.0,2.6977999999999995,3,0.0,2.0,Athlete,37,Winner,8.0,1,Cheryl Burke,0
3,1,Harry Hamlin,5.666666666666667,-0.4496333333333333,3,0.5773502691896257,8.0,Actor/Actress,54,Eliminated,3.0,9,Ashly Delgrosso,0
3,1,Jerry Springer,5.333333333333333,-0.8992666666666665,3,0.5773502691896258,9.0,Tv Personality,62,Eliminated,7.0,5,Kym Johnson,0
3,1,Joey Lawrence,7.0,1.3488999999999998,3,0.0,5.0,Actor/Actress,30,Finalist,8.0,3,Edyta Sliwinska,0
3,1,Mario Lopez,8.666666666666666,3.5970666666666666,3,0.5773502691896258,1.0,Actor/Actress,32,RunnerUp,8.0,2,Karina Smirnoff,0
3,1,Monique Coleman,6.333333333333333,0.4496333333333333,3,0.5773502691896258,6.0,Actor/Actress,25,Eliminated,8.0,4,Louis Van Amstel,0
3,1,Sara Evans,5.0,-1.3488999999999998,3,0.0,10.0,Singer/Rapper,35,Withdrew,,6,Tony Dovolani,0
3,1,Shanna Moakler,6.0,0.0,3,1.0,7.0,Model,31,Eliminated,2.0,10,Jesse Desoto,0
3,1,Tucker Carlson,4.0,-2.6978,3,1.0,11.0,Tv Personality,37,Eliminated,1.0,11,Elena Grinenko,0
3,1,Vivica A. Fox,7.333333333333333,1.798533333333333,3,1.1547005383792517,3.0,Actor/Actress,42,Eliminated,4.0,8,Nick Kosovich,0
3,1,Willa Ford,7.333333333333333,1.798533333333333,3,0.5773502691896258,3.0,Singer/Rapper,25,Eliminated,5.0,7,Maksim Chmerkoskiy,0
3,2,Emmitt Smith,8.0,0.0,3,0.0,3.0,Athlete,37,Winner,8.0,1,Cheryl Burke,0
3,2,Harry Hamlin,7.0,-4.0466999999999995,3,0.0,7.0,Actor/Actress,54,Eliminated,3.0,9,Ashly Delgrosso,0
3,2,Jerry Springer,6.333333333333333,-6.7445,3,0.5773502691896257,10.0,Tv Personality,62,Eliminated,7.0,5,Kym Johnson,0
3,2,Joey Lawrence,9.666666666666666,6.7445,3,0.5773502691896258,1.0,Actor/Actress,30,Finalist,8.0,3,Edyta Sliwinska,0
3,2,Mario Lopez,7.0,-4.0466999999999995,3,1.0,7.0,Actor/Actress,32,RunnerUp,8.0,2,Karina Smirnoff,0
3,2,Monique Coleman,8.666666666666666,2.6978,3,0.5773502691896258,2.0,Actor/Actress,25,Eliminated,8.0,4,Louis Van Amstel,0
3,2,Sara Evans,7.0,-4.0466999999999995,3,0.0,7.0,Singer/Rapper,35,Withdrew,,6,Tony Dovolani,0
3,2,Shanna Moakler,7.333333333333333,-2.6978,3,0.5773502691896257,6.0,Model,31,Eliminated,2.0,10,Jesse Desoto,0
3,2,Vivica A. Fox,8.0,0.0,3,0.0,3.0,Actor/Actress,42,Eliminated,4.0,8,Nick Kosovich,0
3,2,Willa Ford,7.666666666666667,-1.3489,3,0.5773502691896257,5.0,Singer/Rapper,25,Eliminated,5.0,7,Maksim Chmerkoskiy,0
3,3,Emmitt Smith,6.333333333333333,-4.496333333333332,3,0.5773502691896257,9.0,Athlete,37,Winner,8.0,1,Cheryl Burke,0
3,3,Harry Hamlin,7.333333333333333,-1.798533333333333,3,0.5773502691896257,4.0,Actor/Actress,54,Eliminated,3.0,9,Ashly Delgrosso,0
3,3,Jerry Springer,7.0,-2.6977999999999995,3,0.0,8.0,Tv Personality,62,Eliminated,7.0,5,Kym Johnson,0
3,3,Joey Lawrence,7.333333333333333,-1.798533333333333,3,1.1547005383792517,4.0,Actor/Actress,30,Finalist,8.0,3,Edyta Sliwinska,0
3,3,Mario Lopez,7.333333333333333,-1.798533333333333,3,1.1547005383792517,4.0,Actor/Actress,32,RunnerUp,8.0,2,Karina Smirnoff,0
3,3,Monique Coleman,9.0,2.6977999999999995,3,0.0,1.0,Actor/Actress,25,Eliminated,8.0,4,Louis Van Amstel,0
3,3,Sara Evans,8.333333333333334,0.8992666666666665,3,0.5773502691896258,3.0,Singer/Rapper,35,Withdrew,,6,Tony Dovolani,0
3,3,Vivica A. Fox,9.0,2.6977999999999995,3,0.0,1.0,Actor/Actress,42,Eliminated,4.0,8,Nick Kosovich,0
3,3,Willa Ford,7.333333333333333,-1.798533333333333,3,0.5773502691896258,4.0,Singer/Rapper,25,Eliminated,5.0,7,Maksim Chmerkoskiy,0
3,4,Emmitt Smith,8.0,0.0,3,0.0,4.0,Athlete,37,Winner,8.0,1,Cheryl Burke,0
3,4,Jerry Springer,7.333333333333333,-2.6978,3,0.5773502691896258,7.0,Tv Personality,62,Eliminated,7.0,5,Kym Johnson,0
3,4,Joey Lawrence,9.0,4.0466999999999995,3,0.0,3.0,Actor/Actress,30,Finalist,8.0,3,Edyta Sliwinska,0
3,4,Mario Lopez,9.666666666666666,6.7445,3,0.5773502691896258,1.0,Actor/Actress,32,RunnerUp,8.0,2,Karina Smirnoff,0
3,4,Monique Coleman,8.0,0.0,3,0.0,4.0,Actor/Actress,25,Eliminated,8.0,4,Louis Van Amstel,0
3,4,Sara Evans,6.666666666666667,-5.3956,3,0.5773502691896257,8.0,Singer/Rapper,35,Withdrew,,6,Tony Dovolani,0
3,4,Vivica A. Fox,8.0,0.0,3,0.0,4.0,Actor/Actress,42,Eliminated,4.0,8,Nick Kosovich,0
3,4,Willa Ford,9.333333333333334,5.3956,3,0.5773502691896255,2.0,Singer/Rapper,25,Eliminated,5.0,7,Maksim Chmerkoskiy,0
3,5,Emmitt Smith,9.0,0.0,3,0.0,1.0,Athlete,37,Winner,8.0,1,Cheryl Burke,0
3,5,Jerry Springer,8.0,-4.0466999999999995,3,0.0,6.0,Tv Personality,62,Eliminated,7.0,5,Kym Johnson,0
3,5,Joey Lawrence,8.333333333333334,-2.6978,3,0.5773502691896255,5.0,Actor/Actress,30,Finalist,8.0,3,Edyta Sliwinska,0
3,5,Mario Lopez,9.0,0.0,3,0.0,1.0,Actor/Actress,32,RunnerUp,8.0,2,Karina Smirnoff,0
3,5,Monique Coleman,9.0,0.0,3,0.0,1.0,Actor/Actress,25,Eliminated,8.0,4,Louis Van Amstel,0
3,5,Sara Evans,8.0,-4.0466999999999995,3,0.0,6.0,Singer/Rapper,35,Withdrew,,6,Tony Dovolani,0
3,5,Willa Ford,9.0,0.0,3,0.0,1.0,Singer/Rapper,25,Eliminated,5.0,7,Maksim Chmerkoskiy,0
3,6,Emmitt Smith,8.333333333333334,0.67445,3,0.5773502691896255,2.0,Athlete,37,Winner,8.0,1,Cheryl Burke,0
3,6,Jerry Springer,6.0,-4.0466999999999995,3,1.0,5.0,Tv Personality,62,Eliminated,7.0,5,Kym Johnson,0
3,6,Joey Lawrence,8.0,0.0,3,0.0,3.0,Actor/Actress,30,Finalist,8.0,3,Edyta Sliwinska,0
3,6,Mario Lopez,9.333333333333334,2.6978,3,0.5773502691896255,1.0,Actor/Actress,32,RunnerUp,8.0,2,Karina Smirnoff,0
3,6,Monique Coleman,7.666666666666667,-0.67445,3,1.1547005383792517,4.0,Actor/Actress,25,Eliminated,8.0,4,Louis Van Amstel,0
3,7,Emmitt Smith,9.5,4.0466999999999995,3,0.5,1.0,Athlete,37,Winner,8.0,1,Cheryl Burke,0
3,7,Jerry Springer,7.666666666666667,-10.7912,3,0.2886751345948129,5.0,Tv Personality,62,Eliminated,7.0,5,Kym Johnson,0
3,7,Joey Lawrence,9.5,4.0466999999999995,3,0.5,1.0,Actor/Actress,30,Finalist,8.0,3,Edyta Sliwinska,0
3,7,Mario Lopez,9.333333333333334,2.6978,3,0.28867513459481275,3.0,Actor/Actress,32,RunnerUp,8.0,2,Karina Smirnoff,0
3,7,Monique Coleman,9.0,0.0,3,0.0,4.0,Actor/Actress,25,Eliminated,8.0,4,Louis Van Amstel,0
3,8,Emmitt Smith,9.0,0.0,3,0.5,2.0,Athlete,37,Winner,8.0,1,Cheryl Burke,0
3,8,Joey Lawrence,9.0,0.0,3,0.5,2.0,Actor/Actress,30,Finalist,8.0,3,Edyta Sliwinska,0
3,8,Mario Lopez,9.5,3.2373600000000002,3,0.5,1.0,Actor/Actress,32,RunnerUp,8.0,2,Karina Smirnoff,0
3,8,Monique Coleman,8.833333333333334,-1.07912,3,0.28867513459481275,4.0,Actor/Actress,25,Eliminated,8.0,4,Louis Van Amstel,0
4,1,Apolo Anton Ohno,7.0,2.0233499999999998,3,0.0,3.0,Athlete,24,Winner,9.0,1,Julianne Hough,0
4,1,Billy Ray Cyrus,4.333333333333333,-3.37225,3,0.5773502691896257,11.0,Singer/Rapper,45,Eliminated,8.0,5,Karina Smirnoff,0
4,1,Clyde Drexler,5.333333333333333,-1.3489,3,0.5773502691896257,9.0,Athlete,44,Eliminated,5.0,8,Elena Grinenko,0
4,1,Heather Mills,6.0,0.0,3,0.0,7.0,Model,39,Eliminated,6.0,7,Jonathan Roberts,0
4,1,Ian Ziering,7.0,2.0233499999999998,3,0.0,3.0,Actor/Actress,42,Eliminated,9.0,4,Cheryl Burke,0
4,1,Joey Fatone,8.0,4.0466999999999995,3,0.0,1.0,Singer/Rapper,30,RunnerUp,9.0,2,Kym Johnson,0
4,1,John Ratzenberger,5.666666666666667,-0.67445,3,0.5773502691896257,8.0,Actor/Actress,59,Eliminated,7.0,6,Edyta Sliwinska,0
4,1,Laila Ali,7.666666666666667,3.37225,3,0.5773502691896257,2.0,Athlete,29,Finalist,9.0,3,Maksim Chmerkoskiy,0
4,1,Leeza Gibbons,5.0,-2.0233499999999998,3,0.0,10.0,Tv Personality,50,Eliminated,4.0,9,Tony Dovolani,0
4,1,Paulina Porizkova,6.333333333333333,0.67445,3,0.5773502691896258,5.0,Model,41,Eliminated,2.0,11,Alec Mazo,0
4,1,Shandi Finnessey,6.333333333333333,0.67445,3,0.5773502691896258,5.0,Beauty Pagent,28,Eliminated,3.0,10,Brian Fortuna,0
4,2,Apolo Anton Ohno,8.666666666666666,6.7445,3,0.5773502691896258,2.0,Athlete,24,Winner,9.0,1,Julianne Hough,0
4,2,Billy Ray Cyrus,7.0,0.0,3,0.0,6.0,Singer/Rapper,45,Eliminated,8.0,5,Karina Smirnoff,0
4,2,Clyde Drexler,6.0,-4.0466999999999995,3,0.0,11.0,Athlete,44,Eliminated,5.0,8,Elena Grinenko,0
4,2,Heather Mills,8.0,4.0466999999999995,3,0.0,3.0,Model,39,Eliminated,6.0,7,Jonathan Roberts,0
4,2,Ian Ziering,7.333333333333333,1.3489,3,0.5773502691896257,5.0,Actor/Actress,42,Eliminated,9.0,4,Cheryl Burke,0
4,2,Joey Fatone,8.0,4.0466999999999995,3,0.0,3.0,Singer/Rapper,30,RunnerUp,9.0,2,Kym Johnson,0
4,2,John Ratzenberger,7.0,0.0,3,0.0,6.0,Actor/Actress,59,Eliminated,7.0,6,Edyta Sliwinska,0
4,2,Laila Ali,9.0,8.093399999999999,3,0.0,1.0,Athlete,29,Finalist,9.0,3,Maksim Chmerkoskiy,0
4,2,Leeza Gibbons,7.0,0.0,3,0.0,6.0,Tv Personality,50,Eliminated,4.0,9,Tony Dovolani,0
4,2,Paulina Porizkova,7.0,0.0,3,0.0,6.0,Model,41,Eliminated,2.0,11,Alec Mazo,0
4,2,Shandi Finnessey,6.666666666666667,-1.3489,3,0.5773502691896257,10.0,Beauty Pagent,28,Eliminated,3.0,10,Brian Fortuna,0
4,3,Apolo Anton Ohno,7.666666666666667,2.6978,3,0.5773502691896257,5.0,Athlete,24,Winner,9.0,1,Julianne Hough,0
4,3,Billy Ray Cyrus,7.0,0.0,3,0.0,6.0,Singer/Rapper,45,Eliminated,8.0,5,Karina Smirnoff,0
4,3,Clyde Drexler,5.333333333333333,-6.7445,3,0.5773502691896257,10.0,Athlete,44,Eliminated,5.0,8,Elena Grinenko,0
4,3,Heather Mills,8.0,4.0466999999999995,3,0.0,1.0,Model,39,Eliminated,6.0,7,Jonathan Roberts,0
4,3,Ian Ziering,8.0,4.0466999999999995,3,0.0,1.0,Actor/Actress,42,Eliminated,9.0,4,Cheryl Burke,0
4,3,Joey Fatone,8.0,4.0466999999999995,3,0.0,1.0,Singer/Rapper,30,RunnerUp,9.0,2,Kym Johnson,0
4,3,John Ratzenberger,6.666666666666667,-1.3489,3,0.5773502691896257,9.0,Actor/Actress,59,Eliminated,7.0,6,Edyta Sliwinska,0
4,3,Laila Ali,7.0,0.0,3,0.0,6.0,Athlete,29,Finalist,9.0,3,Maksim Chmerkoskiy,0
4,3,Leeza Gibbons,8.0,4.0466999999999995,3,0.0,1.0,Tv Personality,50,Eliminated,4.0,9,Tony Dovolani,0
4,3,Shandi Finnessey,7.0,0.0,3,0.0,6.0,Beauty Pagent,28,Eliminated,3.0,10,Brian Fortuna,0
4,4,Apolo Anton Ohno,8.666666666666666,3.37225,3,0.5773502691896258,2.0,Athlete,24,Winner,9.0,1,Julianne Hough,0
4,4,Billy Ray Cyrus,7.0,0.0,3,0.0,5.0,Singer/Rapper,45,Eliminated,8.0,5,Karina Smirnoff,0
4,4,Clyde Drexler,5.0,-4.0466999999999995,3,1.0,9.0,Athlete,44,Eliminated,5.0,8,Elena Grinenko,0
4,4,Heather Mills,7.666666666666667,1.3489,3,0.5773502691896257,4.0,Model,39,Eliminated,6.0,7,Jonathan Roberts,0
4,4,Ian Ziering,8.0,2.0233499999999998,3,1.0,3.0,Actor/Actress,42,Eliminated,9.0,4,Cheryl Burke,0
4,4,Joey Fatone,9.333333333333334,4.72115,3,0.5773502691896258,1.0,Singer/Rapper,30,RunnerUp,9.0,2,Kym Johnson,0
4,4,John Ratzenberger,5.333333333333333,-3.37225,3,0.5773502691896257,7.0,Actor/Actress,59,Eliminated,7.0,6,Edyta Sliwinska,0
4,4,Laila Ali,7.0,0.0,3,0.0,5.0,Athlete,29,Finalist,9.0,3,Maksim Chmerkoskiy,0
4,4,Leeza Gibbons,5.333333333333333,-3.37225,3,0.5773502691896257,7.0,Tv Personality,50,Eliminated,4.0,9,Tony Dovolani,0
4,5,Apolo Anton Ohno,10.0,3.37225,3,0.0,1.0,Athlete,24,Winner,9.0,1,Julianne Hough,0
4,5,Billy Ray Cyrus,5.666666666666667,-2.4729833333333335,3,0.5773502691896258,7.0,Singer/Rapper,45,Eliminated,8.0,5,Karina Smirnoff,0
4,5,Clyde Drexler,4.333333333333333,-4.271516666666666,3,0.5773502691896257,8.0,Athlete,44,Eliminated,5.0,8,Elena Grinenko,0
4,5,Heather Mills,7.0,-0.6744499999999999,3,0.0,5.0,Model,39,Eliminated,6.0,7,Jonathan Roberts,0
4,5,Ian Ziering,8.0,0.6744499999999999,3,0.0,4.0,Actor/Actress,42,Eliminated,9.0,4,Cheryl Burke,0
4,5,Joey Fatone,8.333333333333334,1.1240833333333333,3,0.5773502691896255,3.0,Singer/Rapper,30,RunnerUp,9.0,2,Kym Johnson,0
4,5,John Ratzenberger,6.0,-2.0233499999999998,3,0.0,6.0,Actor/Actress,59,Eliminated,7.0,6,Edyta Sliwinska,0
4,5,Laila Ali,9.333333333333334,2.4729833333333335,3,0.5773502691896258,2.0,Athlete,29,Finalist,9.0,3,Maksim Chmerkoskiy,0
4,6,Apolo Anton Ohno,9.333333333333334,2.6978,3,0.5773502691896255,1.0,Athlete,24,Winner,9.0,1,Julianne Hough,0
4,6,Billy Ray Cyrus,7.0,-2.0233499999999998,3,0.0,6.0,Singer/Rapper,45,Eliminated,8.0,5,Karina Smirnoff,0
4,6,Heather Mills,7.666666666666667,-0.67445,3,0.5773502691896257,5.0,Model,39,Eliminated,6.0,7,Jonathan Roberts,0
4,6,Ian Ziering,8.0,0.0,3,0.0,4.0,Actor/Actress,42,Eliminated,9.0,4,Cheryl Burke,0
4,6,Joey Fatone,9.0,2.0233499999999998,3,0.0,3.0,Singer/Rapper,30,RunnerUp,9.0,2,Kym Johnson,0
4,6,John Ratzenberger,6.333333333333333,-3.37225,3,0.5773502691896257,7.0,Actor/Actress,59,Eliminated,7.0,6,Edyta Sliwinska,0
4,6,Laila Ali,9.333333333333334,2.6978,3,0.5773502691896255,1.0,Athlete,29,Finalist,9.0,3,Maksim Chmerkoskiy,0
4,7,Apolo Anton Ohno,9.0,0.0,3,0.5,3.0,Athlete,24,Winner,9.0,1,Julianne Hough,0
4,7,Billy Ray Cyrus,6.333333333333333,-5.3956,3,0.2886751345948129,6.0,Singer/Rapper,45,Eliminated,8.0,5,Karina Smirnoff,0
4,7,Ian Ziering,9.0,0.0,3,0.0,3.0,Actor/Actress,42,Eliminated,9.0,4,Cheryl Burke,0
4,7,Joey Fatone,9.833333333333334,1.686125,3,0.28867513459481275,1.0,Singer/Rapper,30,RunnerUp,9.0,2,Kym Johnson,0
4,7,John Ratzenberger,7.5,-3.0350249999999996,3,0.0,5.0,Actor/Actress,59,Eliminated,7.0,6,Edyta Sliwinska,0
4,7,Laila Ali,9.833333333333334,1.686125,3,0.28867513459481275,1.0,Athlete,29,Finalist,9.0,3,Maksim Chmerkoskiy,0
4,8,Apolo Anton Ohno,9.666666666666666,2.15824,3,0.5773502691896258,1.0,Athlete,24,Winner,9.0,1,Julianne Hough,0
4,8,Billy Ray Cyrus,6.333333333333333,-8.63296,3,0.28867513459481275,5.0,Singer/Rapper,45,Eliminated,8.0,5,Karina Smirnoff,0
4,8,Ian Ziering,7.833333333333333,-3.77692,3,0.2886751345948129,4.0,Actor/Actress,42,Eliminated,9.0,4,Cheryl Burke,0
4,8,Joey Fatone,9.166666666666666,0.53956,3,0.28867513459481275,2.0,Singer/Rapper,30,RunnerUp,9.0,2,Kym Johnson,0
4,8,Laila Ali,8.833333333333334,-0.53956,3,0.28867513459481275,3.0,Athlete,29,Finalist,9.0,3,Maksim Chmerkoskiy,0
4,9,Apolo Anton Ohno,9.833333333333334,-5.3956,3,0.28867513459481275,3.0,Athlete,24,Winner,9.0,1,Julianne Hough,0
4,9,Ian Ziering,9.666666666666666,-10.7912,3,0.28867513459481275,4.0,Actor/Actress,42,Eliminated,9.0,4,Cheryl Burke,0
4,9,Joey Fatone,10.0,0.0,3,0.0,1.0,Singer/Rapper,30,RunnerUp,9.0,2,Kym Johnson,0
4,9,Laila Ali,10.0,0.0,3,0.0,1.0,Athlete,29,Finalist,9.0,3,Maksim Chmerkoskiy,0
5,1,Albert Reed,7.0,0.0,3,0.0,5.0,Model,22,Eliminated,2.0,11,Anna Trebunskaya,0
5,1,Cameron Mathison,7.0,0.0,3,0.0,5.0,Actor/Actress,38,Eliminated,8.0,5,Edyta Sliwinska,0
5,1,Floyd Mayweather Jr.,6.0,-4.0466999999999995,3,0.0,11.0,Athlete,30,Eliminated,4.0,9,Karina Smirnoff,0
5,1,Helio Castroneves,8.333333333333334,5.3956,3,0.5773502691896258,2.0,Racing Driver,32,Winner,9.0,1,Julianne Hough,0
5,1,Jane Seymour,8.0,4.0466999999999995,3,0.0,3.0,Actor/Actress,56,Eliminated,7.0,6,Tony Dovolani,0
5,1,Jennie Garth,7.0,0.0,3,0.0,5.0,Actor/Actress,35,Eliminated,9.0,4,Derek Hough,0
5,1,Josie Maran,5.333333333333333,-6.7445,3,0.5773502691896257,12.0,Model,29,Eliminated,1.0,12,Alec Mazo,0
5,1,Marie Osmond,7.0,0.0,3,0.0,5.0,Singer/Rapper,47,Finalist,9.0,3,Jonathan Roberts,0
5,1,Mark Cuban,7.0,0.0,3,0.0,5.0,Tv Personality,49,Eliminated,5.0,8,Kym Johnson,0
5,1,Mel B,8.0,4.0466999999999995,3,0.0,3.0,Singer/Rapper,32,RunnerUp,9.0,2,Maksim Chmerkoskiy,0
5,1,Sabrina Bryan,8.666666666666666,6.7445,3,0.5773502691896258,1.0,Actor/Actress,23,Eliminated,6.0,7,Mark Ballas,0
5,1,Wayne Newton,6.333333333333333,-2.6978,3,0.5773502691896257,10.0,Singer/Rapper,65,Eliminated,3.0,10,Cheryl Burke,0
5,2,Albert Reed,7.0,0.0,3,0.0,5.0,Model,22,Eliminated,2.0,11,Anna Trebunskaya,0
5,2,Cameron Mathison,7.0,0.0,3,0.0,5.0,Actor/Actress,38,Eliminated,8.0,5,Edyta Sliwinska,0
5,2,Floyd Mayweather Jr.,7.0,0.0,3,0.0,5.0,Athlete,30,Eliminated,4.0,9,Karina Smirnoff,0
5,2,Helio Castroneves,9.0,8.093399999999999,3,0.0,1.0,Racing Driver,32,Winner,9.0,1,Julianne Hough,0
5,2,Jane Seymour,7.0,0.0,3,0.0,5.0,Actor/Actress,56,Eliminated,7.0,6,Tony Dovolani,0
5,2,Jennie Garth,7.0,0.0,3,0.0,5.0,Actor/Actress,35,Eliminated,9.0,4,Derek Hough,0
5,2,Marie Osmond,8.0,4.0466999999999995,3,0.0,3.0,Singer/Rapper,47,Finalist,9.0,3,Jonathan Roberts,0
5,2,Mark Cuban,6.0,-4.0466999999999995,3,0.0,10.0,Tv Personality,49,Eliminated,5.0,8,Kym Johnson,0
5,2,Mel B,7.666666666666667,2.6978,3,0.5773502691896257,4.0,Singer/Rapper,32,RunnerUp,9.0,2,Maksim Chmerkoskiy,0
5,2,Sabrina Bryan,8.666666666666666,6.7445,3,0.5773502691896258,2.0,Actor/Actress,23,Eliminated,6.0,7,Mark Ballas,0
5,2,Wayne Newton,5.0,-8.093399999999999,3,0.0,11.0,Singer/Rapper,65,Eliminated,3.0,10,Cheryl Burke,0
5,3,Cameron Mathison,7.666666666666667,-0.67445,3,0.5773502691896257,7.0,Actor/Actress,38,Eliminated,8.0,5,Edyta Sliwinska,0
5,3,Floyd Mayweather Jr.,7.0,-2.0233499999999998,3,0.0,8.0,Athlete,30,Eliminated,4.0,9,Karina Smirnoff,0
5,3,Helio Castroneves,8.0,0.0,3,0.0,6.0,Racing Driver,32,Winner,9.0,1,Julianne Hough,0
5,3,Jane Seymour,9.0,2.0233499999999998,3,0.0,1.0,Actor/Actress,56,Eliminated,7.0,6,Tony Dovolani,0
5,3,Jennie Garth,8.666666666666666,1.3489,3,0.5773502691896258,4.0,Actor/Actress,35,Eliminated,9.0,4,Derek Hough,0
5,3,Marie Osmond,8.666666666666666,1.3489,3,0.5773502691896258,4.0,Singer/Rapper,47,Finalist,9.0,3,Jonathan Roberts,0
5,3,Mark Cuban,6.666666666666667,-2.6978,3,0.5773502691896257,9.0,Tv Personality,49,Eliminated,5.0,8,Kym Johnson,0
5,3,Mel B,9.0,2.0233499999999998,3,0.0,1.0,Singer/Rapper,32,RunnerUp,9.0,2,Maksim Chmerkoskiy,0
5,3,Sabrina Bryan,9.0,2.0233499999999998,3,0.0,1.0,Actor/Actress,23,Eliminated,6.0,7,Mark Ballas,0
5,3,Wayne Newton,6.0,-4.0466999999999995,3,0.0,10.0,Singer/Rapper,65,Eliminated,3.0,10,Cheryl Burke,0
5,4,Cameron Mathison,9.0,0.0,3,0.0,2.0,Actor/Actress,38,Eliminated,8.0,5,Edyta Sliwinska,0
5,4,Floyd Mayweather Jr.,7.666666666666667,-5.3956,3,0.5773502691896257,8.0,Athlete,30,Eliminated,4.0,9,Karina Smirnoff,0
5,4,Helio Castroneves,9.0,0.0,3,0.0,2.0,Racing Driver,32,Winner,9.0,1,Julianne Hough,0
5,4,Jane Seymour,8.666666666666666,-1.3489,3,0.5773502691896258,5.0,Actor/Actress,56,Eliminated,7.0,6,Tony Dovolani,0
5,4,Jennie Garth,9.0,0.0,3,1.0,2.0,Actor/Actress,35,Eliminated,9.0,4,Derek Hough,0
5,4,Marie Osmond,8.666666666666666,-1.3489,3,0.5773502691896255,5.0,Singer/Rapper,47,Finalist,9.0,3,Jonathan Roberts,0
5,4,Mark Cuban,7.333333333333333,-6.7445,3,0.5773502691896257,9.0,Tv Personality,49,Eliminated,5.0,8,Kym Johnson,0
5,4,Mel B,8.666666666666666,-1.3489,3,0.5773502691896258,5.0,Singer/Rapper,32,RunnerUp,9.0,2,Maksim Chmerkoskiy,0
5,4,Sabrina Bryan,10.0,4.0466999999999995,3,0.0,1.0,Actor/Actress,23,Eliminated,6.0,7,Mark Ballas,0
5,5,Cameron Mathison,8.666666666666666,1.3489,3,0.5773502691896258,3.0,Actor/Actress,38,Eliminated,8.0,5,Edyta Sliwinska,0
5,5,Helio Castroneves,7.666666666666667,-0.67445,3,0.5773502691896257,6.0,Racing Driver,32,Winner,9.0,1,Julianne Hough,0
5,5,Jane Seymour,8.666666666666666,1.3489,3,0.5773502691896258,3.0,Actor/Actress,56,Eliminated,7.0,6,Tony Dovolani,0
5,5,Jennie Garth,8.333333333333334,0.67445,3,0.5773502691896258,5.0,Actor/Actress,35,Eliminated,9.0,4,Derek Hough,0
5,5,Marie Osmond,7.0,-2.0233499999999998,3,0.0,7.0,Singer/Rapper,47,Finalist,9.0,3,Jonathan Roberts,0
5,5,Mark Cuban,7.0,-2.0233499999999998,3,0.0,7.0,Tv Personality,49,Eliminated,5.0,8,Kym Johnson,0
5,5,Mel B,9.666666666666666,3.37225,3,0.5773502691896258,1.0,Singer/Rapper,32,RunnerUp,9.0,2,Maksim Chmerkoskiy,0
5,5,Sabrina Bryan,9.333333333333334,2.6978,3,0.5773502691896255,2.0,Actor/Actress,23,Eliminated,6.0,7,Mark Ballas,0
5,6,Cameron Mathison,8.333333333333334,-2.6978,3,0.5773502691896258,4.0,Actor/Actress,38,Eliminated,8.0,5,Edyta Sliwinska,0
5,6,Helio Castroneves,9.333333333333334,1.3489,3,0.5773502691896258,2.0,Racing Driver,32,Winner,9.0,1,Julianne Hough,0
5,6,Jane Seymour,7.333333333333333,-6.7445,3,0.5773502691896257,7.0,Actor/Actress,56,Eliminated,7.0,6,Tony Dovolani,0
5,6,Jennie Garth,9.0,0.0,3,0.0,3.0,Actor/Actress,35,Eliminated,9.0,4,Derek Hough,0
5,6,Marie Osmond,7.666666666666667,-5.3956,3,0.5773502691896258,6.0,Singer/Rapper,47,Finalist,9.0,3,Jonathan Roberts,0
5,6,Mel B,10.0,4.0466999999999995,3,0.0,1.0,Singer/Rapper,32,RunnerUp,9.0,2,Maksim Chmerkoskiy,0
5,6,Sabrina Bryan,8.333333333333334,-2.6978,3,0.5773502691896258,4.0,Actor/Actress,23,Eliminated,6.0,7,Mark Ballas,0
5,7,Cameron Mathison,8.5,0.0,3,0.0,5.0,Actor/Actress,38,Eliminated,8.0,5,Edyta Sliwinska,0
5,7,Helio Castroneves,8.666666666666666,1.3489,3,0.28867513459481275,3.0,Racing Driver,32,Winner,9.0,1,Julianne Hough,0
5,7,Jane Seymour,8.333333333333334,-1.3489,3,0.28867513459481275,6.0,Actor/Actress,56,Eliminated,7.0,6,Tony Dovolani,0
5,7,Jennie Garth,8.833333333333334,2.6978,3,0.5773502691896255,2.0,Actor/Actress,35,Eliminated,9.0,4,Derek Hough,0
5,7,Marie Osmond,8.666666666666666,1.3489,3,0.28867513459481275,3.0,Singer/Rapper,47,Finalist,9.0,3,Jonathan Roberts,0
5,7,Mel B,9.0,4.0466999999999995,3,0.0,1.0,Singer/Rapper,32,RunnerUp,9.0,2,Maksim Chmerkoskiy,0
5,8,Cameron Mathison,8.5,0.0,3,0.0,3.0,Actor/Actress,38,Eliminated,8.0,5,Edyta Sliwinska,0
5,8,Helio Castroneves,9.5,4.0466999999999995,3,0.0,1.0,Racing Driver,32,Winner,9.0,1,Julianne Hough,0
5,8,Jennie Garth,8.333333333333334,-0.67445,3,0.28867513459481314,4.0,Actor/Actress,35,Eliminated,9.0,4,Derek Hough,0
5,8,Marie Osmond,8.166666666666666,-1.3489,3,0.28867513459481275,5.0,Singer/Rapper,47,Finalist,9.0,3,Jonathan Roberts,0
5,8,Mel B,9.333333333333334,3.37225,3,0.28867513459481275,2.0,Singer/Rapper,32,RunnerUp,9.0,2,Maksim Chmerkoskiy,0
5,9,Helio Castroneves,10.0,0.0,3,0.0,1.0,Racing Driver,32,Winner,9.0,1,Julianne Hough,0
5,9,Jennie Garth,9.666666666666666,-2.6978,3,0.28867513459481275,3.0,Actor/Actress,35,Eliminated,9.0,4,Derek Hough,0
5,9,Marie Osmond,9.333333333333334,-5.3956,3,0.28867513459481314,4.0,Singer/Rapper,47,Finalist,9.0,3,Jonathan Roberts,0
5,9,Mel B,10.0,0.0,3,0.0,1.0,Singer/Rapper,32,RunnerUp,9.0,2,Maksim Chmerkoskiy,0
6,1,Adam Carolla,5.0,-4.0466999999999995,3,0.0,11.0,Radio Personality,43,Eliminated,4.0,9,Julianne Hough,0
6,1,Cristian De La Fuente,7.0,0.0,3,0.0,6.0,Actor/Actress,34,Finalist,9.0,3,Cheryl Burke,0
6,1,Jason Taylor,7.333333333333333,0.67445,3,0.5773502691896257,4.0,Athlete,33,RunnerUp,9.0,2,Edyta Sliwinska,0
6,1,Kristi Yamaguchi,9.0,4.0466999999999995,3,0.0,1.0,Athlete,36,Winner,9.0,1,Mark Ballas,0
6,1,Mario,8.0,2.0233499999999998,3,0.0,2.0,Singer/Rapper,21,Eliminated,8.0,5,Karina Smirnoff,0
6,1,Marissa Jaret Winokur,6.0,-2.0233499999999998,3,0.0,8.0,Actor/Actress,35,Eliminated,9.0,4,Tony Dovolani,0
6,1,Marlee Matlin,7.333333333333333,0.67445,3,0.5773502691896258,4.0,Actor/Actress,42,Eliminated,6.0,7,Fabian Sanchez,0
6,1,Monica Seles,5.0,-4.0466999999999995,3,0.0,11.0,Athlete,34,Eliminated,2.0,11,Jonathan Roberts,0
6,1,Penn Jillette,5.333333333333333,-3.37225,3,0.5773502691896257,10.0,Magician,53,Eliminated,2.0,12,Kym Johnson,0
6,1,Priscilla Presley,8.0,2.0233499999999998,3,0.0,2.0,Actor/Actress,62,Eliminated,5.0,8,Louis Van Amstel,0
6,1,Shannon Elizabeth,7.0,0.0,3,0.0,6.0,Actor/Actress,34,Eliminated,7.0,6,Derek Hough,0
6,1,Steve Guttenberg,6.0,-2.0233499999999998,3,0.0,8.0,Actor/Actress,49,Eliminated,3.0,10,Anna Trebunskaya,0
6,2,Adam Carolla,6.333333333333333,-1.3489,3,0.5773502691896257,9.0,Radio Personality,43,Eliminated,4.0,9,Julianne Hough,0
6,2,Cristian De La Fuente,6.666666666666667,-0.67445,3,0.5773502691896257,8.0,Actor/Actress,34,Finalist,9.0,3,Cheryl Burke,0
6,2,Jason Taylor,9.0,4.0466999999999995,3,0.0,1.0,Athlete,33,RunnerUp,9.0,2,Edyta Sliwinska,0
6,2,Kristi Yamaguchi,9.0,4.0466999999999995,3,0.0,1.0,Athlete,36,Winner,9.0,1,Mark Ballas,0
6,2,Mario,8.666666666666666,3.37225,3,0.5773502691896258,3.0,Singer/Rapper,21,Eliminated,8.0,5,Karina Smirnoff,0
6,2,Marissa Jaret Winokur,7.0,0.0,3,0.0,6.0,Actor/Actress,35,Eliminated,9.0,4,Tony Dovolani,0
6,2,Marlee Matlin,8.0,2.0233499999999998,3,0.0,4.0,Actor/Actress,42,Eliminated,6.0,7,Fabian Sanchez,0
6,2,Monica Seles,5.0,-4.0466999999999995,3,0.0,12.0,Athlete,34,Eliminated,2.0,11,Jonathan Roberts,0
6,2,Penn Jillette,5.666666666666667,-2.6978,3,0.5773502691896258,10.0,Magician,53,Eliminated,2.0,12,Kym Johnson,0
6,2,Priscilla Presley,7.0,0.0,3,0.0,6.0,Actor/Actress,62,Eliminated,5.0,8,Louis Van Amstel,0
6,2,Shannon Elizabeth,8.0,2.0233499999999998,3,0.0,4.0,Actor/Actress,34,Eliminated,7.0,6,Derek Hough,0
6,2,Steve Guttenberg,5.333333333333333,-3.37225,3,0.5773502691896257,11.0,Actor/Actress,49,Eliminated,3.0,10,Anna Trebunskaya,0
6,3,Adam Carolla,7.0,-2.0233499999999998,3,0.0,6.0,Radio Personality,43,Eliminated,4.0,9,Julianne Hough,0
6,3,Cristian De La Fuente,8.333333333333334,3.3722499999999997,3,0.5773502691896255,3.0,Actor/Actress,34,Finalist,9.0,3,Cheryl Burke,0
6,3,Jason Taylor,7.666666666666667,0.67445,3,0.5773502691896257,5.0,Athlete,33,RunnerUp,9.0,2,Edyta Sliwinska,0
6,3,Kristi Yamaguchi,9.0,6.070049999999999,3,0.0,1.0,Athlete,36,Winner,9.0,1,Mark Ballas,0
6,3,Mario,7.0,-2.0233499999999998,3,1.0,6.0,Singer/Rapper,21,Eliminated,8.0,5,Karina Smirnoff,0
6,3,Marissa Jaret Winokur,6.333333333333333,-4.72115,3,0.5773502691896257,10.0,Actor/Actress,35,Eliminated,9.0,4,Tony Dovolani,0
6,3,Marlee Matlin,7.0,-2.0233499999999998,3,0.0,6.0,Actor/Actress,42,Eliminated,6.0,7,Fabian Sanchez,0
6,3,Priscilla Presley,8.666666666666666,4.72115,3,0.5773502691896258,2.0,Actor/Actress,62,Eliminated,5.0,8,Louis Van Amstel,0
6,3,Shannon Elizabeth,8.0,2.0233499999999998,3,0.0,4.0,Actor/Actress,34,Eliminated,7.0,6,Derek Hough,0
6,3,Steve Guttenberg,7.0,-2.0233499999999998,3,0.0,6.0,Actor/Actress,49,Eliminated,3.0,10,Anna Trebunskaya,0
6,4,Adam Carolla,6.333333333333333,-6.7445,3,0.5773502691896257,9.0,Radio Personality,43,Eliminated,4.0,9,Julianne Hough,0
6,4,Cristian De La Fuente,8.666666666666666,2.6978,3,0.5773502691896258,4.0,Actor/Actress,34,Finalist,9.0,3,Cheryl Burke,0
6,4,Jason Taylor,9.666666666666666,6.7445,3,0.5773502691896258,1.0,Athlete,33,RunnerUp,9.0,2,Edyta Sliwinska,0
6,4,Kristi Yamaguchi,9.666666666666666,6.7445,3,0.5773502691896258,1.0,Athlete,36,Winner,9.0,1,Mark Ballas,0
6,4,Mario,8.0,0.0,3,1.0,5.0,Singer/Rapper,21,Eliminated,8.0,5,Karina Smirnoff,0
6,4,Marissa Jaret Winokur,8.0,0.0,3,0.0,5.0,Actor/Actress,35,Eliminated,9.0,4,Tony Dovolani,0
6,4,Marlee Matlin,8.0,0.0,3,0.0,5.0,Actor/Actress,42,Eliminated,6.0,7,Fabian Sanchez,0
6,4,Priscilla Presley,7.333333333333333,-2.6978,3,0.5773502691896258,8.0,Actor/Actress,62,Eliminated,5.0,8,Louis Van Amstel,0
6,4,Shannon Elizabeth,9.333333333333334,5.3956,3,0.5773502691896258,3.0,Actor/Actress,34,Eliminated,7.0,6,Derek Hough,0
6,5,Cristian De La Fuente,7.666666666666667,-0.67445,3,0.5773502691896257,5.0,Actor/Actress,34,Finalist,9.0,3,Cheryl Burke,0
6,5,Jason Taylor,9.0,2.0233499999999998,3,0.0,2.0,Athlete,33,RunnerUp,9.0,2,Edyta Sliwinska,0
6,5,Kristi Yamaguchi,9.666666666666666,3.37225,3,0.5773502691896258,1.0,Athlete,36,Winner,9.0,1,Mark Ballas,0
6,5,Mario,9.0,2.0233499999999998,3,0.0,2.0,Singer/Rapper,21,Eliminated,8.0,5,Karina Smirnoff,0
6,5,Marissa Jaret Winokur,8.0,0.0,3,0.0,4.0,Actor/Actress,35,Eliminated,9.0,4,Tony Dovolani,0
6,5,Marlee Matlin,7.333333333333333,-1.3489,3,0.5773502691896258,7.0,Actor/Actress,42,Eliminated,6.0,7,Fabian Sanchez,0
6,5,Priscilla Presley,7.0,-2.0233499999999998,3,0.0,8.0,Actor/Actress,62,Eliminated,5.0,8,Louis Van Amstel,0
6,5,Shannon Elizabeth,7.666666666666667,-0.67445,3,0.5773502691896258,5.0,Actor/Actress,34,Eliminated,7.0,6,Derek Hough,0
6,6,Cristian De La Fuente,9.0,0.0,3,0.0,3.0,Actor/Actress,34,Finalist,9.0,3,Cheryl Burke,0
6,6,Jason Taylor,8.0,-4.0466999999999995,3,0.0,5.0,Athlete,33,RunnerUp,9.0,2,Edyta Sliwinska,0
6,6,Kristi Yamaguchi,10.0,4.0466999999999995,3,0.0,1.0,Athlete,36,Winner,9.0,1,Mark Ballas,0
6,6,Mario,9.333333333333334,1.3489,3,0.5773502691896255,2.0,Singer/Rapper,21,Eliminated,8.0,5,Karina Smirnoff,0
6,6,Marissa Jaret Winokur,8.666666666666666,-1.3489,3,0.5773502691896258,4.0,Actor/Actress,35,Eliminated,9.0,4,Tony Dovolani,0
6,6,Marlee Matlin,7.0,-8.093399999999999,3,0.0,7.0,Actor/Actress,42,Eliminated,6.0,7,Fabian Sanchez,0
6,6,Shannon Elizabeth,8.0,-4.0466999999999995,3,0.0,5.0,Actor/Actress,34,Eliminated,7.0,6,Derek Hough,0
6,7,Cristian De La Fuente,7.666666666666667,-8.992666666666665,3,0.28867513459481275,6.0,Actor/Actress,34,Finalist,9.0,3,Cheryl Burke,0
6,7,Jason Taylor,9.166666666666666,7.194133333333332,3,0.5773502691896258,1.0,Athlete,33,RunnerUp,9.0,2,Edyta Sliwinska,0
6,7,Kristi Yamaguchi,9.0,5.395599999999999,3,0.8660254037844386,2.0,Athlete,36,Winner,9.0,1,Mark Ballas,0
6,7,Mario,8.5,0.0,3,0.0,4.0,Singer/Rapper,21,Eliminated,8.0,5,Karina Smirnoff,0
6,7,Marissa Jaret Winokur,8.666666666666666,1.798533333333333,3,0.28867513459481275,3.0,Actor/Actress,35,Eliminated,9.0,4,Tony Dovolani,0
6,7,Shannon Elizabeth,8.5,0.0,3,0.0,4.0,Actor/Actress,34,Eliminated,7.0,6,Derek Hough,0
6,8,Cristian De La Fuente,9.5,2.6977999999999995,3,0.5,1.0,Actor/Actress,34,Finalist,9.0,3,Cheryl Burke,0
6,8,Jason Taylor,8.666666666666666,-1.798533333333333,3,0.5773502691896258,4.0,Athlete,33,RunnerUp,9.0,2,Edyta Sliwinska,0
6,8,Kristi Yamaguchi,9.166666666666666,0.8992666666666665,3,0.5773502691896258,2.0,Athlete,36,Winner,9.0,1,Mark Ballas,0
6,8,Mario,8.833333333333334,-0.8992666666666665,3,0.28867513459481275,3.0,Singer/Rapper,21,Eliminated,8.0,5,Karina Smirnoff,0
6,8,Marissa Jaret Winokur,8.333333333333334,-3.597066666666666,3,0.28867513459481275,5.0,Actor/Actress,35,Eliminated,9.0,4,Tony Dovolani,0
6,9,Cristian De La Fuente,9.333333333333334,2.6978,3,0.28867513459481275,2.0,Actor/Actress,34,Finalist,9.0,3,Cheryl Burke,0
6,9,Jason Taylor,9.166666666666666,1.3489,3,0.28867513459481275,3.0,Athlete,33,RunnerUp,9.0,2,Edyta Sliwinska,0
6,9,Kristi Yamaguchi,9.5,4.0466999999999995,3,0.5,1.0,Athlete,36,Winner,9.0,1,Mark Ballas,0
6,9,Marissa Jaret Winokur,8.666666666666666,-2.6978,3,0.28867513459481275,4.0,Actor/Actress,35,Eliminated,9.0,4,Tony Dovolani,0
7,1,Brooke Burke,8.166666666666666,6.7444999999999995,3,0.28867513459481314,1.0,Tv Personality,37,Winner,9.0,1,Derek Hough,0
7,1,Cloris Leachman,5.333333333333333,-4.72115,3,0.5773502691896257,12.0,Actor/Actress,82,Eliminated,6.0,7,Corky Ballas,0
7,1,Cody Linley,6.833333333333333,1.3489,3,0.2886751345948129,6.0,Actor/Actress,18,Eliminated,9.0,4,Julianne Hough,0
7,1,Jeffrey Ross,4.0,-10.11675,3,0.0,13.0,Comedian,43,Eliminated,1.0,13,Edyta Sliwinska,0
7,1,Kim Kardashian,6.166666666666667,-1.3489,3,0.2886751345948129,8.0,Tv Personality,27,Eliminated,2.0,11,Mark Ballas,0
7,1,Lance Bass,7.166666666666667,2.6978,3,1.0408329997330663,3.0,Singer/Rapper,29,Finalist,9.0,3,Lacey Schwimmer,0
7,1,Maurice Greene,6.5,0.0,3,0.0,7.0,Athlete,34,Eliminated,8.0,5,Cheryl Burke,0
7,1,Misty May-Treanor,7.0,2.0233499999999998,3,0.5,5.0,Athlete,31,Withdrew,,10,Maksim Chmerkoskiy,0
7,1,Rocco Dispirito,5.833333333333333,-2.6978,3,0.2886751345948129,11.0,Tv Personality,41,Eliminated,4.0,9,Karina Smirnoff,0
7,1,Susan Lucci,6.166666666666667,-1.3489,3,0.28867513459481275,8.0,Actor/Actress,61,Eliminated,7.0,6,Tony Dovolani,0
7,1,Ted Mcginley,6.166666666666667,-1.3489,3,0.28867513459481275,8.0,Actor/Actress,50,Eliminated,1.0,12,Inna Brayer,0
7,1,Toni Braxton,7.5,4.0466999999999995,3,0.5,2.0,Singer/Rapper,40,Eliminated,5.0,8,Alec Mazo,0
7,1,Warren Sapp,7.166666666666667,2.6978,3,0.28867513459481275,3.0,Athlete,35,RunnerUp,9.0,2,Kym Johnson,0
7,2,Brooke Burke,8.0,4.0466999999999995,3,0.0,1.0,Tv Personality,37,Winner,9.0,1,Derek Hough,0
7,2,Cloris Leachman,5.0,-8.093399999999999,3,0.0,11.0,Actor/Actress,82,Eliminated,6.0,7,Corky Ballas,0
7,2,Cody Linley,7.0,0.0,3,0.0,4.0,Actor/Actress,18,Eliminated,9.0,4,Julianne Hough,0
7,2,Kim Kardashian,5.666666666666667,-5.3956,3,0.5773502691896258,9.0,Tv Personality,27,Eliminated,2.0,11,Mark Ballas,0
7,2,Lance Bass,6.666666666666667,-1.3489,3,0.5773502691896257,7.0,Singer/Rapper,29,Finalist,9.0,3,Lacey Schwimmer,0
7,2,Maurice Greene,6.333333333333333,-2.6978,3,0.5773502691896257,8.0,Athlete,34,Eliminated,8.0,5,Cheryl Burke,0
7,2,Misty May-Treanor,7.0,0.0,3,0.0,4.0,Athlete,31,Withdrew,,10,Maksim Chmerkoskiy,0
7,2,Rocco Dispirito,5.333333333333333,-6.7445,3,0.5773502691896257,10.0,Tv Personality,41,Eliminated,4.0,9,Karina Smirnoff,0
7,2,Susan Lucci,7.0,0.0,3,0.0,4.0,Actor/Actress,61,Eliminated,7.0,6,Tony Dovolani,0
7,2,Toni Braxton,7.666666666666667,2.6978,3,0.5773502691896257,3.0,Singer/Rapper,40,Eliminated,5.0,8,Alec Mazo,0
7,2,Warren Sapp,8.0,4.0466999999999995,3,0.0,1.0,Athlete,35,RunnerUp,9.0,2,Kym Johnson,0
7,3,Brooke Burke,9.333333333333334,9.4423,3,0.5773502691896258,1.0,Tv Personality,37,Winner,9.0,1,Derek Hough,0
7,3,Cloris Leachman,5.333333333333333,-6.7445,3,0.5773502691896257,9.0,Actor/Actress,82,Eliminated,6.0,7,Corky Ballas,0
7,3,Cody Linley,7.0,0.0,3,0.0,6.0,Actor/Actress,18,Eliminated,9.0,4,Julianne Hough,0
7,3,Lance Bass,7.333333333333333,1.3489,3,0.5773502691896257,4.0,Singer/Rapper,29,Finalist,9.0,3,Lacey Schwimmer,0
7,3,Maurice Greene,8.0,4.0466999999999995,3,0.0,3.0,Athlete,34,Eliminated,8.0,5,Cheryl Burke,0
7,3,Rocco Dispirito,6.666666666666667,-1.3489,3,0.5773502691896258,8.0,Tv Personality,41,Eliminated,4.0,9,Karina Smirnoff,0
7,3,Susan Lucci,7.0,0.0,3,0.0,6.0,Actor/Actress,61,Eliminated,7.0,6,Tony Dovolani,0
7,3,Toni Braxton,7.333333333333333,1.3489,3,0.5773502691896257,4.0,Singer/Rapper,40,Eliminated,5.0,8,Alec Mazo,0
7,3,Warren Sapp,8.333333333333334,5.3956,3,0.5773502691896258,2.0,Athlete,35,RunnerUp,9.0,2,Kym Johnson,0
7,4,Brooke Burke,8.666666666666666,2.6978,3,0.5773502691896258,1.0,Tv Personality,37,Winner,9.0,1,Derek Hough,0
7,4,Cloris Leachman,7.333333333333333,-2.6978,3,0.5773502691896257,5.0,Actor/Actress,82,Eliminated,6.0,7,Corky Ballas,0
7,4,Cody Linley,7.666666666666667,-1.3489,3,0.5773502691896257,4.0,Actor/Actress,18,Eliminated,9.0,4,Julianne Hough,0
7,4,Lance Bass,8.666666666666666,2.6978,3,0.5773502691896258,1.0,Singer/Rapper,29,Finalist,9.0,3,Lacey Schwimmer,0
7,4,Maurice Greene,6.666666666666667,-5.3956,3,0.5773502691896257,8.0,Athlete,34,Eliminated,8.0,5,Cheryl Burke,0
7,4,Rocco Dispirito,6.0,-8.093399999999999,3,0.0,9.0,Tv Personality,41,Eliminated,4.0,9,Karina Smirnoff,0
7,4,Susan Lucci,8.0,0.0,3,0.0,3.0,Actor/Actress,61,Eliminated,7.0,6,Tony Dovolani,0
7,4,Toni Braxton,7.333333333333333,-2.6978,3,0.5773502691896258,5.0,Singer/Rapper,40,Eliminated,5.0,8,Alec Mazo,0
7,4,Warren Sapp,7.333333333333333,-2.6978,3,0.5773502691896257,5.0,Athlete,35,RunnerUp,9.0,2,Kym Johnson,0
7,5,Brooke Burke,9.666666666666666,3.37225,3,0.5773502691896258,1.0,Tv Personality,37,Winner,9.0,1,Derek Hough,0
7,5,Cloris Leachman,7.0,-2.0233499999999998,3,0.0,7.0,Actor/Actress,82,Eliminated,6.0,7,Corky Ballas,0
7,5,Cody Linley,9.333333333333334,2.6978,3,0.5773502691896258,2.0,Actor/Actress,18,Eliminated,9.0,4,Julianne Hough,0
7,5,Lance Bass,7.0,-2.0233499999999998,3,0.0,7.0,Singer/Rapper,29,Finalist,9.0,3,Lacey Schwimmer,0
7,5,Maurice Greene,9.0,2.0233499999999998,3,0.0,3.0,Athlete,34,Eliminated,8.0,5,Cheryl Burke,0
7,5,Susan Lucci,7.333333333333333,-1.3489,3,0.5773502691896258,5.0,Actor/Actress,61,Eliminated,7.0,6,Tony Dovolani,0
7,5,Toni Braxton,7.333333333333333,-1.3489,3,0.5773502691896258,5.0,Singer/Rapper,40,Eliminated,5.0,8,Alec Mazo,0
7,5,Warren Sapp,8.333333333333334,0.67445,3,0.5773502691896255,4.0,Athlete,35,RunnerUp,9.0,2,Kym Johnson,0
7,6,Brooke Burke,8.666666666666666,2.6978,3,1.1547005383792515,2.0,Tv Personality,37,Winner,9.0,1,Derek Hough,0
7,6,Cloris Leachman,5.0,-12.140099999999999,3,0.0,7.0,Actor/Actress,82,Eliminated,6.0,7,Corky Ballas,0
7,6,Cody Linley,7.666666666666667,-1.3489,3,0.5773502691896258,4.0,Actor/Actress,18,Eliminated,9.0,4,Julianne Hough,0
7,6,Lance Bass,9.0,4.0466999999999995,3,0.0,1.0,Singer/Rapper,29,Finalist,9.0,3,Lacey Schwimmer,0
7,6,Maurice Greene,7.0,-4.0466999999999995,3,0.0,6.0,Athlete,34,Eliminated,8.0,5,Cheryl Burke,0
7,6,Susan Lucci,7.666666666666667,-1.3489,3,0.5773502691896258,4.0,Actor/Actress,61,Eliminated,7.0,6,Tony Dovolani,0
7,6,Warren Sapp,8.333333333333334,1.3489,3,0.5773502691896258,3.0,Athlete,35,RunnerUp,9.0,2,Kym Johnson,0
7,7,Brooke Burke,10.0,4.0466999999999995,3,0.0,1.0,Tv Personality,37,Winner,9.0,1,Derek Hough,0
7,7,Cody Linley,7.333333333333333,-1.3489,3,0.5773502691896257,5.0,Actor/Actress,18,Eliminated,9.0,4,Julianne Hough,0
7,7,Lance Bass,8.333333333333334,0.67445,3,1.1547005383792515,2.0,Singer/Rapper,29,Finalist,9.0,3,Lacey Schwimmer,0
7,7,Maurice Greene,8.333333333333334,0.67445,3,0.5773502691896258,2.0,Athlete,34,Eliminated,8.0,5,Cheryl Burke,0
7,7,Susan Lucci,8.0,0.0,3,0.0,4.0,Actor/Actress,61,Eliminated,7.0,6,Tony Dovolani,0
7,7,Warren Sapp,7.0,-2.0233499999999998,3,0.0,6.0,Athlete,35,RunnerUp,9.0,2,Kym Johnson,0
7,8,Brooke Burke,9.166666666666666,2.6978,3,0.5773502691896258,1.0,Tv Personality,37,Winner,9.0,1,Derek Hough,0
7,8,Cody Linley,8.0,-2.0233499999999998,3,0.0,4.0,Actor/Actress,18,Eliminated,9.0,4,Julianne Hough,0
7,8,Lance Bass,8.333333333333334,-0.67445,3,0.7637626158259732,3.0,Singer/Rapper,29,Finalist,9.0,3,Lacey Schwimmer,0
7,8,Maurice Greene,8.0,-2.0233499999999998,3,0.0,4.0,Athlete,34,Eliminated,8.0,5,Cheryl Burke,0
7,8,Warren Sapp,9.0,2.0233499999999998,3,0.5,2.0,Athlete,35,RunnerUp,9.0,2,Kym Johnson,0
7,9,Brooke Burke,8.166666666666666,1.07912,3,0.28867513459481275,2.0,Tv Personality,37,Winner,9.0,1,Derek Hough,0
7,9,Cody Linley,7.666666666666667,-2.15824,3,0.2886751345948129,4.0,Actor/Actress,18,Eliminated,9.0,4,Julianne Hough,0
7,9,Lance Bass,9.5,9.71208,3,0.5,1.0,Singer/Rapper,29,Finalist,9.0,3,Lacey Schwimmer,0
7,9,Warren Sapp,8.166666666666666,1.07912,3,0.28867513459481275,2.0,Athlete,35,RunnerUp,9.0,2,Kym Johnson,0
8,1,Belinda Carlisle,5.666666666666667,-0.8992666666666665,3,0.5773502691896258,9.0,Singer/Rapper,50,Eliminated,2.0,13,Jonathan Roberts,0
8,1,Chuck Wicks,6.666666666666667,1.798533333333333,3,0.5773502691896257,5.0,Singer/Rapper,29,Eliminated,8.0,6,Julianne Hough,0
8,1,David Alan Grier,6.333333333333333,0.8992666666666665,3,0.5773502691896257,6.0,Actor/Actress,52,Eliminated,5.0,9,Kym Johnson,0
8,1,Denise Richards,6.0,0.0,3,0.0,7.0,Actor/Actress,38,Eliminated,3.0,12,Maksim Chmerkoskiy,0
8,1,Gilles Marini,8.0,5.395599999999999,3,0.0,1.0,Actor/Actress,33,RunnerUp,10.0,2,Cheryl Burke,0
8,1,Holly Madison,6.0,0.0,3,0.0,7.0,Tv Personality,30,Eliminated,4.0,11,Dmitry Chaplin,0
8,1,Lawrence Taylor,5.333333333333333,-1.798533333333333,3,0.5773502691896257,11.0,Athlete,50,Eliminated,7.0,7,Edyta Sliwinska,0
8,1,Lil' Kim,7.0,2.6977999999999995,3,0.0,4.0,Singer/Rapper,34,Eliminated,9.0,5,Derek Hough,0
8,1,Melissa Rycroft,7.666666666666667,4.496333333333332,3,0.5773502691896257,2.0,Tv Personality,26,Finalist,10.0,3,Tony Dovolani,0
8,1,Shawn Johnson,7.666666666666667,4.496333333333332,3,0.5773502691896258,2.0,Athlete,17,Winner,10.0,1,Mark Ballas,0
8,1,Steve Wozniak,4.333333333333333,-4.496333333333332,3,0.5773502691896257,13.0,Entrepreneur,58,Eliminated,4.0,10,Karina Smirnoff,0
8,1,Steve-O,5.666666666666667,-0.8992666666666665,3,0.5773502691896257,9.0,Tv Personality,34,Eliminated,6.0,8,Lacey Schwimmer,0
8,1,Ty Murray,4.666666666666667,-3.597066666666666,3,0.5773502691896257,12.0,Athlete,39,Eliminated,10.0,4,Chelsie Hightower,0
8,2,Belinda Carlisle,6.0,-2.0233499999999998,3,0.0,9.0,Singer/Rapper,50,Eliminated,2.0,13,Jonathan Roberts,0
8,2,Chuck Wicks,6.666666666666667,-0.67445,3,0.5773502691896257,6.0,Singer/Rapper,29,Eliminated,8.0,6,Julianne Hough,0
8,2,David Alan Grier,5.666666666666667,-2.6978,3,0.5773502691896257,11.0,Actor/Actress,52,Eliminated,5.0,9,Kym Johnson,0
8,2,Denise Richards,7.0,0.0,3,0.0,5.0,Actor/Actress,38,Eliminated,3.0,12,Maksim Chmerkoskiy,0
8,2,Gilles Marini,9.0,4.0466999999999995,3,0.0,1.0,Actor/Actress,33,RunnerUp,10.0,2,Cheryl Burke,0
8,2,Holly Madison,6.0,-2.0233499999999998,3,0.0,9.0,Tv Personality,30,Eliminated,4.0,11,Dmitry Chaplin,0
8,2,Lawrence Taylor,6.666666666666667,-0.67445,3,0.5773502691896257,6.0,Athlete,50,Eliminated,7.0,7,Edyta Sliwinska,0
8,2,Lil' Kim,7.666666666666667,1.3489,3,0.5773502691896257,4.0,Singer/Rapper,34,Eliminated,9.0,5,Derek Hough,0
8,2,Melissa Rycroft,8.666666666666666,3.37225,3,0.5773502691896258,2.0,Tv Personality,26,Finalist,10.0,3,Tony Dovolani,0
8,2,Shawn Johnson,8.0,2.0233499999999998,3,0.0,3.0,Athlete,17,Winner,10.0,1,Mark Ballas,0
8,2,Steve Wozniak,5.666666666666667,-2.6978,3,0.5773502691896257,11.0,Entrepreneur,58,Eliminated,4.0,10,Karina Smirnoff,0
8,2,Steve-O,4.666666666666667,-4.72115,3,0.5773502691896257,13.0,Tv Personality,34,Eliminated,6.0,8,Lacey Schwimmer,0
8,2,Ty Murray,6.666666666666667,-0.67445,3,0.5773502691896257,6.0,Athlete,39,Eliminated,10.0,4,Chelsie Hightower,0
8,3,Chuck Wicks,7.666666666666667,-0.41504615384615384,3,0.5773502691896257,6.0,Singer/Rapper,29,Eliminated,8.0,6,Julianne Hough,0
8,3,David Alan Grier,8.0,0.0,3,0.0,5.0,Actor/Actress,52,Eliminated,5.0,9,Kym Johnson,0
8,3,Denise Richards,5.333333333333333,-3.3203692307692307,3,0.5773502691896257,10.0,Actor/Actress,38,Eliminated,3.0,12,Maksim Chmerkoskiy,0
8,3,Gilles Marini,9.0,1.2451384615384615,3,0.0,1.0,Actor/Actress,33,RunnerUp,10.0,2,Cheryl Burke,0
8,3,Holly Madison,5.666666666666667,-2.905323076923077,3,0.5773502691896257,9.0,Tv Personality,30,Eliminated,4.0,11,Dmitry Chaplin,0
8,3,Lawrence Taylor,6.666666666666667,-1.6601846153846154,3,0.5773502691896257,8.0,Athlete,50,Eliminated,7.0,7,Edyta Sliwinska,0
8,3,Lil' Kim,8.333333333333334,0.41504615384615384,3,0.5773502691896255,4.0,Singer/Rapper,34,Eliminated,9.0,5,Derek Hough,0
8,3,Melissa Rycroft,9.0,1.2451384615384615,3,0.0,1.0,Tv Personality,26,Finalist,10.0,3,Tony Dovolani,0
8,3,Shawn Johnson,9.0,1.2451384615384615,3,0.0,1.0,Athlete,17,Winner,10.0,1,Mark Ballas,0
8,3,Steve Wozniak,3.3333333333333335,-5.810646153846154,3,0.5773502691896258,12.0,Entrepreneur,58,Eliminated,4.0,10,Karina Smirnoff,0
8,3,Steve-O,5.0,-3.7354153846153846,3,0.0,11.0,Tv Personality,34,Eliminated,6.0,8,Lacey Schwimmer,0
8,3,Ty Murray,7.666666666666667,-0.41504615384615384,3,0.5773502691896258,6.0,Athlete,39,Eliminated,10.0,4,Chelsie Hightower,0
8,4,Chuck Wicks,7.333333333333333,-0.67445,3,0.5773502691896257,6.0,Singer/Rapper,29,Eliminated,8.0,6,Julianne Hough,0
8,4,David Alan Grier,7.333333333333333,-0.67445,3,0.5773502691896257,6.0,Actor/Actress,52,Eliminated,5.0,9,Kym Johnson,0
8,4,Gilles Marini,10.0,2.0233499999999998,3,0.0,1.0,Actor/Actress,33,RunnerUp,10.0,2,Cheryl Burke,0
8,4,Holly Madison,5.333333333333333,-2.6978,3,0.5773502691896257,9.0,Tv Personality,30,Eliminated,4.0,11,Dmitry Chaplin,0
8,4,Lawrence Taylor,6.333333333333333,-1.686125,3,1.1547005383792517,8.0,Athlete,50,Eliminated,7.0,7,Edyta Sliwinska,0
8,4,Lil' Kim,9.0,1.0116749999999999,3,1.0,3.0,Singer/Rapper,34,Eliminated,9.0,5,Derek Hough,0
8,4,Melissa Rycroft,9.666666666666666,1.686125,3,0.5773502691896258,2.0,Tv Personality,26,Finalist,10.0,3,Tony Dovolani,0
8,4,Shawn Johnson,8.333333333333334,0.337225,3,0.5773502691896255,4.0,Athlete,17,Winner,10.0,1,Mark Ballas,0
8,4,Steve Wozniak,4.0,-4.0466999999999995,3,0.0,11.0,Entrepreneur,58,Eliminated,4.0,10,Karina Smirnoff,0
8,4,Steve-O,5.0,-3.0350249999999996,3,0.0,10.0,Tv Personality,34,Eliminated,6.0,8,Lacey Schwimmer,0
8,4,Ty Murray,8.333333333333334,0.337225,3,0.5773502691896258,4.0,Athlete,39,Eliminated,10.0,4,Chelsie Hightower,0
8,5,Chuck Wicks,7.666666666666667,-0.67445,3,0.5773502691896257,5.0,Singer/Rapper,29,Eliminated,8.0,6,Julianne Hough,0
8,5,David Alan Grier,7.333333333333333,-1.3489,3,0.5773502691896257,6.0,Actor/Actress,52,Eliminated,5.0,9,Kym Johnson,0
8,5,Gilles Marini,9.666666666666666,3.37225,3,0.5773502691896258,1.0,Actor/Actress,33,RunnerUp,10.0,2,Cheryl Burke,0
8,5,Lawrence Taylor,6.666666666666667,-2.6978,3,0.5773502691896257,8.0,Athlete,50,Eliminated,7.0,7,Edyta Sliwinska,0
8,5,Lil' Kim,8.666666666666666,1.3489,3,0.5773502691896258,2.0,Singer/Rapper,34,Eliminated,9.0,5,Derek Hough,0
8,5,Melissa Rycroft,8.333333333333334,0.67445,3,0.5773502691896255,4.0,Tv Personality,26,Finalist,10.0,3,Tony Dovolani,0
8,5,Shawn Johnson,8.666666666666666,1.3489,3,0.5773502691896258,2.0,Athlete,17,Winner,10.0,1,Mark Ballas,0
8,5,Steve-O,6.0,-4.0466999999999995,3,0.0,9.0,Tv Personality,34,Eliminated,6.0,8,Lacey Schwimmer,0
8,5,Ty Murray,7.0,-2.0233499999999998,3,0.0,7.0,Athlete,39,Eliminated,10.0,4,Chelsie Hightower,0
8,6,Chuck Wicks,7.666666666666667,-0.67445,3,0.5773502691896257,5.0,Singer/Rapper,29,Eliminated,8.0,6,Julianne Hough,0
8,6,Gilles Marini,8.666666666666666,1.3489,3,0.5773502691896258,3.0,Actor/Actress,33,RunnerUp,10.0,2,Cheryl Burke,0
8,6,Lawrence Taylor,7.333333333333333,-1.3489,3,0.5773502691896258,6.0,Athlete,50,Eliminated,7.0,7,Edyta Sliwinska,0
8,6,Lil' Kim,9.333333333333334,2.6978,3,1.1547005383792515,1.0,Singer/Rapper,34,Eliminated,9.0,5,Derek Hough,0
8,6,Melissa Rycroft,9.0,2.0233499999999998,3,0.0,2.0,Tv Personality,26,Finalist,10.0,3,Tony Dovolani,0
8,6,Shawn Johnson,8.666666666666666,1.3489,3,0.5773502691896258,3.0,Athlete,17,Winner,10.0,1,Mark Ballas,0
8,6,Steve-O,5.333333333333333,-5.3956,3,1.5275252316519465,8.0,Tv Personality,34,Eliminated,6.0,8,Lacey Schwimmer,0
8,6,Ty Murray,6.0,-4.0466999999999995,3,0.0,7.0,Athlete,39,Eliminated,10.0,4,Chelsie Hightower,0
8,7,Chuck Wicks,9.0,0.0,3,0.0,3.0,Singer/Rapper,29,Eliminated,8.0,6,Julianne Hough,0
8,7,Gilles Marini,9.0,0.0,3,0.0,3.0,Actor/Actress,33,RunnerUp,10.0,2,Cheryl Burke,0
8,7,Lawrence Taylor,7.0,-8.093399999999999,3,0.0,7.0,Athlete,50,Eliminated,7.0,7,Edyta Sliwinska,0
8,7,Lil' Kim,8.666666666666666,-1.3489,3,0.5773502691896258,5.0,Singer/Rapper,34,Eliminated,9.0,5,Derek Hough,0
8,7,Melissa Rycroft,9.666666666666666,2.6978,3,0.5773502691896258,1.0,Tv Personality,26,Finalist,10.0,3,Tony Dovolani,0
8,7,Shawn Johnson,9.333333333333334,1.3489,3,0.5773502691896255,2.0,Athlete,17,Winner,10.0,1,Mark Ballas,0
8,7,Ty Murray,8.0,-4.0466999999999995,3,0.0,6.0,Athlete,39,Eliminated,10.0,4,Chelsie Hightower,0
8,8,Chuck Wicks,8.5,-2.3124,3,0.0,5.0,Singer/Rapper,29,Eliminated,8.0,6,Julianne Hough,0
8,8,Gilles Marini,9.166666666666666,0.7707999999999999,3,0.28867513459481314,2.0,Actor/Actress,33,RunnerUp,10.0,2,Cheryl Burke,0
8,8,Lil' Kim,9.333333333333334,1.5415999999999999,3,0.5773502691896255,1.0,Singer/Rapper,34,Eliminated,9.0,5,Derek Hough,0
8,8,Melissa Rycroft,7.666666666666667,-6.166399999999999,3,0.28867513459481275,6.0,Tv Personality,26,Finalist,10.0,3,Tony Dovolani,0
8,8,Shawn Johnson,8.666666666666666,-1.5415999999999999,3,0.5773502691896258,3.0,Athlete,17,Winner,10.0,1,Mark Ballas,0
8,8,Ty Murray,8.666666666666666,-1.5415999999999999,3,0.5773502691896258,3.0,Athlete,39,Eliminated,10.0,4,Chelsie Hightower,0
8,9,Gilles Marini,9.333333333333334,1.3489,3,0.28867513459481275,2.0,Actor/Actress,33,RunnerUp,10.0,2,Cheryl Burke,0
8,9,Lil' Kim,8.666666666666666,-1.3489,3,0.28867513459481275,4.0,Singer/Rapper,34,Eliminated,9.0,5,Derek Hough,0
8,9,Melissa Rycroft,9.5,2.0233499999999998,3,0.0,1.0,Tv Personality,26,Finalist,10.0,3,Tony Dovolani,0
8,9,Shawn Johnson,9.333333333333334,1.3489,3,0.28867513459481275,2.0,Athlete,17,Winner,10.0,1,Mark Ballas,0
8,9,Ty Murray,7.666666666666667,-5.3956,3,0.2886751345948129,5.0,Athlete,39,Eliminated,10.0,4,Chelsie Hightower,0
8,10,Gilles Marini,10.0,3.4685999999999995,3,0.0,1.0,Actor/Actress,33,RunnerUp,10.0,2,Cheryl Burke,0
8,10,Melissa Rycroft,9.166666666666666,-0.38539999999999996,3,0.28867513459481275,3.0,Tv Personality,26,Finalist,10.0,3,Tony Dovolani,0
8,10,Shawn Johnson,9.333333333333334,0.38539999999999996,3,0.28867513459481275,2.0,Athlete,17,Winner,10.0,1,Mark Ballas,0
8,10,Ty Murray,8.0,-5.781,3,0.0,4.0,Athlete,39,Eliminated,10.0,4,Chelsie Hightower,0
9,1,Aaron Carter,10.666633333333332,3.57066735668087,3,0.5773502691896258,2.0,Singer/Rapper,21,Eliminated,8.0,5,Karina Smirnoff,0
9,1,Ashley Hamiliton,6.3333,-2.6185306562193924,3,1.0,15.0,Actor/Actress,34,Eliminated,1.0,16,Edyta Sliwinska,0
9,1,Chuck Liddell,7.333333333333333,-1.1902065824884636,3,0.5773502691896257,10.0,Athlete,39,Eliminated,4.0,11,Anna Trebunskaya,0
9,1,Debi Mazar,7.333333333333333,-1.1902065824884636,3,0.5773502691896257,10.0,Actor/Actress,45,Eliminated,3.0,12,Maksim Chmerkoskiy,0
9,1,Donny Osmond,9.999966666666666,2.6184830470039064,3,0.5773502691896258,5.0,Singer/Rapper,51,Winner,9.0,1,Kym Johnson,0
9,1,Joanna Krupa,11.3333,4.522851666357834,3,0.0,1.0,Model,30,Eliminated,9.0,4,Derek Hough,0
9,1,Kathy Ireland,6.666633333333333,-2.1424385013809104,3,0.5773502691896257,12.0,Model,46,Eliminated,2.0,14,Tony Dovolani,0
9,1,Kelly Osbourne,10.333266666666667,3.094527592626906,3,0.5773502691896258,4.0,Tv Personality,24,Finalist,9.0,3,Louis Van Amstel,0
9,1,Louie Vito,8.999933333333333,1.1901589732729791,3,0.5773502691896258,7.0,Athlete,21,Eliminated,6.0,8,Chelsie Hightower,0
9,1,Macy Gray,6.3333,-2.6185306562193924,3,1.0,15.0,Singer/Rapper,42,Eliminated,1.0,15,Jonathan Roberts,0
9,1,Mark Dacascos,9.6666,2.142343282949943,3,0.0,6.0,Actor/Actress,45,Eliminated,7.0,6,Lacey Schwimmer,0
9,1,Melissa Joan Hart,8.0,-0.2380222728114999,3,0.0,9.0,Actor/Actress,33,Eliminated,6.0,9,Mark Ballas,0
9,1,Michael Irvin,6.333333333333333,-2.618483047003909,3,0.5773502691896257,14.0,Athlete,43,Eliminated,7.0,7,Anna Demidova,0
9,1,Mya,10.3333,3.094575201842389,3,1.7320508075688772,3.0,Singer/Rapper,29,RunnerUp,9.0,2,Dmitry Chaplin,0
9,1,Natalie Coughlin,8.999933333333333,1.190158973272979,3,0.5773502691896258,7.0,Athlete,27,Eliminated,5.0,10,Alec Mazo,0
9,1,Tom Delay,6.666633333333333,-2.1424385013809104,3,0.5773502691896257,12.0,Politician,62,Withdrew,,13,Cheryl Burke,0
9,2,Aaron Carter,9.0,8.093399999999999,3,0.0,1.0,Singer/Rapper,21,Eliminated,8.0,5,Karina Smirnoff,0
9,2,Chuck Liddell,6.333333333333333,-2.6978,3,0.5773502691896257,9.0,Athlete,39,Eliminated,4.0,11,Anna Trebunskaya,0
9,2,Debi Mazar,7.0,0.0,3,0.0,4.0,Actor/Actress,45,Eliminated,3.0,12,Maksim Chmerkoskiy,0
9,2,Donny Osmond,8.333333333333334,5.3956,3,0.5773502691896258,3.0,Singer/Rapper,51,Winner,9.0,1,Kym Johnson,0
9,2,Joanna Krupa,6.666666666666667,-1.3489,3,0.5773502691896257,7.0,Model,30,Eliminated,9.0,4,Derek Hough,0
9,2,Kathy Ireland,6.0,-4.0466999999999995,3,0.0,13.0,Model,46,Eliminated,2.0,14,Tony Dovolani,0
9,2,Kelly Osbourne,6.333333333333333,-2.6978,3,0.5773502691896257,9.0,Tv Personality,24,Finalist,9.0,3,Louis Van Amstel,0
9,2,Louie Vito,6.333333333333333,-2.6978,3,0.5773502691896257,9.0,Athlete,21,Eliminated,6.0,8,Chelsie Hightower,0
9,2,Mark Dacascos,7.0,0.0,3,0.0,4.0,Actor/Actress,45,Eliminated,7.0,6,Lacey Schwimmer,0
9,2,Melissa Joan Hart,6.333333333333333,-2.6978,3,0.5773502691896257,9.0,Actor/Actress,33,Eliminated,6.0,9,Mark Ballas,0
9,2,Michael Irvin,6.666666666666667,-1.3489,3,0.5773502691896258,7.0,Athlete,43,Eliminated,7.0,7,Anna Demidova,0
9,2,Mya,9.0,8.093399999999999,3,0.0,1.0,Singer/Rapper,29,RunnerUp,9.0,2,Dmitry Chaplin,0
9,2,Natalie Coughlin,7.0,0.0,3,0.0,4.0,Athlete,27,Eliminated,5.0,10,Alec Mazo,0
9,2,Tom Delay,6.0,-4.0466999999999995,3,0.0,13.0,Politician,62,Withdrew,,13,Cheryl Burke,0
9,3,Aaron Carter,7.0,4.0466999999999995,3,1.0,4.0,Singer/Rapper,21,Eliminated,8.0,5,Karina Smirnoff,0
9,3,Chuck Liddell,5.666666666666667,-1.3489,3,0.5773502691896257,10.0,Athlete,39,Eliminated,4.0,11,Anna Trebunskaya,0
9,3,Debi Mazar,5.666666666666667,-1.3489,3,0.5773502691896257,10.0,Actor/Actress,45,Eliminated,3.0,12,Maksim Chmerkoskiy,0
9,3,Donny Osmond,7.0,4.0466999999999995,3,0.0,4.0,Singer/Rapper,51,Winner,9.0,1,Kym Johnson,0
9,3,Joanna Krupa,7.666666666666667,6.7445,3,0.5773502691896257,3.0,Model,30,Eliminated,9.0,4,Derek Hough,0
9,3,Kelly Osbourne,6.666666666666667,2.6978,3,0.5773502691896257,6.0,Tv Personality,24,Finalist,9.0,3,Louis Van Amstel,0
9,3,Louie Vito,6.666666666666667,2.6978,3,1.5275252316519465,6.0,Athlete,21,Eliminated,6.0,8,Chelsie Hightower,0
9,3,Mark Dacascos,6.0,0.0,3,0.0,9.0,Actor/Actress,45,Eliminated,7.0,6,Lacey Schwimmer,0
9,3,Melissa Joan Hart,6.333333333333333,1.3489,3,0.5773502691896258,8.0,Actor/Actress,33,Eliminated,6.0,9,Mark Ballas,0
9,3,Michael Irvin,4.666666666666667,-5.3956,3,0.5773502691896257,13.0,Athlete,43,Eliminated,7.0,7,Anna Demidova,0
9,3,Mya,9.0,12.1401,3,1.7320508075688772,1.0,Singer/Rapper,29,RunnerUp,9.0,2,Dmitry Chaplin,0
9,3,Natalie Coughlin,8.666666666666666,10.7912,3,0.5773502691896258,2.0,Athlete,27,Eliminated,5.0,10,Alec Mazo,0
9,3,Tom Delay,5.0,-4.0466999999999995,3,1.0,12.0,Politician,62,Withdrew,,13,Cheryl Burke,0
9,4,Aaron Carter,6.0,-4.0466999999999995,3,0.0,8.0,Singer/Rapper,21,Eliminated,8.0,5,Karina Smirnoff,0
9,4,Chuck Liddell,5.666666666666667,-4.72115,3,0.5773502691896257,9.0,Athlete,39,Eliminated,4.0,11,Anna Trebunskaya,0
9,4,Donny Osmond,8.0,0.0,3,0.0,4.0,Singer/Rapper,51,Winner,9.0,1,Kym Johnson,0
9,4,Joanna Krupa,8.666666666666666,1.3489,3,0.5773502691896258,3.0,Model,30,Eliminated,9.0,4,Derek Hough,0
9,4,Kelly Osbourne,7.666666666666667,-0.67445,3,0.5773502691896257,6.0,Tv Personality,24,Finalist,9.0,3,Louis Van Amstel,0
9,4,Louie Vito,5.333333333333333,-5.3956,3,0.5773502691896258,10.0,Athlete,21,Eliminated,6.0,8,Chelsie Hightower,0
9,4,Mark Dacascos,7.333333333333333,-1.3489,3,0.5773502691896257,7.0,Actor/Actress,45,Eliminated,7.0,6,Lacey Schwimmer,0
9,4,Melissa Joan Hart,9.333333333333334,2.6978,3,0.5773502691896255,1.0,Actor/Actress,33,Eliminated,6.0,9,Mark Ballas,0
9,4,Michael Irvin,5.333333333333333,-5.3956,3,0.5773502691896257,10.0,Athlete,43,Eliminated,7.0,7,Anna Demidova,0
9,4,Mya,9.333333333333334,2.6978,3,1.1547005383792515,1.0,Singer/Rapper,29,RunnerUp,9.0,2,Dmitry Chaplin,0
9,4,Natalie Coughlin,8.0,0.0,3,0.0,4.0,Athlete,27,Eliminated,5.0,10,Alec Mazo,0
9,5,Aaron Carter,8.0,0.0,3,0.0,4.0,Singer/Rapper,21,Eliminated,8.0,5,Karina Smirnoff,0
9,5,Donny Osmond,9.666666666666666,4.496333333333332,3,0.5773502691896258,1.0,Singer/Rapper,51,Winner,9.0,1,Kym Johnson,0
9,5,Joanna Krupa,8.0,0.0,3,0.0,4.0,Model,30,Eliminated,9.0,4,Derek Hough,0
9,5,Kelly Osbourne,8.0,0.0,3,0.0,4.0,Tv Personality,24,Finalist,9.0,3,Louis Van Amstel,0
9,5,Louie Vito,7.333333333333333,-1.798533333333333,3,0.5773502691896257,8.0,Athlete,21,Eliminated,6.0,8,Chelsie Hightower,0
9,5,Mark Dacascos,8.666666666666666,1.798533333333333,3,0.5773502691896255,3.0,Actor/Actress,45,Eliminated,7.0,6,Lacey Schwimmer,0
9,5,Melissa Joan Hart,7.666666666666667,-0.8992666666666665,3,0.5773502691896258,7.0,Actor/Actress,33,Eliminated,6.0,9,Mark Ballas,0
9,5,Michael Irvin,7.0,-2.6977999999999995,3,0.0,10.0,Athlete,43,Eliminated,7.0,7,Anna Demidova,0
9,5,Mya,9.0,2.6977999999999995,3,0.0,2.0,Singer/Rapper,29,RunnerUp,9.0,2,Dmitry Chaplin,0
9,5,Natalie Coughlin,7.333333333333333,-1.798533333333333,3,0.5773502691896257,8.0,Athlete,27,Eliminated,5.0,10,Alec Mazo,0
9,6,Aaron Carter,10.999933333333333,1.4281434415091692,3,0.5773502691896258,3.0,Singer/Rapper,21,Eliminated,8.0,5,Karina Smirnoff,0
9,6,Donny Osmond,10.3333,0.47603194451797287,3,0.0,5.0,Singer/Rapper,51,Winner,9.0,1,Kym Johnson,0
9,6,Joanna Krupa,11.999966666666666,2.8564297068840774,3,0.5773502691896258,1.0,Model,30,Eliminated,9.0,4,Derek Hough,0
9,6,Kelly Osbourne,8.333266666666667,-2.3804929782765987,3,0.5773502691896265,6.0,Tv Personality,24,Finalist,9.0,3,Louis Van Amstel,0
9,6,Louie Vito,8.0,-2.856477314839325,3,0.0,7.0,Athlete,21,Eliminated,6.0,8,Chelsie Hightower,0
9,6,Mark Dacascos,10.666666666666666,0.9521591049464417,3,0.5773502691896255,4.0,Actor/Actress,45,Eliminated,7.0,6,Lacey Schwimmer,0
9,6,Melissa Joan Hart,7.9999666666666664,-2.856524922794573,3,0.5773502691896253,8.0,Actor/Actress,33,Eliminated,6.0,9,Mark Ballas,0
9,6,Michael Irvin,7.333266666666667,-3.8087316356962617,3,1.154700538379252,9.0,Athlete,43,Eliminated,7.0,7,Anna Demidova,0
9,6,Mya,11.0,1.4282386574196626,3,1.0,2.0,Singer/Rapper,29,RunnerUp,9.0,2,Dmitry Chaplin,0
9,7,Aaron Carter,8.833333333333334,1.3489,3,0.28867513459481275,2.0,Singer/Rapper,21,Eliminated,8.0,5,Karina Smirnoff,0
9,7,Donny Osmond,8.666666666666666,0.67445,3,0.28867513459481314,3.0,Singer/Rapper,51,Winner,9.0,1,Kym Johnson,0
9,7,Joanna Krupa,9.166666666666666,2.6978,3,0.28867513459481314,1.0,Model,30,Eliminated,9.0,4,Derek Hough,0
9,7,Kelly Osbourne,8.666666666666666,0.67445,3,0.28867513459481314,3.0,Tv Personality,24,Finalist,9.0,3,Louis Van Amstel,0
9,7,Mark Dacascos,7.166666666666667,-5.3956,3,0.2886751345948129,7.0,Actor/Actress,45,Eliminated,7.0,6,Lacey Schwimmer,0
9,7,Michael Irvin,7.833333333333333,-2.6978,3,0.28867513459481275,6.0,Athlete,43,Eliminated,7.0,7,Anna Demidova,0
9,7,Mya,8.166666666666666,-1.3489,3,0.5773502691896258,5.0,Singer/Rapper,29,RunnerUp,9.0,2,Dmitry Chaplin,0
9,8,Aaron Carter,8.333333333333334,-1.3489,3,0.28867513459481275,4.0,Singer/Rapper,21,Eliminated,8.0,5,Karina Smirnoff,0
9,8,Donny Osmond,8.333333333333334,-1.3489,3,0.28867513459481275,4.0,Singer/Rapper,51,Winner,9.0,1,Kym Johnson,0
9,8,Joanna Krupa,8.666666666666666,1.3489,3,0.28867513459481314,2.0,Model,30,Eliminated,9.0,4,Derek Hough,0
9,8,Kelly Osbourne,8.5,0.0,3,0.5,3.0,Tv Personality,24,Finalist,9.0,3,Louis Van Amstel,0
9,8,Mya,9.833333333333334,10.7912,3,0.28867513459481275,1.0,Singer/Rapper,29,RunnerUp,9.0,2,Dmitry Chaplin,0
9,9,Donny Osmond,8.222199999999999,-4.945382201779836,3,0.19243084472090122,4.0,Singer/Rapper,51,Winner,9.0,1,Kym Johnson,0
9,9,Joanna Krupa,9.0,1.349034876512339,3,0.0,2.0,Model,30,Eliminated,9.0,4,Derek Hough,0
9,9,Kelly Osbourne,8.6666,-1.3490348765123532,3,0.0,3.0,Tv Personality,24,Finalist,9.0,3,Louis Van Amstel,0
9,9,Mya,9.666633333333333,6.743825617438249,3,0.33335000124993774,1.0,Singer/Rapper,29,RunnerUp,9.0,2,Dmitry Chaplin,0
10,1,Aiden Turner,5.0,-2.0233499999999998,3,0.0,10.0,Actor/Actress,32,Eliminated,4.0,9,Edyta Sliwinska,0
10,1,Buzz Aldrin,4.666666666666667,-2.6978,3,0.5773502691896257,11.0,Astronaut,80,Eliminated,3.0,10,Ashly Delgrosso,0
10,1,Chad Ochocinco,6.0,0.0,3,0.0,6.0,Athlete,32,Eliminated,9.0,4,Cheryl Burke,0
10,1,Erin Andrews,7.0,2.0233499999999998,3,0.0,3.0,Sports Broadcaster,32,Finalist,9.0,3,Maksim Chmerkoskiy,0
10,1,Evan Lysacek,7.666666666666667,3.37225,3,0.5773502691896257,2.0,Athlete,24,RunnerUp,9.0,2,Anna Trebunskaya,0
10,1,Jake Pavelka,6.666666666666667,1.3489,3,0.5773502691896257,5.0,Tv Personality,32,Eliminated,6.0,7,Chelsie Hightower,0
10,1,Kate Gosselin,5.333333333333333,-1.3489,3,0.5773502691896257,9.0,Tv Personality,35,Eliminated,5.0,8,Tony Dovolani,0
10,1,Nicole Scherzinger,8.333333333333334,4.72115,3,1.1547005383792515,1.0,Singer/Rapper,31,Winner,9.0,1,Derek Hough,0
10,1,Niecy Nash,6.0,0.0,3,1.0,6.0,Actor/Actress,40,Eliminated,8.0,5,Louis Van Amstel,0
10,1,Pamela Anderson,7.0,2.0233499999999998,3,1.0,3.0,Model,42,Eliminated,7.0,6,Damian Whitewood,0
10,1,Shannen Doherty,6.0,0.0,3,0.0,6.0,Actor/Actress,38,Eliminated,2.0,11,Mark Ballas,0
10,2,Aiden Turner,6.333333333333333,-1.3489,3,0.5773502691896257,8.0,Actor/Actress,32,Eliminated,4.0,9,Edyta Sliwinska,0
10,2,Buzz Aldrin,4.0,-6.070049999999999,3,0.0,11.0,Astronaut,80,Eliminated,3.0,10,Ashly Delgrosso,0
10,2,Chad Ochocinco,5.333333333333333,-3.37225,3,0.5773502691896257,9.0,Athlete,32,Eliminated,9.0,4,Cheryl Burke,0
10,2,Erin Andrews,7.666666666666667,1.3489,3,0.5773502691896257,3.0,Sports Broadcaster,32,Finalist,9.0,3,Maksim Chmerkoskiy,0
10,2,Evan Lysacek,8.0,2.0233499999999998,3,0.0,2.0,Athlete,24,RunnerUp,9.0,2,Anna Trebunskaya,0
10,2,Jake Pavelka,6.666666666666667,-0.67445,3,0.5773502691896257,6.0,Tv Personality,32,Eliminated,6.0,7,Chelsie Hightower,0
10,2,Kate Gosselin,5.0,-4.0466999999999995,3,0.0,10.0,Tv Personality,35,Eliminated,5.0,8,Tony Dovolani,0
10,2,Nicole Scherzinger,9.333333333333334,4.72115,3,1.1547005383792515,1.0,Singer/Rapper,31,Winner,9.0,1,Derek Hough,0
10,2,Niecy Nash,7.0,0.0,3,0.0,5.0,Actor/Actress,40,Eliminated,8.0,5,Louis Van Amstel,0
10,2,Pamela Anderson,7.333333333333333,0.67445,3,0.5773502691896258,4.0,Model,42,Eliminated,7.0,6,Damian Whitewood,0
10,2,Shannen Doherty,6.666666666666667,-0.67445,3,0.5773502691896257,6.0,Actor/Actress,38,Eliminated,2.0,11,Mark Ballas,0
10,3,Aiden Turner,6.666666666666667,-1.3489,3,0.5773502691896257,7.0,Actor/Actress,32,Eliminated,4.0,9,Edyta Sliwinska,0
10,3,Buzz Aldrin,4.333333333333333,-10.7912,3,0.5773502691896257,10.0,Astronaut,80,Eliminated,3.0,10,Ashly Delgrosso,0
10,3,Chad Ochocinco,6.666666666666667,-1.3489,3,0.5773502691896257,7.0,Athlete,32,Eliminated,9.0,4,Cheryl Burke,0
10,3,Erin Andrews,7.666666666666667,2.6978,3,0.5773502691896257,2.0,Sports Broadcaster,32,Finalist,9.0,3,Maksim Chmerkoskiy,0
10,3,Evan Lysacek,8.666666666666666,6.7445,3,0.5773502691896258,1.0,Athlete,24,RunnerUp,9.0,2,Anna Trebunskaya,0
10,3,Jake Pavelka,7.0,0.0,3,0.0,4.0,Tv Personality,32,Eliminated,6.0,7,Chelsie Hightower,0
10,3,Kate Gosselin,5.0,-8.093399999999999,3,0.0,9.0,Tv Personality,35,Eliminated,5.0,8,Tony Dovolani,0
10,3,Nicole Scherzinger,7.666666666666667,2.6978,3,1.5275252316519465,2.0,Singer/Rapper,31,Winner,9.0,1,Derek Hough,0
10,3,Niecy Nash,7.0,0.0,3,0.0,4.0,Actor/Actress,40,Eliminated,8.0,5,Louis Van Amstel,0
10,3,Pamela Anderson,7.0,0.0,3,0.0,4.0,Model,42,Eliminated,7.0,6,Damian Whitewood,0
10,4,Aiden Turner,5.5,-2.0233499999999998,3,0.0,8.0,Actor/Actress,32,Eliminated,4.0,9,Edyta Sliwinska,0
10,4,Chad Ochocinco,7.333333333333333,1.6861249999999999,3,0.7637626158259734,4.0,Athlete,32,Eliminated,9.0,4,Cheryl Burke,0
10,4,Erin Andrews,6.5,0.0,3,0.0,5.0,Sports Broadcaster,32,Finalist,9.0,3,Maksim Chmerkoskiy,0
10,4,Evan Lysacek,8.666666666666666,4.383925,3,0.5773502691896258,1.0,Athlete,24,RunnerUp,9.0,2,Anna Trebunskaya,0
10,4,Jake Pavelka,6.333333333333333,-0.337225,3,0.28867513459481275,6.0,Tv Personality,32,Eliminated,6.0,7,Chelsie Hightower,0
10,4,Kate Gosselin,5.333333333333333,-2.360575,3,0.2886751345948129,9.0,Tv Personality,35,Eliminated,5.0,8,Tony Dovolani,0
10,4,Nicole Scherzinger,8.333333333333334,3.709475,3,0.28867513459481275,2.0,Singer/Rapper,31,Winner,9.0,1,Derek Hough,0
10,4,Niecy Nash,6.0,-1.0116749999999999,3,0.0,7.0,Actor/Actress,40,Eliminated,8.0,5,Louis Van Amstel,0
10,4,Pamela Anderson,7.833333333333333,2.6978,3,0.5773502691896258,3.0,Model,42,Eliminated,7.0,6,Damian Whitewood,0
10,5,Chad Ochocinco,6.0,-1.7985333333333333,3,0.0,6.0,Athlete,32,Eliminated,9.0,4,Cheryl Burke,0
10,5,Erin Andrews,7.333333333333333,0.5995111111111111,3,0.5773502691896258,4.0,Sports Broadcaster,32,Finalist,9.0,3,Maksim Chmerkoskiy,0
10,5,Evan Lysacek,9.0,3.5970666666666666,3,0.0,2.0,Athlete,24,RunnerUp,9.0,2,Anna Trebunskaya,0
10,5,Jake Pavelka,7.666666666666667,1.1990222222222222,3,0.5773502691896257,3.0,Tv Personality,32,Eliminated,6.0,7,Chelsie Hightower,0
10,5,Kate Gosselin,5.0,-3.5970666666666666,3,0.0,8.0,Tv Personality,35,Eliminated,5.0,8,Tony Dovolani,0
10,5,Nicole Scherzinger,9.666666666666666,4.796088888888889,3,0.5773502691896258,1.0,Singer/Rapper,31,Winner,9.0,1,Derek Hough,0
10,5,Niecy Nash,6.0,-1.7985333333333333,3,0.0,6.0,Actor/Actress,40,Eliminated,8.0,5,Louis Van Amstel,0
10,5,Pamela Anderson,7.0,0.0,3,1.0,5.0,Model,42,Eliminated,7.0,6,Damian Whitewood,0
10,6,Chad Ochocinco,10.3333,1.6187285594288094,3,0.0,3.0,Athlete,32,Eliminated,9.0,4,Cheryl Burke,0
10,6,Erin Andrews,11.333333333333334,4.0467809323813535,3,1.1547005383792515,2.0,Sports Broadcaster,32,Finalist,9.0,3,Maksim Chmerkoskiy,0
10,6,Evan Lysacek,9.0,-1.6184857622847575,3,0.0,5.0,Athlete,24,RunnerUp,9.0,2,Anna Trebunskaya,0
10,6,Jake Pavelka,8.3333,-3.2372143217135716,3,0.0,7.0,Tv Personality,32,Eliminated,6.0,7,Chelsie Hightower,0
10,6,Nicole Scherzinger,11.999966666666666,5.66534762704746,3,1.5275252316519468,1.0,Singer/Rapper,31,Winner,9.0,1,Derek Hough,0
10,6,Niecy Nash,8.6666,-2.4279714405711905,3,0.0,6.0,Actor/Actress,40,Eliminated,8.0,5,Louis Van Amstel,0
10,6,Pamela Anderson,9.999933333333333,0.8093238135237302,3,0.5773502691896255,4.0,Model,42,Eliminated,7.0,6,Damian Whitewood,0
10,7,Chad Ochocinco,8.666666666666666,1.3489,3,0.28867513459481275,3.0,Athlete,32,Eliminated,9.0,4,Cheryl Burke,0
10,7,Erin Andrews,8.5,0.0,3,0.0,4.0,Sports Broadcaster,32,Finalist,9.0,3,Maksim Chmerkoskiy,0
10,7,Evan Lysacek,9.0,4.0466999999999995,3,0.0,1.0,Athlete,24,RunnerUp,9.0,2,Anna Trebunskaya,0
10,7,Nicole Scherzinger,9.0,4.0466999999999995,3,0.0,1.0,Singer/Rapper,31,Winner,9.0,1,Derek Hough,0
10,7,Niecy Nash,8.166666666666666,-2.6978,3,0.28867513459481275,6.0,Actor/Actress,40,Eliminated,8.0,5,Louis Van Amstel,0
10,7,Pamela Anderson,8.5,0.0,3,0.0,4.0,Model,42,Eliminated,7.0,6,Damian Whitewood,0
10,8,Chad Ochocinco,7.5,-2.6977999999999995,3,0.0,4.0,Athlete,32,Eliminated,9.0,4,Cheryl Burke,0
10,8,Erin Andrews,8.833333333333334,0.8992666666666665,3,0.28867513459481275,2.0,Sports Broadcaster,32,Finalist,9.0,3,Maksim Chmerkoskiy,0
10,8,Evan Lysacek,8.833333333333334,0.8992666666666665,3,0.28867513459481275,2.0,Athlete,24,RunnerUp,9.0,2,Anna Trebunskaya,0
10,8,Nicole Scherzinger,9.833333333333334,3.5970666666666666,3,0.28867513459481275,1.0,Singer/Rapper,31,Winner,9.0,1,Derek Hough,0
10,8,Niecy Nash,7.166666666666667,-3.5970666666666666,3,0.28867513459481275,5.0,Actor/Actress,40,Eliminated,8.0,5,Louis Van Amstel,0
10,9,Chad Ochocinco,8.666666666666666,-3.37225,3,0.28867513459481314,4.0,Athlete,32,Eliminated,9.0,4,Cheryl Burke,0
10,9,Erin Andrews,9.333333333333334,-0.67445,3,0.28867513459481275,3.0,Sports Broadcaster,32,Finalist,9.0,3,Maksim Chmerkoskiy,0
10,9,Evan Lysacek,9.833333333333334,1.3489,3,0.28867513459481275,1.0,Athlete,24,RunnerUp,9.0,2,Anna Trebunskaya,0
10,9,Nicole Scherzinger,9.833333333333334,1.3489,3,0.28867513459481275,1.0,Singer/Rapper,31,Winner,9.0,1,Derek Hough,0
11,1,Audrina Patridge,6.333333333333333,0.67445,3,0.5773502691896257,5.0,Tv Personality,25,Eliminated,6.0,7,Tony Dovolani,0
11,1,Brandy,7.666666666666667,3.37225,3,0.5773502691896257,2.0,Singer/Rapper,31,Eliminated,9.0,4,Maksim Chmerkoskiy,0
11,1,Bristol Palin,6.0,0.0,3,0.0,7.0,Tv Personality,19,Finalist,9.0,3,Mark Ballas,0
11,1,David Hasselhoff,5.0,-2.0233499999999998,3,0.0,10.0,Actor/Actress,58,Eliminated,1.0,12,Kym Johnson,0
11,1,Florence Henderson,6.0,0.0,3,0.0,7.0,Actor/Actress,76,Eliminated,5.0,8,Corky Ballas,0
11,1,Jennifer Grey,8.0,4.0466999999999995,3,0.0,1.0,Actor/Actress,50,Winner,9.0,1,Derek Hough,0
11,1,Kurt Warner,6.333333333333333,0.67445,3,1.1547005383792517,5.0,Athlete,39,Eliminated,8.0,5,Anna Trebunskaya,0
11,1,Kyle Massey,7.666666666666667,3.37225,3,0.5773502691896257,2.0,Actor/Actress,19,RunnerUp,9.0,2,Lacey Schwimmer,0
11,1,Margaret Cho,5.0,-2.0233499999999998,3,0.0,10.0,Comedian,41,Eliminated,3.0,10,Louis Van Amstel,0
11,1,Michael Bolton,5.333333333333333,-1.3489,3,0.5773502691896257,9.0,Singer/Rapper,57,Eliminated,2.0,11,Chelsie Hightower,0
11,1,Rick Fox,7.333333333333333,2.6978,3,0.5773502691896257,4.0,Athlete,41,Eliminated,7.0,6,Cheryl Burke,0
11,1,The Situation,5.0,-2.0233499999999998,3,0.0,10.0,Tv Personality,28,Eliminated,4.0,9,Karina Smirnoff,0
11,2,Audrina Patridge,7.666666666666667,2.6978,3,0.5773502691896258,2.0,Tv Personality,25,Eliminated,6.0,7,Tony Dovolani,0
11,2,Brandy,7.0,0.0,3,0.0,5.0,Singer/Rapper,31,Eliminated,9.0,4,Maksim Chmerkoskiy,0
11,2,Bristol Palin,7.333333333333333,1.3489,3,0.5773502691896257,3.0,Tv Personality,19,Finalist,9.0,3,Mark Ballas,0
11,2,Florence Henderson,6.333333333333333,-2.6978,3,0.5773502691896257,8.0,Actor/Actress,76,Eliminated,5.0,8,Corky Ballas,0
11,2,Jennifer Grey,8.0,4.0466999999999995,3,0.0,1.0,Actor/Actress,50,Winner,9.0,1,Derek Hough,0
11,2,Kurt Warner,7.0,0.0,3,0.0,5.0,Athlete,39,Eliminated,8.0,5,Anna Trebunskaya,0
11,2,Kyle Massey,7.333333333333333,1.3489,3,0.5773502691896257,3.0,Actor/Actress,19,RunnerUp,9.0,2,Lacey Schwimmer,0
11,2,Margaret Cho,6.0,-4.0466999999999995,3,0.0,9.0,Comedian,41,Eliminated,3.0,10,Louis Van Amstel,0
11,2,Michael Bolton,4.0,-12.1401,3,1.0,11.0,Singer/Rapper,57,Eliminated,2.0,11,Chelsie Hightower,0
11,2,Rick Fox,7.0,0.0,3,0.0,5.0,Athlete,41,Eliminated,7.0,6,Cheryl Burke,0
11,2,The Situation,6.0,-4.0466999999999995,3,0.0,9.0,Tv Personality,28,Eliminated,4.0,9,Karina Smirnoff,0
11,3,Audrina Patridge,8.666666666666666,2.6978,3,0.5773502691896258,1.0,Tv Personality,25,Eliminated,6.0,7,Tony Dovolani,0
11,3,Brandy,8.0,0.0,3,0.0,2.0,Singer/Rapper,31,Eliminated,9.0,4,Maksim Chmerkoskiy,0
11,3,Bristol Palin,6.333333333333333,-6.7445,3,0.5773502691896258,9.0,Tv Personality,19,Finalist,9.0,3,Mark Ballas,0
11,3,Florence Henderson,6.666666666666667,-5.3956,3,0.5773502691896257,7.0,Actor/Actress,76,Eliminated,5.0,8,Corky Ballas,0
11,3,Jennifer Grey,8.0,0.0,3,0.0,2.0,Actor/Actress,50,Winner,9.0,1,Derek Hough,0
11,3,Kurt Warner,7.666666666666667,-1.3489,3,0.5773502691896258,5.0,Athlete,39,Eliminated,8.0,5,Anna Trebunskaya,0
11,3,Kyle Massey,7.666666666666667,-1.3489,3,0.5773502691896257,5.0,Actor/Actress,19,RunnerUp,9.0,2,Lacey Schwimmer,0
11,3,Margaret Cho,6.0,-8.093399999999999,3,0.0,10.0,Comedian,41,Eliminated,3.0,10,Louis Van Amstel,0
11,3,Rick Fox,8.0,0.0,3,0.0,2.0,Athlete,41,Eliminated,7.0,6,Cheryl Burke,0
11,3,The Situation,6.666666666666667,-5.3956,3,0.5773502691896257,7.0,Tv Personality,28,Eliminated,4.0,9,Karina Smirnoff,0
11,4,Audrina Patridge,7.666666666666667,2.098288888888889,3,0.2886751345948129,3.0,Tv Personality,25,Eliminated,6.0,7,Tony Dovolani,0
11,4,Brandy,8.0,2.6978,3,0.0,2.0,Singer/Rapper,31,Eliminated,9.0,4,Maksim Chmerkoskiy,0
11,4,Bristol Palin,5.333333333333333,-2.098288888888889,3,0.2886751345948129,8.0,Tv Personality,19,Finalist,9.0,3,Mark Ballas,0
11,4,Florence Henderson,5.833333333333333,-1.1990222222222222,3,0.28867513459481275,6.0,Actor/Actress,76,Eliminated,5.0,8,Corky Ballas,0
11,4,Jennifer Grey,9.333333333333334,5.095844444444444,3,0.28867513459481275,1.0,Actor/Actress,50,Winner,9.0,1,Derek Hough,0
11,4,Kurt Warner,5.666666666666667,-1.4987777777777778,3,0.2886751345948129,7.0,Athlete,39,Eliminated,8.0,5,Anna Trebunskaya,0
11,4,Kyle Massey,6.666666666666667,0.29975555555555555,3,0.2886751345948129,4.0,Actor/Actress,19,RunnerUp,9.0,2,Lacey Schwimmer,0
11,4,Rick Fox,6.5,0.0,3,0.5,5.0,Athlete,41,Eliminated,7.0,6,Cheryl Burke,0
11,4,The Situation,4.666666666666667,-3.297311111111111,3,0.2886751345948129,9.0,Tv Personality,28,Eliminated,4.0,9,Karina Smirnoff,0
11,5,Audrina Patridge,7.666666666666667,-1.3489,3,0.5773502691896257,5.0,Tv Personality,25,Eliminated,6.0,7,Tony Dovolani,0
11,5,Brandy,9.0,4.0466999999999995,3,0.0,1.0,Singer/Rapper,31,Eliminated,9.0,4,Maksim Chmerkoskiy,0
11,5,Bristol Palin,6.0,-8.093399999999999,3,0.0,8.0,Tv Personality,19,Finalist,9.0,3,Mark Ballas,0
11,5,Florence Henderson,7.0,-4.0466999999999995,3,0.0,6.0,Actor/Actress,76,Eliminated,5.0,8,Corky Ballas,0
11,5,Jennifer Grey,8.333333333333334,1.3489,3,0.5773502691896255,2.0,Actor/Actress,50,Winner,9.0,1,Derek Hough,0
11,5,Kurt Warner,8.0,0.0,3,0.0,3.0,Athlete,39,Eliminated,8.0,5,Anna Trebunskaya,0
11,5,Kyle Massey,6.666666666666667,-5.3956,3,1.5275252316519465,7.0,Actor/Actress,19,RunnerUp,9.0,2,Lacey Schwimmer,0
11,5,Rick Fox,8.0,0.0,3,0.0,3.0,Athlete,41,Eliminated,7.0,6,Cheryl Burke,0
11,6,Audrina Patridge,10.6666,2.0231982449561245,3,0.0,2.0,Tv Personality,25,Eliminated,6.0,7,Tony Dovolani,0
11,6,Brandy,11.999966666666666,6.070100585014618,3,0.5773502691896258,1.0,Singer/Rapper,31,Eliminated,9.0,4,Maksim Chmerkoskiy,0
11,6,Bristol Palin,9.333266666666667,-2.023602925073123,3,0.5773502691896258,6.0,Tv Personality,19,Finalist,9.0,3,Mark Ballas,0
11,6,Jennifer Grey,9.666666666666666,-1.0117002925073117,3,0.5773502691896258,5.0,Actor/Actress,50,Winner,9.0,1,Derek Hough,0
11,6,Kurt Warner,7.3333,-8.093703510087744,3,0.0,7.0,Athlete,39,Eliminated,8.0,5,Anna Trebunskaya,0
11,6,Kyle Massey,9.999966666666666,-0.00010117002925236207,3,0.5773502691896258,4.0,Actor/Actress,19,RunnerUp,9.0,2,Lacey Schwimmer,0
11,6,Rick Fox,10.0,0.0,3,0.0,3.0,Athlete,41,Eliminated,7.0,6,Cheryl Burke,0
11,7,Brandy,9.125,6.7445,4,0.2500000000000001,1.0,Singer/Rapper,31,Eliminated,9.0,4,Maksim Chmerkoskiy,0
11,7,Bristol Palin,8.125,-4.0466999999999995,4,0.24999999999999983,6.0,Tv Personality,19,Finalist,9.0,3,Mark Ballas,0
11,7,Jennifer Grey,9.125,6.7445,4,0.24999999999999983,1.0,Actor/Actress,50,Winner,9.0,1,Derek Hough,0
11,7,Kurt Warner,8.75,2.6978,4,0.5000000000000001,3.0,Athlete,39,Eliminated,8.0,5,Anna Trebunskaya,0
11,7,Kyle Massey,8.375,-1.3489,4,0.47871355387816905,5.0,Actor/Actress,19,RunnerUp,9.0,2,Lacey Schwimmer,0
11,7,Rick Fox,8.625,1.3489,4,0.24999999999999983,4.0,Athlete,41,Eliminated,7.0,6,Cheryl Burke,0
11,8,Brandy,9.5,1.3488999999999998,3,0.5,1.0,Singer/Rapper,31,Eliminated,9.0,4,Maksim Chmerkoskiy,0
11,8,Bristol Palin,7.833333333333333,-3.147433333333333,3,0.2886751345948129,5.0,Tv Personality,19,Finalist,9.0,3,Mark Ballas,0
11,8,Jennifer Grey,9.5,1.3488999999999998,3,0.0,1.0,Actor/Actress,50,Winner,9.0,1,Derek Hough,0
11,8,Kurt Warner,8.0,-2.6977999999999995,3,0.0,4.0,Athlete,39,Eliminated,8.0,5,Anna Trebunskaya,0
11,8,Kyle Massey,9.333333333333334,0.8992666666666665,3,0.28867513459481275,3.0,Actor/Actress,19,RunnerUp,9.0,2,Lacey Schwimmer,0
11,9,Brandy,9.5,0.0,3,0.0,3.0,Singer/Rapper,31,Eliminated,9.0,4,Maksim Chmerkoskiy,0
11,9,Bristol Palin,8.833333333333334,-2.6978,3,0.28867513459481275,4.0,Tv Personality,19,Finalist,9.0,3,Mark Ballas,0
11,9,Jennifer Grey,10.0,2.0233499999999998,3,0.0,1.0,Actor/Actress,50,Winner,9.0,1,Derek Hough,0
11,9,Kyle Massey,9.666666666666666,0.67445,3,0.5773502691896258,2.0,Actor/Actress,19,RunnerUp,9.0,2,Lacey Schwimmer,0
12,1,Chelsea Kane,7.0,4.0466999999999995,3,0.0,3.0,Actor/Actress,22,Finalist,9.0,3,Mark Ballas,0
12,1,Chris Jericho,6.333333333333333,1.3489,3,0.5773502691896257,5.0,Athlete,40,Eliminated,6.0,7,Cheryl Burke,0
12,1,Hines Ward,7.0,4.0466999999999995,3,0.0,3.0,Athlete,35,Winner,9.0,1,Kym Johnson,0
12,1,Kendra Wilkinson,6.0,0.0,3,0.0,7.0,Tv Personality,25,Eliminated,7.0,6,Louis Van Amstel,0
12,1,Kirstie Alley,7.666666666666667,6.7445,3,0.5773502691896257,2.0,Actor/Actress,60,RunnerUp,9.0,2,Maksim Chmerkoskiy,0
12,1,Mike Catherwood,4.333333333333333,-6.7445,3,0.5773502691896257,11.0,Radio Personality,32,Eliminated,2.0,11,Lacey Schwimmer,0
12,1,Petra Nemcova,6.0,0.0,3,0.0,7.0,Model,31,Eliminated,5.0,8,Dmitry Chaplin,0
12,1,Ralph Macchio,8.0,8.093399999999999,3,0.0,1.0,Actor/Actress,49,Eliminated,9.0,4,Karina Smirnoff,0
12,1,Romeo,6.333333333333333,1.3489,3,0.5773502691896257,5.0,Singer/Rapper,21,Eliminated,8.0,5,Chelsie Hightower,0
12,1,Sugar Ray Leonard,5.666666666666667,-1.3489,3,0.5773502691896257,9.0,Athlete,54,Eliminated,4.0,9,Anna Trebunskaya,0
12,1,Wendy Williams,4.666666666666667,-5.3956,3,0.5773502691896257,10.0,Tv Personality,46,Eliminated,3.0,10,Tony Dovolani,0
12,2,Chelsea Kane,6.0,0.0,3,1.0,7.0,Actor/Actress,22,Finalist,9.0,3,Mark Ballas,0
12,2,Chris Jericho,7.666666666666667,6.7445,3,0.5773502691896257,1.0,Athlete,40,Eliminated,6.0,7,Cheryl Burke,0
12,2,Hines Ward,7.666666666666667,6.7445,3,0.5773502691896257,1.0,Athlete,35,Winner,9.0,1,Kym Johnson,0
12,2,Kendra Wilkinson,6.333333333333333,1.3489,3,0.5773502691896257,6.0,Tv Personality,25,Eliminated,7.0,6,Louis Van Amstel,0
12,2,Kirstie Alley,6.666666666666667,2.6978,3,0.5773502691896257,5.0,Actor/Actress,60,RunnerUp,9.0,2,Maksim Chmerkoskiy,0
12,2,Mike Catherwood,5.666666666666667,-1.3489,3,0.5773502691896257,9.0,Radio Personality,32,Eliminated,2.0,11,Lacey Schwimmer,0
12,2,Petra Nemcova,6.0,0.0,3,0.0,7.0,Model,31,Eliminated,5.0,8,Dmitry Chaplin,0
12,2,Ralph Macchio,7.0,4.0466999999999995,3,0.0,4.0,Actor/Actress,49,Eliminated,9.0,4,Karina Smirnoff,0
12,2,Romeo,7.666666666666667,6.7445,3,0.5773502691896257,1.0,Singer/Rapper,21,Eliminated,8.0,5,Chelsie Hightower,0
12,2,Sugar Ray Leonard,5.666666666666667,-1.3489,3,0.5773502691896257,9.0,Athlete,54,Eliminated,4.0,9,Anna Trebunskaya,0
12,2,Wendy Williams,5.666666666666667,-1.3489,3,0.5773502691896257,9.0,Tv Personality,46,Eliminated,3.0,10,Tony Dovolani,0
12,3,Chelsea Kane,7.666666666666667,2.6978,3,0.5773502691896257,3.0,Actor/Actress,22,Finalist,9.0,3,Mark Ballas,0
12,3,Chris Jericho,7.0,0.0,3,0.0,5.0,Athlete,40,Eliminated,6.0,7,Cheryl Burke,0
12,3,Hines Ward,8.333333333333334,5.3956,3,0.5773502691896258,1.0,Athlete,35,Winner,9.0,1,Kym Johnson,0
12,3,Kendra Wilkinson,7.666666666666667,2.6978,3,0.5773502691896257,3.0,Tv Personality,25,Eliminated,7.0,6,Louis Van Amstel,0
12,3,Kirstie Alley,7.0,0.0,3,0.0,5.0,Actor/Actress,60,RunnerUp,9.0,2,Maksim Chmerkoskiy,0
12,3,Petra Nemcova,8.333333333333334,5.3956,3,0.5773502691896258,1.0,Model,31,Eliminated,5.0,8,Dmitry Chaplin,0
12,3,Ralph Macchio,7.0,0.0,3,0.0,5.0,Actor/Actress,49,Eliminated,9.0,4,Karina Smirnoff,0
12,3,Romeo,6.666666666666667,-1.3489,3,0.5773502691896257,8.0,Singer/Rapper,21,Eliminated,8.0,5,Chelsie Hightower,0
12,3,Sugar Ray Leonard,6.666666666666667,-1.3489,3,0.5773502691896257,8.0,Athlete,54,Eliminated,4.0,9,Anna Trebunskaya,0
12,3,Wendy Williams,5.0,-8.093399999999999,3,0.0,10.0,Tv Personality,46,Eliminated,3.0,10,Tony Dovolani,0
12,4,Chelsea Kane,8.666666666666666,2.6978,3,0.5773502691896258,1.0,Actor/Actress,22,Finalist,9.0,3,Mark Ballas,0
12,4,Chris Jericho,7.666666666666667,-1.3489,3,0.5773502691896257,4.0,Athlete,40,Eliminated,6.0,7,Cheryl Burke,0
12,4,Hines Ward,8.333333333333334,1.3489,3,0.5773502691896258,2.0,Athlete,35,Winner,9.0,1,Kym Johnson,0
12,4,Kendra Wilkinson,6.0,-8.093399999999999,3,0.0,9.0,Tv Personality,25,Eliminated,7.0,6,Louis Van Amstel,0
12,4,Kirstie Alley,7.333333333333333,-2.6978,3,0.5773502691896258,7.0,Actor/Actress,60,RunnerUp,9.0,2,Maksim Chmerkoskiy,0
12,4,Petra Nemcova,7.666666666666667,-1.3489,3,0.5773502691896257,4.0,Model,31,Eliminated,5.0,8,Dmitry Chaplin,0
12,4,Ralph Macchio,8.333333333333334,1.3489,3,0.5773502691896255,2.0,Actor/Actress,49,Eliminated,9.0,4,Karina Smirnoff,0
12,4,Romeo,7.666666666666667,-1.3489,3,0.5773502691896257,4.0,Singer/Rapper,21,Eliminated,8.0,5,Chelsie Hightower,0
12,4,Sugar Ray Leonard,7.0,-4.0466999999999995,3,0.0,8.0,Athlete,54,Eliminated,4.0,9,Anna Trebunskaya,0
12,5,Chelsea Kane,8.666666666666666,1.3489,3,0.5773502691896258,2.0,Actor/Actress,22,Finalist,9.0,3,Mark Ballas,0
12,5,Chris Jericho,8.666666666666666,1.3489,3,0.5773502691896258,2.0,Athlete,40,Eliminated,6.0,7,Cheryl Burke,0
12,5,Hines Ward,9.0,2.0233499999999998,3,0.0,1.0,Athlete,35,Winner,9.0,1,Kym Johnson,0
12,5,Kendra Wilkinson,7.333333333333333,-1.3489,3,0.5773502691896257,6.0,Tv Personality,25,Eliminated,7.0,6,Louis Van Amstel,0
12,5,Kirstie Alley,7.666666666666667,-0.67445,3,0.5773502691896257,5.0,Actor/Actress,60,RunnerUp,9.0,2,Maksim Chmerkoskiy,0
12,5,Petra Nemcova,7.333333333333333,-1.3489,3,0.5773502691896258,6.0,Model,31,Eliminated,5.0,8,Dmitry Chaplin,0
12,5,Ralph Macchio,7.333333333333333,-1.3489,3,0.5773502691896257,6.0,Actor/Actress,49,Eliminated,9.0,4,Karina Smirnoff,0
12,5,Romeo,8.666666666666666,1.3489,3,0.5773502691896258,2.0,Singer/Rapper,21,Eliminated,8.0,5,Chelsie Hightower,0
12,6,Chelsea Kane,9.333333333333334,1.3489,3,0.5773502691896258,1.0,Actor/Actress,22,Finalist,9.0,3,Mark Ballas,0
12,6,Chris Jericho,7.333333333333333,-6.7445,3,0.5773502691896257,7.0,Athlete,40,Eliminated,6.0,7,Cheryl Burke,0
12,6,Hines Ward,9.0,0.0,3,0.0,3.0,Athlete,35,Winner,9.0,1,Kym Johnson,0
12,6,Kendra Wilkinson,8.333333333333334,-2.6978,3,0.5773502691896255,5.0,Tv Personality,25,Eliminated,7.0,6,Louis Van Amstel,0
12,6,Kirstie Alley,8.666666666666666,-1.3489,3,0.5773502691896258,4.0,Actor/Actress,60,RunnerUp,9.0,2,Maksim Chmerkoskiy,0
12,6,Ralph Macchio,8.0,-4.0466999999999995,3,0.0,6.0,Actor/Actress,49,Eliminated,9.0,4,Karina Smirnoff,0
12,6,Romeo,9.333333333333334,1.3489,3,0.5773502691896258,1.0,Singer/Rapper,21,Eliminated,8.0,5,Chelsie Hightower,0
12,7,Chelsea Kane,8.0,0.0,4,0.408248290463863,3.0,Actor/Actress,22,Finalist,9.0,3,Mark Ballas,0
12,7,Hines Ward,8.25,2.6978,4,0.5,1.0,Athlete,35,Winner,9.0,1,Kym Johnson,0
12,7,Kendra Wilkinson,7.625,-4.0466999999999995,4,0.25,4.0,Tv Personality,25,Eliminated,7.0,6,Louis Van Amstel,0
12,7,Kirstie Alley,7.5,-5.3956,4,0.5773502691896257,5.0,Actor/Actress,60,RunnerUp,9.0,2,Maksim Chmerkoskiy,0
12,7,Ralph Macchio,8.25,2.6978,4,0.645497224367903,1.0,Actor/Actress,49,Eliminated,9.0,4,Karina Smirnoff,0
12,7,Romeo,7.5,-5.3956,4,0.408248290463863,5.0,Singer/Rapper,21,Eliminated,8.0,5,Chelsie Hightower,0
12,8,Chelsea Kane,9.166666666666666,1.3489,3,0.28867513459481314,1.0,Actor/Actress,22,Finalist,9.0,3,Mark Ballas,0
12,8,Hines Ward,9.0,0.0,3,0.0,2.0,Athlete,35,Winner,9.0,1,Kym Johnson,0
12,8,Kirstie Alley,8.833333333333334,-1.3489,3,0.28867513459481275,3.0,Actor/Actress,60,RunnerUp,9.0,2,Maksim Chmerkoskiy,0
12,8,Ralph Macchio,7.666666666666667,-10.7912,3,0.28867513459481275,5.0,Actor/Actress,49,Eliminated,9.0,4,Karina Smirnoff,0
12,8,Romeo,8.666666666666666,-2.6978,3,0.28867513459481275,4.0,Singer/Rapper,21,Eliminated,8.0,5,Chelsie Hightower,0
12,9,Chelsea Kane,12.166666666666666,6.166399999999999,3,0.28867513459481314,1.0,Actor/Actress,22,Finalist,9.0,3,Mark Ballas,0
12,9,Hines Ward,10.0,1.1562,3,0.0,2.0,Athlete,35,Winner,9.0,1,Kym Johnson,0
12,9,Kirstie Alley,9.0,-1.1562,3,0.0,3.0,Actor/Actress,60,RunnerUp,9.0,2,Maksim Chmerkoskiy,0
12,9,Ralph Macchio,8.0,-3.4685999999999995,3,0.0,4.0,Actor/Actress,49,Eliminated,9.0,4,Karina Smirnoff,0
13,1,Carson Kressley,5.666666666666667,-0.67445,3,0.5773502691896257,7.0,Tv Personality,41,Eliminated,5.0,8,Anna Trebunskaya,0
13,1,Chaz Bono,5.666666666666667,-0.67445,3,0.5773502691896257,7.0,Tv Personality,42,Eliminated,6.0,7,Lacey Schwimmer,0
13,1,Chynna Phillips,7.333333333333333,2.6978,3,0.5773502691896257,1.0,Singer/Rapper,43,Eliminated,4.0,9,Tony Dovolani,0
13,1,David Arquette,6.0,0.0,3,0.0,6.0,Actor/Actress,40,Eliminated,7.0,6,Kym Johnson,0
13,1,Elisabetta Canalis,5.0,-2.0233499999999998,3,0.0,11.0,Actor/Actress,33,Eliminated,2.0,11,Valentin Chmerkovskiy,0
13,1,Hope Solo,7.0,2.0233499999999998,3,0.0,3.0,Athlete,30,Eliminated,9.0,4,Maksim Chmerkoskiy,0
13,1,J.R. Martinez,7.333333333333333,2.6978,3,0.5773502691896257,1.0,Actor/Actress,28,Winner,9.0,1,Karina Smirnoff,0
13,1,Kristin Cavallari,6.333333333333333,0.67445,3,0.5773502691896257,5.0,Tv Personality,24,Eliminated,3.0,10,Mark Ballas,0
13,1,Metta World Peace (Ron),4.666666666666667,-2.6978,3,0.5773502691896257,12.0,Athlete,31,Eliminated,1.0,12,Peta Murgatroyd,0
13,1,Nancy Grace,5.333333333333333,-1.3489,3,0.5773502691896258,9.0,Tv Personality,51,Eliminated,8.0,5,Tristan Macmanus,0
13,1,Ricki Lake,6.666666666666667,1.3489,3,0.5773502691896257,4.0,Actor/Actress,42,Finalist,9.0,3,Derek Hough,0
13,1,Rob Kardashian,5.333333333333333,-1.3489,3,0.5773502691896257,9.0,Tv Personality,24,RunnerUp,9.0,2,Cheryl Burke,0
13,2,Carson Kressley,6.0,-4.0466999999999995,3,0.0,9.0,Tv Personality,41,Eliminated,5.0,8,Anna Trebunskaya,0
13,2,Chaz Bono,5.666666666666667,-5.3956,3,0.5773502691896257,11.0,Tv Personality,42,Eliminated,6.0,7,Lacey Schwimmer,0
13,2,Chynna Phillips,7.0,0.0,3,0.0,4.0,Singer/Rapper,43,Eliminated,4.0,9,Tony Dovolani,0
13,2,David Arquette,6.0,-4.0466999999999995,3,0.0,9.0,Actor/Actress,40,Eliminated,7.0,6,Kym Johnson,0
13,2,Elisabetta Canalis,7.0,0.0,3,0.0,4.0,Actor/Actress,33,Eliminated,2.0,11,Valentin Chmerkovskiy,0
13,2,Hope Solo,6.333333333333333,-2.6978,3,0.5773502691896257,8.0,Athlete,30,Eliminated,9.0,4,Maksim Chmerkoskiy,0
13,2,J.R. Martinez,7.333333333333333,1.3489,3,0.5773502691896258,2.0,Actor/Actress,28,Winner,9.0,1,Karina Smirnoff,0
13,2,Kristin Cavallari,7.333333333333333,1.3489,3,0.5773502691896257,2.0,Tv Personality,24,Eliminated,3.0,10,Mark Ballas,0
13,2,Nancy Grace,7.0,0.0,3,1.0,4.0,Tv Personality,51,Eliminated,8.0,5,Tristan Macmanus,0
13,2,Ricki Lake,7.666666666666667,2.6978,3,0.5773502691896257,1.0,Actor/Actress,42,Finalist,9.0,3,Derek Hough,0
13,2,Rob Kardashian,7.0,0.0,3,0.0,4.0,Tv Personality,24,RunnerUp,9.0,2,Cheryl Burke,0
13,3,Carson Kressley,7.666666666666667,-1.0,3,0.5773502691896257,8.0,Tv Personality,41,Eliminated,5.0,8,Anna Trebunskaya,0
13,3,Chaz Bono,6.0,-6.0,3,0.0,10.0,Tv Personality,42,Eliminated,6.0,7,Lacey Schwimmer,0
13,3,Chynna Phillips,8.666666666666666,2.0,3,0.5773502691896258,2.0,Singer/Rapper,43,Eliminated,4.0,9,Tony Dovolani,0
13,3,David Arquette,8.0,0.0,3,0.0,4.0,Actor/Actress,40,Eliminated,7.0,6,Kym Johnson,0
13,3,Hope Solo,8.0,0.0,3,0.0,4.0,Athlete,30,Eliminated,9.0,4,Maksim Chmerkoskiy,0
13,3,J.R. Martinez,8.666666666666666,2.0,3,0.5773502691896258,2.0,Actor/Actress,28,Winner,9.0,1,Karina Smirnoff,0
13,3,Kristin Cavallari,8.0,0.0,3,0.0,4.0,Tv Personality,24,Eliminated,3.0,10,Mark Ballas,0
13,3,Nancy Grace,7.0,-3.0,3,0.0,9.0,Tv Personality,51,Eliminated,8.0,5,Tristan Macmanus,0
13,3,Ricki Lake,9.0,3.0,3,0.0,1.0,Actor/Actress,42,Finalist,9.0,3,Derek Hough,0
13,3,Rob Kardashian,8.0,0.0,3,0.0,4.0,Tv Personality,24,RunnerUp,9.0,2,Cheryl Burke,0
13,4,Carson Kressley,6.666666666666667,-5.3956,3,0.5773502691896257,9.0,Tv Personality,41,Eliminated,5.0,8,Anna Trebunskaya,0
13,4,Chaz Bono,7.0,-4.0466999999999995,3,0.0,6.0,Tv Personality,42,Eliminated,6.0,7,Lacey Schwimmer,0
13,4,Chynna Phillips,7.0,-4.0466999999999995,3,0.0,6.0,Singer/Rapper,43,Eliminated,4.0,9,Tony Dovolani,0
13,4,David Arquette,7.666666666666667,-1.3489,3,0.5773502691896257,5.0,Actor/Actress,40,Eliminated,7.0,6,Kym Johnson,0
13,4,Hope Solo,8.0,0.0,3,0.0,3.0,Athlete,30,Eliminated,9.0,4,Maksim Chmerkoskiy,0
13,4,J.R. Martinez,8.666666666666666,2.6978,3,0.5773502691896258,2.0,Actor/Actress,28,Winner,9.0,1,Karina Smirnoff,0
13,4,Nancy Grace,7.0,-4.0466999999999995,3,0.0,6.0,Tv Personality,51,Eliminated,8.0,5,Tristan Macmanus,0
13,4,Ricki Lake,9.666666666666666,6.7445,3,0.5773502691896258,1.0,Actor/Actress,42,Finalist,9.0,3,Derek Hough,0
13,4,Rob Kardashian,8.0,0.0,3,0.0,3.0,Tv Personality,24,RunnerUp,9.0,2,Cheryl Burke,0
13,5,Carson Kressley,6.333333333333333,-6.7445,3,0.5773502691896258,8.0,Tv Personality,41,Eliminated,5.0,8,Anna Trebunskaya,0
13,5,Chaz Bono,7.0,-4.0466999999999995,3,0.0,7.0,Tv Personality,42,Eliminated,6.0,7,Lacey Schwimmer,0
13,5,David Arquette,8.333333333333334,1.3489,3,0.5773502691896258,2.0,Actor/Actress,40,Eliminated,7.0,6,Kym Johnson,0
13,5,Hope Solo,8.0,0.0,3,0.0,4.0,Athlete,30,Eliminated,9.0,4,Maksim Chmerkoskiy,0
13,5,J.R. Martinez,9.333333333333334,5.3956,3,0.5773502691896255,1.0,Actor/Actress,28,Winner,9.0,1,Karina Smirnoff,0
13,5,Nancy Grace,7.333333333333333,-2.6978,3,0.5773502691896258,6.0,Tv Personality,51,Eliminated,8.0,5,Tristan Macmanus,0
13,5,Ricki Lake,8.0,0.0,3,0.0,4.0,Actor/Actress,42,Finalist,9.0,3,Derek Hough,0
13,5,Rob Kardashian,8.333333333333334,1.3489,3,0.5773502691896258,2.0,Tv Personality,24,RunnerUp,9.0,2,Cheryl Burke,0
13,6,Chaz Bono,6.333333333333333,-3.37225,3,0.5773502691896257,7.0,Tv Personality,42,Eliminated,6.0,7,Lacey Schwimmer,0
13,6,David Arquette,7.666666666666667,-0.67445,3,0.5773502691896257,4.0,Actor/Actress,40,Eliminated,7.0,6,Kym Johnson,0
13,6,Hope Solo,6.666666666666667,-2.6978,3,0.5773502691896257,6.0,Athlete,30,Eliminated,9.0,4,Maksim Chmerkoskiy,0
13,6,J.R. Martinez,9.666666666666666,3.37225,3,0.5773502691896258,1.0,Actor/Actress,28,Winner,9.0,1,Karina Smirnoff,0
13,6,Nancy Grace,8.0,0.0,3,1.0,3.0,Tv Personality,51,Eliminated,8.0,5,Tristan Macmanus,0
13,6,Ricki Lake,9.666666666666666,3.37225,3,0.5773502691896258,1.0,Actor/Actress,42,Finalist,9.0,3,Derek Hough,0
13,6,Rob Kardashian,7.333333333333333,-1.3489,3,0.5773502691896257,5.0,Tv Personality,24,RunnerUp,9.0,2,Cheryl Burke,0
13,7,David Arquette,7.833333333333333,-0.7707999999999999,3,0.2886751345948129,5.0,Actor/Actress,40,Eliminated,7.0,6,Kym Johnson,0
13,7,Hope Solo,8.333333333333334,1.5415999999999999,3,0.28867513459481275,3.0,Athlete,30,Eliminated,9.0,4,Maksim Chmerkoskiy,0
13,7,J.R. Martinez,8.0,0.0,3,0.5,4.0,Actor/Actress,28,Winner,9.0,1,Karina Smirnoff,0
13,7,Nancy Grace,7.333333333333333,-3.0831999999999997,3,0.2886751345948129,6.0,Tv Personality,51,Eliminated,8.0,5,Tristan Macmanus,0
13,7,Ricki Lake,8.833333333333334,3.8539999999999996,3,0.28867513459481275,1.0,Actor/Actress,42,Finalist,9.0,3,Derek Hough,0
13,7,Rob Kardashian,8.5,2.3124,3,0.5,2.0,Tv Personality,24,RunnerUp,9.0,2,Cheryl Burke,0
13,8,Hope Solo,8.666666666666666,1.3489,3,0.28867513459481275,2.0,Athlete,30,Eliminated,9.0,4,Maksim Chmerkoskiy,0
13,8,J.R. Martinez,10.0,12.140099999999999,3,0.0,1.0,Actor/Actress,28,Winner,9.0,1,Karina Smirnoff,0
13,8,Nancy Grace,7.333333333333333,-9.4423,3,0.2886751345948129,5.0,Tv Personality,51,Eliminated,8.0,5,Tristan Macmanus,0
13,8,Ricki Lake,8.666666666666666,1.3489,3,0.28867513459481314,2.0,Actor/Actress,42,Finalist,9.0,3,Derek Hough,0
13,8,Rob Kardashian,8.5,0.0,3,0.0,4.0,Tv Personality,24,RunnerUp,9.0,2,Cheryl Burke,0
13,9,Hope Solo,8.1666,-3.650071125542656,3,0.0,4.0,Athlete,30,Eliminated,9.0,4,Maksim Chmerkoskiy,0
13,9,J.R. Martinez,9.333333333333334,-1.4282003835339268,3,0.28867513459481275,3.0,Actor/Actress,28,Winner,9.0,1,Karina Smirnoff,0
13,9,Ricki Lake,11.166633333333332,2.063047800562357,3,0.28867513459481275,1.0,Actor/Actress,42,Finalist,9.0,3,Derek Hough,0
13,9,Rob Kardashian,10.833266666666667,1.4282003835339236,3,0.28867513459481275,2.0,Tv Personality,24,RunnerUp,9.0,2,Cheryl Burke,0
14,1,Donald Driver,7.0,0.0,3,0.0,8.0,Athlete,37,Winner,9.0,1,Peta Murgatroyd,0
14,1,Gavin Degraw,6.666666666666667,-1.3489,3,0.5773502691896257,10.0,Singer/Rapper,35,Eliminated,5.0,9,Karina Smirnoff,0
14,1,Gladys Knight,7.666666666666667,2.6978,3,0.5773502691896257,4.0,Singer/Rapper,67,Eliminated,6.0,8,Tristan Macmanus,0
14,1,Jack Wagner,7.666666666666667,2.6978,3,0.5773502691896257,4.0,Actor/Actress,52,Eliminated,3.0,11,Anna Trebunskaya,0
14,1,Jaleel White,8.666666666666666,6.7445,3,0.5773502691896258,1.0,Actor/Actress,35,Eliminated,7.0,7,Kym Johnson,0
14,1,Katherine Jenkins,8.666666666666666,6.7445,3,0.5773502691896258,1.0,Singer/Rapper,31,RunnerUp,9.0,2,Mark Ballas,0
14,1,Maria Menounos,7.0,0.0,3,0.0,8.0,Tv Personality,33,Eliminated,9.0,4,Derek Hough,0
14,1,Martina Navratilova,6.666666666666667,-1.3489,3,0.5773502691896257,10.0,Athlete,55,Eliminated,2.0,12,Tony Dovolani,0
14,1,Melissa Gilbert,6.666666666666667,-1.3489,3,0.5773502691896257,10.0,Actor/Actress,47,Eliminated,8.0,5,Maksim Chmerkoskiy,0
14,1,Roshon Fegan,7.666666666666667,2.6978,3,0.5773502691896257,4.0,Actor/Actress,20,Eliminated,8.0,6,Chelsie Hightower,0
14,1,Sherri Sheperd,7.666666666666667,2.6978,3,0.5773502691896257,4.0,Actor/Actress,44,Eliminated,4.0,10,Valentin Chmerkovskiy,0
14,1,William Levy,8.0,4.0466999999999995,3,0.0,3.0,Actor/Actress,31,Finalist,9.0,3,Cheryl Burke,0
14,2,Donald Driver,8.0,4.0466999999999995,3,0.0,5.0,Athlete,37,Winner,9.0,1,Peta Murgatroyd,0
14,2,Gavin Degraw,7.0,0.0,3,0.0,8.0,Singer/Rapper,35,Eliminated,5.0,9,Karina Smirnoff,0
14,2,Gladys Knight,6.333333333333333,-2.6978,3,1.1547005383792517,11.0,Singer/Rapper,67,Eliminated,6.0,8,Tristan Macmanus,0
14,2,Jack Wagner,7.0,0.0,3,0.0,8.0,Actor/Actress,52,Eliminated,3.0,11,Anna Trebunskaya,0
14,2,Jaleel White,7.333333333333333,1.3489,3,0.5773502691896258,7.0,Actor/Actress,35,Eliminated,7.0,7,Kym Johnson,0
14,2,Katherine Jenkins,8.666666666666666,6.7445,3,0.5773502691896258,1.0,Singer/Rapper,31,RunnerUp,9.0,2,Mark Ballas,0
14,2,Maria Menounos,8.333333333333334,5.3956,3,0.5773502691896255,3.0,Tv Personality,33,Eliminated,9.0,4,Derek Hough,0
14,2,Martina Navratilova,5.666666666666667,-5.3956,3,0.5773502691896257,12.0,Athlete,55,Eliminated,2.0,12,Tony Dovolani,0
14,2,Melissa Gilbert,6.666666666666667,-1.3489,3,0.5773502691896257,10.0,Actor/Actress,47,Eliminated,8.0,5,Maksim Chmerkoskiy,0
14,2,Roshon Fegan,8.666666666666666,6.7445,3,0.5773502691896258,1.0,Actor/Actress,20,Eliminated,8.0,6,Chelsie Hightower,0
14,2,Sherri Sheperd,7.666666666666667,2.6978,3,0.5773502691896257,6.0,Actor/Actress,44,Eliminated,4.0,10,Valentin Chmerkovskiy,0
14,2,William Levy,8.333333333333334,5.3956,3,1.1547005383792515,3.0,Actor/Actress,31,Finalist,9.0,3,Cheryl Burke,0
14,3,Donald Driver,8.666666666666666,2.6978,3,0.5773502691896258,4.0,Athlete,37,Winner,9.0,1,Peta Murgatroyd,0
14,3,Gavin Degraw,8.0,0.0,3,0.0,7.0,Singer/Rapper,35,Eliminated,5.0,9,Karina Smirnoff,0
14,3,Gladys Knight,8.0,0.0,3,0.0,7.0,Singer/Rapper,67,Eliminated,6.0,8,Tristan Macmanus,0
14,3,Jack Wagner,8.0,0.0,3,0.0,7.0,Actor/Actress,52,Eliminated,3.0,11,Anna Trebunskaya,0
14,3,Jaleel White,8.333333333333334,1.3489,3,0.5773502691896258,5.0,Actor/Actress,35,Eliminated,7.0,7,Kym Johnson,0
14,3,Katherine Jenkins,9.666666666666666,6.7445,3,0.5773502691896258,1.0,Singer/Rapper,31,RunnerUp,9.0,2,Mark Ballas,0
14,3,Maria Menounos,9.0,4.0466999999999995,3,0.0,3.0,Tv Personality,33,Eliminated,9.0,4,Derek Hough,0
14,3,Melissa Gilbert,8.0,0.0,3,0.0,7.0,Actor/Actress,47,Eliminated,8.0,5,Maksim Chmerkoskiy,0
14,3,Roshon Fegan,8.333333333333334,1.3489,3,0.5773502691896255,5.0,Actor/Actress,20,Eliminated,8.0,6,Chelsie Hightower,0
14,3,Sherri Sheperd,8.0,0.0,3,0.0,7.0,Actor/Actress,44,Eliminated,4.0,10,Valentin Chmerkovskiy,0
14,3,William Levy,9.333333333333334,5.3956,3,0.5773502691896255,2.0,Actor/Actress,31,Finalist,9.0,3,Cheryl Burke,0
14,4,Donald Driver,9.0,4.0466999999999995,3,0.0,1.0,Athlete,37,Winner,9.0,1,Peta Murgatroyd,0
14,4,Gavin Degraw,7.666666666666667,-1.3489,3,0.5773502691896258,5.0,Singer/Rapper,35,Eliminated,5.0,9,Karina Smirnoff,0
14,4,Gladys Knight,6.666666666666667,-5.3956,3,0.5773502691896257,10.0,Singer/Rapper,67,Eliminated,6.0,8,Tristan Macmanus,0
14,4,Jaleel White,7.333333333333333,-2.6978,3,0.5773502691896257,6.0,Actor/Actress,35,Eliminated,7.0,7,Kym Johnson,0
14,4,Katherine Jenkins,8.0,0.0,3,0.0,4.0,Singer/Rapper,31,RunnerUp,9.0,2,Mark Ballas,0
14,4,Maria Menounos,8.666666666666666,2.6978,3,0.5773502691896258,2.0,Tv Personality,33,Eliminated,9.0,4,Derek Hough,0
14,4,Melissa Gilbert,7.333333333333333,-2.6978,3,0.5773502691896257,6.0,Actor/Actress,47,Eliminated,8.0,5,Maksim Chmerkoskiy,0
14,4,Roshon Fegan,8.666666666666666,2.6978,3,0.5773502691896258,2.0,Actor/Actress,20,Eliminated,8.0,6,Chelsie Hightower,0
14,4,Sherri Sheperd,7.0,-4.0466999999999995,3,0.0,9.0,Actor/Actress,44,Eliminated,4.0,10,Valentin Chmerkovskiy,0
14,4,William Levy,7.333333333333333,-2.6978,3,0.5773502691896258,6.0,Actor/Actress,31,Finalist,9.0,3,Cheryl Burke,0
14,5,Donald Driver,9.0,2.0233499999999998,3,1.0,3.0,Athlete,37,Winner,9.0,1,Peta Murgatroyd,0
14,5,Gavin Degraw,6.333333333333333,-3.37225,3,0.5773502691896258,9.0,Singer/Rapper,35,Eliminated,5.0,9,Karina Smirnoff,0
14,5,Gladys Knight,7.333333333333333,-1.3489,3,0.5773502691896258,7.0,Singer/Rapper,67,Eliminated,6.0,8,Tristan Macmanus,0
14,5,Jaleel White,8.0,0.0,3,0.0,6.0,Actor/Actress,35,Eliminated,7.0,7,Kym Johnson,0
14,5,Katherine Jenkins,9.666666666666666,3.37225,3,0.5773502691896258,1.0,Singer/Rapper,31,RunnerUp,9.0,2,Mark Ballas,0
14,5,Maria Menounos,9.0,2.0233499999999998,3,0.0,3.0,Tv Personality,33,Eliminated,9.0,4,Derek Hough,0
14,5,Melissa Gilbert,7.0,-2.0233499999999998,3,0.0,8.0,Actor/Actress,47,Eliminated,8.0,5,Maksim Chmerkoskiy,0
14,5,Roshon Fegan,8.666666666666666,1.3489,3,0.5773502691896258,5.0,Actor/Actress,20,Eliminated,8.0,6,Chelsie Hightower,0
14,5,William Levy,9.666666666666666,3.37225,3,0.5773502691896258,1.0,Actor/Actress,31,Finalist,9.0,3,Cheryl Burke,0
14,6,Donald Driver,11.3333,1.1162761816094076,3,0.0,4.0,Athlete,37,Winner,9.0,1,Peta Murgatroyd,0
14,6,Gladys Knight,8.0,-4.46518844924433,3,0.0,8.0,Singer/Rapper,67,Eliminated,6.0,8,Tristan Macmanus,0
14,6,Jaleel White,12.333266666666667,2.7906765002224088,3,0.5773502691896258,2.0,Actor/Actress,35,Eliminated,7.0,7,Kym Johnson,0
14,6,Katherine Jenkins,12.999966666666666,3.9070364046385073,3,0.5773502691896258,1.0,Singer/Rapper,31,RunnerUp,9.0,2,Mark Ballas,0
14,6,Maria Menounos,9.999966666666666,-1.116331996813872,3,0.5773502691896258,6.0,Tv Personality,33,Eliminated,9.0,4,Derek Hough,0
14,6,Melissa Gilbert,10.0,-1.1162761816094107,3,0.0,5.0,Actor/Actress,47,Eliminated,8.0,5,Maksim Chmerkoskiy,0
14,6,Roshon Fegan,9.333266666666667,-2.2326919012299706,3,0.5773502691896258,7.0,Actor/Actress,20,Eliminated,8.0,6,Chelsie Hightower,0
14,6,William Levy,12.0,2.232636086025509,3,1.0,3.0,Actor/Actress,31,Finalist,9.0,3,Cheryl Burke,0
14,7,Donald Driver,8.833333333333334,-1.3489,3,0.28867513459481275,3.0,Athlete,37,Winner,9.0,1,Peta Murgatroyd,0
14,7,Jaleel White,8.5,-4.0466999999999995,3,0.5,6.0,Actor/Actress,35,Eliminated,7.0,7,Kym Johnson,0
14,7,Katherine Jenkins,9.0,0.0,3,0.5,2.0,Singer/Rapper,31,RunnerUp,9.0,2,Mark Ballas,0
14,7,Maria Menounos,9.5,4.0466999999999995,3,0.5,1.0,Tv Personality,33,Eliminated,9.0,4,Derek Hough,0
14,7,Melissa Gilbert,7.833333333333333,-9.4423,3,0.2886751345948129,7.0,Actor/Actress,47,Eliminated,8.0,5,Maksim Chmerkoskiy,0
14,7,Roshon Fegan,8.666666666666666,-2.6978,3,0.7637626158259733,5.0,Actor/Actress,20,Eliminated,8.0,6,Chelsie Hightower,0
14,7,William Levy,8.833333333333334,-1.3489,3,0.28867513459481275,3.0,Actor/Actress,31,Finalist,9.0,3,Cheryl Burke,0
14,8,Donald Driver,9.166666666666666,-0.67445,3,0.28867513459481275,3.0,Athlete,37,Winner,9.0,1,Peta Murgatroyd,0
14,8,Katherine Jenkins,9.166666666666666,-0.67445,3,0.28867513459481314,3.0,Singer/Rapper,31,RunnerUp,9.0,2,Mark Ballas,0
14,8,Maria Menounos,8.833333333333334,-3.3722499999999993,3,1.1547005383792515,5.0,Tv Personality,33,Eliminated,9.0,4,Derek Hough,0
14,8,Melissa Gilbert,8.5,-6.070049999999999,3,0.0,6.0,Actor/Actress,47,Eliminated,8.0,5,Maksim Chmerkoskiy,0
14,8,Roshon Fegan,9.333333333333334,0.67445,3,0.28867513459481275,2.0,Actor/Actress,20,Eliminated,8.0,6,Chelsie Hightower,0
14,8,William Levy,9.5,2.0233499999999998,3,0.0,1.0,Actor/Actress,31,Finalist,9.0,3,Cheryl Burke,0
14,9,Donald Driver,9.5,0.0,3,0.5,3.0,Athlete,37,Winner,9.0,1,Peta Murgatroyd,0
14,9,Katherine Jenkins,9.333333333333334,-1.3489,3,0.28867513459481275,4.0,Singer/Rapper,31,RunnerUp,9.0,2,Mark Ballas,0
14,9,Maria Menounos,9.833333333333334,2.6978,3,0.28867513459481275,1.0,Tv Personality,33,Eliminated,9.0,4,Derek Hough,0
14,9,William Levy,9.666666666666666,1.3489,3,0.28867513459481314,2.0,Actor/Actress,31,Finalist,9.0,3,Cheryl Burke,0
15,1,Apolo Anton Ohno,7.333333333333333,1.3489,3,0.2886751345948129,4.0,Athlete,30,Eliminated,9.0,5,Karina Smirnoff,0
15,1,Bristol Palin,6.5,-2.0233499999999998,3,0.0,11.0,Tv Personality,21,Eliminated,4.0,9,Mark Ballas,0
15,1,Drew Lachey,7.166666666666667,0.67445,3,0.28867513459481275,6.0,Singer/Rapper,36,Eliminated,3.0,11,Anna Trebunskaya,0
15,1,Emmitt Smith,8.166666666666666,4.72115,3,0.28867513459481275,1.0,Athlete,43,Eliminated,9.0,4,Cheryl Burke,0
15,1,Gilles Marini,8.0,4.0466999999999995,3,0.0,2.0,Actor/Actress,36,Eliminated,8.0,6,Peta Murgatroyd,0
15,1,Helio Castroneves,7.166666666666667,0.67445,3,0.2886751345948129,6.0,Racing Driver,37,Eliminated,3.0,10,Chelsie Hightower,0
15,1,Joey Fatone,6.833333333333333,-0.67445,3,0.2886751345948129,10.0,Singer/Rapper,35,Eliminated,2.0,12,Kym Johnson,0
15,1,Kelly Monaco,7.166666666666667,0.67445,3,0.28867513459481275,6.0,Actor/Actress,36,Finalist,9.0,3,Valentin Chmerkovskiy,0
15,1,Kirstie Alley,6.333333333333333,-2.6978,3,0.2886751345948129,12.0,Actor/Actress,61,Eliminated,8.0,7,Maksim Chmerkoskiy,0
15,1,Melissa Rycroft,7.0,0.0,3,0.0,9.0,Tv Personality,29,Winner,9.0,1,Tony Dovolani,0
15,1,Pamela Anderson,5.666666666666667,-5.3956,3,0.28867513459481275,13.0,Model,45,Eliminated,1.0,13,Tristan Macmanus,0
15,1,Sabrina Bryan,7.5,2.0233499999999998,3,0.0,3.0,Actor/Actress,28,Eliminated,6.0,8,Louis Van Amstel,0
15,1,Shawn Johnson,7.333333333333333,1.3489,3,0.7637626158259734,4.0,Athlete,20,RunnerUp,9.0,2,Derek Hough,0
15,2,Apolo Anton Ohno,8.166666666666666,4.31648,3,0.28867513459481275,4.0,Athlete,30,Eliminated,9.0,5,Karina Smirnoff,0
15,2,Bristol Palin,6.0,-9.71208,3,0.0,12.0,Tv Personality,21,Eliminated,4.0,9,Mark Ballas,0
15,2,Drew Lachey,7.5,0.0,3,0.0,7.0,Singer/Rapper,36,Eliminated,3.0,11,Anna Trebunskaya,0
15,2,Emmitt Smith,7.5,0.0,3,0.0,7.0,Athlete,43,Eliminated,9.0,4,Cheryl Burke,0
15,2,Gilles Marini,8.5,6.4747200000000005,3,0.0,2.0,Actor/Actress,36,Eliminated,8.0,6,Peta Murgatroyd,0
15,2,Helio Castroneves,7.666666666666667,1.07912,3,0.2886751345948129,6.0,Racing Driver,37,Eliminated,3.0,10,Chelsie Hightower,0
15,2,Joey Fatone,7.5,0.0,3,0.0,7.0,Singer/Rapper,35,Eliminated,2.0,12,Kym Johnson,0
15,2,Kelly Monaco,7.333333333333333,-1.07912,3,0.2886751345948129,10.0,Actor/Actress,36,Finalist,9.0,3,Valentin Chmerkovskiy,0
15,2,Kirstie Alley,7.0,-3.2373600000000002,3,0.0,11.0,Actor/Actress,61,Eliminated,8.0,7,Maksim Chmerkoskiy,0
15,2,Melissa Rycroft,7.833333333333333,2.15824,3,0.28867513459481275,5.0,Tv Personality,29,Winner,9.0,1,Tony Dovolani,0
15,2,Sabrina Bryan,8.666666666666666,7.55384,3,0.28867513459481275,1.0,Actor/Actress,28,Eliminated,6.0,8,Louis Van Amstel,0
15,2,Shawn Johnson,8.333333333333334,5.3956,3,0.28867513459481275,3.0,Athlete,20,RunnerUp,9.0,2,Derek Hough,0
15,3,Apolo Anton Ohno,8.5,0.0,3,0.5,4.0,Athlete,30,Eliminated,9.0,5,Karina Smirnoff,0
15,3,Bristol Palin,7.5,-4.0466999999999995,3,0.0,11.0,Tv Personality,21,Eliminated,4.0,9,Mark Ballas,0
15,3,Drew Lachey,8.0,-2.0233499999999998,3,0.0,9.0,Singer/Rapper,36,Eliminated,3.0,11,Anna Trebunskaya,0
15,3,Emmitt Smith,8.333333333333334,-0.67445,3,0.28867513459481275,8.0,Athlete,43,Eliminated,9.0,4,Cheryl Burke,0
15,3,Gilles Marini,8.5,0.0,3,0.0,4.0,Actor/Actress,36,Eliminated,8.0,6,Peta Murgatroyd,0
15,3,Helio Castroneves,8.5,0.0,3,0.0,4.0,Racing Driver,37,Eliminated,3.0,10,Chelsie Hightower,0
15,3,Kelly Monaco,9.0,2.0233499999999998,3,0.0,1.0,Actor/Actress,36,Finalist,9.0,3,Valentin Chmerkovskiy,0
15,3,Kirstie Alley,8.0,-2.0233499999999998,3,0.0,9.0,Actor/Actress,61,Eliminated,8.0,7,Maksim Chmerkoskiy,0
15,3,Melissa Rycroft,9.0,2.0233499999999998,3,0.0,1.0,Tv Personality,29,Winner,9.0,1,Tony Dovolani,0
15,3,Sabrina Bryan,8.5,0.0,3,0.0,4.0,Actor/Actress,28,Eliminated,6.0,8,Louis Van Amstel,0
15,3,Shawn Johnson,8.833333333333334,1.3489,3,0.7637626158259732,3.0,Athlete,20,RunnerUp,9.0,2,Derek Hough,0
15,4,Apolo Anton Ohno,8.625,-2.0233499999999998,4,0.24999999999999983,7.0,Athlete,30,Eliminated,9.0,5,Karina Smirnoff,0
15,4,Bristol Palin,8.0,-5.3956,4,0.0,8.0,Tv Personality,21,Eliminated,4.0,9,Mark Ballas,0
15,4,Emmitt Smith,9.0,0.0,4,0.0,5.0,Athlete,43,Eliminated,9.0,4,Cheryl Burke,0
15,4,Gilles Marini,9.875,4.72115,4,0.24999999999999983,1.0,Actor/Actress,36,Eliminated,8.0,6,Peta Murgatroyd,0
15,4,Kelly Monaco,9.375,2.0233499999999998,4,0.24999999999999983,3.0,Actor/Actress,36,Finalist,9.0,3,Valentin Chmerkovskiy,0
15,4,Kirstie Alley,7.5,-8.093399999999999,4,0.0,9.0,Actor/Actress,61,Eliminated,8.0,7,Maksim Chmerkoskiy,0
15,4,Melissa Rycroft,9.25,1.3489,4,0.28867513459481314,4.0,Tv Personality,29,Winner,9.0,1,Tony Dovolani,0
15,4,Sabrina Bryan,8.875,-0.67445,4,0.2500000000000001,6.0,Actor/Actress,28,Eliminated,6.0,8,Louis Van Amstel,0
15,4,Shawn Johnson,9.875,4.72115,4,0.24999999999999983,1.0,Athlete,20,RunnerUp,9.0,2,Derek Hough,0
15,5,Apolo Anton Ohno,9.416666666666666,1.1990222222222222,3,0.3818813079129867,2.0,Athlete,30,Eliminated,9.0,5,Karina Smirnoff,0
15,5,Emmitt Smith,9.333333333333334,0.5995111111111111,3,0.14433756729740618,6.0,Athlete,43,Eliminated,9.0,4,Cheryl Burke,0
15,5,Gilles Marini,9.416666666666666,1.1990222222222222,3,0.14433756729740657,2.0,Actor/Actress,36,Eliminated,8.0,6,Peta Murgatroyd,0
15,5,Kelly Monaco,8.583333333333334,-4.796088888888889,3,0.14433756729740618,8.0,Actor/Actress,36,Finalist,9.0,3,Valentin Chmerkovskiy,0
15,5,Kirstie Alley,8.75,-3.5970666666666666,3,0.0,7.0,Actor/Actress,61,Eliminated,8.0,7,Maksim Chmerkoskiy,0
15,5,Melissa Rycroft,9.416666666666666,1.1990222222222222,3,0.14433756729740657,2.0,Tv Personality,29,Winner,9.0,1,Tony Dovolani,0
15,5,Sabrina Bryan,9.75,3.5970666666666666,3,0.0,1.0,Actor/Actress,28,Eliminated,6.0,8,Louis Van Amstel,0
15,5,Shawn Johnson,9.416666666666666,1.1990222222222222,3,0.5204164998665334,2.0,Athlete,20,RunnerUp,9.0,2,Derek Hough,0
15,6,Apolo Anton Ohno,10.0,2.0233499999999998,3,0.0,1.0,Athlete,30,Eliminated,9.0,5,Karina Smirnoff,0
15,6,Emmitt Smith,8.833333333333334,-2.6978,3,0.5773502691896255,8.0,Athlete,43,Eliminated,9.0,4,Cheryl Burke,0
15,6,Gilles Marini,9.166666666666666,-1.3489,3,0.28867513459481314,5.0,Actor/Actress,36,Eliminated,8.0,6,Peta Murgatroyd,0
15,6,Kelly Monaco,9.0,-2.0233499999999998,3,0.0,7.0,Actor/Actress,36,Finalist,9.0,3,Valentin Chmerkovskiy,0
15,6,Kirstie Alley,9.166666666666666,-1.3489,3,0.5773502691896258,5.0,Actor/Actress,61,Eliminated,8.0,7,Maksim Chmerkoskiy,0
15,6,Melissa Rycroft,9.833333333333334,1.3489,3,0.28867513459481275,3.0,Tv Personality,29,Winner,9.0,1,Tony Dovolani,0
15,6,Sabrina Bryan,10.0,2.0233499999999998,3,0.0,1.0,Actor/Actress,28,Eliminated,6.0,8,Louis Van Amstel,0
15,6,Shawn Johnson,9.333333333333334,-0.67445,3,0.7637626158259732,4.0,Athlete,20,RunnerUp,9.0,2,Derek Hough,0
15,7,Apolo Anton Ohno,11.0,-2.0233499999999975,3,0.0,6.0,Athlete,30,Eliminated,9.0,5,Karina Smirnoff,0
15,7,Emmitt Smith,11.499966666666666,-0.8093723748949954,3,0.5773502691896258,4.0,Athlete,43,Eliminated,9.0,4,Cheryl Burke,0
15,7,Gilles Marini,11.1666,-1.6188256870274773,3,0.0,5.0,Actor/Actress,36,Eliminated,8.0,6,Peta Murgatroyd,0
15,7,Kelly Monaco,12.0,0.40476712468498843,3,0.0,3.0,Actor/Actress,36,Finalist,9.0,3,Valentin Chmerkovskiy,0
15,7,Kirstie Alley,9.3333,-6.070292811712465,3,0.0,7.0,Actor/Actress,61,Eliminated,8.0,7,Maksim Chmerkoskiy,0
15,7,Melissa Rycroft,12.999966666666666,2.8328033121324836,3,0.28867513459481275,1.0,Tv Personality,29,Winner,9.0,1,Tony Dovolani,0
15,7,Shawn Johnson,12.6666,2.023350000000002,3,0.0,2.0,Athlete,20,RunnerUp,9.0,2,Derek Hough,0
15,8,Apolo Anton Ohno,9.759233333333333,2.098079059999998,3,0.2505110044156412,2.0,Athlete,30,Eliminated,9.0,5,Karina Smirnoff,0
15,8,Emmitt Smith,9.685133333333333,1.4983581199999967,3,0.16033016975395872,4.0,Athlete,43,Eliminated,9.0,4,Cheryl Burke,0
15,8,Gilles Marini,9.759233333333333,2.098079059999998,3,0.25051100441564106,2.0,Actor/Actress,36,Eliminated,8.0,6,Peta Murgatroyd,0
15,8,Kelly Monaco,9.444433333333334,-0.44972326000000135,3,0.09624428987391091,5.0,Actor/Actress,36,Finalist,9.0,3,Valentin Chmerkovskiy,0
15,8,Kirstie Alley,8.5,-8.093399999999999,3,0.0,7.0,Actor/Actress,61,Eliminated,8.0,7,Maksim Chmerkoskiy,0
15,8,Melissa Rycroft,10.0,4.0466999999999995,3,0.0,1.0,Tv Personality,29,Winner,9.0,1,Tony Dovolani,0
15,8,Shawn Johnson,9.277766666666666,-1.7986232600000012,3,0.8552853110707178,6.0,Athlete,20,RunnerUp,9.0,2,Derek Hough,0
15,9,Apolo Anton Ohno,9.536999999999999,0.23437097910307358,3,0.22449853006200188,3.0,Athlete,30,Eliminated,9.0,5,Karina Smirnoff,0
15,9,Emmitt Smith,9.0,-3.1671753932848103,3,0.0,5.0,Athlete,43,Eliminated,9.0,4,Cheryl Burke,0
15,9,Kelly Monaco,9.036999999999999,-2.9328044141817364,3,0.27964189600272743,4.0,Actor/Actress,36,Finalist,9.0,3,Valentin Chmerkovskiy,0
15,9,Melissa Rycroft,9.592566666666666,0.5863497378101266,3,0.16033016975395872,2.0,Tv Personality,29,Winner,9.0,1,Tony Dovolani,0
15,9,Shawn Johnson,9.833333333333334,2.1114502621898734,3,0.28867513459481275,1.0,Athlete,20,RunnerUp,9.0,2,Derek Hough,0
16,1,Alexandra Raisman,7.0,4.0466999999999995,3,0.0,2.0,Athlete,18,Eliminated,10.0,4,Mark Ballas,0
16,1,Andy Dick,5.666666666666667,-1.3489,3,0.5773502691896257,11.0,Comedian,47,Eliminated,7.0,7,Sharna Burgess,0
16,1,D. L. Hughley,4.0,-8.093399999999999,3,0.0,12.0,Comedian,50,Eliminated,5.0,9,Cheryl Burke,0
16,1,Dorothy Hamill,7.0,4.0466999999999995,3,0.0,2.0,Athlete,56,Withdrew,,12,Tristan Macmanus,0
16,1,Ingo Rademacher,6.666666666666667,2.6978,3,0.5773502691896257,5.0,Actor/Actress,41,Eliminated,9.0,5,Kym Johnson,0
16,1,Jacoby Jones,6.666666666666667,2.6978,3,0.5773502691896257,5.0,Athlete,28,Finalist,10.0,3,Karina Smirnoff,0
16,1,Kellie Pickler,7.0,4.0466999999999995,3,0.0,2.0,Singer/Rapper,26,Winner,10.0,1,Derek Hough,0
16,1,Lisa Vanderpump,6.0,0.0,3,0.0,8.0,Tv Personality,52,Eliminated,4.0,10,Gleb Savchenko,0
16,1,Sean Lowe,6.333333333333333,1.3489,3,0.5773502691896257,7.0,Tv Personality,29,Eliminated,8.0,6,Peta Murgatroyd,0
16,1,Victor Ortiz,6.0,0.0,3,0.0,8.0,Athlete,26,Eliminated,6.0,8,Lindsay Arnold,0
16,1,Wynonna Judd,6.0,0.0,3,0.0,8.0,Singer/Rapper,48,Eliminated,3.0,11,Tony Dovolani,0
16,1,Zendaya,8.0,8.093399999999999,3,0.0,1.0,Actor/Actress,16,RunnerUp,10.0,2,Valentin Chmerkovskiy,0
16,2,Alexandra Raisman,8.0,3.0350249999999996,3,0.0,3.0,Athlete,18,Eliminated,10.0,4,Mark Ballas,0
16,2,Andy Dick,6.666666666666667,0.337225,3,0.5773502691896257,5.0,Comedian,47,Eliminated,7.0,7,Sharna Burgess,0
16,2,D. L. Hughley,5.333333333333333,-2.360575,3,0.5773502691896258,11.0,Comedian,50,Eliminated,5.0,9,Cheryl Burke,0
16,2,Dorothy Hamill,5.0,-3.0350249999999996,3,0.0,12.0,Athlete,56,Withdrew,,12,Tristan Macmanus,0
16,2,Ingo Rademacher,6.666666666666667,0.337225,3,0.5773502691896257,5.0,Actor/Actress,41,Eliminated,9.0,5,Kym Johnson,0
16,2,Jacoby Jones,7.666666666666667,2.360575,3,0.5773502691896257,4.0,Athlete,28,Finalist,10.0,3,Karina Smirnoff,0
16,2,Kellie Pickler,8.666666666666666,4.383925,3,0.5773502691896258,1.0,Singer/Rapper,26,Winner,10.0,1,Derek Hough,0
16,2,Lisa Vanderpump,6.0,-1.0116749999999999,3,0.0,8.0,Tv Personality,52,Eliminated,4.0,10,Gleb Savchenko,0
16,2,Sean Lowe,6.666666666666667,0.337225,3,0.5773502691896257,5.0,Tv Personality,29,Eliminated,8.0,6,Peta Murgatroyd,0
16,2,Victor Ortiz,6.0,-1.0116749999999999,3,0.0,8.0,Athlete,26,Eliminated,6.0,8,Lindsay Arnold,0
16,2,Wynonna Judd,6.0,-1.0116749999999999,3,0.0,8.0,Singer/Rapper,48,Eliminated,3.0,11,Tony Dovolani,0
16,2,Zendaya,8.666666666666666,4.383925,3,0.5773502691896258,1.0,Actor/Actress,16,RunnerUp,10.0,2,Valentin Chmerkovskiy,0
16,3,Alexandra Raisman,7.666666666666667,1.3489,3,0.5773502691896257,4.0,Athlete,18,Eliminated,10.0,4,Mark Ballas,0
16,3,Andy Dick,6.0,-2.0233499999999998,3,0.0,9.0,Comedian,47,Eliminated,7.0,7,Sharna Burgess,0
16,3,D. L. Hughley,5.333333333333333,-3.37225,3,0.5773502691896257,10.0,Comedian,50,Eliminated,5.0,9,Cheryl Burke,0
16,3,Ingo Rademacher,7.0,0.0,3,0.0,6.0,Actor/Actress,41,Eliminated,9.0,5,Kym Johnson,0
16,3,Jacoby Jones,8.6666,3.3721151100000015,3,0.0,1.0,Athlete,28,Finalist,10.0,3,Karina Smirnoff,0
16,3,Kellie Pickler,8.333333333333334,2.6978,3,0.5773502691896258,3.0,Singer/Rapper,26,Winner,10.0,1,Derek Hough,0
16,3,Lisa Vanderpump,7.0,0.0,3,0.0,6.0,Tv Personality,52,Eliminated,4.0,10,Gleb Savchenko,0
16,3,Sean Lowe,7.0,0.0,3,0.0,6.0,Tv Personality,29,Eliminated,8.0,6,Peta Murgatroyd,0
16,3,Victor Ortiz,7.666666666666667,1.3489,3,0.5773502691896257,4.0,Athlete,26,Eliminated,6.0,8,Lindsay Arnold,0
16,3,Wynonna Judd,5.0,-4.0466999999999995,3,0.0,11.0,Singer/Rapper,48,Eliminated,3.0,11,Tony Dovolani,0
16,3,Zendaya,8.6666,3.3721151100000015,3,0.0,1.0,Actor/Actress,16,RunnerUp,10.0,2,Valentin Chmerkovskiy,0
16,4,Alexandra Raisman,9.0,8.093399999999999,3,0.0,1.0,Athlete,18,Eliminated,10.0,4,Mark Ballas,0
16,4,Andy Dick,7.0,0.0,3,0.0,6.0,Comedian,47,Eliminated,7.0,7,Sharna Burgess,0
16,4,D. L. Hughley,7.0,0.0,3,0.0,6.0,Comedian,50,Eliminated,5.0,9,Cheryl Burke,0
16,4,Ingo Rademacher,7.666666666666667,2.6978,3,0.5773502691896257,5.0,Actor/Actress,41,Eliminated,9.0,5,Kym Johnson,0
16,4,Jacoby Jones,8.0,4.0466999999999995,3,0.0,4.0,Athlete,28,Finalist,10.0,3,Karina Smirnoff,0
16,4,Kellie Pickler,8.666666666666666,6.7445,3,0.5773502691896258,2.0,Singer/Rapper,26,Winner,10.0,1,Derek Hough,0
16,4,Lisa Vanderpump,6.0,-4.0466999999999995,3,0.0,9.0,Tv Personality,52,Eliminated,4.0,10,Gleb Savchenko,0
16,4,Sean Lowe,6.666666666666667,-1.3489,3,0.5773502691896257,8.0,Tv Personality,29,Eliminated,8.0,6,Peta Murgatroyd,0
16,4,Victor Ortiz,6.0,-4.0466999999999995,3,0.0,9.0,Athlete,26,Eliminated,6.0,8,Lindsay Arnold,0
16,4,Zendaya,8.666666666666666,6.7445,3,0.5773502691896258,2.0,Actor/Actress,16,RunnerUp,10.0,2,Valentin Chmerkovskiy,0
16,5,Alexandra Raisman,8.333333333333334,0.67445,3,0.5773502691896255,4.0,Athlete,18,Eliminated,10.0,4,Mark Ballas,0
16,5,Andy Dick,6.0,-4.0466999999999995,3,0.0,8.0,Comedian,47,Eliminated,7.0,7,Sharna Burgess,0
16,5,D. L. Hughley,6.0,-4.0466999999999995,3,0.0,8.0,Comedian,50,Eliminated,5.0,9,Cheryl Burke,0
16,5,Ingo Rademacher,7.0,-2.0233499999999998,3,0.0,6.0,Actor/Actress,41,Eliminated,9.0,5,Kym Johnson,0
16,5,Jacoby Jones,8.666666666666666,1.3489,3,0.5773502691896258,3.0,Athlete,28,Finalist,10.0,3,Karina Smirnoff,0
16,5,Kellie Pickler,9.0,2.0233499999999998,3,0.0,2.0,Singer/Rapper,26,Winner,10.0,1,Derek Hough,0
16,5,Sean Lowe,8.0,0.0,3,0.0,5.0,Tv Personality,29,Eliminated,8.0,6,Peta Murgatroyd,0
16,5,Victor Ortiz,7.0,-2.0233499999999998,3,0.0,6.0,Athlete,26,Eliminated,6.0,8,Lindsay Arnold,0
16,5,Zendaya,9.666666666666666,3.37225,3,0.5773502691896258,1.0,Actor/Actress,16,RunnerUp,10.0,2,Valentin Chmerkovskiy,0
16,6,Alexandra Raisman,8.666666666666666,4.72115,3,0.28867513459481275,2.0,Athlete,18,Eliminated,10.0,4,Mark Ballas,0
16,6,Andy Dick,7.166666666666667,-1.3489,3,0.2886751345948129,7.0,Comedian,47,Eliminated,7.0,7,Sharna Burgess,0
16,6,Ingo Rademacher,7.666666666666667,0.67445,3,0.2886751345948129,4.0,Actor/Actress,41,Eliminated,9.0,5,Kym Johnson,0
16,6,Jacoby Jones,7.5,0.0,3,0.0,6.0,Athlete,28,Finalist,10.0,3,Karina Smirnoff,0
16,6,Kellie Pickler,9.0,6.07005,3,0.5,1.0,Singer/Rapper,26,Winner,10.0,1,Derek Hough,0
16,6,Sean Lowe,7.666666666666667,0.67445,3,0.2886751345948129,4.0,Tv Personality,29,Eliminated,8.0,6,Peta Murgatroyd,0
16,6,Victor Ortiz,6.666666666666667,-3.37225,3,0.2886751345948129,8.0,Athlete,26,Eliminated,6.0,8,Lindsay Arnold,0
16,6,Zendaya,8.5,4.0466999999999995,3,0.0,3.0,Actor/Actress,16,RunnerUp,10.0,2,Valentin Chmerkovskiy,0
16,7,Alexandra Raisman,10.666666666666666,3.37225,3,0.5773502691896258,1.0,Athlete,18,Eliminated,10.0,4,Mark Ballas,0
16,7,Andy Dick,5.666666666666667,-6.7444999999999995,3,0.5773502691896257,7.0,Comedian,47,Eliminated,7.0,7,Sharna Burgess,0
16,7,Ingo Rademacher,8.333333333333334,-1.3489,3,0.5773502691896258,5.0,Actor/Actress,41,Eliminated,9.0,5,Kym Johnson,0
16,7,Jacoby Jones,9.0,0.0,3,0.0,4.0,Athlete,28,Finalist,10.0,3,Karina Smirnoff,0
16,7,Kellie Pickler,9.666666666666666,1.3489,3,0.5773502691896258,3.0,Singer/Rapper,26,Winner,10.0,1,Derek Hough,0
16,7,Sean Lowe,8.0,-2.0233499999999998,3,0.0,6.0,Tv Personality,29,Eliminated,8.0,6,Peta Murgatroyd,0
16,7,Zendaya,10.0,2.0233499999999998,3,0.0,2.0,Actor/Actress,16,RunnerUp,10.0,2,Valentin Chmerkovskiy,0
16,8,Alexandra Raisman,9.333333333333334,1.5737166666666667,3,0.28867513459481275,2.0,Athlete,18,Eliminated,10.0,4,Mark Ballas,0
16,8,Ingo Rademacher,8.0,-2.0233499999999998,3,0.0,5.0,Actor/Actress,41,Eliminated,9.0,5,Kym Johnson,0
16,8,Jacoby Jones,8.666666666666666,-0.22481666666666664,3,0.28867513459481275,4.0,Athlete,28,Finalist,10.0,3,Karina Smirnoff,0
16,8,Kellie Pickler,9.166666666666666,1.1240833333333333,3,1.0408329997330665,3.0,Singer/Rapper,26,Winner,10.0,1,Derek Hough,0
16,8,Sean Lowe,7.0,-4.72115,3,0.0,6.0,Tv Personality,29,Eliminated,8.0,6,Peta Murgatroyd,0
16,8,Zendaya,9.666666666666666,2.4729833333333335,3,0.28867513459481275,1.0,Actor/Actress,16,RunnerUp,10.0,2,Valentin Chmerkovskiy,0
16,9,Alexandra Raisman,9.833333333333334,1.3489,3,0.28867513459481275,1.0,Athlete,18,Eliminated,10.0,4,Mark Ballas,0
16,9,Ingo Rademacher,8.5,-4.0466999999999995,3,0.0,5.0,Actor/Actress,41,Eliminated,9.0,5,Kym Johnson,0
16,9,Jacoby Jones,9.833333333333334,1.3489,3,0.28867513459481275,1.0,Athlete,28,Finalist,10.0,3,Karina Smirnoff,0
16,9,Kellie Pickler,9.666666666666666,0.67445,3,0.28867513459481275,3.0,Singer/Rapper,26,Winner,10.0,1,Derek Hough,0
16,9,Zendaya,9.166666666666666,-1.3489,3,0.28867513459481314,4.0,Actor/Actress,16,RunnerUp,10.0,2,Valentin Chmerkovskiy,0
16,10,Alexandra Raisman,9.666666666666666,-2.4902386117136674,3,0.28867513459481314,3.0,Athlete,18,Eliminated,10.0,4,Mark Ballas,0
16,10,Jacoby Jones,9.3333,-4.98072624728851,3,0.0,4.0,Athlete,28,Finalist,10.0,3,Karina Smirnoff,0
16,10,Kellie Pickler,10.0,0.0,3,0.0,1.0,Singer/Rapper,26,Winner,10.0,1,Derek Hough,0
16,10,Zendaya,10.0,0.0,3,0.0,1.0,Actor/Actress,16,RunnerUp,10.0,2,Valentin Chmerkovskiy,0
17,1,Amber Riley,9.0,6.4747200000000005,3,0.0,1.0,Actor/Actress,27,Winner,11.0,1,Derek Hough,0
17,1,Bill Engvall,6.0,-3.2373600000000002,3,0.0,10.0,Comedian,56,Eliminated,11.0,4,Emma Slater,0
17,1,Bill Nye,4.666666666666667,-7.55384,3,0.5773502691896257,12.0,Tv Personality,57,Eliminated,3.0,11,Tyne Stecklein,0
17,1,Brant Daugherty,7.333333333333333,1.07912,3,0.5773502691896257,6.0,Actor/Actress,28,Eliminated,8.0,7,Peta Murgatroyd,0
17,1,Christina Milian,7.333333333333333,1.07912,3,0.5773502691896258,6.0,Singer/Rapper,31,Eliminated,5.0,9,Mark Ballas,0
17,1,Corbin Bleu,8.0,3.2373600000000002,3,0.0,2.0,Actor/Actress,24,RunnerUp,11.0,2,Karina Smirnoff,0
17,1,Elizabeth Berkley Lauren,8.0,3.2373600000000002,3,0.0,2.0,Actor/Actress,39,Eliminated,9.0,6,Valentin Chmerkovskiy,0
17,1,Jack Osbourne,7.666666666666667,2.15824,3,0.5773502691896258,4.0,Tv Personality,27,Finalist,11.0,3,Cheryl Burke,0
17,1,Keyshawn Johnson,5.666666666666667,-4.31648,3,0.5773502691896257,11.0,Athlete,41,Eliminated,2.0,12,Sharna Burgess,0
17,1,Leah Remini,7.0,0.0,3,0.0,8.0,Actor/Actress,43,Eliminated,10.0,5,Tony Dovolani,0
17,1,"Nicole ""Snooki"" Polizzi",7.666666666666667,2.15824,3,0.5773502691896258,4.0,Tv Personality,25,Eliminated,7.0,8,Sasha Farber,0
17,1,Valerie Harper,7.0,0.0,3,0.0,8.0,Actor/Actress,74,Eliminated,4.0,10,Tristan Macmanus,0
17,2,Amber Riley,8.0,0.0,3,0.0,4.0,Actor/Actress,27,Winner,11.0,1,Derek Hough,0
17,2,Bill Engvall,7.0,-3.2373600000000002,3,0.0,8.0,Comedian,56,Eliminated,11.0,4,Emma Slater,0
17,2,Bill Nye,5.666666666666667,-7.55384,3,0.5773502691896257,12.0,Tv Personality,57,Eliminated,3.0,11,Tyne Stecklein,0
17,2,Brant Daugherty,7.666666666666667,-1.07912,3,0.5773502691896257,7.0,Actor/Actress,28,Eliminated,8.0,7,Peta Murgatroyd,0
17,2,Christina Milian,8.333333333333334,1.07912,3,0.5773502691896258,2.0,Singer/Rapper,31,Eliminated,5.0,9,Mark Ballas,0
17,2,Corbin Bleu,8.666666666666666,2.15824,3,0.5773502691896258,1.0,Actor/Actress,24,RunnerUp,11.0,2,Karina Smirnoff,0
17,2,Elizabeth Berkley Lauren,8.333333333333334,1.07912,3,0.5773502691896258,2.0,Actor/Actress,39,Eliminated,9.0,6,Valentin Chmerkovskiy,0
17,2,Jack Osbourne,8.0,0.0,3,0.0,4.0,Tv Personality,27,Finalist,11.0,3,Cheryl Burke,0
17,2,Keyshawn Johnson,6.0,-6.4747200000000005,3,0.0,11.0,Athlete,41,Eliminated,2.0,12,Sharna Burgess,0
17,2,Leah Remini,8.0,0.0,3,0.0,4.0,Actor/Actress,43,Eliminated,10.0,5,Tony Dovolani,0
17,2,"Nicole ""Snooki"" Polizzi",6.666666666666667,-4.31648,3,0.5773502691896257,9.0,Tv Personality,25,Eliminated,7.0,8,Sasha Farber,0
17,2,Valerie Harper,6.333333333333333,-5.3956,3,0.5773502691896258,10.0,Actor/Actress,74,Eliminated,4.0,10,Tristan Macmanus,0
17,3,Amber Riley,8.0,0.0,3,0.0,6.0,Actor/Actress,27,Winner,11.0,1,Derek Hough,0
17,3,Bill Engvall,8.0,0.0,3,0.0,6.0,Comedian,56,Eliminated,11.0,4,Emma Slater,0
17,3,Bill Nye,5.333333333333333,-10.7912,3,0.5773502691896257,10.0,Tv Personality,57,Eliminated,3.0,11,Tyne Stecklein,0
17,3,Brant Daugherty,9.0,4.0466999999999995,3,0.0,1.0,Actor/Actress,28,Eliminated,8.0,7,Peta Murgatroyd,0
17,3,Christina Milian,8.666666666666666,2.6978,3,0.5773502691896258,2.0,Singer/Rapper,31,Eliminated,5.0,9,Mark Ballas,0
17,3,Corbin Bleu,8.666666666666666,2.6978,3,0.5773502691896258,2.0,Actor/Actress,24,RunnerUp,11.0,2,Karina Smirnoff,0
17,3,Elizabeth Berkley Lauren,8.333333333333334,1.3489,3,0.5773502691896258,4.0,Actor/Actress,39,Eliminated,9.0,6,Valentin Chmerkovskiy,0
17,3,Jack Osbourne,7.333333333333333,-2.6978,3,0.5773502691896258,9.0,Tv Personality,27,Finalist,11.0,3,Cheryl Burke,0
17,3,Leah Remini,8.0,0.0,3,0.0,6.0,Actor/Actress,43,Eliminated,10.0,5,Tony Dovolani,0
17,3,"Nicole ""Snooki"" Polizzi",8.333333333333334,1.3489,3,0.5773502691896258,4.0,Tv Personality,25,Eliminated,7.0,8,Sasha Farber,0
17,3,Valerie Harper,5.333333333333333,-10.7912,3,0.5773502691896257,10.0,Actor/Actress,74,Eliminated,4.0,10,Tristan Macmanus,0
17,4,Amber Riley,9.0,2.0233499999999998,3,0.0,1.0,Actor/Actress,27,Winner,11.0,1,Derek Hough,0
17,4,Bill Engvall,7.0,-2.0233499999999998,3,0.0,8.0,Comedian,56,Eliminated,11.0,4,Emma Slater,0
17,4,Brant Daugherty,7.0,-2.0233499999999998,3,0.0,8.0,Actor/Actress,28,Eliminated,8.0,7,Peta Murgatroyd,0
17,4,Christina Milian,8.0,0.0,3,0.0,4.0,Singer/Rapper,31,Eliminated,5.0,9,Mark Ballas,0
17,4,Corbin Bleu,9.0,2.0233499999999998,3,0.0,1.0,Actor/Actress,24,RunnerUp,11.0,2,Karina Smirnoff,0
17,4,Elizabeth Berkley Lauren,9.0,2.0233499999999998,3,0.0,1.0,Actor/Actress,39,Eliminated,9.0,6,Valentin Chmerkovskiy,0
17,4,Jack Osbourne,8.0,0.0,3,0.0,4.0,Tv Personality,27,Finalist,11.0,3,Cheryl Burke,0
17,4,Leah Remini,8.0,0.0,3,0.0,4.0,Actor/Actress,43,Eliminated,10.0,5,Tony Dovolani,0
17,4,"Nicole ""Snooki"" Polizzi",8.0,0.0,3,0.0,4.0,Tv Personality,25,Eliminated,7.0,8,Sasha Farber,0
17,4,Valerie Harper,6.0,-4.0466999999999995,3,0.0,10.0,Actor/Actress,74,Eliminated,4.0,10,Tristan Macmanus,0
17,5,Amber Riley,8.666666666666666,-1.3489,3,1.5275252316519468,6.0,Actor/Actress,27,Winner,11.0,1,Derek Hough,0
17,5,Bill Engvall,8.0,-4.0466999999999995,3,0.0,8.0,Comedian,56,Eliminated,11.0,4,Emma Slater,0
17,5,Brant Daugherty,9.0,0.0,3,0.0,3.0,Actor/Actress,28,Eliminated,8.0,7,Peta Murgatroyd,0
17,5,Christina Milian,9.333333333333334,1.3489,3,0.5773502691896258,1.0,Singer/Rapper,31,Eliminated,5.0,9,Mark Ballas,0
17,5,Corbin Bleu,9.333333333333334,1.3489,3,0.5773502691896255,1.0,Actor/Actress,24,RunnerUp,11.0,2,Karina Smirnoff,0
17,5,Elizabeth Berkley Lauren,8.666666666666666,-1.3489,3,0.5773502691896258,6.0,Actor/Actress,39,Eliminated,9.0,6,Valentin Chmerkovskiy,0
17,5,Jack Osbourne,9.0,0.0,3,0.0,3.0,Tv Personality,27,Finalist,11.0,3,Cheryl Burke,0
17,5,Leah Remini,7.333333333333333,-6.7445,3,0.5773502691896258,9.0,Actor/Actress,43,Eliminated,10.0,5,Tony Dovolani,0
17,5,"Nicole ""Snooki"" Polizzi",9.0,0.0,3,0.0,3.0,Tv Personality,25,Eliminated,7.0,8,Sasha Farber,0
17,6,Amber Riley,10.666633333333332,4.721099417514555,3,1.1547005383792515,1.0,Actor/Actress,27,Winner,11.0,1,Derek Hough,0
17,6,Bill Engvall,7.9999666666666664,-6.0698308092297655,3,0.5773502691896253,8.0,Comedian,56,Eliminated,11.0,4,Emma Slater,0
17,6,Brant Daugherty,10.333333333333334,3.372368025799351,3,0.5773502691896258,3.0,Actor/Actress,28,Eliminated,8.0,7,Peta Murgatroyd,0
17,6,Corbin Bleu,8.999966666666666,-2.023231974200646,3,0.5773502691896258,6.0,Actor/Actress,24,RunnerUp,11.0,2,Karina Smirnoff,0
17,6,Elizabeth Berkley Lauren,10.6666,4.720964530886727,3,0.0,2.0,Actor/Actress,39,Eliminated,9.0,6,Valentin Chmerkovskiy,0
17,6,Jack Osbourne,8.999933333333333,-2.023366860828475,3,0.5773502691896258,7.0,Tv Personality,27,Finalist,11.0,3,Cheryl Burke,0
17,6,Leah Remini,9.3333,-0.6743656958576055,3,0.0,5.0,Actor/Actress,43,Eliminated,10.0,5,Tony Dovolani,0
17,6,"Nicole ""Snooki"" Polizzi",10.0,2.0235017474563115,3,0.0,4.0,Tv Personality,25,Eliminated,7.0,8,Sasha Farber,0
17,7,Amber Riley,9.833333333333334,6.7445,3,0.28867513459481314,1.0,Actor/Actress,27,Winner,11.0,1,Derek Hough,0
17,7,Bill Engvall,8.333333333333334,-5.3956,3,0.28867513459481275,8.0,Comedian,56,Eliminated,11.0,4,Emma Slater,0
17,7,Brant Daugherty,9.5,4.0466999999999995,3,0.0,3.0,Actor/Actress,28,Eliminated,8.0,7,Peta Murgatroyd,0
17,7,Corbin Bleu,9.833333333333334,6.7445,3,0.28867513459481275,1.0,Actor/Actress,24,RunnerUp,11.0,2,Karina Smirnoff,0
17,7,Elizabeth Berkley Lauren,9.0,0.0,3,0.0,5.0,Actor/Actress,39,Eliminated,9.0,6,Valentin Chmerkovskiy,0
17,7,Jack Osbourne,9.5,4.0466999999999995,3,0.5,3.0,Tv Personality,27,Finalist,11.0,3,Cheryl Burke,0
17,7,Leah Remini,8.833333333333334,-1.3489,3,0.28867513459481275,7.0,Actor/Actress,43,Eliminated,10.0,5,Tony Dovolani,0
17,7,"Nicole ""Snooki"" Polizzi",9.0,0.0,3,0.0,5.0,Tv Personality,25,Eliminated,7.0,8,Sasha Farber,0
17,8,Amber Riley,9.333333333333334,1.3489,3,0.5773502691896255,3.0,Actor/Actress,27,Winner,11.0,1,Derek Hough,0
17,8,Bill Engvall,8.0,-4.0466999999999995,3,0.0,7.0,Comedian,56,Eliminated,11.0,4,Emma Slater,0
17,8,Brant Daugherty,9.0,0.0,3,0.0,5.0,Actor/Actress,28,Eliminated,8.0,7,Peta Murgatroyd,0
17,8,Corbin Bleu,10.0,4.0466999999999995,3,0.0,1.0,Actor/Actress,24,RunnerUp,11.0,2,Karina Smirnoff,0
17,8,Elizabeth Berkley Lauren,8.333333333333334,-2.6978,3,0.5773502691896258,6.0,Actor/Actress,39,Eliminated,9.0,6,Valentin Chmerkovskiy,0
17,8,Jack Osbourne,10.0,4.0466999999999995,3,0.0,1.0,Tv Personality,27,Finalist,11.0,3,Cheryl Burke,0
17,8,Leah Remini,9.333333333333334,1.3489,3,0.5773502691896258,3.0,Actor/Actress,43,Eliminated,10.0,5,Tony Dovolani,0
17,9,Amber Riley,8.5,-2.3124,3,0.0,5.0,Actor/Actress,27,Winner,11.0,1,Derek Hough,0
17,9,Bill Engvall,7.0,-9.2496,3,0.0,6.0,Comedian,56,Eliminated,11.0,4,Emma Slater,0
17,9,Corbin Bleu,9.666666666666666,3.0831999999999997,3,0.28867513459481314,1.0,Actor/Actress,24,RunnerUp,11.0,2,Karina Smirnoff,0
17,9,Elizabeth Berkley Lauren,9.333333333333334,1.5415999999999999,3,0.28867513459481275,2.0,Actor/Actress,39,Eliminated,9.0,6,Valentin Chmerkovskiy,0
17,9,Jack Osbourne,9.0,0.0,3,0.0,3.0,Tv Personality,27,Finalist,11.0,3,Cheryl Burke,0
17,9,Leah Remini,9.0,0.0,3,0.0,3.0,Actor/Actress,43,Eliminated,10.0,5,Tony Dovolani,0
17,10,Amber Riley,9.875,3.147433333333333,4,0.2500000000000001,1.0,Actor/Actress,27,Winner,11.0,1,Derek Hough,0
17,10,Bill Engvall,7.5,-5.3956,4,0.0,5.0,Comedian,56,Eliminated,11.0,4,Emma Slater,0
17,10,Corbin Bleu,9.375,1.3488999999999998,4,0.24999999999999983,2.0,Actor/Actress,24,RunnerUp,11.0,2,Karina Smirnoff,0
17,10,Jack Osbourne,8.875,-0.4496333333333333,4,0.24999999999999983,3.0,Tv Personality,27,Finalist,11.0,3,Cheryl Burke,0
17,10,Leah Remini,8.125,-3.147433333333333,4,0.25,4.0,Actor/Actress,43,Eliminated,10.0,5,Tony Dovolani,0
17,11,Amber Riley,10.4444,4.115593659995124,3,0.0,1.0,Actor/Actress,27,Winner,11.0,1,Derek Hough,0
17,11,Bill Engvall,8.499966666666666,-5.487211282645835,3,0.28867513459481275,4.0,Comedian,56,Eliminated,11.0,4,Emma Slater,0
17,11,Corbin Bleu,9.8888,1.3716999328777206,3,0.0,2.0,Actor/Actress,24,RunnerUp,11.0,2,Karina Smirnoff,0
17,11,Jack Osbourne,9.3333,-1.371699932877712,3,0.0,3.0,Tv Personality,27,Finalist,11.0,3,Cheryl Burke,0
18,1,Amy Purdy,8.0,4.0466999999999995,3,0.0,3.0,Athlete,34,RunnerUp,10.0,2,Derek Hough,0
18,1,Billy Dee Williams,5.0,-8.093399999999999,3,0.0,12.0,Actor/Actress,76,Withdrew,,10,Emma Slater,0
18,1,Candace Cameron Bure,8.333333333333334,5.3956,3,0.5773502691896258,2.0,Actor/Actress,37,Finalist,10.0,3,Mark Ballas,0
18,1,Charlie White,9.0,8.093399999999999,3,0.0,1.0,Athlete,26,Eliminated,9.0,5,Sharna Burgess,0
18,1,Cody Simpson,7.333333333333333,1.3489,3,0.5773502691896258,6.0,Singer/Rapper,17,Eliminated,5.0,9,Witney Carson,0
18,1,Danica Mckellar,8.0,4.0466999999999995,3,0.0,3.0,Actor/Actress,39,Eliminated,8.0,6,Valentin Chmerkovskiy,0
18,1,Diana Nyad,6.0,-4.0466999999999995,3,0.0,11.0,Athlete,64,Eliminated,2.0,12,Henry Byalikov,0
18,1,Drew Carey,7.0,0.0,3,0.0,7.0,Comedian,55,Eliminated,6.0,8,Cheryl Burke,0
18,1,James Maslow,7.0,0.0,3,0.0,7.0,Actor/Actress,23,Eliminated,10.0,4,Peta Murgatroyd,0
18,1,Meryl Davis,8.0,4.0466999999999995,3,0.0,3.0,Athlete,27,Winner,10.0,1,Maksim Chmerkoskiy,0
18,1,Nene Leakes,7.0,0.0,3,0.0,7.0,Tv Personality,46,Eliminated,7.0,7,Tony Dovolani,0
18,1,Sean Avery,6.666666666666667,-1.3489,3,0.5773502691896257,10.0,Athlete,33,Eliminated,2.0,11,Karina Smirnoff,0
18,2,Amy Purdy,8.0,4.0466999999999995,3,0.0,4.0,Athlete,34,RunnerUp,10.0,2,Derek Hough,0
18,2,Billy Dee Williams,5.0,-8.093399999999999,3,0.0,11.0,Actor/Actress,76,Withdrew,,10,Emma Slater,0
18,2,Candace Cameron Bure,7.0,0.0,3,0.0,7.0,Actor/Actress,37,Finalist,10.0,3,Mark Ballas,0
18,2,Charlie White,8.333333333333334,5.3956,3,1.1547005383792515,1.0,Athlete,26,Eliminated,9.0,5,Sharna Burgess,0
18,2,Cody Simpson,7.333333333333333,1.3489,3,0.5773502691896258,6.0,Singer/Rapper,17,Eliminated,5.0,9,Witney Carson,0
18,2,Danica Mckellar,8.0,4.0466999999999995,3,0.0,4.0,Actor/Actress,39,Eliminated,8.0,6,Valentin Chmerkovskiy,0
18,2,Drew Carey,7.0,0.0,3,0.0,7.0,Comedian,55,Eliminated,6.0,8,Cheryl Burke,0
18,2,James Maslow,8.333333333333334,5.3956,3,0.5773502691896258,1.0,Actor/Actress,23,Eliminated,10.0,4,Peta Murgatroyd,0
18,2,Meryl Davis,8.333333333333334,5.3956,3,0.5773502691896258,1.0,Athlete,27,Winner,10.0,1,Maksim Chmerkoskiy,0
18,2,Nene Leakes,7.0,0.0,3,0.0,7.0,Tv Personality,46,Eliminated,7.0,7,Tony Dovolani,0
18,2,Sean Avery,7.0,0.0,3,0.0,7.0,Athlete,33,Eliminated,2.0,11,Karina Smirnoff,0
18,3,Amy Purdy,9.0,0.0,4,0.0,2.0,Athlete,34,RunnerUp,10.0,2,Derek Hough,0
18,3,Candace Cameron Bure,8.0,-5.3956,4,0.0,7.0,Actor/Actress,37,Finalist,10.0,3,Mark Ballas,0
18,3,Charlie White,9.0,0.0,4,0.0,2.0,Athlete,26,Eliminated,9.0,5,Sharna Burgess,0
18,3,Cody Simpson,8.75,-1.3489,4,0.5000000000000001,6.0,Singer/Rapper,17,Eliminated,5.0,9,Witney Carson,0
18,3,Danica Mckellar,9.0,0.0,4,0.0,2.0,Actor/Actress,39,Eliminated,8.0,6,Valentin Chmerkovskiy,0
18,3,Drew Carey,7.5,-8.093399999999999,4,0.5773502691896258,9.0,Comedian,55,Eliminated,6.0,8,Cheryl Burke,0
18,3,James Maslow,9.0,0.0,4,0.0,2.0,Actor/Actress,23,Eliminated,10.0,4,Peta Murgatroyd,0
18,3,Meryl Davis,9.75,4.0466999999999995,4,0.5000000000000001,1.0,Athlete,27,Winner,10.0,1,Maksim Chmerkoskiy,0
18,3,Nene Leakes,7.75,-6.7445,4,0.4999999999999999,8.0,Tv Personality,46,Eliminated,7.0,7,Tony Dovolani,0
18,4,Amy Purdy,8.5,2.6978,4,0.5773502691896257,3.0,Athlete,34,RunnerUp,10.0,2,Derek Hough,0
18,4,Candace Cameron Bure,7.0,-5.3956,4,0.0,9.0,Actor/Actress,37,Finalist,10.0,3,Mark Ballas,0
18,4,Charlie White,8.25,1.3489,4,0.9574271077563381,4.0,Athlete,26,Eliminated,9.0,5,Sharna Burgess,0
18,4,Cody Simpson,7.75,-1.3489,4,0.4999999999999999,8.0,Singer/Rapper,17,Eliminated,5.0,9,Witney Carson,0
18,4,Danica Mckellar,8.0,0.0,4,0.0,6.0,Actor/Actress,39,Eliminated,8.0,6,Valentin Chmerkovskiy,0
18,4,Drew Carey,8.25,1.3489,4,0.49999999999999983,4.0,Comedian,55,Eliminated,6.0,8,Cheryl Burke,0
18,4,James Maslow,8.75,4.0466999999999995,4,0.5000000000000001,2.0,Actor/Actress,23,Eliminated,10.0,4,Peta Murgatroyd,0
18,4,Meryl Davis,9.75,9.4423,4,0.5000000000000001,1.0,Athlete,27,Winner,10.0,1,Maksim Chmerkoskiy,0
18,4,Nene Leakes,8.0,0.0,4,0.0,6.0,Tv Personality,46,Eliminated,7.0,7,Tony Dovolani,0
18,5,Amy Purdy,9.25,5.3956,4,0.49999999999999983,3.0,Athlete,34,RunnerUp,10.0,2,Derek Hough,0
18,5,Candace Cameron Bure,8.75,-5.3956,4,0.5000000000000001,7.0,Actor/Actress,37,Finalist,10.0,3,Mark Ballas,0
18,5,Charlie White,9.25,5.3956,4,0.5000000000000001,3.0,Athlete,26,Eliminated,9.0,5,Sharna Burgess,0
18,5,Cody Simpson,8.5,-10.7912,4,0.5773502691896257,8.0,Singer/Rapper,17,Eliminated,5.0,9,Witney Carson,0
18,5,Danica Mckellar,9.75,16.186799999999998,4,0.5000000000000001,2.0,Actor/Actress,39,Eliminated,8.0,6,Valentin Chmerkovskiy,0
18,5,Drew Carey,7.0,-43.1648,4,0.0,9.0,Comedian,55,Eliminated,6.0,8,Cheryl Burke,0
18,5,James Maslow,10.0,21.5824,4,0.0,1.0,Actor/Actress,23,Eliminated,10.0,4,Peta Murgatroyd,0
18,5,Meryl Davis,9.0,0.0,4,0.0,5.0,Athlete,27,Winner,10.0,1,Maksim Chmerkoskiy,0
18,5,Nene Leakes,9.0,0.0,4,0.0,5.0,Tv Personality,46,Eliminated,7.0,7,Tony Dovolani,0
18,6,Amy Purdy,9.5,2.6978,4,0.5773502691896257,2.0,Athlete,34,RunnerUp,10.0,2,Derek Hough,0
18,6,Candace Cameron Bure,8.0,-5.3956,4,0.0,7.0,Actor/Actress,37,Finalist,10.0,3,Mark Ballas,0
18,6,Charlie White,9.0,0.0,4,0.0,3.0,Athlete,26,Eliminated,9.0,5,Sharna Burgess,0
18,6,Danica Mckellar,9.0,0.0,4,0.0,3.0,Actor/Actress,39,Eliminated,8.0,6,Valentin Chmerkovskiy,0
18,6,Drew Carey,8.0,-5.3956,4,0.816496580927726,7.0,Comedian,55,Eliminated,6.0,8,Cheryl Burke,0
18,6,James Maslow,8.75,-1.3489,4,0.49999999999999983,5.0,Actor/Actress,23,Eliminated,10.0,4,Peta Murgatroyd,0
18,6,Meryl Davis,10.0,5.3956,4,0.0,1.0,Athlete,27,Winner,10.0,1,Maksim Chmerkoskiy,0
18,6,Nene Leakes,8.25,-4.0466999999999995,4,0.5000000000000001,6.0,Tv Personality,46,Eliminated,7.0,7,Tony Dovolani,0
18,7,Amy Purdy,9.375,2.0233499999999998,4,0.2500000000000001,2.0,Athlete,34,RunnerUp,10.0,2,Derek Hough,0
18,7,Candace Cameron Bure,9.25,1.3489,4,0.28867513459481287,3.0,Actor/Actress,37,Finalist,10.0,3,Mark Ballas,0
18,7,Charlie White,8.875,-0.67445,4,0.8539125638299667,5.0,Athlete,26,Eliminated,9.0,5,Sharna Burgess,0
18,7,Danica Mckellar,9.0,0.0,4,0.408248290463863,4.0,Actor/Actress,39,Eliminated,8.0,6,Valentin Chmerkovskiy,0
18,7,James Maslow,8.75,-1.3489,4,0.6454972243679027,6.0,Actor/Actress,23,Eliminated,10.0,4,Peta Murgatroyd,0
18,7,Meryl Davis,9.75,4.0466999999999995,4,0.49999999999999983,1.0,Athlete,27,Winner,10.0,1,Maksim Chmerkoskiy,0
18,7,Nene Leakes,8.25,-4.0466999999999995,4,0.6454972243679027,7.0,Tv Personality,46,Eliminated,7.0,7,Tony Dovolani,0
18,8,Amy Purdy,10.0,2.6978,4,0.0,1.0,Athlete,34,RunnerUp,10.0,2,Derek Hough,0
18,8,Candace Cameron Bure,9.0,-2.6978,4,0.0,4.0,Actor/Actress,37,Finalist,10.0,3,Mark Ballas,0
18,8,Charlie White,10.0,2.6978,4,0.0,1.0,Athlete,26,Eliminated,9.0,5,Sharna Burgess,0
18,8,Danica Mckellar,9.5,0.0,4,0.5773502691896257,3.0,Actor/Actress,39,Eliminated,8.0,6,Valentin Chmerkovskiy,0
18,8,James Maslow,9.0,-2.6978,4,0.816496580927726,4.0,Actor/Actress,23,Eliminated,10.0,4,Peta Murgatroyd,0
18,8,Meryl Davis,9.0,-2.6978,4,0.816496580927726,4.0,Athlete,27,Winner,10.0,1,Maksim Chmerkoskiy,0
18,9,Amy Purdy,9.75,2.6978,4,0.28867513459481314,2.0,Athlete,34,RunnerUp,10.0,2,Derek Hough,0
18,9,Candace Cameron Bure,9.0,-5.3956,4,0.5773502691896257,5.0,Actor/Actress,37,Finalist,10.0,3,Mark Ballas,0
18,9,Charlie White,9.5,0.0,4,0.0,3.0,Athlete,26,Eliminated,9.0,5,Sharna Burgess,0
18,9,James Maslow,9.5,0.0,4,0.0,3.0,Actor/Actress,23,Eliminated,10.0,4,Peta Murgatroyd,0
18,9,Meryl Davis,10.0,5.3956,4,0.0,1.0,Athlete,27,Winner,10.0,1,Maksim Chmerkoskiy,0
18,10,Amy Purdy,9.888866666666667,0.3174442436648494,3,0.19248857974782105,2.0,Athlete,34,RunnerUp,10.0,2,Derek Hough,0
18,10,Candace Cameron Bure,8.6666,-6.665186546198921,3,0.0,4.0,Actor/Actress,37,Finalist,10.0,3,Mark Ballas,0
18,10,James Maslow,9.666666666666666,-0.9519518740735593,3,0.28867513459481314,3.0,Actor/Actress,23,Eliminated,10.0,4,Peta Murgatroyd,0
18,10,Meryl Davis,10.0,0.9523327309945584,3,0.0,1.0,Athlete,27,Winner,10.0,1,Maksim Chmerkoskiy,0
19,1,Alfonso Ribeiro,9.0,5.3956,4,0.0,1.0,Actor/Actress,42,Winner,11.0,1,Witney Carson,0
19,1,Antonio Sabato Jr.,6.25,-2.0233499999999998,4,0.5,10.0,Actor/Actress,42,Eliminated,7.0,8,Cheryl Burke,0
19,1,Bethany Mota,8.0,2.6978,4,0.0,3.0,Social Media Personality,18,Eliminated,11.0,4,Derek Hough,0
19,1,Betsey Johnson,5.0,-5.3956,4,0.0,13.0,Fashion Designer,72,Eliminated,4.0,10,Tony Dovolani,0
19,1,Janel Parrish,7.25,0.67445,4,0.5,7.0,Actor/Actress,25,Finalist,11.0,3,Valentin Chmerkovskiy,0
19,1,Jonathan Bennett,7.5,1.3489,4,0.5773502691896257,6.0,Actor/Actress,33,Eliminated,6.0,9,Allison Holker,0
19,1,Lea Thompson,8.0,2.6978,4,0.0,3.0,Actor/Actress,53,Eliminated,9.0,6,Artem Chigvintsev,0
19,1,Lolo Jones,5.5,-4.0466999999999995,4,0.5773502691896258,12.0,Athlete,32,Eliminated,1.0,13,Keo Motsepe,0
19,1,Michael Waltrip,6.25,-2.0233499999999998,4,0.4999999999999999,10.0,Racing Driver,51,Eliminated,8.0,7,Emma Slater,0
19,1,Randy Couture,7.75,2.0233499999999998,4,0.4999999999999999,5.0,Athlete,51,Eliminated,3.0,11,Karina Smirnoff,0
19,1,Sadie Robertson,8.5,4.0466999999999995,4,0.5773502691896255,2.0,Tv Personality,17,RunnerUp,11.0,2,Mark Ballas,0
19,1,Tavis Smiley,7.25,0.67445,4,0.5,7.0,Radio Personality,50,Eliminated,2.0,12,Sharna Burgess,0
19,1,Tommy Chong,6.75,-0.67445,4,0.4999999999999999,9.0,Comedian,76,Eliminated,10.0,5,Peta Murgatroyd,0
19,2,Alfonso Ribeiro,8.0,2.6978,4,0.0,4.0,Actor/Actress,42,Winner,11.0,1,Witney Carson,0
19,2,Antonio Sabato Jr.,7.75,1.3489,4,0.4999999999999999,5.0,Actor/Actress,42,Eliminated,7.0,8,Cheryl Burke,0
19,2,Bethany Mota,8.25,4.0466999999999995,4,0.5000000000000001,3.0,Social Media Personality,18,Eliminated,11.0,4,Derek Hough,0
19,2,Betsey Johnson,7.0,-2.6978,4,0.0,8.0,Fashion Designer,72,Eliminated,4.0,10,Tony Dovolani,0
19,2,Janel Parrish,8.5,5.3956,4,0.5773502691896257,2.0,Actor/Actress,25,Finalist,11.0,3,Valentin Chmerkovskiy,0
19,2,Jonathan Bennett,7.5,0.0,4,0.5773502691896258,7.0,Actor/Actress,33,Eliminated,6.0,9,Allison Holker,0
19,2,Lea Thompson,8.75,6.7444999999999995,4,0.5000000000000001,1.0,Actor/Actress,53,Eliminated,9.0,6,Artem Chigvintsev,0
19,2,Michael Waltrip,6.0,-8.093399999999999,4,0.0,12.0,Racing Driver,51,Eliminated,8.0,7,Emma Slater,0
19,2,Randy Couture,7.0,-2.6978,4,0.0,8.0,Athlete,51,Eliminated,3.0,11,Karina Smirnoff,0
19,2,Sadie Robertson,7.75,1.3489,4,0.4999999999999999,5.0,Tv Personality,17,RunnerUp,11.0,2,Mark Ballas,0
19,2,Tavis Smiley,7.0,-2.6978,4,0.0,8.0,Radio Personality,50,Eliminated,2.0,12,Sharna Burgess,0
19,2,Tommy Chong,7.0,-2.6978,4,0.0,8.0,Comedian,76,Eliminated,10.0,5,Peta Murgatroyd,0
19,3,Alfonso Ribeiro,8.0,0.0,4,0.0,4.0,Actor/Actress,42,Winner,11.0,1,Witney Carson,0
19,3,Antonio Sabato Jr.,7.25,-4.0466999999999995,4,0.5,8.0,Actor/Actress,42,Eliminated,7.0,8,Cheryl Burke,0
19,3,Bethany Mota,10.0,10.7912,4,0.0,1.0,Social Media Personality,18,Eliminated,11.0,4,Derek Hough,0
19,3,Betsey Johnson,7.25,-4.0466999999999995,4,1.2583057392117916,8.0,Fashion Designer,72,Eliminated,4.0,10,Tony Dovolani,0
19,3,Janel Parrish,10.0,10.7912,4,0.0,1.0,Actor/Actress,25,Finalist,11.0,3,Valentin Chmerkovskiy,0
19,3,Jonathan Bennett,8.0,0.0,4,0.0,4.0,Actor/Actress,33,Eliminated,6.0,9,Allison Holker,0
19,3,Lea Thompson,7.75,-1.3489,4,0.4999999999999999,7.0,Actor/Actress,53,Eliminated,9.0,6,Artem Chigvintsev,0
19,3,Michael Waltrip,7.0,-5.3956,4,0.0,10.0,Racing Driver,51,Eliminated,8.0,7,Emma Slater,0
19,3,Randy Couture,6.5,-8.093399999999999,4,0.5773502691896258,11.0,Athlete,51,Eliminated,3.0,11,Karina Smirnoff,0
19,3,Sadie Robertson,8.0,0.0,4,0.0,4.0,Tv Personality,17,RunnerUp,11.0,2,Mark Ballas,0
19,3,Tommy Chong,8.5,2.6978,4,0.9999999999999998,3.0,Comedian,76,Eliminated,10.0,5,Peta Murgatroyd,0
19,4,Alfonso Ribeiro,10.0,5.3956,4,0.0,1.0,Actor/Actress,42,Winner,11.0,1,Witney Carson,0
19,4,Antonio Sabato Jr.,7.25,-2.0233499999999998,4,0.5,6.0,Actor/Actress,42,Eliminated,7.0,8,Cheryl Burke,0
19,4,Bethany Mota,8.25,0.67445,4,0.5,5.0,Social Media Personality,18,Eliminated,11.0,4,Derek Hough,0
19,4,Betsey Johnson,7.25,-2.0233499999999998,4,0.4999999999999999,6.0,Fashion Designer,72,Eliminated,4.0,10,Tony Dovolani,0
19,4,Janel Parrish,9.0,2.6978,4,0.0,4.0,Actor/Actress,25,Finalist,11.0,3,Valentin Chmerkovskiy,0
19,4,Jonathan Bennett,6.0,-5.3956,4,0.0,10.0,Actor/Actress,33,Eliminated,6.0,9,Allison Holker,0
19,4,Lea Thompson,9.75,4.72115,4,0.5,2.0,Actor/Actress,53,Eliminated,9.0,6,Artem Chigvintsev,0
19,4,Michael Waltrip,6.25,-4.72115,4,0.5,9.0,Racing Driver,51,Eliminated,8.0,7,Emma Slater,0
19,4,Sadie Robertson,9.25,3.37225,4,0.5000000000000001,3.0,Tv Personality,17,RunnerUp,11.0,2,Mark Ballas,0
19,4,Tommy Chong,7.0,-2.6978,4,0.0,8.0,Comedian,76,Eliminated,10.0,5,Peta Murgatroyd,0
19,5,Alfonso Ribeiro,8.5,1.1990222222222222,4,0.5773502691896257,2.0,Actor/Actress,42,Winner,11.0,1,Witney Carson,0
19,5,Antonio Sabato Jr.,7.0,-2.3980444444444444,4,0.816496580927726,6.0,Actor/Actress,42,Eliminated,7.0,8,Cheryl Burke,0
19,5,Bethany Mota,8.0,0.0,4,0.0,5.0,Social Media Personality,18,Eliminated,11.0,4,Derek Hough,0
19,5,Janel Parrish,8.25,0.5995111111111111,4,0.5,4.0,Actor/Actress,25,Finalist,11.0,3,Valentin Chmerkovskiy,0
19,5,Jonathan Bennett,6.0,-4.796088888888889,4,0.0,7.0,Actor/Actress,33,Eliminated,6.0,9,Allison Holker,0
19,5,Lea Thompson,8.5,1.1990222222222222,4,0.5773502691896257,2.0,Actor/Actress,53,Eliminated,9.0,6,Artem Chigvintsev,0
19,5,Michael Waltrip,5.0,-7.194133333333333,4,0.0,9.0,Racing Driver,51,Eliminated,8.0,7,Emma Slater,0
19,5,Sadie Robertson,9.0,2.3980444444444444,4,0.0,1.0,Tv Personality,17,RunnerUp,11.0,2,Mark Ballas,0
19,5,Tommy Chong,5.75,-5.3956,4,0.5,8.0,Comedian,76,Eliminated,10.0,5,Peta Murgatroyd,0
19,6,Alfonso Ribeiro,9.75,4.72115,4,0.49999999999999983,1.0,Actor/Actress,42,Winner,11.0,1,Witney Carson,0
19,6,Antonio Sabato Jr.,7.0,-2.6978,4,0.0,8.0,Actor/Actress,42,Eliminated,7.0,8,Cheryl Burke,0
19,6,Bethany Mota,9.0,2.6978,4,0.0,2.0,Social Media Personality,18,Eliminated,11.0,4,Derek Hough,0
19,6,Janel Parrish,8.25,0.67445,4,0.9574271077563381,4.0,Actor/Actress,25,Finalist,11.0,3,Valentin Chmerkovskiy,0
19,6,Jonathan Bennett,8.0,0.0,4,0.0,5.0,Actor/Actress,33,Eliminated,6.0,9,Allison Holker,0
19,6,Lea Thompson,8.0,0.0,4,0.0,5.0,Actor/Actress,53,Eliminated,9.0,6,Artem Chigvintsev,0
19,6,Michael Waltrip,7.5,-1.3489,4,0.5773502691896257,7.0,Racing Driver,51,Eliminated,8.0,7,Emma Slater,0
19,6,Sadie Robertson,8.75,2.0233499999999998,4,0.9574271077563381,3.0,Tv Personality,17,RunnerUp,11.0,2,Mark Ballas,0
19,6,Tommy Chong,7.0,-2.6978,4,0.0,8.0,Comedian,76,Eliminated,10.0,5,Peta Murgatroyd,0
19,7,Alfonso Ribeiro,8.5,2.6978,4,0.0,3.0,Actor/Actress,42,Winner,11.0,1,Witney Carson,0
19,7,Antonio Sabato Jr.,7.375,-3.37225,4,0.25000000000000006,7.0,Actor/Actress,42,Eliminated,7.0,8,Cheryl Burke,0
19,7,Bethany Mota,9.375,7.418949999999999,4,0.24999999999999983,1.0,Social Media Personality,18,Eliminated,11.0,4,Derek Hough,0
19,7,Janel Parrish,8.375,2.0233499999999998,4,0.24999999999999983,4.0,Actor/Actress,25,Finalist,11.0,3,Valentin Chmerkovskiy,0
19,7,Lea Thompson,8.75,4.0466999999999995,4,0.28867513459481314,2.0,Actor/Actress,53,Eliminated,9.0,6,Artem Chigvintsev,0
19,7,Michael Waltrip,7.0,-5.3956,4,0.0,8.0,Racing Driver,51,Eliminated,8.0,7,Emma Slater,0
19,7,Sadie Robertson,7.75,-1.3489,4,0.28867513459481275,5.0,Tv Personality,17,RunnerUp,11.0,2,Mark Ballas,0
19,7,Tommy Chong,7.5,-2.6978,4,0.0,6.0,Comedian,76,Eliminated,10.0,5,Peta Murgatroyd,0
19,8,Alfonso Ribeiro,10.25,1.9368820512820513,4,0.5773502691896257,2.0,Actor/Actress,42,Winner,11.0,1,Witney Carson,0
19,8,Bethany Mota,10.0,1.3834871794871795,4,0.5,3.0,Social Media Personality,18,Eliminated,11.0,4,Derek Hough,0
19,8,Janel Parrish,10.75,3.043671794871795,4,0.0,1.0,Actor/Actress,25,Finalist,11.0,3,Valentin Chmerkovskiy,0
19,8,Lea Thompson,8.0,-3.043671794871795,4,0.0,5.0,Actor/Actress,53,Eliminated,9.0,6,Artem Chigvintsev,0
19,8,Michael Waltrip,6.25,-6.917435897435897,4,0.4999999999999999,7.0,Racing Driver,51,Eliminated,8.0,7,Emma Slater,0
19,8,Sadie Robertson,9.5,0.2766974358974359,4,0.5773502691896255,4.0,Tv Personality,17,RunnerUp,11.0,2,Mark Ballas,0
19,8,Tommy Chong,7.25,-4.70385641025641,4,0.5773502691896257,6.0,Comedian,76,Eliminated,10.0,5,Peta Murgatroyd,0
19,9,Alfonso Ribeiro,9.625,5.3956,4,0.25,1.0,Actor/Actress,42,Winner,11.0,1,Witney Carson,0
19,9,Bethany Mota,9.25,2.15824,4,0.28867513459481287,3.0,Social Media Personality,18,Eliminated,11.0,4,Derek Hough,0
19,9,Janel Parrish,9.625,5.3956,4,0.2500000000000001,1.0,Actor/Actress,25,Finalist,11.0,3,Valentin Chmerkovskiy,0
19,9,Lea Thompson,8.75,-2.15824,4,0.28867513459481287,5.0,Actor/Actress,53,Eliminated,9.0,6,Artem Chigvintsev,0
19,9,Sadie Robertson,9.125,1.07912,4,0.24999999999999983,4.0,Tv Personality,17,RunnerUp,11.0,2,Mark Ballas,0
19,9,Tommy Chong,7.125,-16.1868,4,0.25000000000000006,6.0,Comedian,76,Eliminated,10.0,5,Peta Murgatroyd,0
19,10,Alfonso Ribeiro,9.375,-1.3489,4,0.24999999999999983,3.0,Actor/Actress,42,Winner,11.0,1,Witney Carson,0
19,10,Bethany Mota,9.5,0.0,4,0.0,2.0,Social Media Personality,18,Eliminated,11.0,4,Derek Hough,0
19,10,Janel Parrish,9.75,2.6978,4,0.28867513459481314,1.0,Actor/Actress,25,Finalist,11.0,3,Valentin Chmerkovskiy,0
19,10,Sadie Robertson,9.25,-2.6978,4,0.28867513459481287,4.0,Tv Personality,17,RunnerUp,11.0,2,Mark Ballas,0
19,10,Tommy Chong,7.75,-18.8846,4,0.28867513459481287,5.0,Comedian,76,Eliminated,10.0,5,Peta Murgatroyd,0
19,11,Alfonso Ribeiro,10.0,4.796408585521921,4,0.0,1.0,Actor/Actress,42,Winner,11.0,1,Witney Carson,0
19,11,Bethany Mota,9.5,-2.39676565791229,4,0.0,4.0,Social Media Personality,18,Eliminated,11.0,4,Derek Hough,0
19,11,Janel Parrish,9.74995,1.1991021463804803,4,0.16669999999999938,3.0,Actor/Actress,25,Finalist,11.0,3,Valentin Chmerkovskiy,0
19,11,Sadie Robertson,9.833300000000001,2.3982042927609606,4,0.19248857974782116,2.0,Tv Personality,17,RunnerUp,11.0,2,Mark Ballas,0
20,1,Charlotte Mckinney,5.5,-8.093399999999999,4,0.5773502691896257,11.0,Model,21,Eliminated,3.0,11,Keo Motsepe,0
20,1,Chris Soules,6.5,-2.6978,4,0.5773502691896257,5.0,Tv Personality,33,Eliminated,8.0,5,Witney Carson,0
20,1,Michael Sam,6.5,-2.6978,4,0.5773502691896258,5.0,Athlete,25,Eliminated,4.0,10,Peta Murgatroyd,0
20,1,Nastia Liukin,7.5,2.6978,4,0.5773502691896258,3.0,Athlete,25,Eliminated,9.0,4,Derek Hough,0
20,1,Noah Galloway,6.5,-2.6978,4,0.5773502691896257,5.0,Motivational Speaker,33,Finalist,9.0,3,Sharna Burgess,0
20,1,Patti Labelle,6.25,-4.0466999999999995,4,0.4999999999999999,8.0,Singer/Rapper,70,Eliminated,6.0,8,Artem Chigvintsev,0
20,1,Redfoo,5.5,-8.093399999999999,4,0.5773502691896257,11.0,Singer/Rapper,39,Eliminated,2.0,12,Emma Slater,0
20,1,Riker Lynch,7.75,4.0466999999999995,4,0.4999999999999999,2.0,Actor/Actress,23,RunnerUp,9.0,2,Allison Holker,0
20,1,Robert Herjavec,7.0,0.0,4,0.0,4.0,Entrepreneur,52,Eliminated,8.0,6,Kym Johnson,0
20,1,Rumer Willis,8.0,5.3956,4,0.0,1.0,Actor/Actress,26,Winner,9.0,1,Valentin Chmerkovskiy,0
20,1,Suzanne Somers,6.25,-4.0466999999999995,4,0.5,8.0,Actor/Actress,68,Eliminated,5.0,9,Tony Dovolani,0
20,1,Willow Shields,6.25,-4.0466999999999995,4,0.5,8.0,Actor/Actress,14,Eliminated,7.0,7,Mark Ballas,0
20,2,Charlotte Mckinney,6.5,-2.6978,4,0.5773502691896257,11.0,Model,21,Eliminated,3.0,11,Keo Motsepe,0
20,2,Chris Soules,5.25,-9.4423,4,0.4999999999999999,12.0,Tv Personality,33,Eliminated,8.0,5,Witney Carson,0
20,2,Michael Sam,7.0,0.0,4,0.0,6.0,Athlete,25,Eliminated,4.0,10,Peta Murgatroyd,0
20,2,Nastia Liukin,8.5,8.093399999999999,4,0.5773502691896257,1.0,Athlete,25,Eliminated,9.0,4,Derek Hough,0
20,2,Noah Galloway,6.75,-1.3489,4,0.4999999999999999,10.0,Motivational Speaker,33,Finalist,9.0,3,Sharna Burgess,0
20,2,Patti Labelle,7.0,0.0,4,0.0,6.0,Singer/Rapper,70,Eliminated,6.0,8,Artem Chigvintsev,0
20,2,Redfoo,7.75,4.0466999999999995,4,0.4999999999999999,5.0,Singer/Rapper,39,Eliminated,2.0,12,Emma Slater,0
20,2,Riker Lynch,8.0,5.3956,4,0.0,2.0,Actor/Actress,23,RunnerUp,9.0,2,Allison Holker,0
20,2,Robert Herjavec,7.0,0.0,4,0.0,6.0,Entrepreneur,52,Eliminated,8.0,6,Kym Johnson,0
20,2,Rumer Willis,8.0,5.3956,4,0.0,2.0,Actor/Actress,26,Winner,9.0,1,Valentin Chmerkovskiy,0
20,2,Suzanne Somers,7.0,0.0,4,0.0,6.0,Actor/Actress,68,Eliminated,5.0,9,Tony Dovolani,0
20,2,Willow Shields,8.0,5.3956,4,0.0,2.0,Actor/Actress,14,Eliminated,7.0,7,Mark Ballas,0
20,3,Charlotte Mckinney,5.5,-4.0466999999999995,4,0.5773502691896257,10.0,Model,21,Eliminated,3.0,11,Keo Motsepe,0
20,3,Chris Soules,7.0,0.0,4,0.0,7.0,Tv Personality,33,Eliminated,8.0,5,Witney Carson,0
20,3,Michael Sam,6.0,-2.6978,4,0.0,9.0,Athlete,25,Eliminated,4.0,10,Peta Murgatroyd,0
20,3,Nastia Liukin,8.5,4.0466999999999995,4,0.5773502691896257,1.0,Athlete,25,Eliminated,9.0,4,Derek Hough,0
20,3,Noah Galloway,7.5,1.3489,4,0.5773502691896258,5.0,Motivational Speaker,33,Finalist,9.0,3,Sharna Burgess,0
20,3,Patti Labelle,5.5,-4.0466999999999995,4,0.5773502691896257,10.0,Singer/Rapper,70,Eliminated,6.0,8,Artem Chigvintsev,0
20,3,Riker Lynch,8.5,4.0466999999999995,4,0.9999999999999998,1.0,Actor/Actress,23,RunnerUp,9.0,2,Allison Holker,0
20,3,Robert Herjavec,7.25,0.67445,4,0.5,6.0,Entrepreneur,52,Eliminated,8.0,6,Kym Johnson,0
20,3,Rumer Willis,8.25,3.37225,4,0.5000000000000001,3.0,Actor/Actress,26,Winner,9.0,1,Valentin Chmerkovskiy,0
20,3,Suzanne Somers,6.25,-2.0233499999999998,4,0.5,8.0,Actor/Actress,68,Eliminated,5.0,9,Tony Dovolani,0
20,3,Willow Shields,8.0,2.6978,4,0.0,4.0,Actor/Actress,14,Eliminated,7.0,7,Mark Ballas,0
20,4,Chris Soules,6.75,-3.37225,4,0.4999999999999999,10.0,Tv Personality,33,Eliminated,8.0,5,Witney Carson,0
20,4,Michael Sam,7.5,-1.3489,4,0.5773502691896258,7.0,Athlete,25,Eliminated,4.0,10,Peta Murgatroyd,0
20,4,Nastia Liukin,9.0,2.6978,4,0.8164965809277263,2.0,Athlete,25,Eliminated,9.0,4,Derek Hough,0
20,4,Noah Galloway,8.0,0.0,4,0.0,6.0,Motivational Speaker,33,Finalist,9.0,3,Sharna Burgess,0
20,4,Patti Labelle,7.5,-1.3489,4,0.5773502691896257,7.0,Singer/Rapper,70,Eliminated,6.0,8,Artem Chigvintsev,0
20,4,Riker Lynch,8.5,1.3489,4,0.5773502691896255,4.0,Actor/Actress,23,RunnerUp,9.0,2,Allison Holker,0
20,4,Robert Herjavec,8.5,1.3489,4,0.5773502691896257,4.0,Entrepreneur,52,Eliminated,8.0,6,Kym Johnson,0
20,4,Rumer Willis,8.75,2.0233499999999998,4,0.5000000000000001,3.0,Actor/Actress,26,Winner,9.0,1,Valentin Chmerkovskiy,0
20,4,Suzanne Somers,7.0,-2.6978,4,0.0,9.0,Actor/Actress,68,Eliminated,5.0,9,Tony Dovolani,0
20,4,Willow Shields,9.75,4.72115,4,0.5000000000000001,1.0,Actor/Actress,14,Eliminated,7.0,7,Mark Ballas,0
20,5,Chris Soules,6.75,-0.67445,4,0.4999999999999999,7.0,Tv Personality,33,Eliminated,8.0,5,Witney Carson,0
20,5,Nastia Liukin,9.5,6.7444999999999995,4,0.5773502691896255,2.0,Athlete,25,Eliminated,9.0,4,Derek Hough,0
20,5,Noah Galloway,7.0,0.0,4,0.0,5.0,Motivational Speaker,33,Finalist,9.0,3,Sharna Burgess,0
20,5,Patti Labelle,6.75,-0.67445,4,0.4999999999999999,7.0,Singer/Rapper,70,Eliminated,6.0,8,Artem Chigvintsev,0
20,5,Riker Lynch,9.5,6.7444999999999995,4,0.5773502691896257,2.0,Actor/Actress,23,RunnerUp,9.0,2,Allison Holker,0
20,5,Robert Herjavec,6.0,-2.6978,4,0.0,9.0,Entrepreneur,52,Eliminated,8.0,6,Kym Johnson,0
20,5,Rumer Willis,9.75,7.418949999999999,4,0.5000000000000001,1.0,Actor/Actress,26,Winner,9.0,1,Valentin Chmerkovskiy,0
20,5,Suzanne Somers,7.0,0.0,4,0.0,5.0,Actor/Actress,68,Eliminated,5.0,9,Tony Dovolani,0
20,5,Willow Shields,8.5,4.0466999999999995,4,0.5773502691896255,4.0,Actor/Actress,14,Eliminated,7.0,7,Mark Ballas,0
20,6,Chris Soules,8.75,2.220446049250313e-16,4,0.5000000000000001,5.0,Tv Personality,33,Eliminated,8.0,5,Witney Carson,0
20,6,Nastia Liukin,9.125,3.23736,4,0.47871355387816905,2.0,Athlete,25,Eliminated,9.0,4,Derek Hough,0
20,6,Noah Galloway,8.5,-2.15824,4,0.40824829046386285,6.0,Motivational Speaker,33,Finalist,9.0,3,Sharna Burgess,0
20,6,Patti Labelle,8.5,-2.15824,4,0.408248290463863,6.0,Singer/Rapper,70,Eliminated,6.0,8,Artem Chigvintsev,0
20,6,Riker Lynch,9.5,6.47472,4,0.7071067811865475,1.0,Actor/Actress,23,RunnerUp,9.0,2,Allison Holker,0
20,6,Robert Herjavec,8.375,-3.23736,4,0.24999999999999983,8.0,Entrepreneur,52,Eliminated,8.0,6,Kym Johnson,0
20,6,Rumer Willis,8.875,1.0791199999999999,4,0.4787135538781691,4.0,Actor/Actress,26,Winner,9.0,1,Valentin Chmerkovskiy,0
20,6,Willow Shields,9.125,3.23736,4,0.47871355387816905,2.0,Actor/Actress,14,Eliminated,7.0,7,Mark Ballas,0
20,7,Chris Soules,7.75,-6.043072,4,0.4999999999999999,6.0,Tv Personality,33,Eliminated,8.0,5,Witney Carson,0
20,7,Nastia Liukin,10.25,2.589888,4,0.5773502691896257,1.0,Athlete,25,Eliminated,9.0,4,Derek Hough,0
20,7,Noah Galloway,9.5,0.0,4,0.816496580927726,3.0,Motivational Speaker,33,Finalist,9.0,3,Sharna Burgess,0
20,7,Riker Lynch,9.25,-0.8632960000000001,4,0.5000000000000001,4.0,Actor/Actress,23,RunnerUp,9.0,2,Allison Holker,0
20,7,Robert Herjavec,7.75,-6.043072,4,0.4999999999999999,6.0,Entrepreneur,52,Eliminated,8.0,6,Kym Johnson,0
20,7,Rumer Willis,9.25,-0.8632960000000001,4,0.5000000000000001,4.0,Actor/Actress,26,Winner,9.0,1,Valentin Chmerkovskiy,0
20,7,Willow Shields,9.75,0.8632960000000001,4,0.5,2.0,Actor/Actress,14,Eliminated,7.0,7,Mark Ballas,0
20,8,Chris Soules,8.0,-2.0233499999999998,4,0.408248290463863,4.0,Tv Personality,33,Eliminated,8.0,5,Witney Carson,0
20,8,Nastia Liukin,9.5,2.0233499999999998,4,0.0,3.0,Athlete,25,Eliminated,9.0,4,Derek Hough,0
20,8,Noah Galloway,7.875,-2.360575,4,0.25000000000000006,5.0,Motivational Speaker,33,Finalist,9.0,3,Sharna Burgess,0
20,8,Riker Lynch,9.75,2.6978,4,0.5000000000000001,2.0,Actor/Actress,23,RunnerUp,9.0,2,Allison Holker,0
20,8,Robert Herjavec,7.75,-2.6978,4,0.5,6.0,Entrepreneur,52,Eliminated,8.0,6,Kym Johnson,0
20,8,Rumer Willis,10.0,3.3722499999999997,4,0.0,1.0,Actor/Actress,26,Winner,9.0,1,Valentin Chmerkovskiy,0
20,9,Nastia Liukin,10.0,0.0,4,0.0,1.0,Athlete,25,Eliminated,9.0,4,Derek Hough,0
20,9,Noah Galloway,9.5,-5.3956,4,0.0,4.0,Motivational Speaker,33,Finalist,9.0,3,Sharna Burgess,0
20,9,Riker Lynch,10.0,0.0,4,0.0,1.0,Actor/Actress,23,RunnerUp,9.0,2,Allison Holker,0
20,9,Rumer Willis,9.75,-2.6978,4,0.28867513459481287,3.0,Actor/Actress,26,Winner,9.0,1,Valentin Chmerkovskiy,0
21,1,Alek Skarlatos,7.333333333333333,0.4496333333333333,3,0.5773502691896257,5.0,Military,22,Finalist,11.0,3,Lindsay Arnold,0
21,1,Alexa Penavega,7.333333333333333,0.4496333333333333,3,0.5773502691896258,5.0,Actor/Actress,27,Eliminated,9.0,6,Mark Ballas,0
21,1,Andy Grammer,7.0,0.0,3,0.0,7.0,Singer/Rapper,31,Eliminated,8.0,7,Allison Holker,0
21,1,Bindi Irwin,8.0,1.3488999999999998,3,0.0,1.0,Tv Personality,17,Winner,11.0,1,Derek Hough,0
21,1,Carlos Penavega,7.666666666666667,0.8992666666666665,3,0.5773502691896258,3.0,Actor/Actress,26,Eliminated,11.0,4,Witney Carson,0
21,1,Chaka Khan,4.333333333333333,-3.5970666666666666,3,0.5773502691896257,12.0,Singer/Rapper,62,Eliminated,2.0,13,Keo Motsepe,0
21,1,Gary Busey,5.0,-2.6977999999999995,3,0.0,9.0,Actor/Actress,71,Eliminated,4.0,10,Anna Trebunskaya,0
21,1,Hayes Grier,7.0,0.0,3,0.0,7.0,Social Media Personality,15,Eliminated,7.0,8,Emma Slater,0
21,1,Kim Zolciak-Biermann,4.0,-4.0466999999999995,3,0.0,13.0,Tv Personality,37,Withdrew,,11,Tony Dovolani,0
21,1,Nick Carter,8.0,1.3488999999999998,3,0.0,1.0,Singer/Rapper,35,RunnerUp,11.0,2,Sharna Burgess,0
21,1,Paula Deen,5.0,-2.6977999999999995,3,0.0,9.0,Tv Personality,68,Eliminated,6.0,9,Louis Van Amstel,0
21,1,Tamar Braxton,7.666666666666667,0.8992666666666665,3,0.5773502691896257,3.0,Singer/Rapper,38,Withdrew,,5,Valentin Chmerkovskiy,0
21,1,Victor Espinoza,5.0,-2.6977999999999995,3,0.0,9.0,Athlete,43,Eliminated,2.0,12,Karina Smirnoff,0
21,2,Alek Skarlatos,7.5,0.0,3,0.5,4.0,Military,22,Finalist,11.0,3,Lindsay Arnold,0
21,2,Alexa Penavega,7.666666666666667,0.4496333333333333,3,0.28867513459481275,3.0,Actor/Actress,27,Eliminated,9.0,6,Mark Ballas,0
21,2,Andy Grammer,7.333333333333333,-0.4496333333333333,3,0.28867513459481275,8.0,Singer/Rapper,31,Eliminated,8.0,7,Allison Holker,0
21,2,Bindi Irwin,8.0,1.3488999999999998,3,0.0,2.0,Tv Personality,17,Winner,11.0,1,Derek Hough,0
21,2,Carlos Penavega,7.5,0.0,3,0.0,4.0,Actor/Actress,26,Eliminated,11.0,4,Witney Carson,0
21,2,Chaka Khan,5.0,-6.7445,3,0.0,13.0,Singer/Rapper,62,Eliminated,2.0,13,Keo Motsepe,0
21,2,Gary Busey,5.5,-5.395599999999999,3,0.0,12.0,Actor/Actress,71,Eliminated,4.0,10,Anna Trebunskaya,0
21,2,Hayes Grier,7.5,0.0,3,0.5,4.0,Social Media Personality,15,Eliminated,7.0,8,Emma Slater,0
21,2,Kim Zolciak-Biermann,6.166666666666667,-3.5970666666666666,3,0.2886751345948129,9.0,Tv Personality,37,Withdrew,,11,Tony Dovolani,0
21,2,Nick Carter,7.5,0.0,3,0.0,4.0,Singer/Rapper,35,RunnerUp,11.0,2,Sharna Burgess,0
21,2,Paula Deen,6.166666666666667,-3.5970666666666666,3,0.2886751345948129,9.0,Tv Personality,68,Eliminated,6.0,9,Louis Van Amstel,0
21,2,Tamar Braxton,8.166666666666666,1.798533333333333,3,0.28867513459481314,1.0,Singer/Rapper,38,Withdrew,,5,Valentin Chmerkovskiy,0
21,2,Victor Espinoza,6.166666666666667,-3.597066666666666,3,0.5773502691896257,9.0,Athlete,43,Eliminated,2.0,12,Karina Smirnoff,0
21,3,Alek Skarlatos,8.25,1.07912,4,0.49999999999999983,3.0,Military,22,Finalist,11.0,3,Lindsay Arnold,0
21,3,Alexa Penavega,9.0,4.31648,4,0.0,1.0,Actor/Actress,27,Eliminated,9.0,6,Mark Ballas,0
21,3,Andy Grammer,7.25,-3.2373600000000002,4,0.5,8.0,Singer/Rapper,31,Eliminated,8.0,7,Allison Holker,0
21,3,Bindi Irwin,8.0,0.0,4,0.0,5.0,Tv Personality,17,Winner,11.0,1,Derek Hough,0
21,3,Carlos Penavega,7.75,-1.07912,4,0.4999999999999999,6.0,Actor/Actress,26,Eliminated,11.0,4,Witney Carson,0
21,3,Gary Busey,6.25,-7.553840000000001,4,0.4999999999999999,9.0,Actor/Actress,71,Eliminated,4.0,10,Anna Trebunskaya,0
21,3,Hayes Grier,7.5,-2.15824,4,0.5773502691896257,7.0,Social Media Personality,15,Eliminated,7.0,8,Emma Slater,0
21,3,Nick Carter,9.0,4.31648,4,0.0,1.0,Singer/Rapper,35,RunnerUp,11.0,2,Sharna Burgess,0
21,3,Paula Deen,5.0,-12.94944,4,0.0,10.0,Tv Personality,68,Eliminated,6.0,9,Louis Van Amstel,0
21,3,Tamar Braxton,8.25,1.07912,4,0.5000000000000001,3.0,Singer/Rapper,38,Withdrew,,5,Valentin Chmerkovskiy,0
21,4,Alek Skarlatos,8.0,0.0,3,0.0,6.0,Military,22,Finalist,11.0,3,Lindsay Arnold,0
21,4,Alexa Penavega,7.0,-2.0233499999999998,3,0.0,8.0,Actor/Actress,27,Eliminated,9.0,6,Mark Ballas,0
21,4,Andy Grammer,7.666666666666667,-0.67445,3,0.5773502691896257,7.0,Singer/Rapper,31,Eliminated,8.0,7,Allison Holker,0
21,4,Bindi Irwin,9.333333333333334,2.6978,3,0.5773502691896255,1.0,Tv Personality,17,Winner,11.0,1,Derek Hough,0
21,4,Carlos Penavega,8.333333333333334,0.67445,3,0.5773502691896258,5.0,Actor/Actress,26,Eliminated,11.0,4,Witney Carson,0
21,4,Gary Busey,5.333333333333333,-5.3956,3,0.5773502691896257,10.0,Actor/Actress,71,Eliminated,4.0,10,Anna Trebunskaya,0
21,4,Hayes Grier,9.0,2.0233499999999998,3,0.0,2.0,Social Media Personality,15,Eliminated,7.0,8,Emma Slater,0
21,4,Nick Carter,9.0,2.0233499999999998,3,0.0,2.0,Singer/Rapper,35,RunnerUp,11.0,2,Sharna Burgess,0
21,4,Paula Deen,6.0,-4.0466999999999995,3,0.0,9.0,Tv Personality,68,Eliminated,6.0,9,Louis Van Amstel,0
21,4,Tamar Braxton,9.0,2.0233499999999998,3,0.0,2.0,Singer/Rapper,38,Withdrew,,5,Valentin Chmerkovskiy,0
21,5,Alek Skarlatos,7.25,-4.72115,4,0.4999999999999999,7.0,Military,22,Finalist,11.0,3,Lindsay Arnold,0
21,5,Alexa Penavega,10.0,2.6978,4,0.0,1.0,Actor/Actress,27,Eliminated,9.0,6,Mark Ballas,0
21,5,Andy Grammer,9.0,0.0,4,0.0,4.0,Singer/Rapper,31,Eliminated,8.0,7,Allison Holker,0
21,5,Bindi Irwin,9.25,0.67445,4,0.49999999999999983,3.0,Tv Personality,17,Winner,11.0,1,Derek Hough,0
21,5,Carlos Penavega,9.75,2.0233499999999998,4,0.49999999999999983,2.0,Actor/Actress,26,Eliminated,11.0,4,Witney Carson,0
21,5,Hayes Grier,7.5,-4.0466999999999995,4,0.5773502691896258,6.0,Social Media Personality,15,Eliminated,7.0,8,Emma Slater,0
21,5,Nick Carter,8.75,-0.67445,4,0.49999999999999983,5.0,Singer/Rapper,35,RunnerUp,11.0,2,Sharna Burgess,0
21,5,Paula Deen,6.5,-6.7444999999999995,4,0.5773502691896258,9.0,Tv Personality,68,Eliminated,6.0,9,Louis Van Amstel,0
21,5,Tamar Braxton,7.25,-4.72115,4,0.5,7.0,Singer/Rapper,38,Withdrew,,5,Valentin Chmerkovskiy,0
21,6,Alek Skarlatos,7.5,-4.0466999999999995,4,0.5773502691896258,7.0,Military,22,Finalist,11.0,3,Lindsay Arnold,0
21,6,Alexa Penavega,7.5,-4.0466999999999995,4,0.5773502691896257,7.0,Actor/Actress,27,Eliminated,9.0,6,Mark Ballas,0
21,6,Andy Grammer,10.0,2.6978,4,0.0,1.0,Singer/Rapper,31,Eliminated,8.0,7,Allison Holker,0
21,6,Bindi Irwin,10.0,2.6978,4,0.0,1.0,Tv Personality,17,Winner,11.0,1,Derek Hough,0
21,6,Carlos Penavega,9.5,1.3489,4,0.5773502691896257,5.0,Actor/Actress,26,Eliminated,11.0,4,Witney Carson,0
21,6,Hayes Grier,8.0,-2.6978,4,0.0,6.0,Social Media Personality,15,Eliminated,7.0,8,Emma Slater,0
21,6,Nick Carter,9.75,2.0233499999999998,4,0.5000000000000001,4.0,Singer/Rapper,35,RunnerUp,11.0,2,Sharna Burgess,0
21,6,Paula Deen,6.0,-8.093399999999999,4,0.0,9.0,Tv Personality,68,Eliminated,6.0,9,Louis Van Amstel,0
21,6,Tamar Braxton,10.0,2.6978,4,0.0,1.0,Singer/Rapper,38,Withdrew,,5,Valentin Chmerkovskiy,0
21,7,Alek Skarlatos,8.833333333333334,-1.3489,3,0.28867513459481314,8.0,Military,22,Finalist,11.0,3,Lindsay Arnold,0
21,7,Alexa Penavega,9.166666666666666,1.3489,3,0.28867513459481275,5.0,Actor/Actress,27,Eliminated,9.0,6,Mark Ballas,0
21,7,Andy Grammer,9.333333333333334,2.6978,3,0.28867513459481314,2.0,Singer/Rapper,31,Eliminated,8.0,7,Allison Holker,0
21,7,Bindi Irwin,9.666666666666666,5.3956,3,0.28867513459481275,1.0,Tv Personality,17,Winner,11.0,1,Derek Hough,0
21,7,Carlos Penavega,9.333333333333334,2.6978,3,0.5773502691896258,2.0,Actor/Actress,26,Eliminated,11.0,4,Witney Carson,0
21,7,Hayes Grier,9.333333333333334,2.6978,3,0.28867513459481275,2.0,Social Media Personality,15,Eliminated,7.0,8,Emma Slater,0
21,7,Nick Carter,9.0,0.0,3,0.0,6.0,Singer/Rapper,35,RunnerUp,11.0,2,Sharna Burgess,0
21,7,Tamar Braxton,9.0,0.0,3,0.0,6.0,Singer/Rapper,38,Withdrew,,5,Valentin Chmerkovskiy,0
21,8,Alek Skarlatos,8.333333333333334,-2.6978,3,0.5773502691896258,6.0,Military,22,Finalist,11.0,3,Lindsay Arnold,0
21,8,Alexa Penavega,8.999933333333333,-0.00026977999999699964,3,0.5773502691896258,5.0,Actor/Actress,27,Eliminated,9.0,6,Mark Ballas,0
21,8,Andy Grammer,7.999933333333334,-4.0469697799999995,3,0.5773502691896266,7.0,Singer/Rapper,31,Eliminated,8.0,7,Allison Holker,0
21,8,Bindi Irwin,9.333333333333334,1.3489,3,0.5773502691896258,3.0,Tv Personality,17,Winner,11.0,1,Derek Hough,0
21,8,Carlos Penavega,9.6666,2.6975302200000026,3,0.0,2.0,Actor/Actress,26,Eliminated,11.0,4,Witney Carson,0
21,8,Nick Carter,11.0,8.093399999999999,3,0.0,1.0,Singer/Rapper,35,RunnerUp,11.0,2,Sharna Burgess,0
21,8,Tamar Braxton,9.333333333333334,1.3489,3,0.5773502691896255,3.0,Singer/Rapper,38,Withdrew,,5,Valentin Chmerkovskiy,0
21,9,Alek Skarlatos,8.5,-1.3488999999999998,3,0.0,5.0,Military,22,Finalist,11.0,3,Lindsay Arnold,0
21,9,Alexa Penavega,10.0,2.6977999999999995,3,0.0,1.0,Actor/Actress,27,Eliminated,9.0,6,Mark Ballas,0
21,9,Bindi Irwin,10.0,2.6977999999999995,3,0.0,1.0,Tv Personality,17,Winner,11.0,1,Derek Hough,0
21,9,Carlos Penavega,9.0,0.0,3,0.0,4.0,Actor/Actress,26,Eliminated,11.0,4,Witney Carson,0
21,9,Nick Carter,9.166666666666666,0.4496333333333333,3,0.28867513459481314,3.0,Singer/Rapper,35,RunnerUp,11.0,2,Sharna Burgess,0
21,9,Tamar Braxton,8.166666666666666,-2.248166666666666,3,0.28867513459481275,6.0,Singer/Rapper,38,Withdrew,,5,Valentin Chmerkovskiy,0
21,10,Alek Skarlatos,9.5,-0.8992666666666667,3,0.0,3.0,Military,22,Finalist,11.0,3,Lindsay Arnold,0
21,10,Bindi Irwin,10.5,2.6978,3,0.0,1.0,Tv Personality,17,Winner,11.0,1,Derek Hough,0
21,10,Carlos Penavega,10.5,2.6978,3,0.5,1.0,Actor/Actress,26,Eliminated,11.0,4,Witney Carson,0
21,10,Nick Carter,9.0,-2.6978,3,0.0,4.0,Singer/Rapper,35,RunnerUp,11.0,2,Sharna Burgess,0
21,11,Alek Skarlatos,9.3333,-16.18680000000004,3,0.0,4.0,Military,22,Finalist,11.0,3,Lindsay Arnold,0
21,11,Bindi Irwin,10.0,0.0,3,0.0,1.0,Tv Personality,17,Winner,11.0,1,Derek Hough,0
21,11,Carlos Penavega,10.0,0.0,3,0.0,1.0,Actor/Actress,26,Eliminated,11.0,4,Witney Carson,0
21,11,Nick Carter,10.0,0.0,3,0.0,1.0,Singer/Rapper,35,RunnerUp,11.0,2,Sharna Burgess,0
22,1,Antonio Brown,7.0,0.0,3,1.0,4.0,Athlete,27,Eliminated,9.0,5,Sharna Burgess,0
22,1,Doug Flutie,5.0,-8.093399999999999,3,0.0,11.0,Athlete,53,Eliminated,6.0,9,Karina Smirnoff,0
22,1,Geraldo Rivera,4.333333333333333,-10.7912,3,0.5773502691896257,12.0,Journalist,72,Eliminated,2.0,12,Edyta Sliwinska,0
22,1,Ginger Zee,7.666666666666667,2.6978,3,0.5773502691896257,1.0,News Anchor,35,Finalist,9.0,3,Valentin Chmerkovskiy,0
22,1,Jodie Sweetin,6.666666666666667,-1.3489,3,0.5773502691896257,8.0,Actor/Actress,34,Eliminated,8.0,6,Keo Motsepe,0
22,1,Kim Fields,6.666666666666667,-1.3489,3,0.5773502691896257,8.0,Actor/Actress,46,Eliminated,7.0,8,Sasha Farber,0
22,1,Marla Maples,7.0,0.0,3,0.0,4.0,Tv Personality,52,Eliminated,4.0,10,Tony Dovolani,0
22,1,Mischa Barton,5.333333333333333,-6.7445,3,0.5773502691896258,10.0,Actor/Actress,30,Eliminated,3.0,11,Artem Chigvintsev,0
22,1,Nyle Dimarco,7.666666666666667,2.6978,3,0.5773502691896257,1.0,Model,26,Winner,9.0,1,Peta Murgatroyd,0
22,1,Paige Vanzant,7.0,0.0,3,0.0,4.0,Athlete,22,RunnerUp,9.0,2,Mark Ballas,0
22,1,Von Miller,7.0,0.0,3,1.0,4.0,Athlete,27,Eliminated,7.0,7,Witney Carson,0
22,1,Wanya Morris,7.666666666666667,2.6978,3,0.5773502691896257,1.0,Singer/Rapper,42,Eliminated,9.0,4,Lindsay Arnold,0
22,2,Antonio Brown,6.333333333333333,-2.6978,3,0.5773502691896258,9.0,Athlete,27,Eliminated,9.0,5,Sharna Burgess,0
22,2,Doug Flutie,6.666666666666667,-1.3489,3,0.5773502691896257,5.0,Athlete,53,Eliminated,6.0,9,Karina Smirnoff,0
22,2,Geraldo Rivera,4.333333333333333,-10.7912,3,0.5773502691896257,12.0,Journalist,72,Eliminated,2.0,12,Edyta Sliwinska,0
22,2,Ginger Zee,7.0,0.0,3,0.0,3.0,News Anchor,35,Finalist,9.0,3,Valentin Chmerkovskiy,0
22,2,Jodie Sweetin,7.0,0.0,3,0.0,3.0,Actor/Actress,34,Eliminated,8.0,6,Keo Motsepe,0
22,2,Kim Fields,6.333333333333333,-2.6978,3,0.5773502691896257,9.0,Actor/Actress,46,Eliminated,7.0,8,Sasha Farber,0
22,2,Marla Maples,6.666666666666667,-1.3489,3,0.5773502691896257,5.0,Tv Personality,52,Eliminated,4.0,10,Tony Dovolani,0
22,2,Mischa Barton,5.0,-8.093399999999999,3,0.0,11.0,Actor/Actress,30,Eliminated,3.0,11,Artem Chigvintsev,0
22,2,Nyle Dimarco,6.666666666666667,-1.3489,3,0.5773502691896257,5.0,Model,26,Winner,9.0,1,Peta Murgatroyd,0
22,2,Paige Vanzant,8.0,4.0466999999999995,3,0.0,1.0,Athlete,22,RunnerUp,9.0,2,Mark Ballas,0
22,2,Von Miller,6.666666666666667,-1.3489,3,0.5773502691896257,5.0,Athlete,27,Eliminated,7.0,7,Witney Carson,0
22,2,Wanya Morris,8.0,4.0466999999999995,3,0.0,1.0,Singer/Rapper,42,Eliminated,9.0,4,Lindsay Arnold,0
22,3,Antonio Brown,6.666666666666667,-1.3489,3,0.5773502691896257,8.0,Athlete,27,Eliminated,9.0,5,Sharna Burgess,0
22,3,Doug Flutie,6.666666666666667,-1.3489,3,0.5773502691896257,8.0,Athlete,53,Eliminated,6.0,9,Karina Smirnoff,0
22,3,Ginger Zee,7.0,0.0,3,0.0,6.0,News Anchor,35,Finalist,9.0,3,Valentin Chmerkovskiy,0
22,3,Jodie Sweetin,7.666666666666667,2.6978,3,0.5773502691896257,3.0,Actor/Actress,34,Eliminated,8.0,6,Keo Motsepe,0
22,3,Kim Fields,7.333333333333333,1.3489,3,0.5773502691896257,5.0,Actor/Actress,46,Eliminated,7.0,8,Sasha Farber,0
22,3,Marla Maples,7.0,0.0,3,0.0,6.0,Tv Personality,52,Eliminated,4.0,10,Tony Dovolani,0
22,3,Mischa Barton,6.0,-4.0466999999999995,3,0.0,11.0,Actor/Actress,30,Eliminated,3.0,11,Artem Chigvintsev,0
22,3,Nyle Dimarco,8.333333333333334,5.3956,3,0.5773502691896255,1.0,Model,26,Winner,9.0,1,Peta Murgatroyd,0
22,3,Paige Vanzant,7.666666666666667,2.6978,3,0.5773502691896257,3.0,Athlete,22,RunnerUp,9.0,2,Mark Ballas,0
22,3,Von Miller,6.666666666666667,-1.3489,3,0.5773502691896257,8.0,Athlete,27,Eliminated,7.0,7,Witney Carson,0
22,3,Wanya Morris,8.0,4.0466999999999995,3,0.0,2.0,Singer/Rapper,42,Eliminated,9.0,4,Lindsay Arnold,0
22,4,Antonio Brown,8.75,2.0233499999999998,4,0.5000000000000001,3.0,Athlete,27,Eliminated,9.0,5,Sharna Burgess,0
22,4,Doug Flutie,6.0,-5.3956,4,0.0,10.0,Athlete,53,Eliminated,6.0,9,Karina Smirnoff,0
22,4,Ginger Zee,9.0,2.6978,4,0.0,1.0,News Anchor,35,Finalist,9.0,3,Valentin Chmerkovskiy,0
22,4,Jodie Sweetin,6.75,-3.37225,4,0.4999999999999999,9.0,Actor/Actress,34,Eliminated,8.0,6,Keo Motsepe,0
22,4,Kim Fields,8.0,0.0,4,0.0,6.0,Actor/Actress,46,Eliminated,7.0,8,Sasha Farber,0
22,4,Marla Maples,7.0,-2.6978,4,0.0,8.0,Tv Personality,52,Eliminated,4.0,10,Tony Dovolani,0
22,4,Nyle Dimarco,8.5,1.3489,4,0.5773502691896255,5.0,Model,26,Winner,9.0,1,Peta Murgatroyd,0
22,4,Paige Vanzant,9.0,2.6978,4,0.0,1.0,Athlete,22,RunnerUp,9.0,2,Mark Ballas,0
22,4,Von Miller,8.0,0.0,4,0.0,6.0,Athlete,27,Eliminated,7.0,7,Witney Carson,0
22,4,Wanya Morris,8.75,2.0233499999999998,4,0.5000000000000001,3.0,Singer/Rapper,42,Eliminated,9.0,4,Lindsay Arnold,0
22,5,Antonio Brown,6.5,-8.093399999999999,4,0.5773502691896257,9.0,Athlete,27,Eliminated,9.0,5,Sharna Burgess,0
22,5,Doug Flutie,7.0,-5.3956,4,0.0,7.0,Athlete,53,Eliminated,6.0,9,Karina Smirnoff,0
22,5,Ginger Zee,8.0,0.0,4,0.0,3.0,News Anchor,35,Finalist,9.0,3,Valentin Chmerkovskiy,0
22,5,Jodie Sweetin,8.75,4.0466999999999995,4,0.5000000000000001,2.0,Actor/Actress,34,Eliminated,8.0,6,Keo Motsepe,0
22,5,Kim Fields,7.0,-5.3956,4,1.1547005383792515,7.0,Actor/Actress,46,Eliminated,7.0,8,Sasha Farber,0
22,5,Nyle Dimarco,9.25,6.7445,4,0.5000000000000001,1.0,Model,26,Winner,9.0,1,Peta Murgatroyd,0
22,5,Paige Vanzant,7.75,-1.3489,4,0.5,4.0,Athlete,22,RunnerUp,9.0,2,Mark Ballas,0
22,5,Von Miller,7.25,-4.0466999999999995,4,0.4999999999999999,6.0,Athlete,27,Eliminated,7.0,7,Witney Carson,0
22,5,Wanya Morris,7.5,-2.6978,4,0.5773502691896257,5.0,Singer/Rapper,42,Eliminated,9.0,4,Lindsay Arnold,0
22,6,Antonio Brown,9.0,4.0466999999999995,3,0.0,3.0,Athlete,27,Eliminated,9.0,5,Sharna Burgess,0
22,6,Doug Flutie,7.0,-4.0466999999999995,3,0.0,9.0,Athlete,53,Eliminated,6.0,9,Karina Smirnoff,0
22,6,Ginger Zee,8.0,0.0,3,0.0,6.0,News Anchor,35,Finalist,9.0,3,Valentin Chmerkovskiy,0
22,6,Jodie Sweetin,8.333333333333334,1.3489,3,0.5773502691896258,4.0,Actor/Actress,34,Eliminated,8.0,6,Keo Motsepe,0
22,6,Kim Fields,8.0,0.0,3,0.0,6.0,Actor/Actress,46,Eliminated,7.0,8,Sasha Farber,0
22,6,Nyle Dimarco,8.333333333333334,1.3489,3,0.5773502691896255,4.0,Model,26,Winner,9.0,1,Peta Murgatroyd,0
22,6,Paige Vanzant,9.333333333333334,5.3956,3,0.5773502691896258,2.0,Athlete,22,RunnerUp,9.0,2,Mark Ballas,0
22,6,Von Miller,8.0,0.0,3,0.0,6.0,Athlete,27,Eliminated,7.0,7,Witney Carson,0
22,6,Wanya Morris,9.666666666666666,6.7445,3,0.5773502691896258,1.0,Singer/Rapper,42,Eliminated,9.0,4,Lindsay Arnold,0
22,7,Antonio Brown,8.666666666666666,-2.6978,3,0.28867513459481314,5.0,Athlete,27,Eliminated,9.0,5,Sharna Burgess,0
22,7,Ginger Zee,9.166666666666666,1.3489,3,0.28867513459481314,2.0,News Anchor,35,Finalist,9.0,3,Valentin Chmerkovskiy,0
22,7,Jodie Sweetin,8.5,-4.0466999999999995,3,0.5,8.0,Actor/Actress,34,Eliminated,8.0,6,Keo Motsepe,0
22,7,Kim Fields,8.666666666666666,-2.6978,3,0.28867513459481314,5.0,Actor/Actress,46,Eliminated,7.0,8,Sasha Farber,0
22,7,Nyle Dimarco,9.333333333333334,2.6978,3,0.28867513459481275,1.0,Model,26,Winner,9.0,1,Peta Murgatroyd,0
22,7,Paige Vanzant,9.166666666666666,1.3489,3,0.28867513459481314,2.0,Athlete,22,RunnerUp,9.0,2,Mark Ballas,0
22,7,Von Miller,8.666666666666666,-2.6978,3,0.28867513459481314,5.0,Athlete,27,Eliminated,7.0,7,Witney Carson,0
22,7,Wanya Morris,9.166666666666666,1.3489,3,0.28867513459481314,2.0,Singer/Rapper,42,Eliminated,9.0,4,Lindsay Arnold,0
22,8,Antonio Brown,9.0,-2.0233499999999998,3,0.0,5.0,Athlete,27,Eliminated,9.0,5,Sharna Burgess,0
22,8,Ginger Zee,10.0,2.0233499999999998,3,0.0,1.0,News Anchor,35,Finalist,9.0,3,Valentin Chmerkovskiy,0
22,8,Jodie Sweetin,10.0,2.0233499999999998,3,0.0,1.0,Actor/Actress,34,Eliminated,8.0,6,Keo Motsepe,0
22,8,Nyle Dimarco,9.666666666666666,0.67445,3,0.5773502691896258,3.0,Model,26,Winner,9.0,1,Peta Murgatroyd,0
22,8,Paige Vanzant,9.333333333333334,-0.67445,3,0.5773502691896258,4.0,Athlete,22,RunnerUp,9.0,2,Mark Ballas,0
22,8,Wanya Morris,8.333333333333334,-4.72115,3,0.5773502691896255,6.0,Singer/Rapper,42,Eliminated,9.0,4,Lindsay Arnold,0
22,9,Antonio Brown,9.166666666666666,-2.6978,3,0.28867513459481314,5.0,Athlete,27,Eliminated,9.0,5,Sharna Burgess,0
22,9,Ginger Zee,9.333333333333334,-1.3489,3,0.28867513459481275,4.0,News Anchor,35,Finalist,9.0,3,Valentin Chmerkovskiy,0
22,9,Nyle Dimarco,9.5,0.0,3,0.0,3.0,Model,26,Winner,9.0,1,Peta Murgatroyd,0
22,9,Paige Vanzant,9.833333333333334,2.6978,3,0.28867513459481275,2.0,Athlete,22,RunnerUp,9.0,2,Mark Ballas,0
22,9,Wanya Morris,10.0,4.0466999999999995,3,0.0,1.0,Singer/Rapper,42,Eliminated,9.0,4,Lindsay Arnold,0
23,1,Amber Rose,6.0,0.0,4,0.0,9.0,Model,32,Eliminated,6.0,9,Maksim Chmerkoskiy,0
23,1,Babyface,6.5,2.6978,4,0.5773502691896257,5.0,Singer/Rapper,57,Eliminated,4.0,11,Allison Holker,0
23,1,Calvin Johnson Jr.,6.5,2.6978,4,0.5773502691896257,5.0,Athlete,30,Finalist,11.0,3,Lindsay Arnold,0
23,1,Jake T. Austin,5.5,-2.6978,4,0.5773502691896257,11.0,Actor/Actress,21,Eliminated,2.0,13,Jenna Johnson,0
23,1,James Hinchcliffe,7.75,9.4423,4,0.5,1.0,Racing Driver,29,RunnerUp,11.0,2,Sharna Burgess,0
23,1,Jana Kramer,6.75,4.0466999999999995,4,0.9574271077563382,3.0,Singer/Rapper,32,Eliminated,11.0,4,Gleb Savchenko,0
23,1,Laurie Hernandez,7.75,9.4423,4,0.5,1.0,Athlete,16,Winner,11.0,1,Valentin Chmerkovskiy,0
23,1,Marilu Henner,6.75,4.0466999999999995,4,0.5,3.0,Actor/Actress,64,Eliminated,9.0,6,Derek Hough,0
23,1,Maureen Mccormick,5.5,-2.6978,4,0.5773502691896257,11.0,Actor/Actress,60,Eliminated,7.0,8,Artem Chigvintsev,0
23,1,Rick Perry,5.0,-5.3956,4,0.0,13.0,Politician,66,Eliminated,3.0,12,Emma Slater,0
23,1,Ryan Lochte,6.0,0.0,4,0.0,9.0,Athlete,32,Eliminated,8.0,7,Cheryl Burke,0
23,1,Terra Jole,6.25,1.3489,4,0.4999999999999999,7.0,Tv Personality,36,Eliminated,10.0,5,Sasha Farber,0
23,1,Vanilla Ice,6.25,1.3489,4,0.9574271077563381,7.0,Singer/Rapper,48,Eliminated,4.0,10,Witney Carson,0
23,2,Amber Rose,6.0,-5.3956,4,0.0,10.0,Model,32,Eliminated,6.0,9,Maksim Chmerkoskiy,0
23,2,Babyface,7.5,2.6978,4,0.5773502691896257,3.0,Singer/Rapper,57,Eliminated,4.0,11,Allison Holker,0
23,2,Calvin Johnson Jr.,7.0,0.0,4,0.0,6.0,Athlete,30,Finalist,11.0,3,Lindsay Arnold,0
23,2,Jake T. Austin,6.0,-5.3956,4,0.0,10.0,Actor/Actress,21,Eliminated,2.0,13,Jenna Johnson,0
23,2,James Hinchcliffe,7.25,1.3489,4,0.5,4.0,Racing Driver,29,RunnerUp,11.0,2,Sharna Burgess,0
23,2,Jana Kramer,7.25,1.3489,4,0.4999999999999999,4.0,Singer/Rapper,32,Eliminated,11.0,4,Gleb Savchenko,0
23,2,Laurie Hernandez,8.0,5.3956,4,0.0,1.0,Athlete,16,Winner,11.0,1,Valentin Chmerkovskiy,0
23,2,Marilu Henner,6.75,-1.3489,4,0.4999999999999999,7.0,Actor/Actress,64,Eliminated,9.0,6,Derek Hough,0
23,2,Maureen Mccormick,6.5,-2.6978,4,0.5773502691896257,8.0,Actor/Actress,60,Eliminated,7.0,8,Artem Chigvintsev,0
23,2,Rick Perry,5.5,-8.093399999999999,4,0.5773502691896257,13.0,Politician,66,Eliminated,3.0,12,Emma Slater,0
23,2,Ryan Lochte,6.0,-5.3956,4,0.0,10.0,Athlete,32,Eliminated,8.0,7,Cheryl Burke,0
23,2,Terra Jole,7.75,4.0466999999999995,4,0.4999999999999999,2.0,Tv Personality,36,Eliminated,10.0,5,Sasha Farber,0
23,2,Vanilla Ice,6.5,-2.6978,4,0.5773502691896257,8.0,Singer/Rapper,48,Eliminated,4.0,10,Witney Carson,0
23,3,Amber Rose,6.25,-4.0466999999999995,4,0.4999999999999999,8.0,Model,32,Eliminated,6.0,9,Maksim Chmerkoskiy,0
23,3,Babyface,6.25,-4.0466999999999995,4,0.4999999999999999,8.0,Singer/Rapper,57,Eliminated,4.0,11,Allison Holker,0
23,3,Calvin Johnson Jr.,8.0,5.3956,4,0.0,1.0,Athlete,30,Finalist,11.0,3,Lindsay Arnold,0
23,3,James Hinchcliffe,7.25,1.3489,4,0.5,4.0,Racing Driver,29,RunnerUp,11.0,2,Sharna Burgess,0
23,3,Jana Kramer,6.5,-2.6978,4,0.5773502691896257,7.0,Singer/Rapper,32,Eliminated,11.0,4,Gleb Savchenko,0
23,3,Laurie Hernandez,7.75,4.0466999999999995,4,0.4999999999999999,2.0,Athlete,16,Winner,11.0,1,Valentin Chmerkovskiy,0
23,3,Marilu Henner,7.0,0.0,4,0.0,5.0,Actor/Actress,64,Eliminated,9.0,6,Derek Hough,0
23,3,Maureen Mccormick,7.0,0.0,4,0.0,5.0,Actor/Actress,60,Eliminated,7.0,8,Artem Chigvintsev,0
23,3,Rick Perry,5.75,-6.7445,4,0.4999999999999999,11.0,Politician,66,Eliminated,3.0,12,Emma Slater,0
23,3,Ryan Lochte,6.25,-4.0466999999999995,4,0.4999999999999999,8.0,Athlete,32,Eliminated,8.0,7,Cheryl Burke,0
23,3,Terra Jole,7.5,2.6978,4,0.5773502691896257,3.0,Tv Personality,36,Eliminated,10.0,5,Sasha Farber,0
23,3,Vanilla Ice,5.75,-6.7445,4,0.5,11.0,Singer/Rapper,48,Eliminated,4.0,10,Witney Carson,0
23,4,Amber Rose,8.0,0.0,3,0.0,4.0,Model,32,Eliminated,6.0,9,Maksim Chmerkoskiy,0
23,4,Babyface,6.0,-8.093399999999999,3,0.0,11.0,Singer/Rapper,57,Eliminated,4.0,11,Allison Holker,0
23,4,Calvin Johnson Jr.,7.666666666666667,-1.3489,3,0.5773502691896257,6.0,Athlete,30,Finalist,11.0,3,Lindsay Arnold,0
23,4,James Hinchcliffe,9.333333333333334,5.3956,3,0.5773502691896255,2.0,Racing Driver,29,RunnerUp,11.0,2,Sharna Burgess,0
23,4,Jana Kramer,7.666666666666667,-1.3489,3,0.5773502691896257,6.0,Singer/Rapper,32,Eliminated,11.0,4,Gleb Savchenko,0
23,4,Laurie Hernandez,10.0,8.093399999999999,3,0.0,1.0,Athlete,16,Winner,11.0,1,Valentin Chmerkovskiy,0
23,4,Marilu Henner,7.0,-4.0466999999999995,3,0.0,10.0,Actor/Actress,64,Eliminated,9.0,6,Derek Hough,0
23,4,Maureen Mccormick,8.0,0.0,3,0.0,4.0,Actor/Actress,60,Eliminated,7.0,8,Artem Chigvintsev,0
23,4,Ryan Lochte,7.333333333333333,-2.6978,3,0.5773502691896258,9.0,Athlete,32,Eliminated,8.0,7,Cheryl Burke,0
23,4,Terra Jole,8.333333333333334,1.3489,3,0.5773502691896258,3.0,Tv Personality,36,Eliminated,10.0,5,Sasha Farber,0
23,4,Vanilla Ice,7.666666666666667,-1.3489,3,0.5773502691896257,6.0,Singer/Rapper,48,Eliminated,4.0,10,Witney Carson,0
23,5,Amber Rose,8.0,0.0,3,0.0,6.0,Model,32,Eliminated,6.0,9,Maksim Chmerkoskiy,0
23,5,Calvin Johnson Jr.,8.0,0.0,3,0.0,6.0,Athlete,30,Finalist,11.0,3,Lindsay Arnold,0
23,5,James Hinchcliffe,9.666666666666666,6.7445,3,0.5773502691896258,1.0,Racing Driver,29,RunnerUp,11.0,2,Sharna Burgess,0
23,5,Jana Kramer,8.666666666666666,2.6978,3,0.5773502691896258,4.0,Singer/Rapper,32,Eliminated,11.0,4,Gleb Savchenko,0
23,5,Laurie Hernandez,8.333333333333334,1.3489,3,0.5773502691896258,5.0,Athlete,16,Winner,11.0,1,Valentin Chmerkovskiy,0
23,5,Marilu Henner,9.0,4.0466999999999995,3,0.0,2.0,Actor/Actress,64,Eliminated,9.0,6,Derek Hough,0
23,5,Maureen Mccormick,8.0,0.0,3,0.0,6.0,Actor/Actress,60,Eliminated,7.0,8,Artem Chigvintsev,0
23,5,Ryan Lochte,8.0,0.0,3,0.0,6.0,Athlete,32,Eliminated,8.0,7,Cheryl Burke,0
23,5,Terra Jole,9.0,4.0466999999999995,3,0.0,2.0,Tv Personality,36,Eliminated,10.0,5,Sasha Farber,0
23,6,Amber Rose,7.0,-6.47472,4,0.0,9.0,Model,32,Eliminated,6.0,9,Maksim Chmerkoskiy,0
23,6,Calvin Johnson Jr.,9.25,3.23736,4,0.5000000000000001,3.0,Athlete,30,Finalist,11.0,3,Lindsay Arnold,0
23,6,James Hinchcliffe,9.5,4.31648,4,0.5773502691896257,2.0,Racing Driver,29,RunnerUp,11.0,2,Sharna Burgess,0
23,6,Jana Kramer,10.0,6.47472,4,0.0,1.0,Singer/Rapper,32,Eliminated,11.0,4,Gleb Savchenko,0
23,6,Laurie Hernandez,9.25,3.23736,4,0.5,3.0,Athlete,16,Winner,11.0,1,Valentin Chmerkovskiy,0
23,6,Marilu Henner,8.5,0.0,4,0.5773502691896257,5.0,Actor/Actress,64,Eliminated,9.0,6,Derek Hough,0
23,6,Maureen Mccormick,7.75,-3.23736,4,0.4999999999999999,6.0,Actor/Actress,60,Eliminated,7.0,8,Artem Chigvintsev,0
23,6,Ryan Lochte,7.5,-4.31648,4,0.5773502691896257,7.0,Athlete,32,Eliminated,8.0,7,Cheryl Burke,0
23,6,Terra Jole,7.5,-4.31648,4,0.5773502691896257,7.0,Tv Personality,36,Eliminated,10.0,5,Sasha Farber,0
23,7,Calvin Johnson Jr.,9.25,4.0466999999999995,4,0.28867513459481287,1.0,Athlete,30,Finalist,11.0,3,Lindsay Arnold,0
23,7,James Hinchcliffe,9.25,4.0466999999999995,4,0.28867513459481287,1.0,Racing Driver,29,RunnerUp,11.0,2,Sharna Burgess,0
23,7,Jana Kramer,8.625,0.67445,4,0.47871355387816905,3.0,Singer/Rapper,32,Eliminated,11.0,4,Gleb Savchenko,0
23,7,Laurie Hernandez,8.625,0.67445,4,0.47871355387816905,3.0,Athlete,16,Winner,11.0,1,Valentin Chmerkovskiy,0
23,7,Marilu Henner,8.0,-2.6978,4,0.408248290463863,8.0,Actor/Actress,64,Eliminated,9.0,6,Derek Hough,0
23,7,Maureen Mccormick,8.25,-1.3489,4,0.28867513459481287,6.0,Actor/Actress,60,Eliminated,7.0,8,Artem Chigvintsev,0
23,7,Ryan Lochte,8.25,-1.3489,4,0.28867513459481287,6.0,Athlete,32,Eliminated,8.0,7,Cheryl Burke,0
23,7,Terra Jole,8.625,0.67445,4,0.2500000000000001,3.0,Tv Personality,36,Eliminated,10.0,5,Sasha Farber,0
23,8,Calvin Johnson Jr.,10.0,0.0,3,0.0,3.0,Athlete,30,Finalist,11.0,3,Lindsay Arnold,0
23,8,James Hinchcliffe,11.6666,2.248076740000001,3,0.0,1.0,Racing Driver,29,RunnerUp,11.0,2,Sharna Burgess,0
23,8,Jana Kramer,10.0,0.0,3,0.0,3.0,Singer/Rapper,32,Eliminated,11.0,4,Gleb Savchenko,0
23,8,Laurie Hernandez,11.0,1.3488999999999998,3,0.0,2.0,Athlete,16,Winner,11.0,1,Valentin Chmerkovskiy,0
23,8,Marilu Henner,7.666666666666667,-3.147433333333333,3,0.5773502691896257,7.0,Actor/Actress,64,Eliminated,9.0,6,Derek Hough,0
23,8,Ryan Lochte,8.666666666666666,-1.798533333333333,3,0.5773502691896258,5.0,Athlete,32,Eliminated,8.0,7,Cheryl Burke,0
23,8,Terra Jole,8.0,-2.6977999999999995,3,0.0,6.0,Tv Personality,36,Eliminated,10.0,5,Sasha Farber,0
23,9,Calvin Johnson Jr.,9.25,1.3489,4,0.49999999999999983,4.0,Athlete,30,Finalist,11.0,3,Lindsay Arnold,0
23,9,James Hinchcliffe,9.0,0.0,4,0.0,5.0,Racing Driver,29,RunnerUp,11.0,2,Sharna Burgess,0
23,9,Jana Kramer,10.0,5.3956,4,0.0,1.0,Singer/Rapper,32,Eliminated,11.0,4,Gleb Savchenko,0
23,9,Laurie Hernandez,10.0,5.3956,4,0.0,1.0,Athlete,16,Winner,11.0,1,Valentin Chmerkovskiy,0
23,9,Marilu Henner,9.0,0.0,4,0.0,5.0,Actor/Actress,64,Eliminated,9.0,6,Derek Hough,0
23,9,Terra Jole,9.5,2.6978,4,0.5773502691896255,3.0,Tv Personality,36,Eliminated,10.0,5,Sasha Farber,0
23,10,Calvin Johnson Jr.,9.333333333333334,-5.3956,3,0.28867513459481275,5.0,Athlete,30,Finalist,11.0,3,Lindsay Arnold,0
23,10,James Hinchcliffe,9.833333333333334,-1.3489,3,0.28867513459481275,3.0,Racing Driver,29,RunnerUp,11.0,2,Sharna Burgess,0
23,10,Jana Kramer,9.666666666666666,-2.6978,3,0.28867513459481314,4.0,Singer/Rapper,32,Eliminated,11.0,4,Gleb Savchenko,0
23,10,Laurie Hernandez,10.0,0.0,3,0.0,1.0,Athlete,16,Winner,11.0,1,Valentin Chmerkovskiy,0
23,10,Terra Jole,10.0,0.0,3,0.0,1.0,Tv Personality,36,Eliminated,10.0,5,Sasha Farber,0
23,11,Calvin Johnson Jr.,9.583275,-1.0791199999999999,4,0.16665000000000063,3.0,Athlete,30,Finalist,11.0,3,Lindsay Arnold,0
23,11,James Hinchcliffe,9.74995,1.079443768376831,4,0.16669999999999977,2.0,Racing Driver,29,RunnerUp,11.0,2,Sharna Burgess,0
23,11,Jana Kramer,8.875,-10.251801884188389,4,0.24999999999999983,4.0,Singer/Rapper,32,Eliminated,11.0,4,Gleb Savchenko,0
23,11,Laurie Hernandez,9.833300000000001,2.158887536753662,4,0.19248857974782044,1.0,Athlete,16,Winner,11.0,1,Valentin Chmerkovskiy,0
24,1,Bonner Bolton,5.5,-1.3489,4,0.5773502691896257,9.0,Athlete,29,Eliminated,8.0,5,Sharna Burgess,0
24,1,Charo,5.25,-2.0233499999999998,4,0.4999999999999999,10.0,Actor/Actress,66,Eliminated,3.0,11,Keo Motsepe,0
24,1,Chris Kattan,4.25,-4.72115,4,0.4999999999999999,12.0,Comedian,46,Eliminated,2.0,12,Witney Carson,0
24,1,David Ross,7.0,2.6978,4,0.0,3.0,Athlete,40,RunnerUp,9.0,2,Lindsay Arnold,0
24,1,Erika Jayne,6.0,0.0,4,0.0,7.0,Singer/Rapper,45,Eliminated,5.0,9,Gleb Savchenko,0
24,1,Heather Morris,7.0,2.6978,4,0.0,3.0,Actor/Actress,30,Eliminated,6.0,8,Maksim Chmerkoskiy,0
24,1,Mr. T,5.0,-2.6978,4,0.0,11.0,Actor/Actress,64,Eliminated,4.0,10,Kym Herjavec,0
24,1,Nancy Kerrigan,7.0,2.6978,4,0.0,3.0,Athlete,47,Eliminated,7.0,7,Artem Chigvintsev,0
24,1,Nick Viall,6.0,0.0,4,0.0,7.0,Tv Personality,36,Eliminated,7.0,6,Peta Murgatroyd,0
24,1,Normani,6.75,2.0233499999999998,4,0.4999999999999999,6.0,Singer/Rapper,20,Finalist,9.0,3,Valentin Chmerkovskiy,0
24,1,Rashad Jennings,7.75,4.72115,4,0.4999999999999999,2.0,Athlete,32,Winner,9.0,1,Emma Slater,0
24,1,Simone Biles,8.0,5.3956,4,0.0,1.0,Athlete,20,Eliminated,9.0,4,Sasha Farber,0
24,2,Bonner Bolton,7.0,0.0,4,1.4142135623730951,5.0,Athlete,29,Eliminated,8.0,5,Sharna Burgess,0
24,2,Charo,6.25,-2.0233499999999998,4,0.5,9.0,Actor/Actress,66,Eliminated,3.0,11,Keo Motsepe,0
24,2,Chris Kattan,5.5,-4.0466999999999995,4,0.5773502691896257,11.0,Comedian,46,Eliminated,2.0,12,Witney Carson,0
24,2,David Ross,6.75,-0.67445,4,0.4999999999999999,8.0,Athlete,40,RunnerUp,9.0,2,Lindsay Arnold,0
24,2,Erika Jayne,7.0,0.0,4,0.0,5.0,Singer/Rapper,45,Eliminated,5.0,9,Gleb Savchenko,0
24,2,Heather Morris,7.5,1.3489,4,1.0,3.0,Actor/Actress,30,Eliminated,6.0,8,Maksim Chmerkoskiy,0
24,2,Mr. T,5.5,-4.0466999999999995,4,0.5773502691896257,11.0,Actor/Actress,64,Eliminated,4.0,10,Kym Herjavec,0
24,2,Nancy Kerrigan,7.0,0.0,4,0.0,5.0,Athlete,47,Eliminated,7.0,7,Artem Chigvintsev,0
24,2,Nick Viall,6.25,-2.0233499999999998,4,0.9574271077563381,9.0,Tv Personality,36,Eliminated,7.0,6,Peta Murgatroyd,0
24,2,Normani,8.0,2.6978,4,0.0,1.0,Singer/Rapper,20,Finalist,9.0,3,Valentin Chmerkovskiy,0
24,2,Rashad Jennings,8.0,2.6978,4,0.0,1.0,Athlete,32,Winner,9.0,1,Emma Slater,0
24,2,Simone Biles,7.25,0.67445,4,0.5,4.0,Athlete,20,Eliminated,9.0,4,Sasha Farber,0
24,3,Bonner Bolton,6.0,-2.6978,4,0.0,9.0,Athlete,29,Eliminated,8.0,5,Sharna Burgess,0
24,3,Charo,6.0,-2.6978,4,0.0,9.0,Actor/Actress,66,Eliminated,3.0,11,Keo Motsepe,0
24,3,David Ross,7.75,2.0233499999999998,4,0.4999999999999999,5.0,Athlete,40,RunnerUp,9.0,2,Lindsay Arnold,0
24,3,Erika Jayne,6.5,-1.3489,4,0.5773502691896257,7.0,Singer/Rapper,45,Eliminated,5.0,9,Gleb Savchenko,0
24,3,Heather Morris,8.25,3.37225,4,0.5000000000000001,2.0,Actor/Actress,30,Eliminated,6.0,8,Maksim Chmerkoskiy,0
24,3,Mr. T,6.0,-2.6978,4,0.0,9.0,Actor/Actress,64,Eliminated,4.0,10,Kym Herjavec,0
24,3,Nancy Kerrigan,8.25,3.37225,4,0.5000000000000001,2.0,Athlete,47,Eliminated,7.0,7,Artem Chigvintsev,0
24,3,Nick Viall,6.5,-1.3489,4,0.5773502691896257,7.0,Tv Personality,36,Eliminated,7.0,6,Peta Murgatroyd,0
24,3,Normani,8.5,4.0466999999999995,4,0.5773502691896255,1.0,Singer/Rapper,20,Finalist,9.0,3,Valentin Chmerkovskiy,0
24,3,Rashad Jennings,7.0,0.0,4,0.0,6.0,Athlete,32,Winner,9.0,1,Emma Slater,0
24,3,Simone Biles,8.0,2.6978,4,0.816496580927726,4.0,Athlete,20,Eliminated,9.0,4,Sasha Farber,0
24,4,Bonner Bolton,8.0,0.0,4,0.0,5.0,Athlete,29,Eliminated,8.0,5,Sharna Burgess,0
24,4,David Ross,7.75,-1.07912,4,0.4999999999999999,7.0,Athlete,40,RunnerUp,9.0,2,Lindsay Arnold,0
24,4,Erika Jayne,7.5,-2.15824,4,0.5773502691896257,8.0,Singer/Rapper,45,Eliminated,5.0,9,Gleb Savchenko,0
24,4,Heather Morris,8.75,3.2373600000000002,4,0.5000000000000001,3.0,Actor/Actress,30,Eliminated,6.0,8,Maksim Chmerkoskiy,0
24,4,Mr. T,7.0,-4.31648,4,0.0,10.0,Actor/Actress,64,Eliminated,4.0,10,Kym Herjavec,0
24,4,Nancy Kerrigan,8.25,1.07912,4,0.5000000000000001,4.0,Athlete,47,Eliminated,7.0,7,Artem Chigvintsev,0
24,4,Nick Viall,7.5,-2.15824,4,0.5773502691896257,8.0,Tv Personality,36,Eliminated,7.0,6,Peta Murgatroyd,0
24,4,Normani,8.0,0.0,4,0.8164965809277259,5.0,Singer/Rapper,20,Finalist,9.0,3,Valentin Chmerkovskiy,0
24,4,Rashad Jennings,9.75,7.553840000000001,4,0.5000000000000001,1.0,Athlete,32,Winner,9.0,1,Emma Slater,0
24,4,Simone Biles,9.0,4.31648,4,0.0,2.0,Athlete,20,Eliminated,9.0,4,Sasha Farber,0
24,5,Bonner Bolton,7.5,-2.6978,4,0.5773502691896257,8.0,Athlete,29,Eliminated,8.0,5,Sharna Burgess,0
24,5,David Ross,7.25,-4.0466999999999995,4,0.5,9.0,Athlete,40,RunnerUp,9.0,2,Lindsay Arnold,0
24,5,Erika Jayne,8.0,0.0,4,0.0,6.0,Singer/Rapper,45,Eliminated,5.0,9,Gleb Savchenko,0
24,5,Heather Morris,8.5,2.6978,4,0.5773502691896255,4.0,Actor/Actress,30,Eliminated,6.0,8,Maksim Chmerkoskiy,0
24,5,Nancy Kerrigan,9.0,5.3956,4,0.0,3.0,Athlete,47,Eliminated,7.0,7,Artem Chigvintsev,0
24,5,Nick Viall,8.5,2.6978,4,0.5773502691896257,4.0,Tv Personality,36,Eliminated,7.0,6,Peta Murgatroyd,0
24,5,Normani,9.75,9.4423,4,0.5000000000000001,1.0,Singer/Rapper,20,Finalist,9.0,3,Valentin Chmerkovskiy,0
24,5,Rashad Jennings,8.0,0.0,4,0.816496580927726,6.0,Athlete,32,Winner,9.0,1,Emma Slater,0
24,5,Simone Biles,9.5,8.093399999999999,4,0.5773502691896255,2.0,Athlete,20,Eliminated,9.0,4,Sasha Farber,0
24,6,Bonner Bolton,7.875,-2.9975555555555555,4,0.47871355387816905,6.0,Athlete,29,Eliminated,8.0,5,Sharna Burgess,0
24,6,David Ross,7.75,-3.5970666666666666,4,0.4999999999999999,7.0,Athlete,40,RunnerUp,9.0,2,Lindsay Arnold,0
24,6,Heather Morris,9.25,3.5970666666666666,4,0.28867513459481287,1.0,Actor/Actress,30,Eliminated,6.0,8,Maksim Chmerkoskiy,0
24,6,Nancy Kerrigan,8.375,-0.5995111111111111,4,0.2500000000000001,5.0,Athlete,47,Eliminated,7.0,7,Artem Chigvintsev,0
24,6,Nick Viall,7.625,-4.196577777777778,4,0.25000000000000006,8.0,Tv Personality,36,Eliminated,7.0,6,Peta Murgatroyd,0
24,6,Normani,9.0,2.3980444444444444,4,0.7071067811865476,2.0,Singer/Rapper,20,Finalist,9.0,3,Valentin Chmerkovskiy,0
24,6,Rashad Jennings,8.75,1.1990222222222222,4,0.5000000000000001,3.0,Athlete,32,Winner,9.0,1,Emma Slater,0
24,6,Simone Biles,8.625,0.5995111111111111,4,0.25,4.0,Athlete,20,Eliminated,9.0,4,Sasha Farber,0
24,7,Bonner Bolton,7.75,-4.496333333333333,4,0.5,7.0,Athlete,29,Eliminated,8.0,5,Sharna Burgess,0
24,7,David Ross,8.0,-3.597066666666666,4,0.0,6.0,Athlete,40,RunnerUp,9.0,2,Lindsay Arnold,0
24,7,Nancy Kerrigan,9.0,0.0,4,0.0,4.0,Athlete,47,Eliminated,7.0,7,Artem Chigvintsev,0
24,7,Nick Viall,8.5,-1.798533333333333,4,0.5773502691896255,5.0,Tv Personality,36,Eliminated,7.0,6,Peta Murgatroyd,0
24,7,Normani,10.5,5.3956,4,0.0,1.0,Singer/Rapper,20,Finalist,9.0,3,Valentin Chmerkovskiy,0
24,7,Rashad Jennings,9.75,2.6978,4,0.49999999999999983,2.0,Athlete,32,Winner,9.0,1,Emma Slater,0
24,7,Simone Biles,9.75,2.6978,4,0.5000000000000001,2.0,Athlete,20,Eliminated,9.0,4,Sasha Farber,0
24,8,Bonner Bolton,7.25,-6.294866666666666,4,0.28867513459481287,5.0,Athlete,29,Eliminated,8.0,5,Sharna Burgess,0
24,8,David Ross,8.125,-3.147433333333333,4,0.2500000000000001,4.0,Athlete,40,RunnerUp,9.0,2,Lindsay Arnold,0
24,8,Normani,9.875,3.147433333333333,4,0.24999999999999983,1.0,Singer/Rapper,20,Finalist,9.0,3,Valentin Chmerkovskiy,0
24,8,Rashad Jennings,9.375,1.3488999999999998,4,0.24999999999999983,2.0,Athlete,32,Winner,9.0,1,Emma Slater,0
24,8,Simone Biles,9.0,0.0,4,0.0,3.0,Athlete,20,Eliminated,9.0,4,Sasha Farber,0
24,9,David Ross,8.75,-4.0466999999999995,4,0.28867513459481287,4.0,Athlete,40,RunnerUp,9.0,2,Lindsay Arnold,0
24,9,Normani,9.5,0.0,4,0.0,3.0,Singer/Rapper,20,Finalist,9.0,3,Valentin Chmerkovskiy,0
24,9,Rashad Jennings,9.625,0.67445,4,0.47871355387816905,2.0,Athlete,32,Winner,9.0,1,Emma Slater,0
24,9,Simone Biles,10.0,2.6978,4,0.0,1.0,Athlete,20,Eliminated,9.0,4,Sasha Farber,0
25,1,Barbara Corcoran,4.666666666666667,-5.3956,3,0.5773502691896257,13.0,Entrepreneur,68,Eliminated,2.0,13,Keo Motsepe,0
25,1,Debbie Gibson,5.666666666666667,-1.3489,3,0.5773502691896257,10.0,Singer/Rapper,47,Eliminated,2.0,12,Alan Bersten,0
25,1,Derek Fisher,6.0,0.0,3,0.0,7.0,Athlete,43,Eliminated,4.0,11,Sharna Burgess,0
25,1,Drew Scott,5.333333333333333,-2.6978,3,0.5773502691896257,11.0,Tv Personality,39,Eliminated,10.0,4,Emma Slater,0
25,1,Frankie Muniz,6.333333333333333,1.3489,3,0.5773502691896257,5.0,Actor/Actress,31,Finalist,10.0,3,Witney Carson,0
25,1,Jordan Fisher,7.333333333333333,5.3956,3,0.5773502691896257,1.0,Actor/Actress,23,Winner,10.0,1,Lindsay Arnold,0
25,1,Lindsey Stirling,7.333333333333333,5.3956,3,0.5773502691896257,1.0,Musician,31,RunnerUp,10.0,2,Mark Ballas,0
25,1,Nick Lachey,6.0,0.0,3,0.0,7.0,Singer/Rapper,43,Eliminated,6.0,9,Peta Murgatroyd,0
25,1,Nikki Bella,6.666666666666667,2.6978,3,0.5773502691896258,4.0,Athlete,33,Eliminated,7.0,8,Artem Chigvintsev,0
25,1,Sasha Pieterse,6.0,0.0,3,0.0,7.0,Actor/Actress,21,Eliminated,5.0,10,Gleb Savchenko,0
25,1,Terrell Owens,5.0,-4.0466999999999995,3,0.0,12.0,Athlete,43,Eliminated,8.0,6,Cheryl Burke,0
25,1,Vanessa Lachey,7.0,4.0466999999999995,3,0.0,3.0,Tv Personality,36,Eliminated,7.0,7,Maksim Chmerkoskiy,0
25,1,Victoria Arlen,6.333333333333333,1.3489,3,0.5773502691896257,5.0,Athlete,22,Eliminated,9.0,5,Valentin Chmerkovskiy,0
25,2,Barbara Corcoran,5.666666666666667,-5.3956,3,0.5773502691896257,13.0,Entrepreneur,68,Eliminated,2.0,13,Keo Motsepe,0
25,2,Debbie Gibson,6.833333333333333,-0.67445,3,0.2886751345948129,7.0,Singer/Rapper,47,Eliminated,2.0,12,Alan Bersten,0
25,2,Derek Fisher,6.333333333333333,-2.6978,3,0.2886751345948129,11.0,Athlete,43,Eliminated,4.0,11,Sharna Burgess,0
25,2,Drew Scott,6.833333333333333,-0.67445,3,0.2886751345948129,7.0,Tv Personality,39,Eliminated,10.0,4,Emma Slater,0
25,2,Frankie Muniz,8.0,4.0466999999999995,3,0.5,1.0,Actor/Actress,31,Finalist,10.0,3,Witney Carson,0
25,2,Jordan Fisher,8.0,4.0466999999999995,3,0.0,1.0,Actor/Actress,23,Winner,10.0,1,Lindsay Arnold,0
25,2,Lindsey Stirling,7.5,2.0233499999999998,3,0.0,4.0,Musician,31,RunnerUp,10.0,2,Mark Ballas,0
25,2,Nick Lachey,6.333333333333333,-2.6978,3,0.5773502691896257,11.0,Singer/Rapper,43,Eliminated,6.0,9,Peta Murgatroyd,0
25,2,Nikki Bella,6.5,-2.0233499999999998,3,0.0,9.0,Athlete,33,Eliminated,7.0,8,Artem Chigvintsev,0
25,2,Sasha Pieterse,7.5,2.0233499999999998,3,0.5,4.0,Actor/Actress,21,Eliminated,5.0,10,Gleb Savchenko,0
25,2,Terrell Owens,6.5,-2.0233499999999998,3,0.5,9.0,Athlete,43,Eliminated,8.0,6,Cheryl Burke,0
25,2,Vanessa Lachey,7.833333333333333,3.37225,3,0.28867513459481275,3.0,Tv Personality,36,Eliminated,7.0,7,Maksim Chmerkoskiy,0
25,2,Victoria Arlen,7.333333333333333,1.3489,3,0.2886751345948129,6.0,Athlete,22,Eliminated,9.0,5,Valentin Chmerkovskiy,0
25,3,Derek Fisher,7.0,0.0,3,0.0,6.0,Athlete,43,Eliminated,4.0,11,Sharna Burgess,0
25,3,Drew Scott,7.666666666666667,2.6978,3,0.5773502691896257,3.0,Tv Personality,39,Eliminated,10.0,4,Emma Slater,0
25,3,Frankie Muniz,7.0,0.0,3,0.0,6.0,Actor/Actress,31,Finalist,10.0,3,Witney Carson,0
25,3,Jordan Fisher,8.333333333333334,5.3956,3,1.1547005383792515,2.0,Actor/Actress,23,Winner,10.0,1,Lindsay Arnold,0
25,3,Lindsey Stirling,9.0,8.093399999999999,3,0.0,1.0,Musician,31,RunnerUp,10.0,2,Mark Ballas,0
25,3,Nick Lachey,7.0,0.0,3,0.0,6.0,Singer/Rapper,43,Eliminated,6.0,9,Peta Murgatroyd,0
25,3,Nikki Bella,7.0,0.0,3,0.0,6.0,Athlete,33,Eliminated,7.0,8,Artem Chigvintsev,0
25,3,Sasha Pieterse,6.333333333333333,-2.6978,3,0.5773502691896257,11.0,Actor/Actress,21,Eliminated,5.0,10,Gleb Savchenko,0
25,3,Terrell Owens,7.0,0.0,3,0.0,6.0,Athlete,43,Eliminated,8.0,6,Cheryl Burke,0
25,3,Vanessa Lachey,7.666666666666667,2.6978,3,0.5773502691896257,3.0,Tv Personality,36,Eliminated,7.0,7,Maksim Chmerkoskiy,0
25,3,Victoria Arlen,7.333333333333333,1.3489,3,0.5773502691896257,5.0,Athlete,22,Eliminated,9.0,5,Valentin Chmerkovskiy,0
25,4,Derek Fisher,7.666666666666667,-1.0,3,0.5773502691896257,10.0,Athlete,43,Eliminated,4.0,11,Sharna Burgess,0
25,4,Drew Scott,8.0,0.0,3,0.0,4.0,Tv Personality,39,Eliminated,10.0,4,Emma Slater,0
25,4,Frankie Muniz,8.0,0.0,3,0.0,4.0,Actor/Actress,31,Finalist,10.0,3,Witney Carson,0
25,4,Jordan Fisher,9.666666666666666,5.0,3,0.5773502691896258,1.0,Actor/Actress,23,Winner,10.0,1,Lindsay Arnold,0
25,4,Lindsey Stirling,8.666666666666666,2.0,3,0.5773502691896258,3.0,Musician,31,RunnerUp,10.0,2,Mark Ballas,0
25,4,Nick Lachey,7.333333333333333,-2.0,3,0.5773502691896257,11.0,Singer/Rapper,43,Eliminated,6.0,9,Peta Murgatroyd,0
25,4,Nikki Bella,8.0,0.0,3,0.0,4.0,Athlete,33,Eliminated,7.0,8,Artem Chigvintsev,0
25,4,Sasha Pieterse,8.0,0.0,3,0.0,4.0,Actor/Actress,21,Eliminated,5.0,10,Gleb Savchenko,0
25,4,Terrell Owens,8.0,0.0,3,0.0,4.0,Athlete,43,Eliminated,8.0,6,Cheryl Burke,0
25,4,Vanessa Lachey,8.0,0.0,3,0.0,4.0,Tv Personality,36,Eliminated,7.0,7,Maksim Chmerkoskiy,0
25,4,Victoria Arlen,9.0,3.0,3,0.0,2.0,Athlete,22,Eliminated,9.0,5,Valentin Chmerkovskiy,0
25,5,Drew Scott,8.333333333333334,-2.6978,3,0.5773502691896258,6.0,Tv Personality,39,Eliminated,10.0,4,Emma Slater,0
25,5,Frankie Muniz,9.666666666666666,2.6978,3,0.5773502691896258,2.0,Actor/Actress,31,Finalist,10.0,3,Witney Carson,0
25,5,Jordan Fisher,10.0,4.0466999999999995,3,0.0,1.0,Actor/Actress,23,Winner,10.0,1,Lindsay Arnold,0
25,5,Lindsey Stirling,9.333333333333334,1.3489,3,0.5773502691896258,3.0,Musician,31,RunnerUp,10.0,2,Mark Ballas,0
25,5,Nick Lachey,7.333333333333333,-6.7445,3,0.5773502691896257,10.0,Singer/Rapper,43,Eliminated,6.0,9,Peta Murgatroyd,0
25,5,Nikki Bella,9.0,0.0,3,0.0,4.0,Athlete,33,Eliminated,7.0,8,Artem Chigvintsev,0
25,5,Sasha Pieterse,8.0,-4.0466999999999995,3,0.0,8.0,Actor/Actress,21,Eliminated,5.0,10,Gleb Savchenko,0
25,5,Terrell Owens,8.333333333333334,-2.6978,3,0.5773502691896258,6.0,Athlete,43,Eliminated,8.0,6,Cheryl Burke,0
25,5,Vanessa Lachey,8.0,-4.0466999999999995,3,0.0,8.0,Tv Personality,36,Eliminated,7.0,7,Maksim Chmerkoskiy,0
25,5,Victoria Arlen,9.0,0.0,3,0.0,4.0,Athlete,22,Eliminated,9.0,5,Valentin Chmerkovskiy,0
25,6,Drew Scott,7.5,-6.4747200000000005,4,0.9999999999999999,8.0,Tv Personality,39,Eliminated,10.0,4,Emma Slater,0
25,6,Frankie Muniz,7.75,-5.3956,4,0.4999999999999999,6.0,Actor/Actress,31,Finalist,10.0,3,Witney Carson,0
25,6,Jordan Fisher,9.75,3.2373600000000002,4,0.5000000000000001,2.0,Actor/Actress,23,Winner,10.0,1,Lindsay Arnold,0
25,6,Lindsey Stirling,10.0,4.31648,4,0.0,1.0,Musician,31,RunnerUp,10.0,2,Mark Ballas,0
25,6,Nick Lachey,6.5,-10.7912,4,0.5773502691896257,9.0,Singer/Rapper,43,Eliminated,6.0,9,Peta Murgatroyd,0
25,6,Nikki Bella,9.0,0.0,4,0.0,4.0,Athlete,33,Eliminated,7.0,8,Artem Chigvintsev,0
25,6,Terrell Owens,9.25,1.07912,4,0.49999999999999983,3.0,Athlete,43,Eliminated,8.0,6,Cheryl Burke,0
25,6,Vanessa Lachey,9.0,0.0,4,0.0,4.0,Tv Personality,36,Eliminated,7.0,7,Maksim Chmerkoskiy,0
25,6,Victoria Arlen,7.75,-5.3956,4,0.5,6.0,Athlete,22,Eliminated,9.0,5,Valentin Chmerkovskiy,0
25,7,Drew Scott,9.5,2.0233499999999998,3,0.0,2.0,Tv Personality,39,Eliminated,10.0,4,Emma Slater,0
25,7,Frankie Muniz,10.0,4.0466999999999995,3,0.0,1.0,Actor/Actress,31,Finalist,10.0,3,Witney Carson,0
25,7,Jordan Fisher,9.0,0.0,3,0.0,4.0,Actor/Actress,23,Winner,10.0,1,Lindsay Arnold,0
25,7,Lindsey Stirling,8.5,-2.0233499999999998,3,0.0,6.0,Musician,31,RunnerUp,10.0,2,Mark Ballas,0
25,7,Nikki Bella,8.0,-4.0466999999999995,3,0.0,8.0,Athlete,33,Eliminated,7.0,8,Artem Chigvintsev,0
25,7,Terrell Owens,8.166666666666666,-3.37225,3,0.28867513459481314,7.0,Athlete,43,Eliminated,8.0,6,Cheryl Burke,0
25,7,Vanessa Lachey,9.0,0.0,3,0.0,4.0,Tv Personality,36,Eliminated,7.0,7,Maksim Chmerkoskiy,0
25,7,Victoria Arlen,9.5,2.0233499999999998,3,0.0,2.0,Athlete,22,Eliminated,9.0,5,Valentin Chmerkovskiy,0
25,8,Drew Scott,7.833333333333333,-2.6978,3,0.2886751345948129,6.0,Tv Personality,39,Eliminated,10.0,4,Emma Slater,0
25,8,Frankie Muniz,8.833333333333334,1.3489,3,0.28867513459481275,3.0,Actor/Actress,31,Finalist,10.0,3,Witney Carson,0
25,8,Jordan Fisher,10.0,6.070049999999999,3,0.0,1.0,Actor/Actress,23,Winner,10.0,1,Lindsay Arnold,0
25,8,Lindsey Stirling,9.0,2.0233499999999998,3,0.5,2.0,Musician,31,RunnerUp,10.0,2,Mark Ballas,0
25,8,Terrell Owens,8.5,0.0,3,0.0,4.0,Athlete,43,Eliminated,8.0,6,Cheryl Burke,0
25,8,Victoria Arlen,8.0,-2.0233499999999998,3,0.0,5.0,Athlete,22,Eliminated,9.0,5,Valentin Chmerkovskiy,0
25,9,Drew Scott,8.0,-3.2373600000000002,3,0.0,5.0,Tv Personality,39,Eliminated,10.0,4,Emma Slater,0
25,9,Frankie Muniz,8.5,-1.6186800000000001,3,0.5,4.0,Actor/Actress,31,Finalist,10.0,3,Witney Carson,0
25,9,Jordan Fisher,9.666666666666666,2.15824,3,0.28867513459481314,1.0,Actor/Actress,23,Winner,10.0,1,Lindsay Arnold,0
25,9,Lindsey Stirling,9.5,1.6186800000000001,3,0.5,2.0,Musician,31,RunnerUp,10.0,2,Mark Ballas,0
25,9,Victoria Arlen,9.333333333333334,1.07912,3,0.28867513459481275,3.0,Athlete,22,Eliminated,9.0,5,Valentin Chmerkovskiy,0
25,10,Drew Scott,9.375,-6.7445,4,0.24999999999999983,4.0,Tv Personality,39,Eliminated,10.0,4,Emma Slater,0
25,10,Frankie Muniz,9.722175,-2.998065140000005,4,0.2796286510713808,3.0,Actor/Actress,31,Finalist,10.0,3,Witney Carson,0
25,10,Jordan Fisher,10.0,0.0,4,0.0,1.0,Actor/Actress,23,Winner,10.0,1,Lindsay Arnold,0
25,10,Lindsey Stirling,10.0,0.0,4,0.0,1.0,Musician,31,RunnerUp,10.0,2,Mark Ballas,0
26,1,Adam Rippon,8.0,2.0233499999999998,3,0.0,1.0,Athlete,28,Winner,3.0,1,Jenna Johnson,0
26,1,Arike Ogunbowale,6.666666666666667,-0.67445,3,0.5773502691896257,7.0,Athlete,21,Eliminated,2.0,7,Gleb Savchenko,0
26,1,Chris Mazdzer,7.0,0.0,3,0.0,5.0,Athlete,29,Eliminated,3.0,5,Witney Carson,0
26,1,Jamie Anderson,6.333333333333333,-1.3489,3,0.5773502691896257,8.0,Athlete,27,Eliminated,1.0,10,Artem Chigvintsev,0
26,1,Jennie Finch Daigle,7.0,0.0,3,0.0,5.0,Athlete,37,Eliminated,3.0,6,Keo Motsepe,0
26,1,Johnny Damon,6.0,-2.0233499999999998,3,0.0,9.0,Athlete,44,Eliminated,1.0,9,Emma Slater,0
26,1,Josh Norman,8.0,2.0233499999999998,3,0.0,1.0,Athlete,30,RunnerUp,3.0,2,Sharna Burgess,0
26,1,Kareem Abdul-Jabbar,5.666666666666667,-2.6978,3,0.5773502691896257,10.0,Athlete,71,Eliminated,2.0,8,Lindsay Arnold,0
26,1,Mirai Nagasu,7.666666666666667,1.3489,3,0.5773502691896257,3.0,Athlete,25,Eliminated,3.0,4,Alan Bersten,0
26,1,Tonya Harding,7.666666666666667,1.3489,3,0.5773502691896258,3.0,Athlete,47,Finalist,3.0,3,Sasha Farber,0
26,2,Adam Rippon,9.25,5.3956,4,0.28867513459481287,1.0,Athlete,28,Winner,3.0,1,Jenna Johnson,0
26,2,Arike Ogunbowale,8.75,2.6978,4,0.5000000000000001,3.0,Athlete,21,Eliminated,2.0,7,Gleb Savchenko,0
26,2,Chris Mazdzer,8.25,0.0,4,0.28867513459481314,4.0,Athlete,29,Eliminated,3.0,5,Witney Carson,0
26,2,Jennie Finch Daigle,7.875,-2.0233499999999998,4,0.47871355387816905,6.0,Athlete,37,Eliminated,3.0,6,Keo Motsepe,0
26,2,Josh Norman,7.875,-2.0233499999999998,4,0.25000000000000006,6.0,Athlete,30,RunnerUp,3.0,2,Sharna Burgess,0
26,2,Kareem Abdul-Jabbar,7.375,-4.72115,4,0.47871355387816905,8.0,Athlete,71,Eliminated,2.0,8,Lindsay Arnold,0
26,2,Mirai Nagasu,9.25,5.3956,4,0.5000000000000001,1.0,Athlete,25,Eliminated,3.0,4,Alan Bersten,0
26,2,Tonya Harding,8.25,-1.1102230246251565e-16,4,0.5000000000000001,4.0,Athlete,47,Finalist,3.0,3,Sasha Farber,0
26,3,Adam Rippon,10.25,4.496333333333333,4,0.49999999999999983,1.0,Athlete,28,Winner,3.0,1,Jenna Johnson,0
26,3,Chris Mazdzer,8.25,-2.6978,4,0.9574271077563381,5.0,Athlete,29,Eliminated,3.0,5,Witney Carson,0
26,3,Jennie Finch Daigle,7.25,-6.294866666666666,4,0.4999999999999999,6.0,Athlete,37,Eliminated,3.0,6,Keo Motsepe,0
26,3,Josh Norman,9.5,1.798533333333333,4,0.0,2.0,Athlete,30,RunnerUp,3.0,2,Sharna Burgess,0
26,3,Mirai Nagasu,8.75,-0.8992666666666665,4,0.49999999999999983,3.0,Athlete,25,Eliminated,3.0,4,Alan Bersten,0
26,3,Tonya Harding,8.75,-0.8992666666666665,4,0.5000000000000001,3.0,Athlete,47,Finalist,3.0,3,Sasha Farber,0
27,1,Alexis Ren,7.333333333333333,3.37225,3,0.2886751345948129,3.0,Social Media Personality,21,Active,,4,Alan Bersten,0
27,1,Bobby Bones,6.666666666666667,0.67445,3,0.5773502691896257,5.0,Radio Personality,38,Winner,8.0,1,Sharna Burgess,0
27,1,Danelle Umstead,6.0,-2.0233499999999998,3,0.0,9.0,Athlete,46,Eliminated,2.0,12,Artem Chigvintsev,0
27,1,Demarcus Ware,7.666666666666667,4.72115,3,0.5773502691896257,1.0,Athlete,36,Eliminated,7.0,7,Lindsay Arnold,0
27,1,Evanna Lynch,6.0,-2.0233499999999998,3,1.0,9.0,Actor/Actress,27,Finalist,8.0,3,Keo Motsepe,0
27,1,Joe Amabile,4.666666666666667,-7.418949999999999,3,0.5773502691896257,13.0,Tv Personality,32,Eliminated,8.0,6,Jenna Johnson,0
27,1,John Schneider,6.0,-2.0233499999999998,3,1.0,9.0,Actor/Actress,58,Eliminated,7.0,8,Emma Slater,0
27,1,Juan Pablo Di Pace,7.333333333333333,3.3722499999999997,3,0.5773502691896258,3.0,Actor/Actress,39,Eliminated,8.0,5,Cheryl Burke,0
27,1,Mary Lou Retton,6.666666666666667,0.67445,3,0.2886751345948129,5.0,Athlete,50,Eliminated,6.0,9,Sasha Farber,0
27,1,Milo Manheim,6.666666666666667,0.67445,3,0.5773502691896257,5.0,Actor/Actress,17,RunnerUp,8.0,2,Witney Carson,0
27,1,Nancy Mckeon,6.5,0.0,3,0.0,8.0,Actor/Actress,52,Eliminated,3.0,11,Valentin Chmerkovskiy,0
27,1,Nikki Glaser,5.833333333333333,-2.6978,3,0.2886751345948129,12.0,Comedian,34,Eliminated,1.0,13,Gleb Savchenko,0
27,1,Tinashe,7.666666666666667,4.72115,3,0.5773502691896257,1.0,Singer/Rapper,25,Eliminated,4.0,10,Brandon Armstrong,0
27,2,Alexis Ren,8.166666666666666,1.1240833333333333,3,0.28867513459481275,4.0,Social Media Personality,21,Active,,4,Alan Bersten,0
27,2,Bobby Bones,6.5,-3.3722499999999997,3,0.5,10.0,Radio Personality,38,Winner,8.0,1,Sharna Burgess,0
27,2,Danelle Umstead,6.166666666666667,-4.271516666666666,3,0.2886751345948129,11.0,Athlete,46,Eliminated,2.0,12,Artem Chigvintsev,0
27,2,Demarcus Ware,7.833333333333333,0.22481666666666664,3,0.2886751345948129,6.0,Athlete,36,Eliminated,7.0,7,Lindsay Arnold,0
27,2,Evanna Lynch,8.0,0.6744499999999999,3,0.0,5.0,Actor/Actress,27,Finalist,8.0,3,Keo Motsepe,0
27,2,Joe Amabile,5.833333333333333,-5.170783333333333,3,0.2886751345948129,12.0,Tv Personality,32,Eliminated,8.0,6,Jenna Johnson,0
27,2,John Schneider,7.166666666666667,-1.5737166666666667,3,0.5773502691896257,8.0,Actor/Actress,58,Eliminated,7.0,8,Emma Slater,0
27,2,Juan Pablo Di Pace,8.666666666666666,2.4729833333333335,3,0.5773502691896258,1.0,Actor/Actress,39,Eliminated,8.0,5,Cheryl Burke,0
27,2,Mary Lou Retton,7.666666666666667,-0.22481666666666664,3,0.2886751345948129,7.0,Athlete,50,Eliminated,6.0,9,Sasha Farber,0
27,2,Milo Manheim,8.666666666666666,2.4729833333333335,3,0.5773502691896258,1.0,Actor/Actress,17,RunnerUp,8.0,2,Witney Carson,0
27,2,Nancy Mckeon,6.833333333333333,-2.4729833333333335,3,0.2886751345948129,9.0,Actor/Actress,52,Eliminated,3.0,11,Valentin Chmerkovskiy,0
27,2,Tinashe,8.666666666666666,2.4729833333333335,3,0.5773502691896258,1.0,Singer/Rapper,25,Eliminated,4.0,10,Brandon Armstrong,0
27,3,Alexis Ren,8.666666666666666,1.3489,3,0.5773502691896258,5.0,Social Media Personality,21,Active,,4,Alan Bersten,0
27,3,Bobby Bones,7.666666666666667,-0.67445,3,0.5773502691896257,8.0,Radio Personality,38,Winner,8.0,1,Sharna Burgess,0
27,3,Demarcus Ware,8.666666666666666,1.3489,3,0.5773502691896258,5.0,Athlete,36,Eliminated,7.0,7,Lindsay Arnold,0
27,3,Evanna Lynch,9.0,2.0233499999999998,3,0.0,2.0,Actor/Actress,27,Finalist,8.0,3,Keo Motsepe,0
27,3,Joe Amabile,6.0,-4.0466999999999995,3,0.0,11.0,Tv Personality,32,Eliminated,8.0,6,Jenna Johnson,0
27,3,John Schneider,7.0,-2.0233499999999998,3,0.0,10.0,Actor/Actress,58,Eliminated,7.0,8,Emma Slater,0
27,3,Juan Pablo Di Pace,10.0,4.0466999999999995,3,0.0,1.0,Actor/Actress,39,Eliminated,8.0,5,Cheryl Burke,0
27,3,Mary Lou Retton,8.0,0.0,3,0.0,7.0,Athlete,50,Eliminated,6.0,9,Sasha Farber,0
27,3,Milo Manheim,9.0,2.0233499999999998,3,0.0,2.0,Actor/Actress,17,RunnerUp,8.0,2,Witney Carson,0
27,3,Nancy Mckeon,7.333333333333333,-1.3489,3,0.5773502691896257,9.0,Actor/Actress,52,Eliminated,3.0,11,Valentin Chmerkovskiy,0
27,3,Tinashe,9.0,2.0233499999999998,3,0.0,2.0,Singer/Rapper,25,Eliminated,4.0,10,Brandon Armstrong,0
27,4,Alexis Ren,8.333333333333334,0.7707999999999999,3,0.5773502691896255,4.0,Social Media Personality,21,Active,,4,Alan Bersten,0
27,4,Bobby Bones,6.666666666666667,-3.0831999999999997,3,0.5773502691896257,9.0,Radio Personality,38,Winner,8.0,1,Sharna Burgess,0
27,4,Demarcus Ware,7.333333333333333,-1.5415999999999999,3,0.5773502691896258,7.0,Athlete,36,Eliminated,7.0,7,Lindsay Arnold,0
27,4,Evanna Lynch,8.0,0.0,3,0.0,5.0,Actor/Actress,27,Finalist,8.0,3,Keo Motsepe,0
27,4,Joe Amabile,5.0,-6.937199999999999,3,0.0,10.0,Tv Personality,32,Eliminated,8.0,6,Jenna Johnson,0
27,4,John Schneider,7.0,-2.3124,3,0.0,8.0,Actor/Actress,58,Eliminated,7.0,8,Emma Slater,0
27,4,Juan Pablo Di Pace,8.0,0.0,3,0.0,5.0,Actor/Actress,39,Eliminated,8.0,5,Cheryl Burke,0
27,4,Mary Lou Retton,8.666666666666666,1.5415999999999999,3,0.5773502691896258,2.0,Athlete,50,Eliminated,6.0,9,Sasha Farber,0
27,4,Milo Manheim,9.666666666666666,3.8539999999999996,3,0.5773502691896258,1.0,Actor/Actress,17,RunnerUp,8.0,2,Witney Carson,0
27,4,Tinashe,8.666666666666666,1.5415999999999999,3,0.5773502691896258,2.0,Singer/Rapper,25,Eliminated,4.0,10,Brandon Armstrong,0
27,5,Alexis Ren,9.666666666666666,6.7445,3,0.5773502691896258,1.0,Social Media Personality,21,Active,,4,Alan Bersten,0
27,5,Bobby Bones,7.0,-4.0466999999999995,3,0.0,8.0,Radio Personality,38,Winner,8.0,1,Sharna Burgess,0
27,5,Demarcus Ware,8.666666666666666,2.6978,3,0.5773502691896258,4.0,Athlete,36,Eliminated,7.0,7,Lindsay Arnold,0
27,5,Evanna Lynch,8.0,0.0,3,0.0,6.0,Actor/Actress,27,Finalist,8.0,3,Keo Motsepe,0
27,5,Joe Amabile,5.666666666666667,-9.4423,3,0.5773502691896257,9.0,Tv Personality,32,Eliminated,8.0,6,Jenna Johnson,0
27,5,John Schneider,8.0,0.0,3,0.0,6.0,Actor/Actress,58,Eliminated,7.0,8,Emma Slater,0
27,5,Juan Pablo Di Pace,9.666666666666666,6.7445,3,0.5773502691896258,1.0,Actor/Actress,39,Eliminated,8.0,5,Cheryl Burke,0
27,5,Mary Lou Retton,8.333333333333334,1.3489,3,0.5773502691896258,5.0,Athlete,50,Eliminated,6.0,9,Sasha Farber,0
27,5,Milo Manheim,9.0,4.0466999999999995,3,1.0,3.0,Actor/Actress,17,RunnerUp,8.0,2,Witney Carson,0
27,6,Alexis Ren,9.0,0.0,3,0.0,4.0,Social Media Personality,21,Active,,4,Alan Bersten,0
27,6,Bobby Bones,7.333333333333333,-2.6978,3,0.5773502691896257,7.0,Radio Personality,38,Winner,8.0,1,Sharna Burgess,0
27,6,Demarcus Ware,8.666666666666666,-0.53956,3,0.5773502691896258,5.0,Athlete,36,Eliminated,7.0,7,Lindsay Arnold,0
27,6,Evanna Lynch,9.666666666666666,1.07912,3,0.5773502691896258,3.0,Actor/Actress,27,Finalist,8.0,3,Keo Motsepe,0
27,6,Joe Amabile,7.333333333333333,-2.6978,3,0.5773502691896257,7.0,Tv Personality,32,Eliminated,8.0,6,Jenna Johnson,0
27,6,John Schneider,6.333333333333333,-4.31648,3,0.5773502691896257,9.0,Actor/Actress,58,Eliminated,7.0,8,Emma Slater,0
27,6,Juan Pablo Di Pace,10.0,1.6186800000000001,3,0.0,1.0,Actor/Actress,39,Eliminated,8.0,5,Cheryl Burke,0
27,6,Mary Lou Retton,8.0,-1.6186800000000001,3,0.0,6.0,Athlete,50,Eliminated,6.0,9,Sasha Farber,0
27,6,Milo Manheim,10.0,1.6186800000000001,3,0.0,1.0,Actor/Actress,17,RunnerUp,8.0,2,Witney Carson,0
27,7,Alexis Ren,9.166666666666666,1.3489,3,0.28867513459481314,4.0,Social Media Personality,21,Active,,4,Alan Bersten,0
27,7,Bobby Bones,8.833333333333334,-1.3489,3,0.28867513459481275,6.0,Radio Personality,38,Winner,8.0,1,Sharna Burgess,0
27,7,Demarcus Ware,8.833333333333334,-1.3489,3,0.28867513459481275,6.0,Athlete,36,Eliminated,7.0,7,Lindsay Arnold,0
27,7,Evanna Lynch,9.833333333333334,6.7445,3,0.28867513459481275,1.0,Actor/Actress,27,Finalist,8.0,3,Keo Motsepe,0
27,7,Joe Amabile,7.833333333333333,-9.4423,3,0.2886751345948129,8.0,Tv Personality,32,Eliminated,8.0,6,Jenna Johnson,0
27,7,John Schneider,9.0,0.0,3,0.0,5.0,Actor/Actress,58,Eliminated,7.0,8,Emma Slater,0
27,7,Juan Pablo Di Pace,9.333333333333334,2.6978,3,0.28867513459481275,3.0,Actor/Actress,39,Eliminated,8.0,5,Cheryl Burke,0
27,7,Milo Manheim,9.666666666666666,5.3956,3,0.5773502691896258,2.0,Actor/Actress,17,RunnerUp,8.0,2,Witney Carson,0
27,8,Alexis Ren,9.666666666666666,0.29975555555555555,3,0.28867513459481314,2.0,Social Media Personality,21,Active,,4,Alan Bersten,0
27,8,Bobby Bones,7.5,-3.5970666666666666,3,0.0,6.0,Radio Personality,38,Winner,8.0,1,Sharna Burgess,0
27,8,Evanna Lynch,9.666666666666666,0.29975555555555555,3,0.28867513459481275,2.0,Actor/Actress,27,Finalist,8.0,3,Keo Motsepe,0
27,8,Joe Amabile,7.666666666666667,-3.297311111111111,3,0.2886751345948129,5.0,Tv Personality,32,Eliminated,8.0,6,Jenna Johnson,0
27,8,Juan Pablo Di Pace,10.0,0.8992666666666667,3,0.0,1.0,Actor/Actress,39,Eliminated,8.0,5,Cheryl Burke,0
27,8,Milo Manheim,9.166666666666666,-0.5995111111111111,3,0.28867513459481314,4.0,Actor/Actress,17,RunnerUp,8.0,2,Witney Carson,0
27,9,Alexis Ren,9.5,0.0,3,0.0,1.0,Social Media Personality,21,Active,,4,Alan Bersten,0
28,1,Ally Brooke,5.333333333333333,-0.67445,3,0.5773502691896258,7.0,Singer/Rapper,26,Finalist,10.0,3,Sasha Farber,0
28,1,Hannah Brown,6.666666666666667,4.72115,3,0.5773502691896258,2.0,Tv Personality,24,Winner,10.0,1,Alan Bersten,0
28,1,James Van Der Beek,7.0,6.070049999999999,3,0.0,1.0,Actor/Actress,42,Eliminated,10.0,5,Emma Slater,0
28,1,Karamo Brown,5.666666666666667,0.67445,3,0.5773502691896257,5.0,Tv Personality,38,Eliminated,7.0,8,Jenna Johnson,0
28,1,Kate Flannery,5.0,-2.0233499999999998,3,0.0,9.0,Actor/Actress,55,Eliminated,8.0,7,Pasha Pashkov,0
28,1,Kel Mitchell,5.333333333333333,-0.67445,3,0.5773502691896257,7.0,Actor/Actress,41,RunnerUp,10.0,2,Witney Carson,0
28,1,Lamar Odom,3.6666666666666665,-7.41895,3,1.1547005383792515,12.0,Athlete,39,Eliminated,4.0,10,Peta Murgatroyd,0
28,1,Lauren Alaina,6.333333333333333,3.3722499999999997,3,0.5773502691896257,3.0,Singer/Rapper,24,Active,,4,Gleb Savchenko,0
28,1,Mary Wilson,5.666666666666667,0.67445,3,0.5773502691896257,5.0,Singer/Rapper,75,Eliminated,2.0,12,Brandon Armstrong,0
28,1,Ray Lewis,5.0,-2.0233499999999998,3,0.0,9.0,Athlete,44,Withdrew,,11,Cheryl Burke,0
28,1,Sailor Brinkley-Cook,6.0,2.0233499999999998,3,0.0,4.0,Model,21,Eliminated,6.0,9,Valentin Chmerkovskiy,0
28,1,Sean Spicer,4.0,-6.070049999999999,3,0.0,11.0,Politician,48,Eliminated,9.0,6,Lindsay Arnold,0
28,2,Ally Brooke,6.666666666666667,1.3489,3,0.5773502691896257,3.0,Singer/Rapper,26,Finalist,10.0,3,Sasha Farber,0
28,2,Hannah Brown,8.0,4.0466999999999995,3,0.0,1.0,Tv Personality,24,Winner,10.0,1,Alan Bersten,0
28,2,James Van Der Beek,6.666666666666667,1.3489,3,0.5773502691896257,3.0,Actor/Actress,42,Eliminated,10.0,5,Emma Slater,0
28,2,Karamo Brown,6.333333333333333,0.67445,3,1.1547005383792517,6.0,Tv Personality,38,Eliminated,7.0,8,Jenna Johnson,0
28,2,Kate Flannery,7.0,2.0233499999999998,3,0.0,2.0,Actor/Actress,55,Eliminated,8.0,7,Pasha Pashkov,0
28,2,Kel Mitchell,6.666666666666667,1.3489,3,0.5773502691896257,3.0,Actor/Actress,41,RunnerUp,10.0,2,Witney Carson,0
28,2,Lamar Odom,4.0,-4.0466999999999995,3,0.0,12.0,Athlete,39,Eliminated,4.0,10,Peta Murgatroyd,0
28,2,Lauren Alaina,6.333333333333333,0.67445,3,0.5773502691896258,6.0,Singer/Rapper,24,Active,,4,Gleb Savchenko,0
28,2,Mary Wilson,5.0,-2.0233499999999998,3,0.0,10.0,Singer/Rapper,75,Eliminated,2.0,12,Brandon Armstrong,0
28,2,Ray Lewis,5.0,-2.0233499999999998,3,0.0,10.0,Athlete,44,Withdrew,,11,Cheryl Burke,0
28,2,Sailor Brinkley-Cook,6.0,0.0,3,0.0,8.0,Model,21,Eliminated,6.0,9,Valentin Chmerkovskiy,0
28,2,Sean Spicer,5.333333333333333,-1.3489,3,0.5773502691896257,9.0,Politician,48,Eliminated,9.0,6,Lindsay Arnold,0
28,3,Ally Brooke,8.0,1.4715272727272726,3,0.0,1.0,Singer/Rapper,26,Finalist,10.0,3,Sasha Farber,0
28,3,Hannah Brown,7.0,0.0,3,0.0,5.0,Tv Personality,24,Winner,10.0,1,Alan Bersten,0
28,3,James Van Der Beek,7.666666666666667,0.9810181818181817,3,0.5773502691896257,3.0,Actor/Actress,42,Eliminated,10.0,5,Emma Slater,0
28,3,Karamo Brown,5.333333333333333,-2.4525454545454544,3,0.5773502691896258,8.0,Tv Personality,38,Eliminated,7.0,8,Jenna Johnson,0
28,3,Kate Flannery,8.0,1.4715272727272726,3,0.0,1.0,Actor/Actress,55,Eliminated,8.0,7,Pasha Pashkov,0
28,3,Kel Mitchell,6.666666666666667,-0.49050909090909084,3,0.5773502691896257,6.0,Actor/Actress,41,RunnerUp,10.0,2,Witney Carson,0
28,3,Lamar Odom,4.0,-4.4145818181818175,3,0.0,10.0,Athlete,39,Eliminated,4.0,10,Peta Murgatroyd,0
28,3,Lauren Alaina,6.666666666666667,-0.49050909090909084,3,0.5773502691896257,6.0,Singer/Rapper,24,Active,,4,Gleb Savchenko,0
28,3,Sailor Brinkley-Cook,7.666666666666667,0.9810181818181817,3,0.5773502691896257,3.0,Model,21,Eliminated,6.0,9,Valentin Chmerkovskiy,0
28,3,Sean Spicer,5.0,-2.943054545454545,3,0.0,9.0,Politician,48,Eliminated,9.0,6,Lindsay Arnold,0
28,4,Ally Brooke,8.0,5.3956,4,0.0,1.0,Singer/Rapper,26,Finalist,10.0,3,Sasha Farber,0
28,4,Hannah Brown,8.0,5.3956,4,0.0,1.0,Tv Personality,24,Winner,10.0,1,Alan Bersten,0
28,4,James Van Der Beek,7.0,0.0,4,0.0,6.0,Actor/Actress,42,Eliminated,10.0,5,Emma Slater,0
28,4,Karamo Brown,7.0,0.0,4,0.0,6.0,Tv Personality,38,Eliminated,7.0,8,Jenna Johnson,0
28,4,Kate Flannery,6.5,-2.6978,4,0.5773502691896258,8.0,Actor/Actress,55,Eliminated,8.0,7,Pasha Pashkov,0
28,4,Kel Mitchell,8.0,5.3956,4,0.0,1.0,Actor/Actress,41,RunnerUp,10.0,2,Witney Carson,0
28,4,Lamar Odom,5.0,-10.7912,4,1.414213562373095,10.0,Athlete,39,Eliminated,4.0,10,Peta Murgatroyd,0
28,4,Lauren Alaina,8.0,5.3956,4,0.0,1.0,Singer/Rapper,24,Active,,4,Gleb Savchenko,0
28,4,Sailor Brinkley-Cook,7.75,4.0466999999999995,4,0.4999999999999999,5.0,Model,21,Eliminated,6.0,9,Valentin Chmerkovskiy,0
28,4,Sean Spicer,5.25,-9.4423,4,0.4999999999999999,9.0,Politician,48,Eliminated,9.0,6,Lindsay Arnold,0
28,5,Ally Brooke,9.0,2.0233499999999998,3,0.0,1.0,Singer/Rapper,26,Finalist,10.0,3,Sasha Farber,0
28,5,Hannah Brown,8.333333333333334,0.67445,3,1.1547005383792515,4.0,Tv Personality,24,Winner,10.0,1,Alan Bersten,0
28,5,James Van Der Beek,8.666666666666666,1.3489,3,0.5773502691896258,2.0,Actor/Actress,42,Eliminated,10.0,5,Emma Slater,0
28,5,Karamo Brown,7.0,-2.0233499999999998,3,0.0,8.0,Tv Personality,38,Eliminated,7.0,8,Jenna Johnson,0
28,5,Kate Flannery,8.0,0.0,3,0.0,5.0,Actor/Actress,55,Eliminated,8.0,7,Pasha Pashkov,0
28,5,Kel Mitchell,8.666666666666666,1.3489,3,0.5773502691896258,2.0,Actor/Actress,41,RunnerUp,10.0,2,Witney Carson,0
28,5,Lauren Alaina,7.666666666666667,-0.67445,3,0.5773502691896257,7.0,Singer/Rapper,24,Active,,4,Gleb Savchenko,0
28,5,Sailor Brinkley-Cook,8.0,0.0,3,0.0,5.0,Model,21,Eliminated,6.0,9,Valentin Chmerkovskiy,0
28,5,Sean Spicer,6.333333333333333,-3.37225,3,0.5773502691896257,9.0,Politician,48,Eliminated,9.0,6,Lindsay Arnold,0
28,6,Ally Brooke,8.333333333333334,-2.6978,3,0.5773502691896258,6.0,Singer/Rapper,26,Finalist,10.0,3,Sasha Farber,0
28,6,Hannah Brown,8.0,-4.0466999999999995,3,0.0,8.0,Tv Personality,24,Winner,10.0,1,Alan Bersten,0
28,6,James Van Der Beek,9.0,0.0,3,0.0,1.0,Actor/Actress,42,Eliminated,10.0,5,Emma Slater,0
28,6,Karamo Brown,8.333333333333334,-2.6978,3,0.5773502691896258,6.0,Tv Personality,38,Eliminated,7.0,8,Jenna Johnson,0
28,6,Kate Flannery,9.0,0.0,3,0.0,1.0,Actor/Actress,55,Eliminated,8.0,7,Pasha Pashkov,0
28,6,Kel Mitchell,8.666666666666666,-1.3489,3,0.5773502691896258,4.0,Actor/Actress,41,RunnerUp,10.0,2,Witney Carson,0
28,6,Lauren Alaina,8.666666666666666,-1.3489,3,0.5773502691896258,4.0,Singer/Rapper,24,Active,,4,Gleb Savchenko,0
28,6,Sailor Brinkley-Cook,9.0,0.0,3,0.0,1.0,Model,21,Eliminated,6.0,9,Valentin Chmerkovskiy,0
28,6,Sean Spicer,7.0,-8.093399999999999,3,0.0,9.0,Politician,48,Eliminated,9.0,6,Lindsay Arnold,0
28,7,Ally Brooke,9.0,2.0233499999999998,3,0.0,1.0,Singer/Rapper,26,Finalist,10.0,3,Sasha Farber,0
28,7,Hannah Brown,8.666666666666666,0.67445,3,0.28867513459481275,4.0,Tv Personality,24,Winner,10.0,1,Alan Bersten,0
28,7,James Van Der Beek,9.0,2.0233499999999998,3,0.0,1.0,Actor/Actress,42,Eliminated,10.0,5,Emma Slater,0
28,7,Karamo Brown,8.166666666666666,-1.3489,3,0.28867513459481275,6.0,Tv Personality,38,Eliminated,7.0,8,Jenna Johnson,0
28,7,Kate Flannery,8.0,-2.0233499999999998,3,0.0,7.0,Actor/Actress,55,Eliminated,8.0,7,Pasha Pashkov,0
28,7,Kel Mitchell,8.5,0.0,3,0.0,5.0,Actor/Actress,41,RunnerUp,10.0,2,Witney Carson,0
28,7,Lauren Alaina,9.0,2.0233499999999998,3,0.0,1.0,Singer/Rapper,24,Active,,4,Gleb Savchenko,0
28,7,Sean Spicer,7.0,-6.070049999999999,3,0.0,8.0,Politician,48,Eliminated,9.0,6,Lindsay Arnold,0
28,8,Ally Brooke,10.0,0.5059513162829058,3,0.0,3.0,Singer/Rapper,26,Finalist,10.0,3,Sasha Farber,0
28,8,Hannah Brown,10.333266666666667,1.0117002925073124,3,0.5773502691896258,2.0,Tv Personality,24,Winner,10.0,1,Alan Bersten,0
28,8,James Van Der Beek,10.6666,1.5175504387609686,3,0.0,1.0,Actor/Actress,42,Eliminated,10.0,5,Emma Slater,0
28,8,Kate Flannery,8.6666,-1.5175504387609686,3,0.0,5.0,Actor/Actress,55,Eliminated,8.0,7,Pasha Pashkov,0
28,8,Kel Mitchell,9.999933333333333,0.5058501462536562,3,0.5773502691896255,4.0,Actor/Actress,41,RunnerUp,10.0,2,Witney Carson,0
28,8,Lauren Alaina,8.0,-2.5291495612390316,3,0.0,6.0,Singer/Rapper,24,Active,,4,Gleb Savchenko,0
28,8,Sean Spicer,6.666666666666667,-4.552550146253656,3,0.5773502691896258,7.0,Politician,48,Eliminated,9.0,6,Lindsay Arnold,0
28,9,Ally Brooke,10.0,5.3956,4,0.0,1.0,Singer/Rapper,26,Finalist,10.0,3,Sasha Farber,0
28,9,Hannah Brown,8.875,-0.67445,4,0.24999999999999983,4.0,Tv Personality,24,Winner,10.0,1,Alan Bersten,0
28,9,James Van Der Beek,9.0,0.0,4,0.408248290463863,3.0,Actor/Actress,42,Eliminated,10.0,5,Emma Slater,0
28,9,Kel Mitchell,9.25,1.3489,4,0.28867513459481314,2.0,Actor/Actress,41,RunnerUp,10.0,2,Witney Carson,0
28,9,Lauren Alaina,8.75,-1.3489,4,0.28867513459481314,5.0,Singer/Rapper,24,Active,,4,Gleb Savchenko,0
28,9,Sean Spicer,6.25,-14.837899999999998,4,0.28867513459481287,6.0,Politician,48,Eliminated,9.0,6,Lindsay Arnold,0
28,10,Ally Brooke,9.833333333333334,6.7445,3,0.28867513459481275,1.0,Singer/Rapper,26,Finalist,10.0,3,Sasha Farber,0
28,10,Hannah Brown,9.0,0.0,3,0.0,3.0,Tv Personality,24,Winner,10.0,1,Alan Bersten,0
28,10,James Van Der Beek,8.5,-4.0466999999999995,3,0.0,5.0,Actor/Actress,42,Eliminated,10.0,5,Emma Slater,0
28,10,Kel Mitchell,9.5,4.0466999999999995,3,0.0,2.0,Actor/Actress,41,RunnerUp,10.0,2,Witney Carson,0
28,10,Lauren Alaina,9.0,0.0,3,0.0,3.0,Singer/Rapper,24,Active,,4,Gleb Savchenko,0
28,11,Lauren Alaina,9.5,0.0,3,0.0,1.0,Singer/Rapper,24,Active,,4,Gleb Savchenko,0
29,1,Aj Mclean,6.0,0.0,3,0.0,6.0,Singer/Rapper,42,Eliminated,9.0,7,Cheryl Burke,0
29,1,Anne Heche,6.0,0.0,3,0.0,6.0,Actor/Actress,51,Eliminated,4.0,13,Keo Motsepe,0
29,1,Carole Baskin,3.6666666666666665,-9.4423,3,0.5773502691896257,15.0,Tv Personality,59,Eliminated,3.0,14,Pasha Pashkov,0
29,1,Charles Oakley,4.0,-8.093399999999999,3,0.0,14.0,Athlete,56,Eliminated,2.0,15,Emma Slater,0
29,1,Chrishell Stause,4.333333333333333,-6.7445,3,0.5773502691896257,13.0,Actor/Actress,39,Eliminated,8.0,8,Gleb Savchenko,0
29,1,Jeannie Mai,6.0,0.0,3,0.0,6.0,Tv Personality,41,Withdrew,,9,Brandon Armstrong,0
29,1,Jesse Metcalfe,6.0,0.0,3,0.0,6.0,Actor/Actress,41,Eliminated,5.0,12,Sharna Burgess,0
29,1,Johnny Weir,6.0,0.0,3,0.0,6.0,Athlete,36,Eliminated,10.0,6,Britt Stewart,0
29,1,Justina Machado,7.0,4.0466999999999995,3,0.0,1.0,Actor/Actress,48,Active,,4,Sasha Farber,0
29,1,Kaitlyn Bristowe,6.666666666666667,2.6978,3,0.5773502691896257,3.0,Tv Personality,35,Winner,10.0,1,Artem Chigvintsev,0
29,1,Monica Aldama,6.333333333333333,1.3489,3,0.5773502691896257,5.0,Tv Personality,48,Eliminated,7.0,10,Valentin Chmerkovskiy,0
29,1,Nelly,5.333333333333333,-2.6978,3,0.5773502691896258,12.0,Singer/Rapper,45,Finalist,10.0,3,Daniella Karagach,0
29,1,Nev Schulman,6.666666666666667,2.6978,3,0.5773502691896258,3.0,Producer,35,RunnerUp,10.0,2,Jenna Johnson,0
29,1,Skai Jackson,7.0,4.0466999999999995,3,0.0,1.0,Actor/Actress,18,Eliminated,10.0,5,Alan Bersten,0
29,1,Veron Davis,5.666666666666667,-1.3489,3,0.5773502691896257,11.0,Athlete,36,Eliminated,6.0,11,Peta Murgatroyd,0
29,2,Aj Mclean,6.333333333333333,1.3489,3,0.5773502691896257,5.0,Singer/Rapper,42,Eliminated,9.0,7,Cheryl Burke,0
29,2,Anne Heche,6.0,0.0,3,0.0,6.0,Actor/Actress,51,Eliminated,4.0,13,Keo Motsepe,0
29,2,Carole Baskin,5.333333333333333,-2.6978,3,0.5773502691896257,12.0,Tv Personality,59,Eliminated,3.0,14,Pasha Pashkov,0
29,2,Charles Oakley,5.0,-4.0466999999999995,3,0.0,14.0,Athlete,56,Eliminated,2.0,15,Emma Slater,0
29,2,Chrishell Stause,6.0,0.0,3,0.0,6.0,Actor/Actress,39,Eliminated,8.0,8,Gleb Savchenko,0
29,2,Jeannie Mai,6.0,0.0,3,0.0,6.0,Tv Personality,41,Withdrew,,9,Brandon Armstrong,0
29,2,Jesse Metcalfe,6.666666666666667,2.6978,3,0.5773502691896258,4.0,Actor/Actress,41,Eliminated,5.0,12,Sharna Burgess,0
29,2,Johnny Weir,6.0,0.0,3,0.0,6.0,Athlete,36,Eliminated,10.0,6,Britt Stewart,0
29,2,Justina Machado,7.0,4.0466999999999995,3,0.0,2.0,Actor/Actress,48,Active,,4,Sasha Farber,0
29,2,Kaitlyn Bristowe,7.333333333333333,5.3956,3,0.5773502691896257,1.0,Tv Personality,35,Winner,10.0,1,Artem Chigvintsev,0
29,2,Monica Aldama,5.333333333333333,-2.6978,3,0.5773502691896257,12.0,Tv Personality,48,Eliminated,7.0,10,Valentin Chmerkovskiy,0
29,2,Nelly,6.0,0.0,3,0.0,6.0,Singer/Rapper,45,Finalist,10.0,3,Daniella Karagach,0
29,2,Nev Schulman,7.0,4.0466999999999995,3,0.0,2.0,Producer,35,RunnerUp,10.0,2,Jenna Johnson,0
29,2,Skai Jackson,5.0,-4.0466999999999995,3,0.0,14.0,Actor/Actress,18,Eliminated,10.0,5,Alan Bersten,0
29,2,Veron Davis,6.0,0.0,3,0.0,6.0,Athlete,36,Eliminated,6.0,11,Peta Murgatroyd,0
29,3,Aj Mclean,7.0,0.0,3,0.0,7.0,Singer/Rapper,42,Eliminated,9.0,7,Cheryl Burke,0
29,3,Anne Heche,5.0,-4.6248,3,0.0,13.0,Actor/Actress,51,Eliminated,4.0,13,Keo Motsepe,0
29,3,Carole Baskin,4.0,-6.937199999999999,3,1.0,14.0,Tv Personality,59,Eliminated,3.0,14,Pasha Pashkov,0
29,3,Chrishell Stause,7.333333333333333,0.7707999999999999,3,0.5773502691896258,4.0,Actor/Actress,39,Eliminated,8.0,8,Gleb Savchenko,0
29,3,Jeannie Mai,7.333333333333333,0.7707999999999999,3,0.5773502691896258,4.0,Tv Personality,41,Withdrew,,9,Brandon Armstrong,0
29,3,Jesse Metcalfe,6.666666666666667,-0.7707999999999999,3,0.5773502691896257,9.0,Actor/Actress,41,Eliminated,5.0,12,Sharna Burgess,0
29,3,Johnny Weir,8.0,2.3124,3,0.0,1.0,Athlete,36,Eliminated,10.0,6,Britt Stewart,0
29,3,Justina Machado,6.333333333333333,-1.5415999999999999,3,0.5773502691896257,10.0,Actor/Actress,48,Active,,4,Sasha Farber,0
29,3,Kaitlyn Bristowe,7.666666666666667,1.5415999999999999,3,0.5773502691896257,3.0,Tv Personality,35,Winner,10.0,1,Artem Chigvintsev,0
29,3,Monica Aldama,7.0,0.0,3,0.0,7.0,Tv Personality,48,Eliminated,7.0,10,Valentin Chmerkovskiy,0
29,3,Nelly,6.0,-2.3124,3,0.0,11.0,Singer/Rapper,45,Finalist,10.0,3,Daniella Karagach,0
29,3,Nev Schulman,8.0,2.3124,3,0.0,1.0,Producer,35,RunnerUp,10.0,2,Jenna Johnson,0
29,3,Skai Jackson,6.0,-2.3124,3,0.0,11.0,Actor/Actress,18,Eliminated,10.0,5,Alan Bersten,0
29,3,Veron Davis,7.333333333333333,0.7707999999999999,3,0.5773502691896257,4.0,Athlete,36,Eliminated,6.0,11,Peta Murgatroyd,0
29,4,Aj Mclean,8.0,0.0,3,0.0,3.0,Singer/Rapper,42,Eliminated,9.0,7,Cheryl Burke,0
29,4,Anne Heche,7.0,-4.0466999999999995,3,0.0,10.0,Actor/Actress,51,Eliminated,4.0,13,Keo Motsepe,0
29,4,Chrishell Stause,7.333333333333333,-2.6978,3,0.5773502691896257,8.0,Actor/Actress,39,Eliminated,8.0,8,Gleb Savchenko,0
29,4,Jeannie Mai,7.0,-4.0466999999999995,3,0.0,10.0,Tv Personality,41,Withdrew,,9,Brandon Armstrong,0
29,4,Jesse Metcalfe,7.0,-4.0466999999999995,3,0.0,10.0,Actor/Actress,41,Eliminated,5.0,12,Sharna Burgess,0
29,4,Johnny Weir,8.0,0.0,3,0.0,3.0,Athlete,36,Eliminated,10.0,6,Britt Stewart,0
29,4,Justina Machado,8.0,0.0,3,0.0,3.0,Actor/Actress,48,Active,,4,Sasha Farber,0
29,4,Kaitlyn Bristowe,8.333333333333334,1.3489,3,0.5773502691896258,2.0,Tv Personality,35,Winner,10.0,1,Artem Chigvintsev,0
29,4,Monica Aldama,8.0,0.0,3,0.0,3.0,Tv Personality,48,Eliminated,7.0,10,Valentin Chmerkovskiy,0
29,4,Nelly,7.0,-4.0466999999999995,3,0.0,10.0,Singer/Rapper,45,Finalist,10.0,3,Daniella Karagach,0
29,4,Nev Schulman,8.0,0.0,3,0.0,3.0,Producer,35,RunnerUp,10.0,2,Jenna Johnson,0
29,4,Skai Jackson,9.333333333333334,5.3956,3,0.5773502691896258,1.0,Actor/Actress,18,Eliminated,10.0,5,Alan Bersten,0
29,4,Veron Davis,7.333333333333333,-2.6978,3,0.5773502691896257,8.0,Athlete,36,Eliminated,6.0,11,Peta Murgatroyd,0
29,5,Aj Mclean,8.0,0.0,3,0.0,5.0,Singer/Rapper,42,Eliminated,9.0,7,Cheryl Burke,0
29,5,Chrishell Stause,6.333333333333333,-5.3956,3,0.5773502691896258,11.0,Actor/Actress,39,Eliminated,8.0,8,Gleb Savchenko,0
29,5,Jeannie Mai,8.0,0.0,3,0.0,5.0,Tv Personality,41,Withdrew,,9,Brandon Armstrong,0
29,5,Jesse Metcalfe,6.333333333333333,-5.3956,3,0.5773502691896257,11.0,Actor/Actress,41,Eliminated,5.0,12,Sharna Burgess,0
29,5,Johnny Weir,9.666666666666666,5.3956,3,0.5773502691896255,1.0,Athlete,36,Eliminated,10.0,6,Britt Stewart,0
29,5,Justina Machado,8.0,0.0,3,0.0,5.0,Actor/Actress,48,Active,,4,Sasha Farber,0
29,5,Kaitlyn Bristowe,9.0,3.2373600000000002,3,0.0,2.0,Tv Personality,35,Winner,10.0,1,Artem Chigvintsev,0
29,5,Monica Aldama,8.666666666666666,2.15824,3,0.5773502691896255,3.0,Tv Personality,48,Eliminated,7.0,10,Valentin Chmerkovskiy,0
29,5,Nelly,8.0,0.0,3,0.0,5.0,Singer/Rapper,45,Finalist,10.0,3,Daniella Karagach,0
29,5,Nev Schulman,8.666666666666666,2.15824,3,0.5773502691896258,3.0,Producer,35,RunnerUp,10.0,2,Jenna Johnson,0
29,5,Skai Jackson,8.0,0.0,3,0.0,5.0,Actor/Actress,18,Eliminated,10.0,5,Alan Bersten,0
29,5,Veron Davis,7.0,-3.2373600000000002,3,0.0,10.0,Athlete,36,Eliminated,6.0,11,Peta Murgatroyd,0
29,6,Aj Mclean,9.0,4.0466999999999995,3,0.0,1.0,Singer/Rapper,42,Eliminated,9.0,7,Cheryl Burke,0
29,6,Chrishell Stause,8.0,0.0,3,0.0,7.0,Actor/Actress,39,Eliminated,8.0,8,Gleb Savchenko,0
29,6,Jeannie Mai,8.333333333333334,1.3489,3,0.5773502691896255,6.0,Tv Personality,41,Withdrew,,9,Brandon Armstrong,0
29,6,Johnny Weir,7.333333333333333,-2.6978,3,0.5773502691896257,9.0,Athlete,36,Eliminated,10.0,6,Britt Stewart,0
29,6,Justina Machado,9.0,4.0466999999999995,3,0.0,1.0,Actor/Actress,48,Active,,4,Sasha Farber,0
29,6,Kaitlyn Bristowe,9.0,4.0466999999999995,3,0.0,1.0,Tv Personality,35,Winner,10.0,1,Artem Chigvintsev,0
29,6,Monica Aldama,9.0,4.0466999999999995,3,0.0,1.0,Tv Personality,48,Eliminated,7.0,10,Valentin Chmerkovskiy,0
29,6,Nelly,8.0,0.0,3,0.0,7.0,Singer/Rapper,45,Finalist,10.0,3,Daniella Karagach,0
29,6,Nev Schulman,8.666666666666666,2.6978,3,0.5773502691896255,5.0,Producer,35,RunnerUp,10.0,2,Jenna Johnson,0
29,6,Skai Jackson,6.0,-8.093399999999999,3,0.0,11.0,Actor/Actress,18,Eliminated,10.0,5,Alan Bersten,0
29,6,Veron Davis,7.0,-4.0466999999999995,3,0.0,10.0,Athlete,36,Eliminated,6.0,11,Peta Murgatroyd,0
29,7,Aj Mclean,8.666666666666666,-1.3489,3,0.5773502691896258,5.0,Singer/Rapper,42,Eliminated,9.0,7,Cheryl Burke,0
29,7,Chrishell Stause,8.666666666666666,-1.3489,3,0.5773502691896255,5.0,Actor/Actress,39,Eliminated,8.0,8,Gleb Savchenko,0
29,7,Jeannie Mai,8.333333333333334,-2.6978,3,0.5773502691896258,8.0,Tv Personality,41,Withdrew,,9,Brandon Armstrong,0
29,7,Johnny Weir,9.0,0.0,3,0.0,2.0,Athlete,36,Eliminated,10.0,6,Britt Stewart,0
29,7,Justina Machado,8.666666666666666,-1.3489,3,0.5773502691896255,5.0,Actor/Actress,48,Active,,4,Sasha Farber,0
29,7,Kaitlyn Bristowe,8.0,-4.0466999999999995,3,1.0,9.0,Tv Personality,35,Winner,10.0,1,Artem Chigvintsev,0
29,7,Monica Aldama,7.333333333333333,-6.7445,3,0.5773502691896257,10.0,Tv Personality,48,Eliminated,7.0,10,Valentin Chmerkovskiy,0
29,7,Nelly,9.0,0.0,3,0.0,2.0,Singer/Rapper,45,Finalist,10.0,3,Daniella Karagach,0
29,7,Nev Schulman,10.0,4.0466999999999995,3,0.0,1.0,Producer,35,RunnerUp,10.0,2,Jenna Johnson,0
29,7,Skai Jackson,9.0,0.0,3,0.0,2.0,Actor/Actress,18,Eliminated,10.0,5,Alan Bersten,0
29,8,Aj Mclean,9.0,0.0,3,0.0,5.0,Singer/Rapper,42,Eliminated,9.0,7,Cheryl Burke,0
29,8,Chrishell Stause,9.0,0.0,3,0.0,5.0,Actor/Actress,39,Eliminated,8.0,8,Gleb Savchenko,0
29,8,Johnny Weir,10.0,4.0466999999999995,3,0.0,1.0,Athlete,36,Eliminated,10.0,6,Britt Stewart,0
29,8,Justina Machado,9.6666,2.6975302200000026,3,0.0,3.0,Actor/Actress,48,Active,,4,Sasha Farber,0
29,8,Kaitlyn Bristowe,9.333333333333334,1.3489,3,0.5773502691896258,4.0,Tv Personality,35,Winner,10.0,1,Artem Chigvintsev,0
29,8,Nelly,8.0,-4.0466999999999995,3,0.0,8.0,Singer/Rapper,45,Finalist,10.0,3,Daniella Karagach,0
29,8,Nev Schulman,10.0,4.0466999999999995,3,0.0,1.0,Producer,35,RunnerUp,10.0,2,Jenna Johnson,0
29,8,Skai Jackson,8.999933333333333,-0.00026977999999699964,3,0.5773502691896258,7.0,Actor/Actress,18,Eliminated,10.0,5,Alan Bersten,0
29,9,Aj Mclean,8.333266666666667,-4.046497675116247,3,0.5773502691896261,6.0,Singer/Rapper,42,Eliminated,9.0,7,Cheryl Burke,0
29,9,Johnny Weir,10.0,1.011826743662815,3,0.0,1.0,Athlete,36,Eliminated,10.0,6,Britt Stewart,0
29,9,Justina Machado,8.6666,-3.0348732563371845,3,0.0,5.0,Actor/Actress,48,Active,,4,Sasha Farber,0
29,9,Kaitlyn Bristowe,10.0,1.011826743662815,3,0.0,1.0,Tv Personality,35,Winner,10.0,1,Artem Chigvintsev,0
29,9,Nelly,8.0,-5.057919769011554,3,0.0,7.0,Singer/Rapper,45,Finalist,10.0,3,Daniella Karagach,0
29,9,Nev Schulman,9.6666,0.0,3,0.0,3.0,Producer,35,RunnerUp,10.0,2,Jenna Johnson,0
29,9,Skai Jackson,9.6666,0.0,3,0.0,3.0,Actor/Actress,18,Eliminated,10.0,5,Alan Bersten,0
29,10,Johnny Weir,9.5,0.0,3,0.0,4.0,Athlete,36,Eliminated,10.0,6,Britt Stewart,0
29,10,Justina Machado,9.666666666666666,1.3489,3,0.28867513459481275,3.0,Actor/Actress,48,Active,,4,Sasha Farber,0
29,10,Kaitlyn Bristowe,10.0,4.0466999999999995,3,0.0,1.0,Tv Personality,35,Winner,10.0,1,Artem Chigvintsev,0
29,10,Nelly,9.333333333333334,-1.3489,3,0.28867513459481275,6.0,Singer/Rapper,45,Finalist,10.0,3,Daniella Karagach,0
29,10,Nev Schulman,10.0,4.0466999999999995,3,0.0,1.0,Producer,35,RunnerUp,10.0,2,Jenna Johnson,0
29,10,Skai Jackson,9.5,0.0,3,0.0,4.0,Actor/Actress,18,Eliminated,10.0,5,Alan Bersten,0
29,11,Justina Machado,10.0,0.0,3,0.0,1.0,Actor/Actress,48,Active,,4,Sasha Farber,0
30,1,Amanda Kloots,7.0,5.3956,4,0.0,2.0,Tv Personality,39,Active,,4,Alan Bersten,0
30,1,Brian Austin Green,6.0,0.0,4,0.0,9.0,Actor/Actress,48,Eliminated,4.0,13,Sharna Burgess,0
30,1,Christine Chiu,6.25,1.3489,4,0.4999999999999999,7.0,Tv Personality,38,Eliminated,3.0,14,Pasha Pashkov,0
30,1,Cody Rigsby,6.0,0.0,4,0.0,9.0,Fitness Instructor,34,Finalist,9.0,3,Cheryl Burke,0
30,1,Iman Shumpert,5.25,-4.0466999999999995,4,1.2583057392117916,14.0,Athlete,31,Winner,9.0,1,Daniella Karagach,0
30,1,Jimmie Allen,5.5,-2.6978,4,0.5773502691896257,13.0,Singer/Rapper,36,Eliminated,8.0,7,Emma Slater,0
30,1,Jojo Siwa,7.25,6.7445,4,0.4999999999999999,1.0,Social Media Personality,18,RunnerUp,9.0,2,Jenna Johnson,0
30,1,Kenya Moore,6.5,2.6978,4,0.5773502691896257,5.0,Tv Personality,50,Eliminated,6.0,10,Brandon Armstrong,0
30,1,Martin Kove,3.25,-14.837899999999998,4,0.5,15.0,Actor/Actress,75,Eliminated,2.0,15,Britt Stewart,0
30,1,Matt James,6.0,0.0,4,0.0,9.0,Athlete,29,Eliminated,4.0,12,Lindsay Arnold,0
30,1,Melanie C,6.75,4.0466999999999995,4,0.5,4.0,Singer/Rapper,47,Eliminated,5.0,11,Gleb Savchenko,0
30,1,Melora Hardin,6.5,2.6978,4,0.5773502691896257,5.0,Actor/Actress,54,Eliminated,9.0,6,Artem Chigvintsev,0
30,1,"Mike ""The Miz"" Mizanin",6.0,0.0,4,0.0,9.0,Athlete,40,Eliminated,7.0,9,Witney Carson,0
30,1,Olivia Jade,6.25,1.3489,4,0.4999999999999999,7.0,Social Media Personality,21,Eliminated,8.0,8,Valentin Chmerkovskiy,0
30,1,Suni Lee,7.0,5.3956,4,0.0,2.0,Athlete,18,Eliminated,9.0,5,Sasha Farber,0
30,2,Amanda Kloots,8.0,10.7912,4,0.0,1.0,Tv Personality,39,Active,,4,Alan Bersten,0
30,2,Brian Austin Green,5.75,-1.3489,4,0.4999999999999999,13.0,Actor/Actress,48,Eliminated,4.0,13,Sharna Burgess,0
30,2,Christine Chiu,6.0,0.0,4,0.0,10.0,Tv Personality,38,Eliminated,3.0,14,Pasha Pashkov,0
30,2,Cody Rigsby,6.0,0.0,4,0.0,10.0,Fitness Instructor,34,Finalist,9.0,3,Cheryl Burke,0
30,2,Iman Shumpert,6.25,1.3489,4,0.4999999999999999,9.0,Athlete,31,Winner,9.0,1,Daniella Karagach,0
30,2,Jimmie Allen,6.75,4.0466999999999995,4,0.4999999999999999,5.0,Singer/Rapper,36,Eliminated,8.0,7,Emma Slater,0
30,2,Jojo Siwa,7.75,9.4423,4,0.5,2.0,Social Media Personality,18,RunnerUp,9.0,2,Jenna Johnson,0
30,2,Kenya Moore,6.0,0.0,4,0.0,10.0,Tv Personality,50,Eliminated,6.0,10,Brandon Armstrong,0
30,2,Martin Kove,3.75,-12.1401,4,0.5,15.0,Actor/Actress,75,Eliminated,2.0,15,Britt Stewart,0
30,2,Matt James,5.5,-2.6978,4,0.5773502691896258,14.0,Athlete,29,Eliminated,4.0,12,Lindsay Arnold,0
30,2,Melanie C,7.5,8.093399999999999,4,0.5773502691896258,3.0,Singer/Rapper,47,Eliminated,5.0,11,Gleb Savchenko,0
30,2,Melora Hardin,6.75,4.0466999999999995,4,0.4999999999999999,5.0,Actor/Actress,54,Eliminated,9.0,6,Artem Chigvintsev,0
30,2,"Mike ""The Miz"" Mizanin",6.5,2.6978,4,1.0,8.0,Athlete,40,Eliminated,7.0,9,Witney Carson,0
30,2,Olivia Jade,6.75,4.0466999999999995,4,0.4999999999999999,5.0,Social Media Personality,21,Eliminated,8.0,8,Valentin Chmerkovskiy,0
30,2,Suni Lee,7.0,5.3956,4,0.0,4.0,Athlete,18,Eliminated,9.0,5,Sasha Farber,0
30,3,Amanda Kloots,8.0,4.0466999999999995,3,0.0,1.0,Tv Personality,39,Active,,4,Alan Bersten,0
30,3,Brian Austin Green,6.333333333333333,-2.6978,3,0.5773502691896257,12.0,Actor/Actress,48,Eliminated,4.0,13,Sharna Burgess,0
30,3,Christine Chiu,7.0,0.0,3,0.0,7.0,Tv Personality,38,Eliminated,3.0,14,Pasha Pashkov,0
30,3,Cody Rigsby,6.0,-4.0466999999999995,3,0.0,14.0,Fitness Instructor,34,Finalist,9.0,3,Cheryl Burke,0
30,3,Iman Shumpert,6.333333333333333,-2.6978,3,0.5773502691896257,12.0,Athlete,31,Winner,9.0,1,Daniella Karagach,0
30,3,Jimmie Allen,6.666666666666667,-1.3489,3,1.1547005383792515,10.0,Singer/Rapper,36,Eliminated,8.0,7,Emma Slater,0
30,3,Jojo Siwa,8.0,4.0466999999999995,3,0.0,1.0,Social Media Personality,18,RunnerUp,9.0,2,Jenna Johnson,0
30,3,Kenya Moore,7.0,0.0,3,0.0,7.0,Tv Personality,50,Eliminated,6.0,10,Brandon Armstrong,0
30,3,Matt James,6.666666666666667,-1.3489,3,0.5773502691896257,10.0,Athlete,29,Eliminated,4.0,12,Lindsay Arnold,0
30,3,Melanie C,7.333333333333333,1.3489,3,0.5773502691896258,5.0,Singer/Rapper,47,Eliminated,5.0,11,Gleb Savchenko,0
30,3,Melora Hardin,7.666666666666667,2.6978,3,0.5773502691896257,4.0,Actor/Actress,54,Eliminated,9.0,6,Artem Chigvintsev,0
30,3,"Mike ""The Miz"" Mizanin",7.333333333333333,1.3489,3,0.5773502691896258,5.0,Athlete,40,Eliminated,7.0,9,Witney Carson,0
30,3,Olivia Jade,8.0,4.0466999999999995,3,0.0,1.0,Social Media Personality,21,Eliminated,8.0,8,Valentin Chmerkovskiy,0
30,3,Suni Lee,7.0,0.0,3,0.0,7.0,Athlete,18,Eliminated,9.0,5,Sasha Farber,0
30,4,Amanda Kloots,8.5,1.3489,4,0.0,4.0,Tv Personality,39,Active,,4,Alan Bersten,0
30,4,Brian Austin Green,6.5,-9.4423,4,0.408248290463863,13.0,Actor/Actress,48,Eliminated,4.0,13,Sharna Burgess,0
30,4,Cody Rigsby,7.25,-5.3956,4,0.4999999999999999,11.0,Fitness Instructor,34,Finalist,9.0,3,Cheryl Burke,0
30,4,Iman Shumpert,7.875,-2.0233499999999998,4,0.9464847243000457,9.0,Athlete,31,Winner,9.0,1,Daniella Karagach,0
30,4,Jimmie Allen,8.125,-0.6744499999999999,4,0.4787135538781691,7.0,Singer/Rapper,36,Eliminated,8.0,7,Emma Slater,0
30,4,Jojo Siwa,8.75,2.6978,4,0.28867513459481314,2.0,Social Media Personality,18,RunnerUp,9.0,2,Jenna Johnson,0
30,4,Kenya Moore,7.375,-4.72115,4,0.47871355387816916,10.0,Tv Personality,50,Eliminated,6.0,10,Brandon Armstrong,0
30,4,Matt James,7.125,-6.070049999999999,4,0.47871355387816905,12.0,Athlete,29,Eliminated,4.0,12,Lindsay Arnold,0
30,4,Melanie C,8.25,0.0,4,0.28867513459481314,6.0,Singer/Rapper,47,Eliminated,5.0,11,Gleb Savchenko,0
30,4,Melora Hardin,9.125,4.72115,4,0.24999999999999983,1.0,Actor/Actress,54,Eliminated,9.0,6,Artem Chigvintsev,0
30,4,"Mike ""The Miz"" Mizanin",8.125,-0.6744499999999999,4,0.4787135538781691,7.0,Athlete,40,Eliminated,7.0,9,Witney Carson,0
30,4,Olivia Jade,8.75,2.6977999999999995,4,0.5000000000000001,2.0,Social Media Personality,21,Eliminated,8.0,8,Valentin Chmerkovskiy,0
30,4,Suni Lee,8.5,1.3489,4,0.408248290463863,4.0,Athlete,18,Eliminated,9.0,5,Sasha Farber,0
30,5,Amanda Kloots,9.75,4.0466999999999995,4,0.49999999999999983,2.0,Tv Personality,39,Active,,4,Alan Bersten,0
30,5,Cody Rigsby,8.0,-5.3956,4,0.0,9.0,Fitness Instructor,34,Finalist,9.0,3,Cheryl Burke,0
30,5,Iman Shumpert,7.0,-10.7912,4,0.0,11.0,Athlete,31,Winner,9.0,1,Daniella Karagach,0
30,5,Jimmie Allen,8.5,-2.6978,4,0.5773502691896255,8.0,Singer/Rapper,36,Eliminated,8.0,7,Emma Slater,0
30,5,Jojo Siwa,10.0,5.3956,4,0.0,1.0,Social Media Personality,18,RunnerUp,9.0,2,Jenna Johnson,0
30,5,Kenya Moore,9.0,0.0,4,0.0,3.0,Tv Personality,50,Eliminated,6.0,10,Brandon Armstrong,0
30,5,Melanie C,9.0,0.0,4,0.0,3.0,Singer/Rapper,47,Eliminated,5.0,11,Gleb Savchenko,0
30,5,Melora Hardin,9.0,0.0,4,0.0,3.0,Actor/Actress,54,Eliminated,9.0,6,Artem Chigvintsev,0
30,5,"Mike ""The Miz"" Mizanin",8.0,-5.3956,4,0.0,9.0,Athlete,40,Eliminated,7.0,9,Witney Carson,0
30,5,Olivia Jade,9.0,0.0,4,0.0,3.0,Social Media Personality,21,Eliminated,8.0,8,Valentin Chmerkovskiy,0
30,5,Suni Lee,9.0,0.0,4,0.0,3.0,Athlete,18,Eliminated,9.0,5,Sasha Farber,0
30,6,Amanda Kloots,9.5,2.6978,4,0.5773502691896255,3.0,Tv Personality,39,Active,,4,Alan Bersten,0
30,6,Cody Rigsby,9.0,0.0,4,0.0,5.0,Fitness Instructor,34,Finalist,9.0,3,Cheryl Burke,0
30,6,Iman Shumpert,10.0,5.3956,4,0.0,1.0,Athlete,31,Winner,9.0,1,Daniella Karagach,0
30,6,Jimmie Allen,9.5,2.6978,4,0.5773502691896257,3.0,Singer/Rapper,36,Eliminated,8.0,7,Emma Slater,0
30,6,Jojo Siwa,10.0,5.3956,4,0.0,1.0,Social Media Personality,18,RunnerUp,9.0,2,Jenna Johnson,0
30,6,Kenya Moore,8.0,-5.3956,4,0.0,10.0,Tv Personality,50,Eliminated,6.0,10,Brandon Armstrong,0
30,6,Melora Hardin,8.5,-2.6978,4,0.5773502691896257,8.0,Actor/Actress,54,Eliminated,9.0,6,Artem Chigvintsev,0
30,6,"Mike ""The Miz"" Mizanin",8.5,-2.6978,4,0.5773502691896257,8.0,Athlete,40,Eliminated,7.0,9,Witney Carson,0
30,6,Olivia Jade,9.0,0.0,4,0.0,5.0,Social Media Personality,21,Eliminated,8.0,8,Valentin Chmerkovskiy,0
30,6,Suni Lee,9.0,0.0,4,0.0,5.0,Athlete,18,Eliminated,9.0,5,Sasha Farber,0
30,7,Amanda Kloots,8.5,-2.1582399999999997,4,0.5,6.0,Tv Personality,39,Active,,4,Alan Bersten,0
30,7,Cody Rigsby,9.0,0.0,4,0.5773502691896255,5.0,Fitness Instructor,34,Finalist,9.0,3,Cheryl Burke,0
30,7,Iman Shumpert,8.5,-2.15824,4,0.816496580927726,6.0,Athlete,31,Winner,9.0,1,Daniella Karagach,0
30,7,Jimmie Allen,9.5,2.15824,4,0.5773502691896255,3.0,Singer/Rapper,36,Eliminated,8.0,7,Emma Slater,0
30,7,Jojo Siwa,9.75,3.2373600000000002,4,0.5000000000000001,2.0,Social Media Personality,18,RunnerUp,9.0,2,Jenna Johnson,0
30,7,Melora Hardin,9.5,2.15824,4,0.0,3.0,Actor/Actress,54,Eliminated,9.0,6,Artem Chigvintsev,0
30,7,"Mike ""The Miz"" Mizanin",8.0,-4.31648,4,0.0,9.0,Athlete,40,Eliminated,7.0,9,Witney Carson,0
30,7,Olivia Jade,10.5,6.4747200000000005,4,0.9999999999999998,1.0,Social Media Personality,21,Eliminated,8.0,8,Valentin Chmerkovskiy,0
30,7,Suni Lee,8.5,-2.1582399999999997,4,0.5,6.0,Athlete,18,Eliminated,9.0,5,Sasha Farber,0
30,8,Amanda Kloots,10.5,1.798533333333333,4,0.0,1.0,Tv Personality,39,Active,,4,Alan Bersten,0
30,8,Cody Rigsby,9.5,-1.798533333333333,4,0.5773502691896255,5.0,Fitness Instructor,34,Finalist,9.0,3,Cheryl Burke,0
30,8,Iman Shumpert,8.75,-4.496333333333332,4,0.5000000000000001,7.0,Athlete,31,Winner,9.0,1,Daniella Karagach,0
30,8,Jimmie Allen,8.0,-7.194133333333332,4,0.0,8.0,Singer/Rapper,36,Eliminated,8.0,7,Emma Slater,0
30,8,Jojo Siwa,10.25,0.8992666666666665,4,0.5000000000000001,4.0,Social Media Personality,18,RunnerUp,9.0,2,Jenna Johnson,0
30,8,Melora Hardin,10.5,1.798533333333333,4,0.0,1.0,Actor/Actress,54,Eliminated,9.0,6,Artem Chigvintsev,0
30,8,Olivia Jade,9.0,-3.597066666666666,4,0.0,6.0,Social Media Personality,21,Eliminated,8.0,8,Valentin Chmerkovskiy,0
30,8,Suni Lee,10.5,1.798533333333333,4,0.0,1.0,Athlete,18,Eliminated,9.0,5,Sasha Farber,0
30,9,Amanda Kloots,9.875,2.0233499999999998,4,0.24999999999999983,2.0,Tv Personality,39,Active,,4,Alan Bersten,0
30,9,Cody Rigsby,8.875,-3.37225,4,0.2500000000000001,6.0,Fitness Instructor,34,Finalist,9.0,3,Cheryl Burke,0
30,9,Iman Shumpert,9.375,-0.67445,4,0.47871355387816905,3.0,Athlete,31,Winner,9.0,1,Daniella Karagach,0
30,9,Jojo Siwa,10.0,2.6978,4,0.0,1.0,Social Media Personality,18,RunnerUp,9.0,2,Jenna Johnson,0
30,9,Melora Hardin,9.0,-2.6978,4,0.408248290463863,5.0,Actor/Actress,54,Eliminated,9.0,6,Artem Chigvintsev,0
30,9,Suni Lee,9.375,-0.67445,4,0.47871355387816905,3.0,Athlete,18,Eliminated,9.0,5,Sasha Farber,0
30,10,Amanda Kloots,9.75,0.0,4,0.28867513459481287,1.0,Tv Personality,39,Active,,4,Alan Bersten,0
31,1,Charli D'Amelio,8.0,5.3956,4,0.0,1.0,Social Media Personality,18,Winner,9.0,1,Mark Ballas,0
31,1,Cheryl Ladd,5.25,-2.0233499999999998,4,0.4999999999999999,10.0,Actor/Actress,71,Eliminated,3.0,14,Louis Van Amstel,0
31,1,Daniel Durant,6.75,2.0233499999999998,4,0.4999999999999999,6.0,Actor/Actress,32,Eliminated,9.0,5,Britt Stewart,0
31,1,Gabby Windey,7.0,2.6978,4,0.0,3.0,Tv Personality,31,RunnerUp,9.0,2,Valentin Chmerkovskiy,0
31,1,Heidi D'Amelio,6.0,0.0,4,0.0,8.0,Social Media Personality,50,Eliminated,8.0,8,Artem Chigvintsev,0
31,1,Jason Lewis,4.5,-4.0466999999999995,4,0.5773502691896257,15.0,Actor/Actress,51,Eliminated,1.0,16,Peta Murgatroyd,0
31,1,Jessie James Decker,5.0,-2.6978,4,0.0,12.0,Singer/Rapper,34,Eliminated,6.0,10,Alan Bersten,0
31,1,Jordin Sparks,6.5,1.3489,4,0.5773502691896257,7.0,Singer/Rapper,32,Eliminated,7.0,9,Brandon Armstrong,0
31,1,Joseph Baena,5.75,-0.67445,4,0.4999999999999999,9.0,Actor/Actress,24,Eliminated,5.0,11,Daniella Karagach,0
31,1,Sam Champion,5.0,-2.6978,4,0.0,12.0,News Anchor,61,Eliminated,4.0,13,Cheryl Burke,0
31,1,Selma Blair,7.0,2.6978,4,0.0,3.0,Actor/Actress,50,Withdrew,,12,Sasha Farber,0
31,1,Shangela,7.0,2.6978,4,0.0,3.0,Tv Personality,40,Active,,4,Gleb Savchenko,0
31,1,Teresa Giudice,5.0,-2.6978,4,0.0,12.0,Tv Personality,50,Eliminated,2.0,15,Pasha Pashkov,0
31,1,Trevor Donovan,5.25,-2.0233499999999998,4,0.5,10.0,Actor/Actress,39,Eliminated,9.0,6,Emma Slater,0
31,1,Vinny Guadagnino,4.25,-4.72115,4,0.5,16.0,Tv Personality,34,Eliminated,8.0,7,Koko Iwasaki,0
31,1,Wayne Brady,7.25,3.37225,4,0.5,2.0,Comedian,50,Finalist,9.0,3,Witney Carson,0
31,2,Charli D'Amelio,8.0,4.31648,4,0.0,1.0,Social Media Personality,18,Winner,9.0,1,Mark Ballas,0
31,2,Cheryl Ladd,5.25,-7.553840000000001,4,0.4999999999999999,15.0,Actor/Actress,71,Eliminated,3.0,14,Louis Van Amstel,0
31,2,Daniel Durant,7.25,1.07912,4,0.5,5.0,Actor/Actress,32,Eliminated,9.0,5,Britt Stewart,0
31,2,Gabby Windey,8.0,4.31648,4,0.0,1.0,Tv Personality,31,RunnerUp,9.0,2,Valentin Chmerkovskiy,0
31,2,Heidi D'Amelio,7.0,0.0,4,0.0,6.0,Social Media Personality,50,Eliminated,8.0,8,Artem Chigvintsev,0
31,2,Jessie James Decker,6.25,-3.2373600000000002,4,0.4999999999999999,12.0,Singer/Rapper,34,Eliminated,6.0,10,Alan Bersten,0
31,2,Jordin Sparks,6.75,-1.07912,4,0.4999999999999999,9.0,Singer/Rapper,32,Eliminated,7.0,9,Brandon Armstrong,0
31,2,Joseph Baena,6.0,-4.31648,4,0.0,13.0,Actor/Actress,24,Eliminated,5.0,11,Daniella Karagach,0
31,2,Sam Champion,6.5,-2.15824,4,0.5773502691896258,11.0,News Anchor,61,Eliminated,4.0,13,Cheryl Burke,0
31,2,Selma Blair,7.0,0.0,4,0.0,6.0,Actor/Actress,50,Withdrew,,12,Sasha Farber,0
31,2,Shangela,7.0,0.0,4,0.0,6.0,Tv Personality,40,Active,,4,Gleb Savchenko,0
31,2,Teresa Giudice,5.75,-5.3956,4,0.4999999999999999,14.0,Tv Personality,50,Eliminated,2.0,15,Pasha Pashkov,0
31,2,Trevor Donovan,7.5,2.15824,4,0.5773502691896258,4.0,Actor/Actress,39,Eliminated,9.0,6,Emma Slater,0
31,2,Vinny Guadagnino,6.75,-1.07912,4,0.4999999999999999,9.0,Tv Personality,34,Eliminated,8.0,7,Koko Iwasaki,0
31,2,Wayne Brady,8.0,4.31648,4,0.0,1.0,Comedian,50,Finalist,9.0,3,Witney Carson,0
31,3,Charli D'Amelio,8.25,5.3956,4,0.5,1.0,Social Media Personality,18,Winner,9.0,1,Mark Ballas,0
31,3,Cheryl Ladd,6.0,-4.31648,4,0.0,13.0,Actor/Actress,71,Eliminated,3.0,14,Louis Van Amstel,0
31,3,Daniel Durant,7.75,3.2373600000000002,4,0.4999999999999999,5.0,Actor/Actress,32,Eliminated,9.0,5,Britt Stewart,0
31,3,Gabby Windey,8.25,5.3956,4,0.5,1.0,Tv Personality,31,RunnerUp,9.0,2,Valentin Chmerkovskiy,0
31,3,Heidi D'Amelio,8.0,4.31648,4,0.0,4.0,Social Media Personality,50,Eliminated,8.0,8,Artem Chigvintsev,0
31,3,Jessie James Decker,6.5,-2.15824,4,0.5773502691896258,11.0,Singer/Rapper,34,Eliminated,6.0,10,Alan Bersten,0
31,3,Jordin Sparks,7.25,1.07912,4,0.5,7.0,Singer/Rapper,32,Eliminated,7.0,9,Brandon Armstrong,0
31,3,Joseph Baena,7.25,1.07912,4,0.4999999999999999,7.0,Actor/Actress,24,Eliminated,5.0,11,Daniella Karagach,0
31,3,Sam Champion,6.25,-3.2373600000000002,4,0.5,12.0,News Anchor,61,Eliminated,4.0,13,Cheryl Burke,0
31,3,Selma Blair,7.0,0.0,4,0.0,9.0,Actor/Actress,50,Withdrew,,12,Sasha Farber,0
31,3,Shangela,7.5,2.15824,4,0.5773502691896257,6.0,Tv Personality,40,Active,,4,Gleb Savchenko,0
31,3,Trevor Donovan,6.75,-1.07912,4,0.4999999999999999,10.0,Actor/Actress,39,Eliminated,9.0,6,Emma Slater,0
31,3,Vinny Guadagnino,5.75,-5.3956,4,0.4999999999999999,14.0,Tv Personality,34,Eliminated,8.0,7,Koko Iwasaki,0
31,3,Wayne Brady,8.25,5.3956,4,0.5,1.0,Comedian,50,Finalist,9.0,3,Witney Carson,0
31,4,Charli D'Amelio,9.0,2.6978,4,0.0,1.0,Social Media Personality,18,Winner,9.0,1,Mark Ballas,0
31,4,Daniel Durant,7.25,-2.0233499999999998,4,0.5,9.0,Actor/Actress,32,Eliminated,9.0,5,Britt Stewart,0
31,4,Gabby Windey,9.0,2.6978,4,0.0,1.0,Tv Personality,31,RunnerUp,9.0,2,Valentin Chmerkovskiy,0
31,4,Heidi D'Amelio,8.5,1.3489,4,0.5773502691896257,4.0,Social Media Personality,50,Eliminated,8.0,8,Artem Chigvintsev,0
31,4,Jessie James Decker,7.75,-0.67445,4,0.4999999999999999,8.0,Singer/Rapper,34,Eliminated,6.0,10,Alan Bersten,0
31,4,Jordin Sparks,8.5,1.3489,4,0.5773502691896257,4.0,Singer/Rapper,32,Eliminated,7.0,9,Brandon Armstrong,0
31,4,Joseph Baena,7.0,-2.6978,4,0.0,11.0,Actor/Actress,24,Eliminated,5.0,11,Daniella Karagach,0
31,4,Sam Champion,6.25,-4.72115,4,0.4999999999999999,13.0,News Anchor,61,Eliminated,4.0,13,Cheryl Burke,0
31,4,Selma Blair,8.0,0.0,4,0.0,6.0,Actor/Actress,50,Withdrew,,12,Sasha Farber,0
31,4,Shangela,8.0,0.0,4,0.0,6.0,Tv Personality,40,Active,,4,Gleb Savchenko,0
31,4,Trevor Donovan,7.0,-2.6978,4,0.0,11.0,Actor/Actress,39,Eliminated,9.0,6,Emma Slater,0
31,4,Vinny Guadagnino,7.25,-2.0233499999999998,4,0.4999999999999999,9.0,Tv Personality,34,Eliminated,8.0,7,Koko Iwasaki,0
31,4,Wayne Brady,9.0,2.6978,4,0.0,1.0,Comedian,50,Finalist,9.0,3,Witney Carson,0
31,5,Charli D'Amelio,10.5,4.85604,4,0.25,1.0,Social Media Personality,18,Winner,9.0,1,Mark Ballas,0
31,5,Daniel Durant,8.375,-4.31648,4,0.28867513459481314,11.0,Actor/Actress,32,Eliminated,9.0,5,Britt Stewart,0
31,5,Gabby Windey,10.25,3.77692,4,0.0,2.0,Tv Personality,31,RunnerUp,9.0,2,Valentin Chmerkovskiy,0
31,5,Heidi D'Amelio,9.75,1.61868,4,0.24999999999999983,5.0,Social Media Personality,50,Eliminated,8.0,8,Artem Chigvintsev,0
31,5,Jessie James Decker,9.0,-1.6186800000000001,4,0.2500000000000001,7.0,Singer/Rapper,34,Eliminated,6.0,10,Alan Bersten,0
31,5,Jordin Sparks,8.875,-2.15824,4,0.40824829046386285,9.0,Singer/Rapper,32,Eliminated,7.0,9,Brandon Armstrong,0
31,5,Joseph Baena,8.75,-2.6978,4,0.28867513459481287,10.0,Actor/Actress,24,Eliminated,5.0,11,Daniella Karagach,0
31,5,Selma Blair,10.0,2.6978,4,0.0,4.0,Actor/Actress,50,Withdrew,,12,Sasha Farber,0
31,5,Shangela,9.625,1.0791199999999999,4,0.24999999999999983,6.0,Tv Personality,40,Active,,4,Gleb Savchenko,0
31,5,Trevor Donovan,9.0,-1.61868,4,0.0,7.0,Actor/Actress,39,Eliminated,9.0,6,Emma Slater,0
31,5,Vinny Guadagnino,7.75,-7.01428,4,0.0,12.0,Tv Personality,34,Eliminated,8.0,7,Koko Iwasaki,0
31,5,Wayne Brady,10.25,3.7769199999999996,4,0.25,2.0,Comedian,50,Finalist,9.0,3,Witney Carson,0
31,6,Charli D'Amelio,10.0,5.3956,4,0.0,1.0,Social Media Personality,18,Winner,9.0,1,Mark Ballas,0
31,6,Daniel Durant,8.5,-2.6978,4,0.5773502691896257,5.0,Actor/Actress,32,Eliminated,9.0,5,Britt Stewart,0
31,6,Gabby Windey,9.25,1.3489,4,0.5,2.0,Tv Personality,31,RunnerUp,9.0,2,Valentin Chmerkovskiy,0
31,6,Heidi D'Amelio,9.0,0.0,4,0.0,3.0,Social Media Personality,50,Eliminated,8.0,8,Artem Chigvintsev,0
31,6,Jessie James Decker,8.0,-5.3956,4,0.0,9.0,Singer/Rapper,34,Eliminated,6.0,10,Alan Bersten,0
31,6,Jordin Sparks,8.5,-2.6978,4,0.5773502691896257,5.0,Singer/Rapper,32,Eliminated,7.0,9,Brandon Armstrong,0
31,6,Shangela,9.0,0.0,4,0.0,3.0,Tv Personality,40,Active,,4,Gleb Savchenko,0
31,6,Trevor Donovan,8.5,-2.6978,4,0.5773502691896257,5.0,Actor/Actress,39,Eliminated,9.0,6,Emma Slater,0
31,6,Vinny Guadagnino,7.0,-10.7912,4,0.0,10.0,Tv Personality,34,Eliminated,8.0,7,Koko Iwasaki,0
31,6,Wayne Brady,8.5,-2.6978,4,0.5773502691896257,5.0,Comedian,50,Finalist,9.0,3,Witney Carson,0
31,7,Charli D'Amelio,9.75,4.0466999999999995,4,0.28867513459481314,1.0,Social Media Personality,18,Winner,9.0,1,Mark Ballas,0
31,7,Daniel Durant,9.125,0.67445,4,0.47871355387816905,4.0,Actor/Actress,32,Eliminated,9.0,5,Britt Stewart,0
31,7,Gabby Windey,8.875,-0.67445,4,0.2500000000000001,6.0,Tv Personality,31,RunnerUp,9.0,2,Valentin Chmerkovskiy,0
31,7,Heidi D'Amelio,8.75,-1.3489,4,0.28867513459481287,7.0,Social Media Personality,50,Eliminated,8.0,8,Artem Chigvintsev,0
31,7,Jordin Sparks,8.625,-2.0233499999999998,4,0.24999999999999983,8.0,Singer/Rapper,32,Eliminated,7.0,9,Brandon Armstrong,0
31,7,Shangela,9.125,0.67445,4,0.24999999999999983,4.0,Tv Personality,40,Active,,4,Gleb Savchenko,0
31,7,Trevor Donovan,9.75,4.0466999999999995,4,0.5000000000000001,1.0,Actor/Actress,39,Eliminated,9.0,6,Emma Slater,0
31,7,Vinny Guadagnino,7.875,-6.07005,4,0.25000000000000006,9.0,Tv Personality,34,Eliminated,8.0,7,Koko Iwasaki,0
31,7,Wayne Brady,9.5,2.6978,4,0.40824829046386285,3.0,Comedian,50,Finalist,9.0,3,Witney Carson,0
31,8,Charli D'Amelio,11.25,2.9975555555555555,4,0.0,1.0,Social Media Personality,18,Winner,9.0,1,Mark Ballas,0
31,8,Daniel Durant,9.75,-0.5995111111111111,4,0.5000000000000001,5.0,Actor/Actress,32,Eliminated,9.0,5,Britt Stewart,0
31,8,Gabby Windey,10.0,0.0,4,0.0,4.0,Tv Personality,31,RunnerUp,9.0,2,Valentin Chmerkovskiy,0
31,8,Heidi D'Amelio,8.75,-2.9975555555555555,4,0.5000000000000001,7.0,Social Media Personality,50,Eliminated,8.0,8,Artem Chigvintsev,0
31,8,Shangela,10.5,1.1990222222222222,4,0.5000000000000001,3.0,Tv Personality,40,Active,,4,Gleb Savchenko,0
31,8,Trevor Donovan,9.75,-0.5995111111111111,4,0.5773502691896257,5.0,Actor/Actress,39,Eliminated,9.0,6,Emma Slater,0
31,8,Vinny Guadagnino,7.25,-6.594622222222222,4,0.4999999999999999,8.0,Tv Personality,34,Eliminated,8.0,7,Koko Iwasaki,0
31,8,Wayne Brady,11.25,2.9975555555555555,4,0.0,1.0,Comedian,50,Finalist,9.0,3,Witney Carson,0
31,9,Charli D'Amelio,10.0,4.796088888888889,4,0.0,1.0,Social Media Personality,18,Winner,9.0,1,Mark Ballas,0
31,9,Daniel Durant,8.625,-1.7985333333333333,4,0.4787135538781691,5.0,Actor/Actress,32,Eliminated,9.0,5,Britt Stewart,0
31,9,Gabby Windey,10.0,4.796088888888889,4,0.0,1.0,Tv Personality,31,RunnerUp,9.0,2,Valentin Chmerkovskiy,0
31,9,Shangela,9.125,0.5995111111111111,4,0.24999999999999983,3.0,Tv Personality,40,Active,,4,Gleb Savchenko,0
31,9,Trevor Donovan,8.125,-4.196577777777778,4,0.24999999999999983,6.0,Actor/Actress,39,Eliminated,9.0,6,Emma Slater,0
31,9,Wayne Brady,9.125,0.5995111111111111,4,0.24999999999999983,3.0,Comedian,50,Finalist,9.0,3,Witney Carson,0
31,10,Shangela,9.5,0.0,4,0.0,1.0,Tv Personality,40,Active,,4,Gleb Savchenko,0
32,1,Adrian Peterson,6.0,1.1562,3,0.0,5.0,Athlete,38,Eliminated,4.0,11,Britt Stewart,0
32,1,Alyson Hannigan,4.333333333333333,-2.6978,3,0.5773502691896257,11.0,Actor/Actress,49,Active,,5,Sasha Farber,0
32,1,Ariana Madix,7.0,3.4685999999999995,3,0.0,2.0,Tv Personality,38,Finalist,9.0,3,Pasha Pashkov,0
32,1,Barry Williams,5.333333333333333,-0.38539999999999996,3,0.5773502691896257,8.0,Actor/Actress,68,Eliminated,8.0,7,Peta Murgatroyd,0
32,1,Charity Lawson,7.333333333333333,4.2394,3,0.5773502691896258,1.0,Tv Personality,27,Active,,4,Artem Chigvintsev,0
32,1,Harry Jowsey,4.0,-3.4685999999999995,3,0.0,12.0,Tv Personality,26,Eliminated,9.0,6,Rylee Arnold,0
32,1,Jamie Lynn Spears,5.0,-1.1562,3,0.0,9.0,Actor/Actress,32,Eliminated,2.0,13,Alan Bersten,0
32,1,Jason Mraz,7.0,3.4685999999999995,3,0.0,2.0,Singer/Rapper,46,RunnerUp,9.0,2,Daniella Karagach,0
32,1,Lele Pons,6.333333333333333,1.9269999999999998,3,0.5773502691896257,4.0,Social Media Personality,27,Eliminated,7.0,8,Brandon Armstrong,0
32,1,Matt Walsh,4.0,-3.4685999999999995,3,0.0,12.0,Comedian,58,Eliminated,1.0,14,Koko Iwasaki,0
32,1,Mauricio Umansky,5.0,-1.1562,3,0.0,9.0,Tv Personality,53,Eliminated,6.0,9,Emma Slater,0
32,1,Mira Sorvino,5.666666666666667,0.38539999999999996,3,0.5773502691896257,7.0,Actor/Actress,55,Eliminated,5.0,10,Gleb Savchenko,0
32,1,Tyson Beckford,4.0,-3.4685999999999995,3,0.0,12.0,Model,52,Eliminated,3.0,12,Jenna Johnson,0
32,1,Xochitl Gomez,6.0,1.1562,3,0.0,5.0,Actor/Actress,17,Winner,9.0,1,Valentin Chmerkovskiy,0
32,2,Adrian Peterson,5.0,-2.0233499999999998,3,0.0,10.0,Athlete,38,Eliminated,4.0,11,Britt Stewart,0
32,2,Alyson Hannigan,6.333333333333333,0.67445,3,0.5773502691896257,6.0,Actor/Actress,49,Active,,5,Sasha Farber,0
32,2,Ariana Madix,6.666666666666667,1.3489,3,0.5773502691896257,5.0,Tv Personality,38,Finalist,9.0,3,Pasha Pashkov,0
32,2,Barry Williams,5.0,-2.0233499999999998,3,0.0,10.0,Actor/Actress,68,Eliminated,8.0,7,Peta Murgatroyd,0
32,2,Charity Lawson,7.0,2.0233499999999998,3,0.0,3.0,Tv Personality,27,Active,,4,Artem Chigvintsev,0
32,2,Harry Jowsey,5.0,-2.0233499999999998,3,0.0,10.0,Tv Personality,26,Eliminated,9.0,6,Rylee Arnold,0
32,2,Jamie Lynn Spears,5.333333333333333,-1.3489,3,0.5773502691896257,9.0,Actor/Actress,32,Eliminated,2.0,13,Alan Bersten,0
32,2,Jason Mraz,8.0,4.0466999999999995,3,0.0,1.0,Singer/Rapper,46,RunnerUp,9.0,2,Daniella Karagach,0
32,2,Lele Pons,7.0,2.0233499999999998,3,0.0,3.0,Social Media Personality,27,Eliminated,7.0,8,Brandon Armstrong,0
32,2,Mauricio Umansky,4.0,-4.0466999999999995,3,0.0,13.0,Tv Personality,53,Eliminated,6.0,9,Emma Slater,0
32,2,Mira Sorvino,6.0,0.0,3,0.0,7.0,Actor/Actress,55,Eliminated,5.0,10,Gleb Savchenko,0
32,2,Tyson Beckford,6.0,0.0,3,0.0,7.0,Model,52,Eliminated,3.0,12,Jenna Johnson,0
32,2,Xochitl Gomez,8.0,4.0466999999999995,3,0.0,1.0,Actor/Actress,17,Winner,9.0,1,Valentin Chmerkovskiy,0
32,3,Adrian Peterson,5.5,-2.6978,4,0.5773502691896258,11.0,Athlete,38,Eliminated,4.0,11,Britt Stewart,0
32,3,Alyson Hannigan,6.0,-1.3489,4,0.0,8.0,Actor/Actress,49,Active,,5,Sasha Farber,0
32,3,Ariana Madix,8.5,5.3956,4,0.5773502691896257,1.0,Tv Personality,38,Finalist,9.0,3,Pasha Pashkov,0
32,3,Barry Williams,6.25,-0.67445,4,0.5,7.0,Actor/Actress,68,Eliminated,8.0,7,Peta Murgatroyd,0
32,3,Charity Lawson,8.0,4.0466999999999995,4,0.0,3.0,Tv Personality,27,Active,,4,Artem Chigvintsev,0
32,3,Harry Jowsey,6.0,-1.3489,4,0.816496580927726,8.0,Tv Personality,26,Eliminated,9.0,6,Rylee Arnold,0
32,3,Jason Mraz,8.5,5.3956,4,0.5773502691896257,1.0,Singer/Rapper,46,RunnerUp,9.0,2,Daniella Karagach,0
32,3,Lele Pons,6.75,0.67445,4,0.4999999999999999,5.0,Social Media Personality,27,Eliminated,7.0,8,Brandon Armstrong,0
32,3,Mauricio Umansky,5.75,-2.0233499999999998,4,0.9574271077563381,10.0,Tv Personality,53,Eliminated,6.0,9,Emma Slater,0
32,3,Mira Sorvino,6.5,0.0,4,0.5773502691896258,6.0,Actor/Actress,55,Eliminated,5.0,10,Gleb Savchenko,0
32,3,Tyson Beckford,5.0,-4.0466999999999995,4,0.0,12.0,Model,52,Eliminated,3.0,12,Jenna Johnson,0
32,3,Xochitl Gomez,8.0,4.0466999999999995,4,0.0,3.0,Actor/Actress,17,Winner,9.0,1,Valentin Chmerkovskiy,0
32,4,Adrian Peterson,7.0,0.0,3,0.0,6.0,Athlete,38,Eliminated,4.0,11,Britt Stewart,0
32,4,Alyson Hannigan,6.0,-4.0466999999999995,3,0.0,10.0,Actor/Actress,49,Active,,5,Sasha Farber,0
32,4,Ariana Madix,8.333333333333334,5.3956,3,0.5773502691896258,2.0,Tv Personality,38,Finalist,9.0,3,Pasha Pashkov,0
32,4,Barry Williams,6.0,-4.0466999999999995,3,0.0,10.0,Actor/Actress,68,Eliminated,8.0,7,Peta Murgatroyd,0
32,4,Charity Lawson,8.0,4.0466999999999995,3,0.0,3.0,Tv Personality,27,Active,,4,Artem Chigvintsev,0
32,4,Harry Jowsey,7.0,0.0,3,0.0,6.0,Tv Personality,26,Eliminated,9.0,6,Rylee Arnold,0
32,4,Jason Mraz,8.0,4.0466999999999995,3,0.0,3.0,Singer/Rapper,46,RunnerUp,9.0,2,Daniella Karagach,0
32,4,Lele Pons,7.333333333333333,1.3489,3,0.5773502691896258,5.0,Social Media Personality,27,Eliminated,7.0,8,Brandon Armstrong,0
32,4,Mauricio Umansky,6.333333333333333,-2.6978,3,0.5773502691896257,9.0,Tv Personality,53,Eliminated,6.0,9,Emma Slater,0
32,4,Mira Sorvino,7.0,0.0,3,0.0,6.0,Actor/Actress,55,Eliminated,5.0,10,Gleb Savchenko,0
32,4,Xochitl Gomez,9.0,8.093399999999999,3,0.0,1.0,Actor/Actress,17,Winner,9.0,1,Valentin Chmerkovskiy,0
32,5,Alyson Hannigan,7.0,-2.3124,3,0.0,9.0,Actor/Actress,49,Active,,5,Sasha Farber,0
32,5,Ariana Madix,8.0,0.0,3,0.0,4.0,Tv Personality,38,Finalist,9.0,3,Pasha Pashkov,0
32,5,Barry Williams,8.0,0.0,3,0.0,4.0,Actor/Actress,68,Eliminated,8.0,7,Peta Murgatroyd,0
32,5,Charity Lawson,9.333333333333334,3.0831999999999997,3,0.5773502691896258,1.0,Tv Personality,27,Active,,4,Artem Chigvintsev,0
32,5,Harry Jowsey,6.0,-4.6248,3,0.0,10.0,Tv Personality,26,Eliminated,9.0,6,Rylee Arnold,0
32,5,Jason Mraz,9.0,2.3124,3,0.0,3.0,Singer/Rapper,46,RunnerUp,9.0,2,Daniella Karagach,0
32,5,Lele Pons,8.0,0.0,3,0.0,4.0,Social Media Personality,27,Eliminated,7.0,8,Brandon Armstrong,0
32,5,Mauricio Umansky,8.0,0.0,3,0.0,4.0,Tv Personality,53,Eliminated,6.0,9,Emma Slater,0
32,5,Mira Sorvino,7.333333333333333,-1.5415999999999999,3,0.5773502691896257,8.0,Actor/Actress,55,Eliminated,5.0,10,Gleb Savchenko,0
32,5,Xochitl Gomez,9.333333333333334,3.0831999999999997,3,0.5773502691896258,1.0,Actor/Actress,17,Winner,9.0,1,Valentin Chmerkovskiy,0
32,6,Alyson Hannigan,7.75,-3.8539999999999996,4,0.5,8.0,Actor/Actress,49,Active,,5,Sasha Farber,0
32,6,Ariana Madix,10.25,3.8539999999999996,4,0.5,2.0,Tv Personality,38,Finalist,9.0,3,Pasha Pashkov,0
32,6,Barry Williams,8.0,-3.0831999999999997,4,0.4999999999999999,7.0,Actor/Actress,68,Eliminated,8.0,7,Peta Murgatroyd,0
32,6,Charity Lawson,9.5,1.5415999999999999,4,0.49999999999999983,4.0,Tv Personality,27,Active,,4,Artem Chigvintsev,0
32,6,Harry Jowsey,7.25,-5.3956,4,0.0,9.0,Tv Personality,26,Eliminated,9.0,6,Rylee Arnold,0
32,6,Jason Mraz,9.75,2.3124,4,0.0,3.0,Singer/Rapper,46,RunnerUp,9.0,2,Daniella Karagach,0
32,6,Lele Pons,9.25,0.7707999999999999,4,0.5,5.0,Social Media Personality,27,Eliminated,7.0,8,Brandon Armstrong,0
32,6,Mauricio Umansky,8.25,-2.3124,4,0.49999999999999983,6.0,Tv Personality,53,Eliminated,6.0,9,Emma Slater,0
32,6,Xochitl Gomez,10.5,4.6248,4,0.49999999999999983,1.0,Actor/Actress,17,Winner,9.0,1,Valentin Chmerkovskiy,0
32,7,Alyson Hannigan,8.75,-2.6978,4,0.49999999999999983,6.0,Actor/Actress,49,Active,,5,Sasha Farber,0
32,7,Ariana Madix,9.25,2.6978,4,0.49999999999999983,1.0,Tv Personality,38,Finalist,9.0,3,Pasha Pashkov,0
32,7,Barry Williams,8.125,-9.4423,4,0.2500000000000001,7.0,Actor/Actress,68,Eliminated,8.0,7,Peta Murgatroyd,0
32,7,Charity Lawson,9.0,0.0,4,0.0,4.0,Tv Personality,27,Active,,4,Artem Chigvintsev,0
32,7,Harry Jowsey,8.0,-10.7912,4,0.0,8.0,Tv Personality,26,Eliminated,9.0,6,Rylee Arnold,0
32,7,Jason Mraz,9.0,0.0,4,0.7071067811865476,4.0,Singer/Rapper,46,RunnerUp,9.0,2,Daniella Karagach,0
32,7,Lele Pons,9.125,1.3489,4,0.24999999999999983,3.0,Social Media Personality,27,Eliminated,7.0,8,Brandon Armstrong,0
32,7,Xochitl Gomez,9.25,2.6978,4,0.28867513459481287,1.0,Actor/Actress,17,Winner,9.0,1,Valentin Chmerkovskiy,0
32,8,Alyson Hannigan,9.0,0.53956,4,0.49999999999999983,4.0,Actor/Actress,49,Active,,5,Sasha Farber,0
32,8,Ariana Madix,10.5,7.014279999999999,4,0.5000000000000001,1.0,Tv Personality,38,Finalist,9.0,3,Pasha Pashkov,0
32,8,Barry Williams,8.75,-0.53956,4,0.0,5.0,Actor/Actress,68,Eliminated,8.0,7,Peta Murgatroyd,0
32,8,Charity Lawson,9.75,3.77692,4,0.0,3.0,Tv Personality,27,Active,,4,Artem Chigvintsev,0
32,8,Harry Jowsey,7.0,-8.093399999999999,4,0.0,7.0,Tv Personality,26,Eliminated,9.0,6,Rylee Arnold,0
32,8,Jason Mraz,8.25,-2.6978,4,0.5000000000000001,6.0,Singer/Rapper,46,RunnerUp,9.0,2,Daniella Karagach,0
32,8,Xochitl Gomez,10.0,4.85604,4,0.0,2.0,Actor/Actress,17,Winner,9.0,1,Valentin Chmerkovskiy,0
32,9,Alyson Hannigan,8.0,-2.4665600000000003,4,0.49999999999999983,5.0,Actor/Actress,49,Active,,5,Sasha Farber,0
32,9,Ariana Madix,9.25,0.6166400000000001,4,0.5,4.0,Tv Personality,38,Finalist,9.0,3,Pasha Pashkov,0
32,9,Charity Lawson,9.5,1.2332800000000002,4,0.5773502691896257,3.0,Tv Personality,27,Active,,4,Artem Chigvintsev,0
32,9,Harry Jowsey,7.5,-3.6998400000000005,4,0.5773502691896257,6.0,Tv Personality,26,Eliminated,9.0,6,Rylee Arnold,0
32,9,Jason Mraz,10.75,4.31648,4,0.0,1.0,Singer/Rapper,46,RunnerUp,9.0,2,Daniella Karagach,0
32,9,Xochitl Gomez,10.25,3.0832,4,0.5773502691896255,2.0,Actor/Actress,17,Winner,9.0,1,Valentin Chmerkovskiy,0
32,10,Alyson Hannigan,8.5,-1.4715272727272726,3,0.0,2.0,Actor/Actress,49,Active,,5,Sasha Farber,0
32,10,Charity Lawson,9.833333333333334,2.4525454545454544,3,0.28867513459481275,1.0,Tv Personality,27,Active,,4,Artem Chigvintsev,0
32,11,Alyson Hannigan,8.833333333333334,-1.9269999999999998,3,0.28867513459481275,2.0,Actor/Actress,49,Active,,5,Sasha Farber,0
32,11,Charity Lawson,9.833333333333334,2.6978,3,0.28867513459481275,1.0,Tv Personality,27,Active,,4,Artem Chigvintsev,0
33,1,Anna Delvey,6.0,0.0,3,0.0,8.0,Con Artist,33,Eliminated,2.0,12,Ezra Sosa,0
33,1,Brooks Nader,6.0,0.0,3,0.0,8.0,Model,27,Eliminated,4.0,9,Gleb Savchenko,0
33,1,Chandler Kinney,7.666666666666667,6.7445,3,0.5773502691896257,1.0,Actor/Actress,24,Finalist,7.0,3,Brandon Armstrong,0
33,1,Danny Amendola,6.666666666666667,2.6978,3,0.5773502691896257,5.0,Athlete,39,Active,,5,Witney Carson,0
33,1,Dwight Howard,7.333333333333333,5.3956,3,0.5773502691896257,2.0,Athlete,38,Eliminated,7.0,6,Daniella Karagach,0
33,1,Eric Roberts,5.0,-4.0466999999999995,3,0.0,13.0,Actor/Actress,68,Eliminated,3.0,10,Britt Stewart,0
33,1,Ilona Maher,6.0,0.0,3,0.0,8.0,Athlete,28,RunnerUp,7.0,2,Alan Bersten,0
33,1,Jenn Tran,6.333333333333333,1.3489,3,0.5773502691896257,6.0,Tv Personality,26,Eliminated,6.0,7,Sasha Farber,0
33,1,Joey Graziadei,7.0,4.0466999999999995,3,0.0,3.0,Tv Personality,29,Winner,7.0,1,Jenna Johnson,0
33,1,Phaedra Parks,6.333333333333333,1.3489,3,0.5773502691896257,6.0,Tv Personality,51,Eliminated,5.0,8,Val Chmerkovskiy,0
33,1,Reginald Veljohnson,5.333333333333333,-2.6978,3,0.5773502691896257,12.0,Actor/Actress,74,Eliminated,3.0,10,Emma Slater,0
33,1,Stephen Nedoroscik,7.0,4.0466999999999995,3,0.0,3.0,Athlete,26,Active,,4,Rylee Arnold,0
33,1,Tori Spelling,5.666666666666667,-1.3489,3,0.5773502691896258,11.0,Actor/Actress,51,Eliminated,2.0,12,Pasha Pashkov,0
33,2,Anna Delvey,5.666666666666667,-5.3956,3,0.5773502691896257,11.0,Con Artist,33,Eliminated,2.0,12,Ezra Sosa,0
33,2,Brooks Nader,6.666666666666667,-1.3489,3,0.5773502691896257,8.0,Model,27,Eliminated,4.0,9,Gleb Savchenko,0
33,2,Chandler Kinney,8.0,4.0466999999999995,3,0.0,1.0,Actor/Actress,24,Finalist,7.0,3,Brandon Armstrong,0
33,2,Danny Amendola,7.0,0.0,3,0.0,5.0,Athlete,39,Active,,5,Witney Carson,0
33,2,Dwight Howard,7.333333333333333,1.3489,3,0.5773502691896257,2.0,Athlete,38,Eliminated,7.0,6,Daniella Karagach,0
33,2,Eric Roberts,5.0,-8.093399999999999,3,1.0,12.0,Actor/Actress,68,Eliminated,3.0,10,Britt Stewart,0
33,2,Ilona Maher,7.0,0.0,3,0.0,5.0,Athlete,28,RunnerUp,7.0,2,Alan Bersten,0
33,2,Jenn Tran,6.333333333333333,-2.6978,3,0.5773502691896258,9.0,Tv Personality,26,Eliminated,6.0,7,Sasha Farber,0
33,2,Joey Graziadei,7.333333333333333,1.3489,3,0.5773502691896257,2.0,Tv Personality,29,Winner,7.0,1,Jenna Johnson,0
33,2,Phaedra Parks,7.0,0.0,3,0.0,5.0,Tv Personality,51,Eliminated,5.0,8,Val Chmerkovskiy,0
33,2,Reginald Veljohnson,5.0,-8.093399999999999,3,1.0,12.0,Actor/Actress,74,Eliminated,3.0,10,Emma Slater,0
33,2,Stephen Nedoroscik,7.333333333333333,1.3489,3,0.5773502691896257,2.0,Athlete,26,Active,,4,Rylee Arnold,0
33,2,Tori Spelling,6.333333333333333,-2.6978,3,0.5773502691896257,9.0,Actor/Actress,51,Eliminated,2.0,12,Pasha Pashkov,0
33,3,Brooks Nader,7.625,0.4496333333333333,4,0.24999999999999992,5.0,Model,27,Eliminated,4.0,9,Gleb Savchenko,0
33,3,Chandler Kinney,8.625,4.0466999999999995,4,0.2500000000000001,2.0,Actor/Actress,24,Finalist,7.0,3,Brandon Armstrong,0
33,3,Danny Amendola,7.5,0.0,4,0.408248290463863,6.0,Athlete,39,Active,,5,Witney Carson,0
33,3,Dwight Howard,6.5,-3.597066666666666,4,0.408248290463863,9.0,Athlete,38,Eliminated,7.0,6,Daniella Karagach,0
33,3,Eric Roberts,5.75,-6.294866666666666,4,0.4999999999999999,10.0,Actor/Actress,68,Eliminated,3.0,10,Britt Stewart,0
33,3,Ilona Maher,7.0,-1.798533333333333,4,0.40824829046386313,7.0,Athlete,28,RunnerUp,7.0,2,Alan Bersten,0
33,3,Jenn Tran,7.75,0.8992666666666665,4,0.5,3.0,Tv Personality,26,Eliminated,6.0,7,Sasha Farber,0
33,3,Joey Graziadei,8.75,4.496333333333333,4,0.28867513459481314,1.0,Tv Personality,29,Winner,7.0,1,Jenna Johnson,0
33,3,Phaedra Parks,7.0,-1.7985333333333333,4,0.7071067811865476,7.0,Tv Personality,51,Eliminated,5.0,8,Val Chmerkovskiy,0
33,3,Reginald Veljohnson,5.25,-8.093399999999999,4,0.4999999999999999,11.0,Actor/Actress,74,Eliminated,3.0,10,Emma Slater,0
33,3,Stephen Nedoroscik,7.75,0.8992666666666665,4,0.28867513459481275,3.0,Athlete,26,Active,,4,Rylee Arnold,0
33,4,Brooks Nader,8.0,0.0,4,0.0,4.0,Model,27,Eliminated,4.0,9,Gleb Savchenko,0
33,4,Chandler Kinney,8.0,0.0,4,0.0,4.0,Actor/Actress,24,Finalist,7.0,3,Brandon Armstrong,0
33,4,Danny Amendola,9.0,21.5824,4,0.0,1.0,Athlete,39,Active,,5,Witney Carson,0
33,4,Dwight Howard,7.25,-16.186799999999998,4,0.4999999999999999,9.0,Athlete,38,Eliminated,7.0,6,Daniella Karagach,0
33,4,Ilona Maher,8.0,0.0,4,0.0,4.0,Athlete,28,RunnerUp,7.0,2,Alan Bersten,0
33,4,Jenn Tran,8.0,0.0,4,0.0,4.0,Tv Personality,26,Eliminated,6.0,7,Sasha Farber,0
33,4,Joey Graziadei,9.0,21.5824,4,0.0,1.0,Tv Personality,29,Winner,7.0,1,Jenna Johnson,0
33,4,Phaedra Parks,8.0,0.0,4,0.0,4.0,Tv Personality,51,Eliminated,5.0,8,Val Chmerkovskiy,0
33,4,Stephen Nedoroscik,8.25,5.3956,4,0.5000000000000001,3.0,Athlete,26,Active,,4,Rylee Arnold,0
33,5,Chandler Kinney,9.0,4.0466999999999995,3,0.0,1.0,Actor/Actress,24,Finalist,7.0,3,Brandon Armstrong,0
33,5,Danny Amendola,8.5,0.0,3,0.0,4.0,Athlete,39,Active,,5,Witney Carson,0
33,5,Dwight Howard,8.0,-4.0466999999999995,3,0.0,6.0,Athlete,38,Eliminated,7.0,6,Daniella Karagach,0
33,5,Ilona Maher,8.666666666666666,1.3489,3,0.28867513459481275,2.0,Athlete,28,RunnerUp,7.0,2,Alan Bersten,0
33,5,Jenn Tran,8.5,0.0,3,0.0,4.0,Tv Personality,26,Eliminated,6.0,7,Sasha Farber,0
33,5,Joey Graziadei,8.666666666666666,1.3489,3,0.28867513459481314,2.0,Tv Personality,29,Winner,7.0,1,Jenna Johnson,0
33,5,Phaedra Parks,8.0,-4.0466999999999995,3,0.0,6.0,Tv Personality,51,Eliminated,5.0,8,Val Chmerkovskiy,0
33,5,Stephen Nedoroscik,8.0,-4.0466999999999995,3,0.0,6.0,Athlete,26,Active,,4,Rylee Arnold,0
33,6,Chandler Kinney,10.666666666666666,1.3489,3,0.5773502691896258,1.0,Actor/Actress,24,Finalist,7.0,3,Brandon Armstrong,0
33,6,Danny Amendola,9.333333333333334,-1.3489,3,0.5773502691896258,5.0,Athlete,39,Active,,5,Witney Carson,0
33,6,Dwight Howard,10.333333333333334,0.67445,3,0.5773502691896258,3.0,Athlete,38,Eliminated,7.0,6,Daniella Karagach,0
33,6,Ilona Maher,8.0,-4.0466999999999995,3,0.0,7.0,Athlete,28,RunnerUp,7.0,2,Alan Bersten,0
33,6,Jenn Tran,10.333333333333334,0.67445,3,0.5773502691896258,3.0,Tv Personality,26,Eliminated,6.0,7,Sasha Farber,0
33,6,Joey Graziadei,10.666666666666666,1.3489,3,0.5773502691896258,1.0,Tv Personality,29,Winner,7.0,1,Jenna Johnson,0
33,6,Stephen Nedoroscik,9.333333333333334,-1.3489,3,0.5773502691896258,5.0,Athlete,26,Active,,4,Rylee Arnold,0
33,7,Chandler Kinney,10.0,5.781,3,0.0,1.0,Actor/Actress,24,Finalist,7.0,3,Brandon Armstrong,0
33,7,Danny Amendola,8.5,-1.1562,3,0.0,5.0,Athlete,39,Active,,5,Witney Carson,0
33,7,Dwight Howard,8.0,-3.4685999999999995,3,0.0,6.0,Athlete,38,Eliminated,7.0,6,Daniella Karagach,0
33,7,Ilona Maher,8.666666666666666,-0.38539999999999996,3,0.28867513459481275,4.0,Athlete,28,RunnerUp,7.0,2,Alan Bersten,0
33,7,Joey Graziadei,9.166666666666666,1.9269999999999998,3,0.28867513459481275,2.0,Tv Personality,29,Winner,7.0,1,Jenna Johnson,0
33,7,Stephen Nedoroscik,9.0,1.1562,3,0.5,3.0,Athlete,26,Active,,4,Rylee Arnold,0
33,8,Danny Amendola,9.0,0.0,3,0.0,1.0,Athlete,39,Active,,5,Witney Carson,0
33,8,Stephen Nedoroscik,8.833333333333334,-0.5,3,0.28867513459481275,2.0,Athlete,26,Active,,4,Rylee Arnold,0
33,9,Danny Amendola,9.333333333333334,-1.798533333333333,3,0.28867513459481275,2.0,Athlete,39,Active,,5,Witney Carson,0
33,9,Stephen Nedoroscik,9.833333333333334,3.597066666666666,3,0.28867513459481275,1.0,Athlete,26,Active,,4,Rylee Arnold,0
34,1,Alix Earle,6.5,0.67445,2,0.7071067811865476,4.0,Social Media Personality,24,RunnerUp,10.0,2,Val Chmerkovskiy (Joey Graziadei Week 9),0
34,1,Andy Richter,4.5,-2.0233499999999998,2,0.7071067811865476,13.0,Comedian,59,Eliminated,9.0,7,Emma Slater/Kaitlyn Bristowe (Week 9),0
34,1,Baron Davis,5.0,-1.3489,2,0.0,9.0,Athlete,46,Eliminated,2.0,13,Britt Stewart,0
34,1,Corey Feldman,4.5,-2.0233499999999998,2,0.7071067811865476,13.0,Actor/Actress,54,Eliminated,2.0,13,Jenna Johnson,0
34,1,Danielle Fishel,6.0,0.0,2,0.0,6.0,Actor/Actress,44,Eliminated,8.0,8,Pasha Pashkov,0
34,1,Dylan Efron,5.0,-1.3489,2,0.0,9.0,Tv Personality,33,Active,,4,Daniella Karagach (Rumer Willis Week 9),0
34,1,Elaine Hendrix,6.0,0.0,2,0.0,6.0,Actor/Actress,55,Active,,5,Alan Bersten (Rashad Jennings Week 9),0
34,1,Hilaria Baldwin,7.0,1.3489,2,0.0,3.0,Entrepreneur,41,Eliminated,4.0,11,Gleb Savchenko,0
34,1,Jen Affleck,6.0,0.0,2,0.0,6.0,Tv Personality,26,Eliminated,7.0,9,Jan Ravnik,0
34,1,Jordan Chiles,5.0,-1.3489,2,0.0,9.0,Athlete,24,Finalist,10.0,3,Ezra Sosa (Apolo Anton Ohno Week 9),0
34,1,Lauren Jauregui,6.5,0.67445,2,0.7071067811865476,4.0,Singer/Rapper,29,Eliminated,3.0,12,Brandon Armstrong,0
34,1,Robert Irwin,7.5,2.0233499999999998,2,0.7071067811865476,1.0,Conservationist,22,Winner,10.0,1,Witney Carson (Xoshitl Gomez Week 9),0
34,1,Scott Hoying,5.0,-1.3489,2,0.0,9.0,Singer/Rapper,34,Eliminated,6.0,10,Rylee Arnold,0
34,1,Whitney Leavitt,7.5,2.0233499999999998,2,0.7071067811865476,1.0,Tv Personality,32,Eliminated,10.0,6,Mark Ballas,0
34,2,Alix Earle,7.0,0.0,3,0.0,5.0,Social Media Personality,24,RunnerUp,10.0,2,Val Chmerkovskiy (Joey Graziadei Week 9),0
34,2,Andy Richter,5.333333333333333,-6.7445,3,0.5773502691896257,13.0,Comedian,59,Eliminated,9.0,7,Emma Slater/Kaitlyn Bristowe (Week 9),0
34,2,Baron Davis,6.0,-4.0466999999999995,3,0.0,11.0,Athlete,46,Eliminated,2.0,13,Britt Stewart,0
34,2,Corey Feldman,5.0,-8.093399999999999,3,0.0,14.0,Actor/Actress,54,Eliminated,2.0,13,Jenna Johnson,0
34,2,Danielle Fishel,6.333333333333333,-2.6978,3,0.5773502691896257,10.0,Actor/Actress,44,Eliminated,8.0,8,Pasha Pashkov,0
34,2,Dylan Efron,6.666666666666667,-1.3489,3,0.5773502691896257,9.0,Tv Personality,33,Active,,4,Daniella Karagach (Rumer Willis Week 9),0
34,2,Elaine Hendrix,7.0,0.0,3,0.0,5.0,Actor/Actress,55,Active,,5,Alan Bersten (Rashad Jennings Week 9),0
34,2,Hilaria Baldwin,7.0,0.0,3,0.0,5.0,Entrepreneur,41,Eliminated,4.0,11,Gleb Savchenko,0
34,2,Jen Affleck,7.333333333333333,1.3489,3,0.5773502691896257,1.0,Tv Personality,26,Eliminated,7.0,9,Jan Ravnik,0
34,2,Jordan Chiles,7.333333333333333,1.3489,3,0.5773502691896257,1.0,Athlete,24,Finalist,10.0,3,Ezra Sosa (Apolo Anton Ohno Week 9),0
34,2,Lauren Jauregui,7.0,0.0,3,0.0,5.0,Singer/Rapper,29,Eliminated,3.0,12,Brandon Armstrong,0
34,2,Robert Irwin,7.333333333333333,1.3489,3,0.5773502691896257,1.0,Conservationist,22,Winner,10.0,1,Witney Carson (Xoshitl Gomez Week 9),0
34,2,Scott Hoying,6.0,-4.0466999999999995,3,0.0,11.0,Singer/Rapper,34,Eliminated,6.0,10,Rylee Arnold,0
34,2,Whitney Leavitt,7.333333333333333,1.3489,3,0.5773502691896258,1.0,Tv Personality,32,Eliminated,10.0,6,Mark Ballas,0
34,3,Alix Earle,7.666666666666667,2.6978,3,0.5773502691896257,3.0,Social Media Personality,24,RunnerUp,10.0,2,Val Chmerkovskiy (Joey Graziadei Week 9),0
34,3,Andy Richter,6.0,-4.0466999999999995,3,0.0,11.0,Comedian,59,Eliminated,9.0,7,Emma Slater/Kaitlyn Bristowe (Week 9),0
34,3,Danielle Fishel,7.0,0.0,3,0.0,8.0,Actor/Actress,44,Eliminated,8.0,8,Pasha Pashkov,0
34,3,Dylan Efron,7.666666666666667,2.6978,3,0.5773502691896257,3.0,Tv Personality,33,Active,,4,Daniella Karagach (Rumer Willis Week 9),0
34,3,Elaine Hendrix,7.0,0.0,3,0.0,8.0,Actor/Actress,55,Active,,5,Alan Bersten (Rashad Jennings Week 9),0
34,3,Hilaria Baldwin,7.333333333333333,1.3489,3,0.5773502691896257,5.0,Entrepreneur,41,Eliminated,4.0,11,Gleb Savchenko,0
34,3,Jen Affleck,6.333333333333333,-2.6978,3,0.5773502691896257,10.0,Tv Personality,26,Eliminated,7.0,9,Jan Ravnik,0
34,3,Jordan Chiles,8.0,4.0466999999999995,3,0.0,1.0,Athlete,24,Finalist,10.0,3,Ezra Sosa (Apolo Anton Ohno Week 9),0
34,3,Lauren Jauregui,6.0,-4.0466999999999995,3,0.0,11.0,Singer/Rapper,29,Eliminated,3.0,12,Brandon Armstrong,0
34,3,Robert Irwin,7.333333333333333,1.3489,3,0.5773502691896257,5.0,Conservationist,22,Winner,10.0,1,Witney Carson (Xoshitl Gomez Week 9),0
34,3,Scott Hoying,7.333333333333333,1.3489,3,0.5773502691896257,5.0,Singer/Rapper,34,Eliminated,6.0,10,Rylee Arnold,0
34,3,Whitney Leavitt,8.0,4.0466999999999995,3,0.0,1.0,Tv Personality,32,Eliminated,10.0,6,Mark Ballas,0
34,4,Alix Earle,8.0,0.0,3,0.0,2.0,Social Media Personality,24,RunnerUp,10.0,2,Val Chmerkovskiy (Joey Graziadei Week 9),0
34,4,Andy Richter,6.0,-8.093399999999999,3,0.0,11.0,Comedian,59,Eliminated,9.0,7,Emma Slater/Kaitlyn Bristowe (Week 9),0
34,4,Danielle Fishel,7.0,-4.0466999999999995,3,0.0,9.0,Actor/Actress,44,Eliminated,8.0,8,Pasha Pashkov,0
34,4,Dylan Efron,7.666666666666667,-1.3489,3,0.5773502691896257,5.0,Tv Personality,33,Active,,4,Daniella Karagach (Rumer Willis Week 9),0
34,4,Elaine Hendrix,8.0,0.0,3,0.0,2.0,Actor/Actress,55,Active,,5,Alan Bersten (Rashad Jennings Week 9),0
34,4,Hilaria Baldwin,7.666666666666667,-1.3489,3,0.5773502691896257,5.0,Entrepreneur,41,Eliminated,4.0,11,Gleb Savchenko,0
34,4,Jen Affleck,7.666666666666667,-1.3489,3,0.5773502691896257,5.0,Tv Personality,26,Eliminated,7.0,9,Jan Ravnik,0
34,4,Jordan Chiles,8.0,0.0,3,0.0,2.0,Athlete,24,Finalist,10.0,3,Ezra Sosa (Apolo Anton Ohno Week 9),0
34,4,Robert Irwin,7.333333333333333,-2.6978,3,0.5773502691896258,8.0,Conservationist,22,Winner,10.0,1,Witney Carson (Xoshitl Gomez Week 9),0
34,4,Scott Hoying,7.0,-4.0466999999999995,3,0.0,9.0,Singer/Rapper,34,Eliminated,6.0,10,Rylee Arnold,0
34,4,Whitney Leavitt,8.333333333333334,1.3489,3,0.5773502691896258,1.0,Tv Personality,32,Eliminated,10.0,6,Mark Ballas,0
34,5,Alix Earle,8.75,2.0233499999999998,4,0.5000000000000001,2.0,Social Media Personality,24,RunnerUp,10.0,2,Val Chmerkovskiy (Joey Graziadei Week 9),0
34,5,Andy Richter,6.0,-5.3956,4,0.0,10.0,Comedian,59,Eliminated,9.0,7,Emma Slater/Kaitlyn Bristowe (Week 9),0
34,5,Danielle Fishel,7.25,-2.0233499999999998,4,0.5,8.0,Actor/Actress,44,Eliminated,8.0,8,Pasha Pashkov,0
34,5,Dylan Efron,9.0,2.6978,4,0.0,1.0,Tv Personality,33,Active,,4,Daniella Karagach (Rumer Willis Week 9),0
34,5,Elaine Hendrix,7.5,-1.3489,4,0.5773502691896257,6.0,Actor/Actress,55,Active,,5,Alan Bersten (Rashad Jennings Week 9),0
34,5,Jen Affleck,7.25,-2.0233499999999998,4,0.4999999999999999,8.0,Tv Personality,26,Eliminated,7.0,9,Jan Ravnik,0
34,5,Jordan Chiles,8.0,0.0,4,0.0,5.0,Athlete,24,Finalist,10.0,3,Ezra Sosa (Apolo Anton Ohno Week 9),0
34,5,Robert Irwin,8.75,2.0233499999999998,4,0.5000000000000001,2.0,Conservationist,22,Winner,10.0,1,Witney Carson (Xoshitl Gomez Week 9),0
34,5,Scott Hoying,7.5,-1.3489,4,0.5773502691896257,6.0,Singer/Rapper,34,Eliminated,6.0,10,Rylee Arnold,0
34,5,Whitney Leavitt,8.25,0.67445,4,0.5000000000000001,4.0,Tv Personality,32,Eliminated,10.0,6,Mark Ballas,0
34,6,Alix Earle,8.75,-1.3489,4,0.49999999999999983,6.0,Social Media Personality,24,RunnerUp,10.0,2,Val Chmerkovskiy (Joey Graziadei Week 9),0
34,6,Andy Richter,6.75,-12.1401,4,0.4999999999999999,10.0,Comedian,59,Eliminated,9.0,7,Emma Slater/Kaitlyn Bristowe (Week 9),0
34,6,Danielle Fishel,9.0,0.0,4,0.0,3.0,Actor/Actress,44,Eliminated,8.0,8,Pasha Pashkov,0
34,6,Dylan Efron,8.0,-5.3956,4,0.0,7.0,Tv Personality,33,Active,,4,Daniella Karagach (Rumer Willis Week 9),0
34,6,Elaine Hendrix,9.0,0.0,4,0.0,3.0,Actor/Actress,55,Active,,5,Alan Bersten (Rashad Jennings Week 9),0
34,6,Jen Affleck,8.0,-5.3956,4,0.0,7.0,Tv Personality,26,Eliminated,7.0,9,Jan Ravnik,0
34,6,Jordan Chiles,9.75,4.0466999999999995,4,0.5000000000000001,1.0,Athlete,24,Finalist,10.0,3,Ezra Sosa (Apolo Anton Ohno Week 9),0
34,6,Robert Irwin,9.0,0.0,4,0.0,3.0,Conservationist,22,Winner,10.0,1,Witney Carson (Xoshitl Gomez Week 9),0
34,6,Scott Hoying,7.0,-10.7912,4,0.0,9.0,Singer/Rapper,34,Eliminated,6.0,10,Rylee Arnold,0
34,6,Whitney Leavitt,9.75,4.0466999999999995,4,0.5000000000000001,1.0,Tv Personality,32,Eliminated,10.0,6,Mark Ballas,0
34,7,Alix Earle,10.75,5.179776,4,0.49999999999999983,1.0,Social Media Personality,24,RunnerUp,10.0,2,Val Chmerkovskiy (Joey Graziadei Week 9),0
34,7,Andy Richter,7.25,-6.9063680000000005,4,0.0,9.0,Comedian,59,Eliminated,9.0,7,Emma Slater/Kaitlyn Bristowe (Week 9),0
34,7,Danielle Fishel,8.75,-1.7265920000000001,4,0.5,6.0,Actor/Actress,44,Eliminated,8.0,8,Pasha Pashkov,0
34,7,Dylan Efron,9.5,0.8632960000000001,4,0.49999999999999983,4.0,Tv Personality,33,Active,,4,Daniella Karagach (Rumer Willis Week 9),0
34,7,Elaine Hendrix,8.0,-4.31648,4,0.0,8.0,Actor/Actress,55,Active,,5,Alan Bersten (Rashad Jennings Week 9),0
34,7,Jen Affleck,8.5,-2.589888,4,0.0,7.0,Tv Personality,26,Eliminated,7.0,9,Jan Ravnik,0
34,7,Jordan Chiles,9.5,0.8632960000000001,4,0.5773502691896257,4.0,Athlete,24,Finalist,10.0,3,Ezra Sosa (Apolo Anton Ohno Week 9),0
34,7,Robert Irwin,10.25,3.4531840000000003,4,0.5773502691896257,3.0,Conservationist,22,Winner,10.0,1,Witney Carson (Xoshitl Gomez Week 9),0
34,7,Whitney Leavitt,10.5,4.31648,4,0.5,2.0,Tv Personality,32,Eliminated,10.0,6,Mark Ballas,0
34,8,Alix Earle,9.625,0.67445,4,0.24999999999999983,3.0,Social Media Personality,24,RunnerUp,10.0,2,Val Chmerkovskiy (Joey Graziadei Week 9),0
34,8,Andy Richter,8.5,-5.3956,4,0.7071067811865476,8.0,Comedian,59,Eliminated,9.0,7,Emma Slater/Kaitlyn Bristowe (Week 9),0
34,8,Danielle Fishel,9.25,-1.3489,4,0.28867513459481287,7.0,Actor/Actress,44,Eliminated,8.0,8,Pasha Pashkov,0
34,8,Dylan Efron,9.5,0.0,4,0.408248290463863,4.0,Tv Personality,33,Active,,4,Daniella Karagach (Rumer Willis Week 9),0
34,8,Elaine Hendrix,9.375,-0.67445,4,0.47871355387816905,6.0,Actor/Actress,55,Active,,5,Alan Bersten (Rashad Jennings Week 9),0
34,8,Jordan Chiles,9.75,1.3489,4,0.28867513459481287,2.0,Athlete,24,Finalist,10.0,3,Ezra Sosa (Apolo Anton Ohno Week 9),0
34,8,Robert Irwin,9.5,0.0,4,0.408248290463863,4.0,Conservationist,22,Winner,10.0,1,Witney Carson (Xoshitl Gomez Week 9),0
34,8,Whitney Leavitt,9.875,2.0233499999999998,4,0.24999999999999983,1.0,Tv Personality,32,Eliminated,10.0,6,Mark Ballas,0
34,9,Alix Earle,10.0,0.0,4,0.0,4.0,Social Media Personality,24,RunnerUp,10.0,2,Val Chmerkovskiy (Joey Graziadei Week 9),0
34,9,Andy Richter,7.25,-9.891933333333334,4,0.4999999999999999,7.0,Comedian,59,Eliminated,9.0,7,Emma Slater/Kaitlyn Bristowe (Week 9),0
34,9,Dylan Efron,10.5,1.798533333333333,4,0.0,1.0,Tv Personality,33,Active,,4,Daniella Karagach (Rumer Willis Week 9),0
34,9,Elaine Hendrix,9.0,-3.597066666666666,4,0.0,6.0,Actor/Actress,55,Active,,5,Alan Bersten (Rashad Jennings Week 9),0
34,9,Jordan Chiles,9.75,-0.8992666666666665,4,0.5000000000000001,5.0,Athlete,24,Finalist,10.0,3,Ezra Sosa (Apolo Anton Ohno Week 9),0
34,9,Robert Irwin,10.5,1.798533333333333,4,0.0,1.0,Conservationist,22,Winner,10.0,1,Witney Carson (Xoshitl Gomez Week 9),0
34,9,Whitney Leavitt,10.5,1.798533333333333,4,0.0,1.0,Tv Personality,32,Eliminated,10.0,6,Mark Ballas,0
34,10,Alix Earle,9.666666666666666,1.798533333333333,3,0.28867513459481275,2.0,Social Media Personality,24,RunnerUp,10.0,2,Val Chmerkovskiy (Joey Graziadei Week 9),0
34,10,Dylan Efron,9.166666666666666,-3.597066666666666,3,0.28867513459481314,6.0,Tv Personality,33,Active,,4,Daniella Karagach (Rumer Willis Week 9),0
34,10,Elaine Hendrix,9.5,0.0,3,0.0,4.0,Actor/Actress,55,Active,,5,Alan Bersten (Rashad Jennings Week 9),0
34,10,Jordan Chiles,9.5,0.0,3,0.0,4.0,Athlete,24,Finalist,10.0,3,Ezra Sosa (Apolo Anton Ohno Week 9),0
34,10,Robert Irwin,9.833333333333334,3.597066666666666,3,0.28867513459481275,1.0,Conservationist,22,Winner,10.0,1,Witney Carson (Xoshitl Gomez Week 9),0
34,10,Whitney Leavitt,9.666666666666666,1.798533333333333,3,0.5773502691896258,2.0,Tv Personality,32,Eliminated,10.0,6,Mark Ballas,0
34,11,Dylan Efron,9.777733333333334,0.33339999999999925,3,0.1924885797478208,1.0,Tv Personality,33,Active,,4,Daniella Karagach (Rumer Willis Week 9),0
34,11,Elaine Hendrix,9.6666,0.0,3,0.0,2.0,Actor/Actress,55,Active,,5,Alan Bersten (Rashad Jennings Week 9),0
