season,week_num,celebrity_name,week_avg_score,est_fan_vote_mu,final_status,eliminated_week,sim_score,sim_placement,universe,judge_weight_applied,cum_avg_tech_score,cum_avg_fan_vote,max_rank_this_week,is_simulated_loser
1,1,Evander Holyfield,6.0,0.22479160212470606,Eliminated,3.0,-6.0,2,RANK,0.5,6.0,0.22479160212470606,4,False
1,1,Joey Mcintyre,6.666666666666667,0.025553069101032076,Finalist,4.0,-6.0,2,RANK,0.5,6.666666666666667,0.025553069101032076,4,False
1,1,John O'Hurley,6.666666666666667,0.025546685108660924,RunnerUp,4.0,-7.0,4,RANK,0.5,6.666666666666667,0.025546685108660924,4,True
1,1,Kelly Monaco,4.333333333333333,0.47498424840821424,Winner,4.0,-7.0,4,RANK,0.5,4.333333333333333,0.47498424840821424,4,True
1,1,Rachel Hunter,6.666666666666667,0.02577148812895539,Eliminated,4.0,-5.0,1,RANK,0.5,6.666666666666667,0.02577148812895539,4,False
1,1,Trista Sutter,6.0,0.22335290712842695,Eliminated,2.0,-7.0,4,RANK,0.5,6.0,0.22335290712842695,4,True
1,2,Evander Holyfield,4.666666666666667,0.2159813250295895,Eliminated,3.0,-8.0,5,RANK,0.5,5.333333333333334,0.2159813250295895,6,False
1,2,Joey Mcintyre,7.0,0.1541407337394105,Finalist,4.0,-6.0,1,RANK,0.5,6.833333333333334,0.1541407337394105,6,False
1,2,John O'Hurley,8.666666666666666,0.0653779136339418,RunnerUp,4.0,-7.0,4,RANK,0.5,7.666666666666666,0.0653779136339418,6,False
1,2,Kelly Monaco,5.666666666666667,0.3501703356884366,Winner,4.0,-6.0,1,RANK,0.5,5.0,0.3501703356884366,6,False
1,2,Rachel Hunter,8.0,0.1182048127808832,Eliminated,4.0,-6.0,1,RANK,0.5,7.333333333333334,0.1182048127808832,6,False
1,2,Trista Sutter,6.333333333333333,0.09612487912773879,Eliminated,2.0,-9.0,6,RANK,0.5,6.166666666666666,0.09612487912773879,6,True
1,3,Evander Holyfield,4.333333333333333,0.17594727143063632,Eliminated,3.0,-7.0,5,RANK,0.5,5.0,0.17594727143063632,5,True
1,3,Joey Mcintyre,7.333333333333333,0.1478082732502054,Finalist,4.0,-6.0,2,RANK,0.5,7.0,0.1478082732502054,5,False
1,3,John O'Hurley,8.0,0.10188590498699239,RunnerUp,4.0,-6.0,2,RANK,0.5,7.777777777777779,0.10188590498699239,5,False
1,3,Kelly Monaco,7.0,0.48693259995987326,Winner,4.0,-5.0,1,RANK,0.5,5.666666666666667,0.48693259995987326,5,False
1,3,Rachel Hunter,8.666666666666666,0.08742595037229015,Eliminated,4.0,-6.0,2,RANK,0.5,7.777777777777779,0.08742595037229015,5,False
1,4,Joey Mcintyre,6.666666666666667,0.3208201690649372,Finalist,4.0,-5.0,2,RANK,0.5,6.916666666666667,0.3208201690649372,3,False
1,4,John O'Hurley,7.0,0.24012185483032547,RunnerUp,4.0,-6.0,3,RANK,0.5,7.583333333333334,0.24012185483032547,3,True
1,4,Kelly Monaco,8.666666666666666,0.32075053561097094,Winner,4.0,-3.0,1,RANK,0.5,6.416666666666666,0.32075053561097094,3,False
1,4,Rachel Hunter,8.333333333333334,0.11830744049376171,Eliminated,4.0,-6.0,3,RANK,0.5,7.916666666666667,0.11830744049376171,3,True
1,1,Evander Holyfield,6.0,0.22479160212470606,Eliminated,3.0,0.38992921679906006,2,PERCENT,0.5,6.0,0.22479160212470606,6,False
1,1,Joey Mcintyre,6.666666666666667,0.025553069101032076,Finalist,4.0,0.2090393076280921,5,PERCENT,0.5,6.666666666666667,0.025553069101032076,6,False
1,1,John O'Hurley,6.666666666666667,0.025546685108660924,RunnerUp,4.0,0.20903292363572096,6,PERCENT,0.5,6.666666666666667,0.025546685108660924,6,True
1,1,Kelly Monaco,4.333333333333333,0.47498424840821424,Winner,4.0,0.5942503034508032,1,PERCENT,0.5,4.333333333333333,0.47498424840821424,6,False
1,1,Rachel Hunter,6.666666666666667,0.02577148812895539,Eliminated,4.0,0.2092577266560154,4,PERCENT,0.5,6.666666666666667,0.02577148812895539,6,False
1,1,Trista Sutter,6.0,0.22335290712842695,Eliminated,2.0,0.388490521802781,3,PERCENT,0.5,6.0,0.22335290712842695,6,False
1,2,Evander Holyfield,4.666666666666667,0.2159813250295895,Eliminated,3.0,0.33168380436556383,2,PERCENT,0.5,5.333333333333334,0.2159813250295895,6,False
1,2,Joey Mcintyre,7.0,0.1541407337394105,Finalist,4.0,0.327694452743372,3,PERCENT,0.5,6.833333333333334,0.1541407337394105,6,False
1,2,John O'Hurley,8.666666666666666,0.0653779136339418,RunnerUp,4.0,0.2802539466864655,5,PERCENT,0.5,7.666666666666666,0.0653779136339418,6,False
1,2,Kelly Monaco,5.666666666666667,0.3501703356884366,Winner,4.0,0.4906662034535483,1,PERCENT,0.5,5.0,0.3501703356884366,6,False
1,2,Rachel Hunter,8.0,0.1182048127808832,Eliminated,4.0,0.31655192021398204,4,PERCENT,0.5,7.333333333333334,0.1182048127808832,6,False
1,2,Trista Sutter,6.333333333333333,0.09612487912773879,Eliminated,2.0,0.2531496725122754,6,PERCENT,0.5,6.166666666666666,0.09612487912773879,6,True
1,3,Evander Holyfield,4.333333333333333,0.17594727143063632,Eliminated,3.0,0.2985887808611276,5,PERCENT,0.5,5.0,0.17594727143063632,5,True
1,3,Joey Mcintyre,7.333333333333333,0.1478082732502054,Finalist,4.0,0.35535544305565225,2,PERCENT,0.5,7.0,0.1478082732502054,5,False
1,3,John O'Hurley,8.0,0.10188590498699239,RunnerUp,4.0,0.3283009993202071,4,PERCENT,0.5,7.777777777777779,0.10188590498699239,5,False
1,3,Kelly Monaco,7.0,0.48693259995987326,Winner,4.0,0.6850458075014362,1,PERCENT,0.5,5.666666666666667,0.48693259995987326,5,False
1,3,Rachel Hunter,8.666666666666666,0.08742595037229015,Eliminated,4.0,0.33270896923327276,3,PERCENT,0.5,7.777777777777779,0.08742595037229015,5,False
1,4,Joey Mcintyre,6.666666666666667,0.3208201690649372,Finalist,4.0,0.5382114734056744,2,PERCENT,0.5,6.916666666666667,0.3208201690649372,4,False
1,4,John O'Hurley,7.0,0.24012185483032547,RunnerUp,4.0,0.4683827243880995,3,PERCENT,0.5,7.583333333333334,0.24012185483032547,4,False
1,4,Kelly Monaco,8.666666666666666,0.32075053561097094,Winner,4.0,0.6033592312539293,1,PERCENT,0.5,6.416666666666666,0.32075053561097094,4,False
1,4,Rachel Hunter,8.333333333333334,0.11830744049376171,Eliminated,4.0,0.3900465709196832,4,PERCENT,0.5,7.916666666666667,0.11830744049376171,4,True
2,1,Drew Lachey,8.0,0.1016668466894461,Winner,7.0,-4.0,1,RANK,0.5,8.0,0.1016668466894461,10,False
2,1,George Hamilton,6.0,0.05724469941573639,Eliminated,6.0,-14.0,8,RANK,0.5,6.0,0.05724469941573639,10,False
2,1,Giselle Fernandez,7.666666666666667,0.11143324647023575,Eliminated,3.0,-4.0,1,RANK,0.5,7.666666666666667,0.11143324647023575,10,False
2,1,Jerry Rice,7.0,0.09903072568286829,RunnerUp,7.0,-9.0,3,RANK,0.5,7.0,0.09903072568286829,10,False
2,1,Kenny Mayne,4.333333333333333,0.036382866941232876,Eliminated,1.0,-18.0,10,RANK,0.5,4.333333333333333,0.036382866941232876,10,True
2,1,Lisa Rinna,6.333333333333333,0.02417849888537451,Eliminated,7.0,-17.0,9,RANK,0.5,6.333333333333333,0.02417849888537451,10,False
2,1,Master P,4.0,0.3715641928852795,Eliminated,4.0,-11.0,6,RANK,0.5,4.0,0.3715641928852795,10,False
2,1,Stacy Keibler,7.333333333333333,0.09488011568775861,Finalist,7.0,-9.0,3,RANK,0.5,7.333333333333333,0.09488011568775861,10,False
2,1,Tatum O'Neal,7.666666666666667,0.049834317440826455,Eliminated,2.0,-10.0,5,RANK,0.5,7.666666666666667,0.049834317440826455,10,False
2,1,Tia Carrere,6.666666666666667,0.05378448990124307,Eliminated,5.0,-13.0,7,RANK,0.5,6.666666666666667,0.05378448990124307,10,False
2,2,Drew Lachey,9.0,0.14966890972168068,Winner,7.0,-4.0,1,RANK,0.5,8.5,0.14966890972168068,9,False
2,2,George Hamilton,7.333333333333333,0.061234489256505896,Eliminated,6.0,-11.0,6,RANK,0.5,6.666666666666666,0.061234489256505896,9,False
2,2,Giselle Fernandez,8.0,0.0768378912178631,Eliminated,3.0,-8.0,4,RANK,0.5,7.833333333333334,0.0768378912178631,9,False
2,2,Jerry Rice,7.666666666666667,0.10850581377426634,RunnerUp,7.0,-7.0,3,RANK,0.5,7.333333333333334,0.10850581377426634,9,False
2,2,Lisa Rinna,6.666666666666667,0.03683704309671055,Eliminated,7.0,-15.0,8,RANK,0.5,6.5,0.03683704309671055,9,False
2,2,Master P,5.333333333333333,0.40952501048611784,Eliminated,4.0,-10.0,5,RANK,0.5,4.666666666666666,0.40952501048611784,9,False
2,2,Stacy Keibler,9.666666666666666,0.09232123316915232,Finalist,7.0,-5.0,2,RANK,0.5,8.5,0.09232123316915232,9,False
2,2,Tatum O'Neal,5.666666666666667,0.0240724969305708,Eliminated,2.0,-17.0,9,RANK,0.5,6.666666666666667,0.0240724969305708,9,True
2,2,Tia Carrere,7.333333333333333,0.04099711234713007,Eliminated,5.0,-12.0,7,RANK,0.5,7.0,0.04099711234713007,9,False
2,3,Drew Lachey,9.0,0.10118724480740889,Winner,7.0,-5.0,1,RANK,0.5,8.666666666666666,0.10118724480740889,8,False
2,3,George Hamilton,7.333333333333333,0.07024359095629733,Eliminated,6.0,-10.0,5,RANK,0.5,6.888888888888888,0.07024359095629733,8,False
2,3,Giselle Fernandez,7.333333333333333,0.04523539707183963,Eliminated,3.0,-13.0,8,RANK,0.5,7.666666666666667,0.04523539707183963,8,True
2,3,Jerry Rice,6.333333333333333,0.11936718766414238,RunnerUp,7.0,-10.0,5,RANK,0.5,7.0,0.11936718766414238,8,False
2,3,Lisa Rinna,8.333333333333334,0.06003703757010147,Eliminated,7.0,-10.0,5,RANK,0.5,7.111111111111112,0.06003703757010147,8,False
2,3,Master P,4.666666666666667,0.4217670420468353,Eliminated,4.0,-9.0,4,RANK,0.5,4.666666666666667,0.4217670420468353,8,False
2,3,Stacy Keibler,9.0,0.05871507229954664,Finalist,7.0,-8.0,3,RANK,0.5,8.666666666666666,0.05871507229954664,8,False
2,3,Tia Carrere,8.666666666666666,0.12344742758382815,Eliminated,5.0,-5.0,1,RANK,0.5,7.5555555555555545,0.12344742758382815,8,False
2,4,Drew Lachey,9.333333333333334,0.11245270743585795,Winner,7.0,-4.0,1,RANK,0.5,8.833333333333334,0.11245270743585795,7,False
2,4,George Hamilton,7.0,0.10310188129847088,Eliminated,6.0,-11.0,7,RANK,0.5,6.916666666666666,0.10310188129847088,7,True
2,4,Jerry Rice,8.0,0.4579334667174873,RunnerUp,7.0,-6.0,2,RANK,0.5,7.25,0.4579334667174873,7,False
2,4,Lisa Rinna,8.666666666666666,0.04141654675680476,Eliminated,7.0,-9.0,4,RANK,0.5,7.5,0.04141654675680476,7,False
2,4,Master P,2.6666666666666665,0.1158840617504958,Eliminated,4.0,-9.0,4,RANK,0.5,4.166666666666667,0.1158840617504958,7,False
2,4,Stacy Keibler,8.666666666666666,0.10544711853514913,Finalist,7.0,-6.0,2,RANK,0.5,8.666666666666666,0.10544711853514913,7,False
2,4,Tia Carrere,8.333333333333334,0.06376421750573698,Eliminated,5.0,-10.0,6,RANK,0.5,7.75,0.06376421750573698,7,False
2,5,Drew Lachey,9.0,0.3086348367591443,Winner,7.0,-3.0,1,RANK,0.5,8.866666666666667,0.3086348367591443,6,False
2,5,George Hamilton,8.0,0.21381969846517693,Eliminated,6.0,-7.0,3,RANK,0.5,7.133333333333333,0.21381969846517693,6,False
2,5,Jerry Rice,7.666666666666667,0.13601091455392822,RunnerUp,7.0,-9.0,4,RANK,0.5,7.333333333333333,0.13601091455392822,6,False
2,5,Lisa Rinna,8.333333333333334,0.05583533158864012,Eliminated,7.0,-9.0,4,RANK,0.5,7.666666666666667,0.05583533158864012,6,False
2,5,Stacy Keibler,10.0,0.21870440524274537,Finalist,7.0,-3.0,1,RANK,0.5,8.933333333333334,0.21870440524274537,6,False
2,5,Tia Carrere,7.333333333333333,0.06699481339037018,Eliminated,5.0,-11.0,6,RANK,0.5,7.666666666666667,0.06699481339037018,6,True
2,6,Drew Lachey,10.0,0.45500828474125526,Winner,7.0,-2.0,1,RANK,0.5,9.055555555555555,0.45500828474125526,4,False
2,6,George Hamilton,7.666666666666667,0.08033181706170313,Eliminated,6.0,-8.0,4,RANK,0.5,7.222222222222222,0.08033181706170313,4,True
2,6,Jerry Rice,7.666666666666667,0.20165694955757427,RunnerUp,7.0,-6.0,3,RANK,0.5,7.388888888888889,0.20165694955757427,4,False
2,6,Lisa Rinna,9.0,0.06643504381380476,Eliminated,7.0,-8.0,4,RANK,0.5,7.888888888888889,0.06643504381380476,4,True
2,6,Stacy Keibler,10.0,0.19656790482566522,Finalist,7.0,-4.0,2,RANK,0.5,9.11111111111111,0.19656790482566522,4,False
2,7,Drew Lachey,9.166666666666666,0.2707607338826644,Winner,7.0,-3.0,1,RANK,0.5,9.071428571428571,0.2707607338826644,4,False
2,7,Jerry Rice,6.833333333333333,0.4080000288556135,RunnerUp,7.0,-5.0,3,RANK,0.5,7.309523809523809,0.4080000288556135,4,False
2,7,Lisa Rinna,8.833333333333334,0.07761569234153753,Eliminated,7.0,-7.0,4,RANK,0.5,8.023809523809524,0.07761569234153753,4,True
2,7,Stacy Keibler,9.166666666666666,0.24362354492018934,Finalist,7.0,-4.0,2,RANK,0.5,9.119047619047619,0.24362354492018934,4,False
2,1,Drew Lachey,8.0,0.1016668466894461,Winner,7.0,0.2247437697644757,3,PERCENT,0.5,8.0,0.1016668466894461,10,False
2,1,George Hamilton,6.0,0.05724469941573639,Eliminated,6.0,0.14955239172200857,8,PERCENT,0.5,6.0,0.05724469941573639,10,False
2,1,Giselle Fernandez,7.666666666666667,0.11143324647023575,Eliminated,3.0,0.2293819644171391,2,PERCENT,0.5,7.666666666666667,0.11143324647023575,10,False
2,1,Jerry Rice,7.0,0.09903072568286829,RunnerUp,7.0,0.20672303337351916,5,PERCENT,0.5,7.0,0.09903072568286829,10,False
2,1,Kenny Mayne,4.333333333333333,0.036382866941232876,Eliminated,1.0,0.10304953360687388,10,PERCENT,0.5,4.333333333333333,0.036382866941232876,10,True
2,1,Lisa Rinna,6.333333333333333,0.02417849888537451,Eliminated,7.0,0.12161439631977292,9,PERCENT,0.5,6.333333333333333,0.02417849888537451,10,False
2,1,Master P,4.0,0.3715641928852795,Eliminated,4.0,0.4331026544227943,1,PERCENT,0.5,4.0,0.3715641928852795,10,False
2,1,Stacy Keibler,7.333333333333333,0.09488011568775861,Finalist,7.0,0.20770062850653573,4,PERCENT,0.5,7.333333333333333,0.09488011568775861,10,False
2,1,Tatum O'Neal,7.666666666666667,0.049834317440826455,Eliminated,2.0,0.16778303538772982,6,PERCENT,0.5,7.666666666666667,0.049834317440826455,10,False
2,1,Tia Carrere,6.666666666666667,0.05378448990124307,Eliminated,5.0,0.15634859246376773,7,PERCENT,0.5,6.666666666666667,0.05378448990124307,10,False
2,2,Drew Lachey,9.0,0.14966890972168068,Winner,7.0,0.2846689097196557,2,PERCENT,0.5,8.5,0.14966890972168068,9,False
2,2,George Hamilton,7.333333333333333,0.061234489256505896,Eliminated,6.0,0.1712344892548559,6,PERCENT,0.5,6.666666666666666,0.061234489256505896,9,False
2,2,Giselle Fernandez,8.0,0.0768378912178631,Eliminated,3.0,0.1968378912160631,5,PERCENT,0.5,7.833333333333334,0.0768378912178631,9,False
2,2,Jerry Rice,7.666666666666667,0.10850581377426634,RunnerUp,7.0,0.22350581377254136,4,PERCENT,0.5,7.333333333333334,0.10850581377426634,9,False
2,2,Lisa Rinna,6.666666666666667,0.03683704309671055,Eliminated,7.0,0.13683704309521055,8,PERCENT,0.5,6.5,0.03683704309671055,9,False
2,2,Master P,5.333333333333333,0.40952501048611784,Eliminated,4.0,0.4895250104849178,1,PERCENT,0.5,4.666666666666666,0.40952501048611784,9,False
2,2,Stacy Keibler,9.666666666666666,0.09232123316915232,Finalist,7.0,0.23732123316697734,3,PERCENT,0.5,8.5,0.09232123316915232,9,False
2,2,Tatum O'Neal,5.666666666666667,0.0240724969305708,Eliminated,2.0,0.10907249692929581,9,PERCENT,0.5,6.666666666666667,0.0240724969305708,9,True
2,2,Tia Carrere,7.333333333333333,0.04099711234713007,Eliminated,5.0,0.15099711234548008,7,PERCENT,0.5,7.0,0.04099711234713007,9,False
2,3,Drew Lachey,9.0,0.10118724480740889,Winner,7.0,0.24953889315661187,3,PERCENT,0.5,8.666666666666666,0.10118724480740889,8,False
2,3,George Hamilton,7.333333333333333,0.07024359095629733,Eliminated,6.0,0.19112271183342572,7,PERCENT,0.5,6.888888888888888,0.07024359095629733,8,False
2,3,Giselle Fernandez,7.333333333333333,0.04523539707183963,Eliminated,3.0,0.166114517948968,8,PERCENT,0.5,7.666666666666667,0.04523539707183963,8,True
2,3,Jerry Rice,6.333333333333333,0.11936718766414238,RunnerUp,7.0,0.22376279205802596,4,PERCENT,0.5,7.0,0.11936718766414238,8,False
2,3,Lisa Rinna,8.333333333333334,0.06003703757010147,Eliminated,7.0,0.1973996749304746,6,PERCENT,0.5,7.111111111111112,0.06003703757010147,8,False
2,3,Master P,4.666666666666667,0.4217670420468353,Eliminated,4.0,0.49869011896864424,1,PERCENT,0.5,4.666666666666667,0.4217670420468353,8,False
2,3,Stacy Keibler,9.0,0.05871507229954664,Finalist,7.0,0.20706672064874965,5,PERCENT,0.5,8.666666666666666,0.05871507229954664,8,False
2,3,Tia Carrere,8.666666666666666,0.12344742758382815,Eliminated,5.0,0.2663045704386162,2,PERCENT,0.5,7.5555555555555545,0.12344742758382815,8,False
2,4,Drew Lachey,9.333333333333334,0.11245270743585795,Winner,7.0,0.28966789730591086,2,PERCENT,0.5,8.833333333333334,0.11245270743585795,7,False
2,4,George Hamilton,7.0,0.10310188129847088,Eliminated,6.0,0.23601327370101055,4,PERCENT,0.5,6.916666666666666,0.10310188129847088,7,False
2,4,Jerry Rice,8.0,0.4579334667174873,RunnerUp,7.0,0.6098322008918183,1,PERCENT,0.5,7.25,0.4579334667174873,7,False
2,4,Lisa Rinna,8.666666666666666,0.04141654675680476,Eliminated,7.0,0.20597350877899673,6,PERCENT,0.5,7.5,0.04141654675680476,7,False
2,4,Master P,2.6666666666666665,0.1158840617504958,Eliminated,4.0,0.16651697314193947,7,PERCENT,0.5,4.166666666666667,0.1158840617504958,7,True
2,4,Stacy Keibler,8.666666666666666,0.10544711853514913,Finalist,7.0,0.2700040805573411,3,PERCENT,0.5,8.666666666666666,0.10544711853514913,7,False
2,4,Tia Carrere,8.333333333333334,0.06376421750573698,Eliminated,5.0,0.22199206560399848,5,PERCENT,0.5,7.75,0.06376421750573698,7,False
2,5,Drew Lachey,9.0,0.3086348367591443,Winner,7.0,0.4874427837754594,1,PERCENT,0.5,8.866666666666667,0.3086348367591443,6,False
2,5,George Hamilton,8.0,0.21381969846517693,Eliminated,6.0,0.37276009581301256,3,PERCENT,0.5,7.133333333333333,0.21381969846517693,6,False
2,5,Jerry Rice,7.666666666666667,0.13601091455392822,RunnerUp,7.0,0.28832879534560407,4,PERCENT,0.5,7.333333333333333,0.13601091455392822,6,False
2,5,Lisa Rinna,8.333333333333334,0.05583533158864012,Eliminated,7.0,0.2213982454926356,5,PERCENT,0.5,7.666666666666667,0.05583533158864012,6,False
2,5,Stacy Keibler,10.0,0.21870440524274537,Finalist,7.0,0.41737990192753993,2,PERCENT,0.5,8.933333333333334,0.21870440524274537,6,False
2,5,Tia Carrere,7.333333333333333,0.06699481339037018,Eliminated,5.0,0.21269017762588616,6,PERCENT,0.5,7.666666666666667,0.06699481339037018,6,True
2,6,Drew Lachey,10.0,0.45500828474125526,Winner,7.0,0.6805721945106035,1,PERCENT,0.5,9.055555555555555,0.45500828474125526,5,False
2,6,George Hamilton,7.666666666666667,0.08033181706170313,Eliminated,6.0,0.25326414788487006,5,PERCENT,0.5,7.222222222222222,0.08033181706170313,5,True
2,6,Jerry Rice,7.666666666666667,0.20165694955757427,RunnerUp,7.0,0.37458928038074124,3,PERCENT,0.5,7.388888888888889,0.20165694955757427,5,False
2,6,Lisa Rinna,9.0,0.06643504381380476,Eliminated,7.0,0.26944256260621813,4,PERCENT,0.5,7.888888888888889,0.06643504381380476,5,False
2,6,Stacy Keibler,10.0,0.19656790482566522,Finalist,7.0,0.42213181459501337,2,PERCENT,0.5,9.11111111111111,0.19656790482566522,5,False
2,7,Drew Lachey,9.166666666666666,0.2707607338826644,Winner,7.0,0.5403685770119897,2,PERCENT,0.5,9.071428571428571,0.2707607338826644,4,False
2,7,Jerry Rice,6.833333333333333,0.4080000288556135,RunnerUp,7.0,0.608980421006565,1,PERCENT,0.5,7.309523809523809,0.4080000288556135,4,False
2,7,Lisa Rinna,8.833333333333334,0.07761569234153753,Eliminated,7.0,0.33741961390252373,4,PERCENT,0.5,8.023809523809524,0.07761569234153753,4,True
2,7,Stacy Keibler,9.166666666666666,0.24362354492018934,Finalist,7.0,0.5132313880495146,3,PERCENT,0.5,9.119047619047619,0.24362354492018934,4,False
3,1,Emmitt Smith,8.0,0.659772808296218,Winner,8.0,-3.0,1,RANK,0.5,8.0,0.659772808296218,11,False
3,1,Harry Hamlin,5.666666666666667,0.03436929247556869,Eliminated,3.0,-14.0,9,RANK,0.5,5.666666666666667,0.03436929247556869,11,False
3,1,Jerry Springer,5.333333333333333,0.03450327162462674,Eliminated,7.0,-13.0,6,RANK,0.5,5.333333333333333,0.03450327162462674,11,False
3,1,Joey Lawrence,7.0,0.034130264677797006,Finalist,8.0,-13.0,6,RANK,0.5,7.0,0.034130264677797006,11,False
3,1,Mario Lopez,8.666666666666666,0.01970409757341225,RunnerUp,8.0,-10.0,2,RANK,0.5,8.666666666666666,0.01970409757341225,11,False
3,1,Monique Coleman,6.333333333333333,0.03438454831679683,Eliminated,8.0,-11.0,4,RANK,0.5,6.333333333333333,0.03438454831679683,11,False
3,1,Sara Evans,5.0,0.0786248743012371,Withdrew,,-12.0,5,RANK,0.5,5.0,0.0786248743012371,11,False
3,1,Shanna Moakler,6.0,0.048430066729025466,Eliminated,2.0,-10.0,2,RANK,0.5,6.0,0.048430066729025466,11,False
3,1,Tucker Carlson,4.0,0.034219765745535924,Eliminated,1.0,-18.0,11,RANK,0.5,4.0,0.034219765745535924,11,True
3,1,Vivica A. Fox,7.333333333333333,0.010519488339102854,Eliminated,4.0,-14.0,9,RANK,0.5,7.333333333333333,0.010519488339102854,11,False
3,1,Willa Ford,7.333333333333333,0.011341521920680202,Eliminated,5.0,-13.0,6,RANK,0.5,7.333333333333333,0.011341521920680202,11,False
3,2,Emmitt Smith,8.0,0.8295643557649987,Winner,8.0,-4.0,1,RANK,0.5,8.0,0.8295643557649987,10,False
3,2,Harry Hamlin,7.0,0.0019317989948875105,Eliminated,3.0,-11.0,5,RANK,0.5,6.333333333333334,0.0019317989948875105,10,False
3,2,Jerry Springer,6.333333333333333,0.15520388547342368,Eliminated,7.0,-12.0,6,RANK,0.5,5.833333333333333,0.15520388547342368,10,False
3,2,Joey Lawrence,9.666666666666666,0.0013397715599767425,Finalist,8.0,-7.0,2,RANK,0.5,8.333333333333332,0.0013397715599767425,10,False
3,2,Mario Lopez,7.0,0.001043917917361332,RunnerUp,8.0,-14.0,9,RANK,0.5,7.833333333333333,0.001043917917361332,10,False
3,2,Monique Coleman,8.666666666666666,0.0018945581131658436,Eliminated,8.0,-7.0,2,RANK,0.5,7.5,0.0018945581131658436,10,False
3,2,Sara Evans,7.0,0.007027032248342018,Withdrew,,-10.0,4,RANK,0.5,6.0,0.007027032248342018,10,False
3,2,Shanna Moakler,7.333333333333333,0.00045065607622964273,Eliminated,2.0,-16.0,10,RANK,0.5,6.666666666666666,0.00045065607622964273,10,True
3,2,Vivica A. Fox,8.0,0.0007131830385022773,Eliminated,4.0,-12.0,6,RANK,0.5,7.666666666666666,0.0007131830385022773,10,False
3,2,Willa Ford,7.666666666666667,0.000830840813105779,Eliminated,5.0,-13.0,8,RANK,0.5,7.5,0.000830840813105779,10,False
3,3,Emmitt Smith,6.333333333333333,0.9975007670194309,Winner,8.0,-10.0,5,RANK,0.5,7.444444444444444,0.9975007670194309,9,False
3,3,Harry Hamlin,7.333333333333333,0.00021375224281563332,Eliminated,3.0,-10.0,5,RANK,0.5,6.666666666666667,0.00021375224281563332,9,False
3,3,Jerry Springer,7.0,0.0005702051427654174,Eliminated,7.0,-11.0,7,RANK,0.5,6.222222222222221,0.0005702051427654174,9,False
3,3,Joey Lawrence,7.333333333333333,0.0001425703742811218,Finalist,8.0,-13.0,9,RANK,0.5,8.0,0.0001425703742811218,9,True
3,3,Mario Lopez,7.333333333333333,0.00023116774606075078,RunnerUp,8.0,-9.0,4,RANK,0.5,7.666666666666667,0.00023116774606075078,9,False
3,3,Monique Coleman,9.0,0.00020777995185166165,Eliminated,8.0,-8.0,3,RANK,0.5,8.0,0.00020777995185166165,9,False
3,3,Sara Evans,8.333333333333334,0.0006978797062939406,Withdrew,,-5.0,1,RANK,0.5,6.777777777777779,0.0006978797062939406,9,False
3,3,Vivica A. Fox,9.0,0.0002718272173731875,Eliminated,4.0,-5.0,1,RANK,0.5,8.11111111111111,0.0002718272173731875,9,False
3,3,Willa Ford,7.333333333333333,0.00016405059912234012,Eliminated,5.0,-12.0,8,RANK,0.5,7.444444444444444,0.00016405059912234012,9,False
3,4,Emmitt Smith,8.0,0.9160773680613281,Winner,8.0,-5.0,1,RANK,0.5,7.583333333333333,0.9160773680613281,8,False
3,4,Jerry Springer,7.333333333333333,0.002140986031919464,Eliminated,7.0,-10.0,5,RANK,0.5,6.5,0.002140986031919464,8,False
3,4,Joey Lawrence,9.0,0.0012498719305802063,Finalist,8.0,-9.0,4,RANK,0.5,8.25,0.0012498719305802063,8,False
3,4,Mario Lopez,9.666666666666666,0.0019313759116132974,RunnerUp,8.0,-5.0,1,RANK,0.5,8.166666666666666,0.0019313759116132974,8,False
3,4,Monique Coleman,8.0,0.0006992685548419768,Eliminated,8.0,-11.0,7,RANK,0.5,8.0,0.0006992685548419768,8,False
3,4,Sara Evans,6.666666666666667,0.07624790933294535,Withdrew,,-10.0,5,RANK,0.5,6.75,0.07624790933294535,8,False
3,4,Vivica A. Fox,8.0,0.00023265862794952133,Eliminated,4.0,-12.0,8,RANK,0.5,8.083333333333332,0.00023265862794952133,8,True
3,4,Willa Ford,9.333333333333334,0.0014205615488184283,Eliminated,5.0,-7.0,3,RANK,0.5,7.916666666666667,0.0014205615488184283,8,False
3,5,Emmitt Smith,9.0,0.01605320202715187,Winner,8.0,-5.0,1,RANK,0.5,7.866666666666665,0.01605320202715187,5,False
3,5,Jerry Springer,8.0,0.4341716970197277,Eliminated,7.0,-8.0,5,RANK,0.5,6.8,0.4341716970197277,5,True
3,5,Joey Lawrence,8.333333333333334,0.10399373041750443,Finalist,8.0,-8.0,5,RANK,0.5,8.266666666666667,0.10399373041750443,5,True
3,5,Mario Lopez,9.0,0.001901154369166326,RunnerUp,8.0,-7.0,3,RANK,0.5,8.333333333333332,0.001901154369166326,5,False
3,5,Monique Coleman,9.0,0.004344685283176088,Eliminated,8.0,-6.0,2,RANK,0.5,8.2,0.004344685283176088,5,False
3,5,Sara Evans,8.0,0.43894317007718586,Withdrew,,-7.0,3,RANK,0.5,7.0,0.43894317007718586,5,False
3,5,Willa Ford,9.0,0.0005923608060907622,Eliminated,5.0,-8.0,5,RANK,0.5,8.133333333333335,0.0005923608060907622,5,True
3,6,Emmitt Smith,8.333333333333334,0.9231513141970084,Winner,8.0,-3.0,1,RANK,0.5,7.944444444444444,0.9231513141970084,5,False
3,6,Jerry Springer,6.0,0.013514234673003743,Eliminated,7.0,-10.0,5,RANK,0.5,6.666666666666667,0.013514234673003743,5,True
3,6,Joey Lawrence,8.0,0.02470040907025941,Finalist,8.0,-5.0,3,RANK,0.5,8.222222222222223,0.02470040907025941,5,False
3,6,Mario Lopez,9.333333333333334,0.021088885464753408,RunnerUp,8.0,-4.0,2,RANK,0.5,8.5,0.021088885464753408,5,False
3,6,Monique Coleman,7.666666666666667,0.017545156594979277,Eliminated,8.0,-8.0,4,RANK,0.5,8.11111111111111,0.017545156594979277,5,False
3,7,Emmitt Smith,9.5,0.4899569582008563,Winner,8.0,-2.0,1,RANK,0.5,8.166666666666666,0.4899569582008563,4,False
3,7,Jerry Springer,7.666666666666667,0.21394667198151224,Eliminated,7.0,-7.0,3,RANK,0.5,6.809523809523809,0.21394667198151224,4,False
3,7,Joey Lawrence,9.5,0.13148818533192633,Finalist,8.0,-4.0,2,RANK,0.5,8.404761904761905,0.13148818533192633,4,False
3,7,Mario Lopez,9.333333333333334,0.07137828461641574,RunnerUp,8.0,-8.0,4,RANK,0.5,8.619047619047619,0.07137828461641574,4,True
3,7,Monique Coleman,9.0,0.09322989986928641,Eliminated,8.0,-8.0,4,RANK,0.5,8.238095238095237,0.09322989986928641,4,True
3,8,Emmitt Smith,9.0,0.655524967300745,Winner,8.0,-3.0,1,RANK,0.5,8.270833333333334,0.655524967300745,4,False
3,8,Joey Lawrence,9.0,0.08450010194680277,Finalist,8.0,-6.0,3,RANK,0.5,8.479166666666666,0.08450010194680277,4,False
3,8,Mario Lopez,9.5,0.1416839698975023,RunnerUp,8.0,-3.0,1,RANK,0.5,8.729166666666666,0.1416839698975023,4,False
3,8,Monique Coleman,8.833333333333334,0.11829096085495458,Eliminated,8.0,-7.0,4,RANK,0.5,8.3125,0.11829096085495458,4,True
3,1,Emmitt Smith,8.0,0.659772808296218,Winner,8.0,0.7729803554644273,1,PERCENT,0.5,8.0,0.659772808296218,11,False
3,1,Harry Hamlin,5.666666666666667,0.03436929247556869,Eliminated,3.0,0.11455797171971696,8,PERCENT,0.5,5.666666666666667,0.03436929247556869,11,False
3,1,Jerry Springer,5.333333333333333,0.03450327162462674,Eliminated,7.0,0.10997496973676628,10,PERCENT,0.5,5.333333333333333,0.03450327162462674,11,False
3,1,Joey Lawrence,7.0,0.034130264677797006,Finalist,8.0,0.13318686844998015,5,PERCENT,0.5,7.0,0.034130264677797006,11,False
3,1,Mario Lopez,8.666666666666666,0.01970409757341225,RunnerUp,8.0,0.142345607005639,3,PERCENT,0.5,8.666666666666666,0.01970409757341225,11,False
3,1,Monique Coleman,6.333333333333333,0.03438454831679683,Eliminated,8.0,0.12400718982496253,6,PERCENT,0.5,6.333333333333333,0.03438454831679683,11,False
3,1,Sara Evans,5.0,0.0786248743012371,Withdrew,,0.1493795912813679,2,PERCENT,0.5,5.0,0.0786248743012371,11,False
3,1,Shanna Moakler,6.0,0.048430066729025466,Eliminated,2.0,0.13333572710518246,4,PERCENT,0.5,6.0,0.048430066729025466,11,False
3,1,Tucker Carlson,4.0,0.034219765745535924,Eliminated,1.0,0.09082353932964057,11,PERCENT,0.5,4.0,0.034219765745535924,11,True
3,1,Vivica A. Fox,7.333333333333333,0.010519488339102854,Eliminated,4.0,0.11429307324329471,9,PERCENT,0.5,7.333333333333333,0.010519488339102854,11,False
3,1,Willa Ford,7.333333333333333,0.011341521920680202,Eliminated,5.0,0.11511510682487207,7,PERCENT,0.5,7.333333333333333,0.011341521920680202,11,False
3,2,Emmitt Smith,8.0,0.8295643557649987,Winner,8.0,0.9339121818505941,1,PERCENT,0.5,8.0,0.8295643557649987,10,False
3,2,Harry Hamlin,7.0,0.0019317989948875105,Eliminated,3.0,0.09323614681978352,9,PERCENT,0.5,6.333333333333334,0.0019317989948875105,10,False
3,2,Jerry Springer,6.333333333333333,0.15520388547342368,Eliminated,7.0,0.23781258112452008,2,PERCENT,0.5,5.833333333333333,0.15520388547342368,10,False
3,2,Joey Lawrence,9.666666666666666,0.0013397715599767425,Finalist,8.0,0.12742672808007124,3,PERCENT,0.5,8.333333333333332,0.0013397715599767425,10,False
3,2,Mario Lopez,7.0,0.001043917917361332,RunnerUp,8.0,0.09234826574225735,10,PERCENT,0.5,7.833333333333333,0.001043917917361332,10,True
3,2,Monique Coleman,8.666666666666666,0.0018945581131658436,Eliminated,8.0,0.1149380363725609,4,PERCENT,0.5,7.5,0.0018945581131658436,10,False
3,2,Sara Evans,7.0,0.007027032248342018,Withdrew,,0.09833138007323804,7,PERCENT,0.5,6.0,0.007027032248342018,10,False
3,2,Shanna Moakler,7.333333333333333,0.00045065607622964273,Eliminated,2.0,0.09610282998802547,8,PERCENT,0.5,6.666666666666666,0.00045065607622964273,10,False
3,2,Vivica A. Fox,8.0,0.0007131830385022773,Eliminated,4.0,0.10506100912409773,5,PERCENT,0.5,7.666666666666666,0.0007131830385022773,10,False
3,2,Willa Ford,7.666666666666667,0.000830840813105779,Eliminated,5.0,0.10083084081180142,6,PERCENT,0.5,7.5,0.000830840813105779,10,False
3,3,Emmitt Smith,6.333333333333333,0.9975007670194309,Winner,8.0,1.0892882066316272,1,PERCENT,0.5,7.444444444444444,0.9975007670194309,9,False
3,3,Harry Hamlin,7.333333333333333,0.00021375224281563332,Eliminated,3.0,0.1064939454779903,6,PERCENT,0.5,6.666666666666667,0.00021375224281563332,9,False
3,3,Jerry Springer,7.0,0.0005702051427654174,Eliminated,7.0,0.10201948050361397,9,PERCENT,0.5,6.222222222222221,0.0005702051427654174,9,True
3,3,Joey Lawrence,7.333333333333333,0.0001425703742811218,Finalist,8.0,0.1064227636094558,8,PERCENT,0.5,8.0,0.0001425703742811218,9,False
3,3,Mario Lopez,7.333333333333333,0.00023116774606075078,RunnerUp,8.0,0.10651136098123541,5,PERCENT,0.5,7.666666666666667,0.00023116774606075078,9,False
3,3,Monique Coleman,9.0,0.00020777995185166165,Eliminated,8.0,0.13064256255865697,3,PERCENT,0.5,8.0,0.00020777995185166165,9,False
3,3,Sara Evans,8.333333333333334,0.0006978797062939406,Withdrew,,0.121470826564447,4,PERCENT,0.5,6.777777777777779,0.0006978797062939406,9,False
3,3,Vivica A. Fox,9.0,0.0002718272173731875,Eliminated,4.0,0.13070660982417848,2,PERCENT,0.5,8.11111111111111,0.0002718272173731875,9,False
3,3,Willa Ford,7.333333333333333,0.00016405059912234012,Eliminated,5.0,0.106444243834297,7,PERCENT,0.5,7.444444444444444,0.00016405059912234012,9,False
3,4,Emmitt Smith,8.0,0.9160773680613281,Winner,8.0,1.0372894892716127,1,PERCENT,0.5,7.583333333333333,0.9160773680613281,8,False
3,4,Jerry Springer,7.333333333333333,0.002140986031919464,Eliminated,7.0,0.11325209714134707,8,PERCENT,0.5,6.5,0.002140986031919464,8,True
3,4,Joey Lawrence,9.0,0.0012498719305802063,Finalist,8.0,0.13761350829215044,5,PERCENT,0.5,8.25,0.0012498719305802063,8,False
3,4,Mario Lopez,9.666666666666666,0.0019313759116132974,RunnerUp,8.0,0.1483960223740406,3,PERCENT,0.5,8.166666666666666,0.0019313759116132974,8,False
3,4,Monique Coleman,8.0,0.0006992685548419768,Eliminated,8.0,0.12191138976512664,6,PERCENT,0.5,8.0,0.0006992685548419768,8,False
3,4,Sara Evans,6.666666666666667,0.07624790933294535,Withdrew,,0.1772580103415159,2,PERCENT,0.5,6.75,0.07624790933294535,8,False
3,4,Vivica A. Fox,8.0,0.00023265862794952133,Eliminated,4.0,0.12144477983823418,7,PERCENT,0.5,8.083333333333332,0.00023265862794952133,8,False
3,4,Willa Ford,9.333333333333334,0.0014205615488184283,Eliminated,5.0,0.1428347029608172,4,PERCENT,0.5,7.916666666666667,0.0014205615488184283,8,False
3,5,Emmitt Smith,9.0,0.01605320202715187,Winner,8.0,0.16522447274291147,4,PERCENT,0.5,7.866666666666665,0.01605320202715187,7,False
3,5,Jerry Springer,8.0,0.4341716970197277,Eliminated,7.0,0.5667683821004029,2,PERCENT,0.5,6.8,0.4341716970197277,7,False
3,5,Joey Lawrence,8.333333333333334,0.10399373041750443,Finalist,8.0,0.2421152773765411,3,PERCENT,0.5,8.266666666666667,0.10399373041750443,7,False
3,5,Mario Lopez,9.0,0.001901154369166326,RunnerUp,8.0,0.1510724250849259,6,PERCENT,0.5,8.333333333333332,0.001901154369166326,7,False
3,5,Monique Coleman,9.0,0.004344685283176088,Eliminated,8.0,0.15351595599893567,5,PERCENT,0.5,8.2,0.004344685283176088,7,False
3,5,Sara Evans,8.0,0.43894317007718586,Withdrew,,0.5715398551578611,1,PERCENT,0.5,7.0,0.43894317007718586,7,False
3,5,Willa Ford,9.0,0.0005923608060907622,Eliminated,5.0,0.14976363152185035,7,PERCENT,0.5,8.133333333333335,0.0005923608060907622,7,True
3,6,Emmitt Smith,8.333333333333334,0.9231513141970084,Winner,8.0,1.135015720971283,1,PERCENT,0.5,7.944444444444444,0.9231513141970084,5,False
3,6,Jerry Springer,6.0,0.013514234673003743,Eliminated,7.0,0.1660566075504815,5,PERCENT,0.5,6.666666666666667,0.013514234673003743,5,True
3,6,Joey Lawrence,8.0,0.02470040907025941,Finalist,8.0,0.22809023957356306,3,PERCENT,0.5,8.222222222222223,0.02470040907025941,5,False
3,6,Mario Lopez,9.333333333333334,0.021088885464753408,RunnerUp,8.0,0.25837702105194105,2,PERCENT,0.5,8.5,0.021088885464753408,5,False
3,6,Monique Coleman,7.666666666666667,0.017545156594979277,Eliminated,8.0,0.21246041082731193,4,PERCENT,0.5,8.11111111111111,0.017545156594979277,5,False
3,7,Emmitt Smith,9.5,0.4899569582008563,Winner,8.0,0.701068069307276,1,PERCENT,0.5,8.166666666666666,0.4899569582008563,5,False
3,7,Jerry Springer,7.666666666666667,0.21394667198151224,Eliminated,7.0,0.3843170423480966,2,PERCENT,0.5,6.809523809523809,0.21394667198151224,5,False
3,7,Joey Lawrence,9.5,0.13148818533192633,Finalist,8.0,0.3425992964383461,3,PERCENT,0.5,8.404761904761905,0.13148818533192633,5,False
3,7,Mario Lopez,9.333333333333334,0.07137828461641574,RunnerUp,8.0,0.2787856920192141,5,PERCENT,0.5,8.619047619047619,0.07137828461641574,5,True
3,7,Monique Coleman,9.0,0.09322989986928641,Eliminated,8.0,0.293229899864842,4,PERCENT,0.5,8.238095238095237,0.09322989986928641,5,False
3,8,Emmitt Smith,9.0,0.655524967300745,Winner,8.0,0.9032313893122761,1,PERCENT,0.5,8.270833333333334,0.655524967300745,4,False
3,8,Joey Lawrence,9.0,0.08450010194680277,Finalist,8.0,0.33220652395833383,4,PERCENT,0.5,8.479166666666666,0.08450010194680277,4,True
3,8,Mario Lopez,9.5,0.1416839698975023,RunnerUp,8.0,0.40315185979856283,2,PERCENT,0.5,8.729166666666666,0.1416839698975023,4,False
3,8,Monique Coleman,8.833333333333334,0.11829096085495458,Eliminated,8.0,0.36141022690330915,3,PERCENT,0.5,8.3125,0.11829096085495458,4,False
4,1,Apolo Anton Ohno,7.0,0.8644111821196128,Winner,9.0,-4.0,1,RANK,0.5,7.0,0.8644111821196128,11,False
4,1,Billy Ray Cyrus,4.333333333333333,0.015663214659293337,Eliminated,8.0,-15.0,7,RANK,0.5,4.333333333333333,0.015663214659293337,11,False
4,1,Clyde Drexler,5.333333333333333,0.006931448244387515,Eliminated,5.0,-15.0,7,RANK,0.5,5.333333333333333,0.006931448244387515,11,False
4,1,Heather Mills,6.0,0.005706180463800423,Eliminated,6.0,-14.0,6,RANK,0.5,6.0,0.005706180463800423,11,False
4,1,Ian Ziering,7.0,0.02546589484380451,Eliminated,9.0,-6.0,2,RANK,0.5,7.0,0.02546589484380451,11,False
4,1,Joey Fatone,8.0,0.0018819646374989192,RunnerUp,9.0,-12.0,5,RANK,0.5,8.0,0.0018819646374989192,11,False
4,1,John Ratzenberger,5.666666666666667,0.004882143991200994,Eliminated,7.0,-16.0,10,RANK,0.5,5.666666666666667,0.004882143991200994,11,False
4,1,Laila Ali,7.666666666666667,0.00852984674740068,Finalist,9.0,-7.0,3,RANK,0.5,7.666666666666667,0.00852984674740068,11,False
4,1,Leeza Gibbons,5.0,0.004298658822474227,Eliminated,4.0,-19.0,11,RANK,0.5,5.0,0.004298658822474227,11,True
4,1,Paulina Porizkova,6.333333333333333,0.058520788745350535,Eliminated,2.0,-7.0,3,RANK,0.5,6.333333333333333,0.058520788745350535,11,False
4,1,Shandi Finnessey,6.333333333333333,0.003708676725179132,Eliminated,3.0,-15.0,7,RANK,0.5,6.333333333333333,0.003708676725179132,11,False
4,2,Apolo Anton Ohno,8.666666666666666,0.09729725685227356,Winner,9.0,-4.0,1,RANK,0.5,7.833333333333333,0.09729725685227356,11,False
4,2,Billy Ray Cyrus,7.0,0.008817732783076978,Eliminated,8.0,-12.0,6,RANK,0.5,5.666666666666666,0.008817732783076978,11,False
4,2,Clyde Drexler,6.0,0.7603264667098528,Eliminated,5.0,-12.0,6,RANK,0.5,5.666666666666666,0.7603264667098528,11,False
4,2,Heather Mills,8.0,0.0038325995498985394,Eliminated,6.0,-10.0,3,RANK,0.5,7.0,0.0038325995498985394,11,False
4,2,Ian Ziering,7.333333333333333,0.014263429701661178,Eliminated,9.0,-9.0,2,RANK,0.5,7.166666666666666,0.014263429701661178,11,False
4,2,Joey Fatone,8.0,0.0019218326310212583,RunnerUp,9.0,-14.0,9,RANK,0.5,8.0,0.0019218326310212583,11,False
4,2,John Ratzenberger,7.0,0.0028152014997361646,Eliminated,7.0,-15.0,11,RANK,0.5,6.333333333333334,0.0028152014997361646,11,True
4,2,Laila Ali,9.0,0.0024518966316393878,Finalist,9.0,-11.0,4,RANK,0.5,8.333333333333334,0.0024518966316393878,11,False
4,2,Leeza Gibbons,7.0,0.0032896507220926676,Eliminated,4.0,-14.0,9,RANK,0.5,6.0,0.0032896507220926676,11,False
4,2,Paulina Porizkova,7.0,0.010639071490534656,Eliminated,2.0,-11.0,4,RANK,0.5,6.666666666666666,0.010639071490534656,11,False
4,2,Shandi Finnessey,6.666666666666667,0.09434486142821454,Eliminated,3.0,-13.0,8,RANK,0.5,6.5,0.09434486142821454,11,False
4,3,Apolo Anton Ohno,7.666666666666667,0.13355172538188692,Winner,9.0,-7.0,3,RANK,0.5,7.777777777777778,0.13355172538188692,10,False
4,3,Billy Ray Cyrus,7.0,0.004492631693735901,Eliminated,8.0,-10.0,6,RANK,0.5,6.111111111111111,0.004492631693735901,10,False
4,3,Clyde Drexler,5.333333333333333,0.8473062504024316,Eliminated,5.0,-11.0,7,RANK,0.5,5.5555555555555545,0.8473062504024316,10,False
4,3,Heather Mills,8.0,0.0012034373124780592,Eliminated,6.0,-8.0,4,RANK,0.5,7.333333333333333,0.0012034373124780592,10,False
4,3,Ian Ziering,8.0,0.008174635935782259,Eliminated,9.0,-4.0,1,RANK,0.5,7.444444444444444,0.008174635935782259,10,False
4,3,Joey Fatone,8.0,0.0006960574581486032,RunnerUp,9.0,-9.0,5,RANK,0.5,8.0,0.0006960574581486032,10,False
4,3,John Ratzenberger,6.666666666666667,0.0012269938793450267,Eliminated,7.0,-15.0,8,RANK,0.5,6.4444444444444455,0.0012269938793450267,10,False
4,3,Laila Ali,7.0,0.0006467791747943431,Finalist,9.0,-15.0,8,RANK,0.5,7.888888888888889,0.0006467791747943431,10,False
4,3,Leeza Gibbons,8.0,0.002200394934036744,Eliminated,4.0,-6.0,2,RANK,0.5,6.666666666666667,0.002200394934036744,10,False
4,3,Shandi Finnessey,7.0,0.0005010938273643814,Eliminated,3.0,-16.0,10,RANK,0.5,6.666666666666667,0.0005010938273643814,10,True
4,4,Apolo Anton Ohno,8.666666666666666,0.5881110194721382,Winner,9.0,-3.0,1,RANK,0.5,8.0,0.5881110194721382,9,False
4,4,Billy Ray Cyrus,7.0,0.025275677593629534,Eliminated,8.0,-9.0,3,RANK,0.5,6.333333333333333,0.025275677593629534,9,False
4,4,Clyde Drexler,5.0,0.24806330487798572,Eliminated,5.0,-11.0,7,RANK,0.5,5.416666666666666,0.24806330487798572,9,False
4,4,Heather Mills,7.666666666666667,0.009211888889655557,Eliminated,6.0,-10.0,5,RANK,0.5,7.416666666666667,0.009211888889655557,9,False
4,4,Ian Ziering,8.0,0.09342464351686029,Eliminated,9.0,-6.0,2,RANK,0.5,7.583333333333333,0.09342464351686029,9,False
4,4,Joey Fatone,9.333333333333334,0.007014745863636204,RunnerUp,9.0,-9.0,3,RANK,0.5,8.333333333333334,0.007014745863636204,9,False
4,4,John Ratzenberger,5.333333333333333,0.007748846214398647,Eliminated,7.0,-14.0,8,RANK,0.5,6.166666666666667,0.007748846214398647,9,False
4,4,Laila Ali,7.0,0.017697723081079867,Finalist,9.0,-10.0,5,RANK,0.5,7.666666666666667,0.017697723081079867,9,False
4,4,Leeza Gibbons,5.333333333333333,0.0034521504906144655,Eliminated,4.0,-16.0,9,RANK,0.5,6.333333333333333,0.0034521504906144655,9,True
4,5,Apolo Anton Ohno,10.0,0.11450952910106486,Winner,9.0,-4.0,1,RANK,0.5,8.4,0.11450952910106486,8,False
4,5,Billy Ray Cyrus,5.666666666666667,0.06202435418074057,Eliminated,8.0,-12.0,6,RANK,0.5,6.2,0.06202435418074057,8,False
4,5,Clyde Drexler,4.333333333333333,0.05026618042309599,Eliminated,5.0,-14.0,8,RANK,0.5,5.2,0.05026618042309599,8,True
4,5,Heather Mills,7.0,0.04195449261447386,Eliminated,6.0,-12.0,6,RANK,0.5,7.333333333333333,0.04195449261447386,8,False
4,5,Ian Ziering,8.0,0.4277178962630865,Eliminated,9.0,-5.0,3,RANK,0.5,7.666666666666666,0.4277178962630865,8,False
4,5,Joey Fatone,8.333333333333334,0.0356696000758543,RunnerUp,9.0,-11.0,5,RANK,0.5,8.333333333333334,0.0356696000758543,8,False
4,5,John Ratzenberger,6.0,0.08137227638027503,Eliminated,7.0,-10.0,4,RANK,0.5,6.133333333333334,0.08137227638027503,8,False
4,5,Laila Ali,9.333333333333334,0.18648567096141372,Finalist,9.0,-4.0,1,RANK,0.5,8.0,0.18648567096141372,8,False
4,6,Apolo Anton Ohno,9.333333333333334,0.0016975959343702833,Winner,9.0,-7.0,2,RANK,0.5,8.555555555555555,0.0016975959343702833,7,False
4,6,Billy Ray Cyrus,7.0,0.16409406730273893,Eliminated,8.0,-8.0,4,RANK,0.5,6.333333333333333,0.16409406730273893,7,False
4,6,Heather Mills,7.666666666666667,0.0015866115362843218,Eliminated,6.0,-12.0,7,RANK,0.5,7.388888888888889,0.0015866115362843218,7,True
4,6,Ian Ziering,8.0,0.01755088243403095,Eliminated,9.0,-7.0,2,RANK,0.5,7.722222222222221,0.01755088243403095,7,False
4,6,Joey Fatone,9.0,0.002593955198043224,RunnerUp,9.0,-8.0,4,RANK,0.5,8.444444444444445,0.002593955198043224,7,False
4,6,John Ratzenberger,6.333333333333333,0.8091549018082388,Eliminated,7.0,-8.0,4,RANK,0.5,6.166666666666667,0.8091549018082388,7,False
4,6,Laila Ali,9.333333333333334,0.003321985786290806,Finalist,9.0,-5.0,1,RANK,0.5,8.222222222222223,0.003321985786290806,7,False
4,7,Apolo Anton Ohno,9.0,0.49350516505359654,Winner,9.0,-4.0,1,RANK,0.5,8.619047619047619,0.49350516505359654,6,False
4,7,Billy Ray Cyrus,6.333333333333333,0.4851071434012167,Eliminated,8.0,-8.0,5,RANK,0.5,6.333333333333334,0.4851071434012167,6,False
4,7,Ian Ziering,9.0,0.014033413648946315,Eliminated,9.0,-6.0,2,RANK,0.5,7.904761904761904,0.014033413648946315,6,False
4,7,Joey Fatone,9.833333333333334,0.0017828961321928122,RunnerUp,9.0,-7.0,4,RANK,0.5,8.642857142857142,0.0017828961321928122,6,False
4,7,John Ratzenberger,7.5,0.003059611090867104,Eliminated,7.0,-9.0,6,RANK,0.5,6.357142857142857,0.003059611090867104,6,True
4,7,Laila Ali,9.833333333333334,0.002511770673178007,Finalist,9.0,-6.0,2,RANK,0.5,8.452380952380953,0.002511770673178007,6,False
4,8,Apolo Anton Ohno,9.666666666666666,0.21384721266076823,Winner,9.0,-3.0,1,RANK,0.5,8.75,0.21384721266076823,5,False
4,8,Billy Ray Cyrus,6.333333333333333,0.1313420902079679,Eliminated,8.0,-8.0,5,RANK,0.5,6.333333333333333,0.1313420902079679,5,True
4,8,Ian Ziering,7.833333333333333,0.49008257615563766,Eliminated,9.0,-5.0,2,RANK,0.5,7.895833333333333,0.49008257615563766,5,False
4,8,Joey Fatone,9.166666666666666,0.07143776727457032,RunnerUp,9.0,-7.0,3,RANK,0.5,8.708333333333334,0.07143776727457032,5,False
4,8,Laila Ali,8.833333333333334,0.09329035370105636,Finalist,9.0,-7.0,3,RANK,0.5,8.5,0.09329035370105636,5,False
4,9,Apolo Anton Ohno,9.833333333333334,0.3279916268078817,Winner,9.0,-5.0,2,RANK,0.5,8.87037037037037,0.3279916268078817,2,True
4,9,Ian Ziering,9.666666666666666,0.40998765212154004,Eliminated,9.0,-5.0,2,RANK,0.5,8.092592592592592,0.40998765212154004,2,True
4,9,Joey Fatone,10.0,0.1065609900158162,RunnerUp,9.0,-5.0,2,RANK,0.5,8.851851851851853,0.1065609900158162,2,True
4,9,Laila Ali,10.0,0.15545973105475747,Finalist,9.0,-4.0,1,RANK,0.5,8.666666666666666,0.15545973105475747,2,False
4,1,Apolo Anton Ohno,7.0,0.8644111821196128,Winner,9.0,0.9663529296909437,1,PERCENT,0.5,7.0,0.8644111821196128,11,False
4,1,Billy Ray Cyrus,4.333333333333333,0.015663214659293337,Eliminated,8.0,0.07877001077487915,10,PERCENT,0.5,4.333333333333333,0.015663214659293337,11,False
4,1,Clyde Drexler,5.333333333333333,0.006931448244387515,Eliminated,5.0,0.08460135115587775,9,PERCENT,0.5,5.333333333333333,0.006931448244387515,11,False
4,1,Heather Mills,6.0,0.005706180463800423,Eliminated,6.0,0.09308482123922693,7,PERCENT,0.5,6.0,0.005706180463800423,11,False
4,1,Ian Ziering,7.0,0.02546589484380451,Eliminated,9.0,0.12740764241513544,3,PERCENT,0.5,7.0,0.02546589484380451,11,False
4,1,Joey Fatone,8.0,0.0018819646374989192,RunnerUp,9.0,0.11838681900473427,5,PERCENT,0.5,8.0,0.0018819646374989192,11,False
4,1,John Ratzenberger,5.666666666666667,0.004882143991200994,Eliminated,7.0,0.08740641583465937,8,PERCENT,0.5,5.666666666666667,0.004882143991200994,11,False
4,1,Laila Ali,7.666666666666667,0.00852984674740068,Finalist,9.0,0.1201803321826679,4,PERCENT,0.5,7.666666666666667,0.00852984674740068,11,False
4,1,Leeza Gibbons,5.0,0.004298658822474227,Eliminated,4.0,0.07711419280199631,11,PERCENT,0.5,5.0,0.004298658822474227,11,True
4,1,Paulina Porizkova,6.333333333333333,0.058520788745350535,Eliminated,2.0,0.15075379845274517,2,PERCENT,0.5,6.333333333333333,0.058520788745350535,11,False
4,1,Shandi Finnessey,6.333333333333333,0.003708676725179132,Eliminated,3.0,0.09594168643257378,6,PERCENT,0.5,6.333333333333333,0.003708676725179132,11,False
4,2,Apolo Anton Ohno,8.666666666666666,0.09729725685227356,Winner,9.0,0.2034197058305659,2,PERCENT,0.5,7.833333333333333,0.09729725685227356,11,False
4,2,Billy Ray Cyrus,7.0,0.008817732783076978,Eliminated,8.0,0.09453201849631311,9,PERCENT,0.5,5.666666666666666,0.008817732783076978,11,False
4,2,Clyde Drexler,6.0,0.7603264667098528,Eliminated,5.0,0.8337958544640552,1,PERCENT,0.5,5.666666666666666,0.7603264667098528,11,False
4,2,Heather Mills,8.0,0.0038325995498985394,Eliminated,6.0,0.10179178322216842,6,PERCENT,0.5,7.0,0.0038325995498985394,11,False
4,2,Ian Ziering,7.333333333333333,0.014263429701661178,Eliminated,9.0,0.10405934806790856,5,PERCENT,0.5,7.166666666666666,0.014263429701661178,11,False
4,2,Joey Fatone,8.0,0.0019218326310212583,RunnerUp,9.0,0.09988101630329115,7,PERCENT,0.5,8.0,0.0019218326310212583,11,False
4,2,John Ratzenberger,7.0,0.0028152014997361646,Eliminated,7.0,0.0885294872129723,11,PERCENT,0.5,6.333333333333334,0.0028152014997361646,11,True
4,2,Laila Ali,9.0,0.0024518966316393878,Finalist,9.0,0.112655978262943,4,PERCENT,0.5,8.333333333333334,0.0024518966316393878,11,False
4,2,Leeza Gibbons,7.0,0.0032896507220926676,Eliminated,4.0,0.0890039364353288,10,PERCENT,0.5,6.0,0.0032896507220926676,11,False
4,2,Paulina Porizkova,7.0,0.010639071490534656,Eliminated,2.0,0.09635335720377079,8,PERCENT,0.5,6.666666666666666,0.010639071490534656,11,False
4,2,Shandi Finnessey,6.666666666666667,0.09434486142821454,Eliminated,3.0,0.17597751448843946,3,PERCENT,0.5,6.5,0.09434486142821454,11,False
4,3,Apolo Anton Ohno,7.666666666666667,0.13355172538188692,Winner,9.0,0.2390563125363983,2,PERCENT,0.5,7.777777777777778,0.13355172538188692,10,False
4,3,Billy Ray Cyrus,7.0,0.004492631693735901,Eliminated,8.0,0.10082290692176804,7,PERCENT,0.5,6.111111111111111,0.004492631693735901,10,False
4,3,Clyde Drexler,5.333333333333333,0.8473062504024316,Eliminated,5.0,0.9207007458142655,1,PERCENT,0.5,5.5555555555555545,0.8473062504024316,10,False
4,3,Heather Mills,8.0,0.0012034373124780592,Eliminated,6.0,0.11129518043022908,5,PERCENT,0.5,7.333333333333333,0.0012034373124780592,10,False
4,3,Ian Ziering,8.0,0.008174635935782259,Eliminated,9.0,0.11826637905353328,3,PERCENT,0.5,7.444444444444444,0.008174635935782259,10,False
4,3,Joey Fatone,8.0,0.0006960574581486032,RunnerUp,9.0,0.11078780057589963,6,PERCENT,0.5,8.0,0.0006960574581486032,10,False
4,3,John Ratzenberger,6.666666666666667,0.0012269938793450267,Eliminated,7.0,0.09297011314413754,10,PERCENT,0.5,6.4444444444444455,0.0012269938793450267,10,True
4,3,Laila Ali,7.0,0.0006467791747943431,Finalist,9.0,0.09697705440282649,8,PERCENT,0.5,7.888888888888889,0.0006467791747943431,10,False
4,3,Leeza Gibbons,8.0,0.002200394934036744,Eliminated,4.0,0.11229213805178777,4,PERCENT,0.5,6.666666666666667,0.002200394934036744,10,False
4,3,Shandi Finnessey,7.0,0.0005010938273643814,Eliminated,3.0,0.09683136905539652,9,PERCENT,0.5,6.666666666666667,0.0005010938273643814,10,False
4,4,Apolo Anton Ohno,8.666666666666666,0.5881110194721382,Winner,9.0,0.7249531247331353,1,PERCENT,0.5,8.0,0.5881110194721382,9,False
4,4,Billy Ray Cyrus,7.0,0.025275677593629534,Eliminated,8.0,0.13580199338135807,5,PERCENT,0.5,6.333333333333333,0.025275677593629534,9,False
4,4,Clyde Drexler,5.0,0.24806330487798572,Eliminated,5.0,0.3270106732977918,2,PERCENT,0.5,5.416666666666666,0.24806330487798572,9,False
4,4,Heather Mills,7.666666666666667,0.009211888889655557,Eliminated,6.0,0.13026452046669157,6,PERCENT,0.5,7.416666666666667,0.009211888889655557,9,False
4,4,Ian Ziering,8.0,0.09342464351686029,Eliminated,9.0,0.21974043298855006,3,PERCENT,0.5,7.583333333333333,0.09342464351686029,9,False
4,4,Joey Fatone,9.333333333333334,0.007014745863636204,RunnerUp,9.0,0.15438316691394094,4,PERCENT,0.5,8.333333333333334,0.007014745863636204,9,False
4,4,John Ratzenberger,5.333333333333333,0.007748846214398647,Eliminated,7.0,0.09195937252885847,8,PERCENT,0.5,6.166666666666667,0.007748846214398647,9,False
4,4,Laila Ali,7.0,0.017697723081079867,Finalist,9.0,0.1282240388688084,7,PERCENT,0.5,7.666666666666667,0.017697723081079867,9,False
4,4,Leeza Gibbons,5.333333333333333,0.0034521504906144655,Eliminated,4.0,0.0876626768050743,9,PERCENT,0.5,6.333333333333333,0.0034521504906144655,9,True
4,5,Apolo Anton Ohno,10.0,0.11450952910106486,Winner,9.0,0.28496407455270484,3,PERCENT,0.5,8.4,0.11450952910106486,8,False
4,5,Billy Ray Cyrus,5.666666666666667,0.06202435418074057,Eliminated,8.0,0.15861526327000322,7,PERCENT,0.5,6.2,0.06202435418074057,8,False
4,5,Clyde Drexler,4.333333333333333,0.05026618042309599,Eliminated,5.0,0.1241298167854733,8,PERCENT,0.5,5.2,0.05026618042309599,8,True
4,5,Heather Mills,7.0,0.04195449261447386,Eliminated,6.0,0.16127267443062182,6,PERCENT,0.5,7.333333333333333,0.04195449261447386,8,False
4,5,Ian Ziering,8.0,0.4277178962630865,Eliminated,9.0,0.5640815326243984,1,PERCENT,0.5,7.666666666666666,0.4277178962630865,8,False
4,5,Joey Fatone,8.333333333333334,0.0356696000758543,RunnerUp,9.0,0.17771505461888762,5,PERCENT,0.5,8.333333333333334,0.0356696000758543,8,False
4,5,John Ratzenberger,6.0,0.08137227638027503,Eliminated,7.0,0.18364500365125902,4,PERCENT,0.5,6.133333333333334,0.08137227638027503,8,False
4,5,Laila Ali,9.333333333333334,0.18648567096141372,Finalist,9.0,0.345576580049611,2,PERCENT,0.5,8.0,0.18648567096141372,8,False
4,6,Apolo Anton Ohno,9.333333333333334,0.0016975959343702833,Winner,9.0,0.16640347828440488,4,PERCENT,0.5,8.555555555555555,0.0016975959343702833,7,False
4,6,Billy Ray Cyrus,7.0,0.16409406730273893,Eliminated,8.0,0.28762347906526486,2,PERCENT,0.5,6.333333333333333,0.16409406730273893,7,False
4,6,Heather Mills,7.666666666666667,0.0015866115362843218,Eliminated,6.0,0.1368807291809556,7,PERCENT,0.5,7.388888888888889,0.0015866115362843218,7,True
4,6,Ian Ziering,8.0,0.01755088243403095,Eliminated,9.0,0.1587273530197749,6,PERCENT,0.5,7.722222222222221,0.01755088243403095,7,False
4,6,Joey Fatone,9.0,0.002593955198043224,RunnerUp,9.0,0.16141748460700517,5,PERCENT,0.5,8.444444444444445,0.002593955198043224,7,False
4,6,John Ratzenberger,6.333333333333333,0.8091549018082388,Eliminated,7.0,0.9209196076886195,1,PERCENT,0.5,6.166666666666667,0.8091549018082388,7,False
4,6,Laila Ali,9.333333333333334,0.003321985786290806,Finalist,9.0,0.16802786813632542,3,PERCENT,0.5,8.222222222222223,0.003321985786290806,7,False
4,7,Apolo Anton Ohno,9.0,0.49350516505359654,Winner,9.0,0.6682624466036012,1,PERCENT,0.5,8.619047619047619,0.49350516505359654,6,False
4,7,Billy Ray Cyrus,6.333333333333333,0.4851071434012167,Eliminated,8.0,0.6080844896771459,2,PERCENT,0.5,6.333333333333334,0.4851071434012167,6,False
4,7,Ian Ziering,9.0,0.014033413648946315,Eliminated,9.0,0.18879069519895103,5,PERCENT,0.5,7.904761904761904,0.014033413648946315,6,False
4,7,Joey Fatone,9.833333333333334,0.0017828961321928122,RunnerUp,9.0,0.19272140745534613,4,PERCENT,0.5,8.642857142857142,0.0017828961321928122,6,False
4,7,John Ratzenberger,7.5,0.003059611090867104,Eliminated,7.0,0.14869067904920438,6,PERCENT,0.5,6.357142857142857,0.003059611090867104,6,True
4,7,Laila Ali,9.833333333333334,0.002511770673178007,Finalist,9.0,0.19345028199633132,3,PERCENT,0.5,8.452380952380953,0.002511770673178007,6,False
4,8,Apolo Anton Ohno,9.666666666666666,0.21384721266076823,Winner,9.0,0.4449229098663999,2,PERCENT,0.5,8.75,0.21384721266076823,5,False
4,8,Billy Ray Cyrus,6.333333333333333,0.1313420902079679,Eliminated,8.0,0.2827365125151059,5,PERCENT,0.5,6.333333333333333,0.1313420902079679,5,True
4,8,Ian Ziering,7.833333333333333,0.49008257615563766,Eliminated,9.0,0.6773335721670978,1,PERCENT,0.5,7.895833333333333,0.49008257615563766,5,False
4,8,Joey Fatone,9.166666666666666,0.07143776727457032,RunnerUp,9.0,0.2905612732454279,4,PERCENT,0.5,8.708333333333334,0.07143776727457032,5,False
4,8,Laila Ali,8.833333333333334,0.09329035370105636,Finalist,9.0,0.3044457321820646,3,PERCENT,0.5,8.5,0.09329035370105636,5,False
4,9,Apolo Anton Ohno,9.833333333333334,0.3279916268078817,Winner,9.0,0.5769367744809042,2,PERCENT,0.5,8.87037037037037,0.3279916268078817,4,False
4,9,Ian Ziering,9.666666666666666,0.40998765212154004,Eliminated,9.0,0.6547133905119689,1,PERCENT,0.5,8.092592592592592,0.40998765212154004,4,False
4,9,Joey Fatone,10.0,0.1065609900158162,RunnerUp,9.0,0.35972554697143233,4,PERCENT,0.5,8.851851851851853,0.1065609900158162,4,True
4,9,Laila Ali,10.0,0.15545973105475747,Finalist,9.0,0.4086242880103736,3,PERCENT,0.5,8.666666666666666,0.15545973105475747,4,False
5,1,Albert Reed,7.0,0.16124209231822026,Eliminated,2.0,-7.0,2,RANK,0.5,7.0,0.16124209231822026,12,False
5,1,Cameron Mathison,7.0,0.03603889170773123,Eliminated,8.0,-12.0,5,RANK,0.5,7.0,0.03603889170773123,12,False
5,1,Floyd Mayweather Jr.,6.0,0.09929771420855583,Eliminated,4.0,-14.0,8,RANK,0.5,6.0,0.09929771420855583,12,False
5,1,Helio Castroneves,8.333333333333334,0.41406918489080524,Winner,9.0,-3.0,1,RANK,0.5,8.333333333333334,0.41406918489080524,12,False
5,1,Jane Seymour,8.0,0.02154016828592574,Eliminated,7.0,-14.0,8,RANK,0.5,8.0,0.02154016828592574,12,False
5,1,Jennie Garth,7.0,0.03084238001263472,Eliminated,9.0,-13.0,6,RANK,0.5,7.0,0.03084238001263472,12,False
5,1,Josie Maran,5.333333333333333,0.043663052176797564,Eliminated,1.0,-18.0,12,RANK,0.5,5.333333333333333,0.043663052176797564,12,True
5,1,Marie Osmond,7.0,0.019347422437333728,Finalist,9.0,-17.0,11,RANK,0.5,7.0,0.019347422437333728,12,False
5,1,Mark Cuban,7.0,0.054143764146151505,Eliminated,5.0,-10.0,3,RANK,0.5,7.0,0.054143764146151505,12,False
5,1,Mel B,8.0,0.023240770268117154,RunnerUp,9.0,-13.0,6,RANK,0.5,8.0,0.023240770268117154,12,False
5,1,Sabrina Bryan,8.666666666666666,0.02609796633485655,Eliminated,6.0,-10.0,3,RANK,0.5,8.666666666666666,0.02609796633485655,12,False
5,1,Wayne Newton,6.333333333333333,0.07047659321286862,Eliminated,3.0,-14.0,8,RANK,0.5,6.333333333333333,0.07047659321286862,12,False
5,2,Albert Reed,7.0,0.0007189319851085666,Eliminated,2.0,-14.0,9,RANK,0.5,7.0,0.0007189319851085666,11,False
5,2,Cameron Mathison,7.0,0.0009316389093333637,Eliminated,8.0,-11.0,5,RANK,0.5,7.0,0.0009316389093333637,11,False
5,2,Floyd Mayweather Jr.,7.0,0.0034520617387427863,Eliminated,4.0,-9.0,3,RANK,0.5,6.5,0.0034520617387427863,11,False
5,2,Helio Castroneves,9.0,0.007942927798597387,Winner,9.0,-4.0,1,RANK,0.5,8.666666666666668,0.007942927798597387,11,False
5,2,Jane Seymour,7.0,0.00045539979584110574,Eliminated,7.0,-16.0,11,RANK,0.5,7.5,0.00045539979584110574,11,True
5,2,Jennie Garth,7.0,0.0007766347474993699,Eliminated,9.0,-13.0,8,RANK,0.5,7.0,0.0007766347474993699,11,False
5,2,Marie Osmond,8.0,0.0015089932015087803,Finalist,9.0,-8.0,2,RANK,0.5,7.5,0.0015089932015087803,11,False
5,2,Mark Cuban,6.0,0.010510106160746328,Eliminated,5.0,-12.0,6,RANK,0.5,6.5,0.010510106160746328,11,False
5,2,Mel B,7.666666666666667,0.0005877297813100609,RunnerUp,9.0,-14.0,9,RANK,0.5,7.833333333333334,0.0005877297813100609,11,False
5,2,Sabrina Bryan,8.666666666666666,0.0007774575562109413,Eliminated,6.0,-9.0,3,RANK,0.5,8.666666666666666,0.0007774575562109413,11,False
5,2,Wayne Newton,5.0,0.9723381183250992,Eliminated,3.0,-12.0,6,RANK,0.5,5.666666666666666,0.9723381183250992,11,False
5,3,Cameron Mathison,7.666666666666667,0.0034791474590783788,Eliminated,8.0,-15.0,9,RANK,0.5,7.222222222222222,0.0034791474590783788,9,True
5,3,Floyd Mayweather Jr.,7.0,0.011356703977530804,Eliminated,4.0,-11.0,5,RANK,0.5,6.666666666666667,0.011356703977530804,9,False
5,3,Helio Castroneves,8.0,0.941543460681369,Winner,9.0,-7.0,2,RANK,0.5,8.444444444444445,0.941543460681369,9,False
5,3,Jane Seymour,9.0,0.006025224091907832,Eliminated,7.0,-6.0,1,RANK,0.5,8.0,0.006025224091907832,9,False
5,3,Jennie Garth,8.666666666666666,0.006180070292395315,Eliminated,9.0,-8.0,3,RANK,0.5,7.5555555555555545,0.006180070292395315,9,False
5,3,Marie Osmond,8.666666666666666,0.0030685100619771283,Finalist,9.0,-13.0,8,RANK,0.5,7.888888888888888,0.0030685100619771283,9,False
5,3,Mark Cuban,6.666666666666667,0.004146609518080151,Eliminated,5.0,-15.0,9,RANK,0.5,6.555555555555556,0.004146609518080151,9,True
5,3,Mel B,9.0,0.0037250953632313273,RunnerUp,9.0,-8.0,3,RANK,0.5,8.222222222222223,0.0037250953632313273,9,False
5,3,Sabrina Bryan,9.0,0.0020510500428240924,Eliminated,6.0,-11.0,5,RANK,0.5,8.777777777777777,0.0020510500428240924,9,False
5,3,Wayne Newton,6.0,0.018424128511605405,Eliminated,3.0,-12.0,7,RANK,0.5,5.777777777777778,0.018424128511605405,9,False
5,4,Cameron Mathison,9.0,0.011379667589454806,Eliminated,8.0,-5.0,2,RANK,0.5,7.666666666666667,0.011379667589454806,9,False
5,4,Floyd Mayweather Jr.,7.666666666666667,0.009445115059645324,Eliminated,4.0,-12.0,6,RANK,0.5,6.916666666666667,0.009445115059645324,9,False
5,4,Helio Castroneves,9.0,0.8124027746365423,Winner,9.0,-3.0,1,RANK,0.5,8.583333333333334,0.8124027746365423,9,False
5,4,Jane Seymour,8.666666666666666,0.00308364542795178,Eliminated,7.0,-14.0,9,RANK,0.5,8.166666666666666,0.00308364542795178,9,True
5,4,Jennie Garth,9.0,0.005050564249665295,Eliminated,9.0,-7.0,3,RANK,0.5,7.916666666666666,0.005050564249665295,9,False
5,4,Marie Osmond,8.666666666666666,0.00413193003435049,Finalist,9.0,-12.0,6,RANK,0.5,8.083333333333332,0.00413193003435049,9,False
5,4,Mark Cuban,7.333333333333333,0.14684592607338628,Eliminated,5.0,-11.0,5,RANK,0.5,6.75,0.14684592607338628,9,False
5,4,Mel B,8.666666666666666,0.0035176953818876005,RunnerUp,9.0,-13.0,8,RANK,0.5,8.333333333333334,0.0035176953818876005,9,False
5,4,Sabrina Bryan,10.0,0.004142681547114532,Eliminated,6.0,-7.0,3,RANK,0.5,9.083333333333332,0.004142681547114532,9,False
5,5,Cameron Mathison,8.666666666666666,0.0007485930805821557,Eliminated,8.0,-8.0,4,RANK,0.5,7.866666666666667,0.0007485930805821557,8,False
5,5,Helio Castroneves,7.666666666666667,0.9939788503639888,Winner,9.0,-7.0,2,RANK,0.5,8.4,0.9939788503639888,8,False
5,5,Jane Seymour,8.666666666666666,0.000983064410375304,Eliminated,7.0,-7.0,2,RANK,0.5,8.266666666666666,0.000983064410375304,8,False
5,5,Jennie Garth,8.333333333333334,0.0006070817833278474,Eliminated,9.0,-11.0,7,RANK,0.5,8.0,0.0006070817833278474,8,False
5,5,Marie Osmond,7.0,0.00043715873961915,Finalist,9.0,-15.0,8,RANK,0.5,7.866666666666665,0.00043715873961915,8,True
5,5,Mark Cuban,7.0,0.0013880458584026902,Eliminated,5.0,-10.0,6,RANK,0.5,6.8,0.0013880458584026902,8,False
5,5,Mel B,9.666666666666666,0.0014190527031427346,RunnerUp,9.0,-3.0,1,RANK,0.5,8.6,0.0014190527031427346,8,False
5,5,Sabrina Bryan,9.333333333333334,0.00043815306056612627,Eliminated,6.0,-9.0,5,RANK,0.5,9.133333333333333,0.00043815306056612627,8,False
5,6,Cameron Mathison,8.333333333333334,0.0028784752635391464,Eliminated,8.0,-9.0,5,RANK,0.5,7.9444444444444455,0.0028784752635391464,7,False
5,6,Helio Castroneves,9.333333333333334,0.23928487216960742,Winner,9.0,-4.0,1,RANK,0.5,8.555555555555555,0.23928487216960742,7,False
5,6,Jane Seymour,7.333333333333333,0.5353982229420201,Eliminated,7.0,-8.0,4,RANK,0.5,8.11111111111111,0.5353982229420201,7,False
5,6,Jennie Garth,9.0,0.00863512227142365,Eliminated,9.0,-7.0,2,RANK,0.5,8.166666666666666,0.00863512227142365,7,False
5,6,Marie Osmond,7.666666666666667,0.21106049455424647,Finalist,9.0,-9.0,5,RANK,0.5,7.833333333333333,0.21106049455424647,7,False
5,6,Mel B,10.0,0.0019577075025481194,RunnerUp,9.0,-7.0,2,RANK,0.5,8.833333333333334,0.0019577075025481194,7,False
5,6,Sabrina Bryan,8.333333333333334,0.000785105296612262,Eliminated,6.0,-11.0,7,RANK,0.5,9.0,0.000785105296612262,7,True
5,7,Cameron Mathison,8.5,0.09168404791550512,Eliminated,8.0,-9.0,6,RANK,0.5,8.023809523809524,0.09168404791550512,6,True
5,7,Helio Castroneves,8.666666666666666,0.48147453221195696,Winner,9.0,-4.0,1,RANK,0.5,8.571428571428571,0.48147453221195696,6,False
5,7,Jane Seymour,8.333333333333334,0.18545281592183702,Eliminated,7.0,-8.0,5,RANK,0.5,8.142857142857142,0.18545281592183702,6,False
5,7,Jennie Garth,8.833333333333334,0.06696614184970826,Eliminated,9.0,-7.0,3,RANK,0.5,8.261904761904763,0.06696614184970826,6,False
5,7,Marie Osmond,8.666666666666666,0.12407443152472018,Finalist,9.0,-6.0,2,RANK,0.5,7.952380952380952,0.12407443152472018,6,False
5,7,Mel B,9.0,0.05034803057627371,RunnerUp,9.0,-7.0,3,RANK,0.5,8.857142857142858,0.05034803057627371,6,False
5,8,Cameron Mathison,8.5,0.03201021323615543,Eliminated,8.0,-8.0,5,RANK,0.5,8.083333333333334,0.03201021323615543,5,True
5,8,Helio Castroneves,9.5,0.31466279956769794,Winner,9.0,-3.0,1,RANK,0.5,8.6875,0.31466279956769794,5,False
5,8,Jennie Garth,8.333333333333334,0.17796835200738922,Eliminated,9.0,-7.0,4,RANK,0.5,8.270833333333334,0.17796835200738922,5,False
5,8,Marie Osmond,8.166666666666666,0.33798925511733924,Finalist,9.0,-6.0,2,RANK,0.5,7.979166666666666,0.33798925511733924,5,False
5,8,Mel B,9.333333333333334,0.13736938007141966,RunnerUp,9.0,-6.0,2,RANK,0.5,8.916666666666666,0.13736938007141966,5,False
5,9,Helio Castroneves,10.0,0.4067043256580959,Winner,9.0,-3.0,1,RANK,0.5,8.833333333333334,0.4067043256580959,4,False
5,9,Jennie Garth,9.666666666666666,0.09959977091984752,Eliminated,9.0,-6.0,4,RANK,0.5,8.425925925925926,0.09959977091984752,4,True
5,9,Marie Osmond,9.333333333333334,0.41657151787007757,Finalist,9.0,-5.0,2,RANK,0.5,8.129629629629628,0.41657151787007757,4,False
5,9,Mel B,10.0,0.07712438555198145,RunnerUp,9.0,-5.0,2,RANK,0.5,9.037037037037036,0.07712438555198145,4,False
5,1,Albert Reed,7.0,0.16124209231822026,Eliminated,2.0,0.24295415457407576,2,PERCENT,0.5,7.0,0.16124209231822026,12,False
5,1,Cameron Mathison,7.0,0.03603889170773123,Eliminated,8.0,0.11775095396358673,7,PERCENT,0.5,7.0,0.03603889170773123,12,False
5,1,Floyd Mayweather Jr.,6.0,0.09929771420855583,Eliminated,4.0,0.16933662471357483,3,PERCENT,0.5,6.0,0.09929771420855583,12,False
5,1,Helio Castroneves,8.333333333333334,0.41406918489080524,Winner,9.0,0.5113454494811094,1,PERCENT,0.5,8.333333333333334,0.41406918489080524,12,False
5,1,Jane Seymour,8.0,0.02154016828592574,Eliminated,7.0,0.11492538229261773,9,PERCENT,0.5,8.0,0.02154016828592574,12,False
5,1,Jennie Garth,7.0,0.03084238001263472,Eliminated,9.0,0.1125544422684902,10,PERCENT,0.5,7.0,0.03084238001263472,12,False
5,1,Josie Maran,5.333333333333333,0.043663052176797564,Eliminated,1.0,0.10591986151459222,11,PERCENT,0.5,5.333333333333333,0.043663052176797564,12,False
5,1,Marie Osmond,7.0,0.019347422437333728,Finalist,9.0,0.10105948469318922,12,PERCENT,0.5,7.0,0.019347422437333728,12,True
5,1,Mark Cuban,7.0,0.054143764146151505,Eliminated,5.0,0.135855826402007,5,PERCENT,0.5,7.0,0.054143764146151505,12,False
5,1,Mel B,8.0,0.023240770268117154,RunnerUp,9.0,0.11662598427480914,8,PERCENT,0.5,8.0,0.023240770268117154,12,False
5,1,Sabrina Bryan,8.666666666666666,0.02609796633485655,Eliminated,6.0,0.12726528150877287,6,PERCENT,0.5,8.666666666666666,0.02609796633485655,12,False
5,1,Wayne Newton,6.333333333333333,0.07047659321286862,Eliminated,3.0,0.1444065543014998,4,PERCENT,0.5,6.333333333333333,0.07047659321286862,12,False
5,2,Albert Reed,7.0,0.0007189319851085666,Eliminated,2.0,0.0889542261016434,9,PERCENT,0.5,7.0,0.0007189319851085666,11,False
5,2,Cameron Mathison,7.0,0.0009316389093333637,Eliminated,8.0,0.08916693302586819,7,PERCENT,0.5,7.0,0.0009316389093333637,11,False
5,2,Floyd Mayweather Jr.,7.0,0.0034520617387427863,Eliminated,4.0,0.09168735585527761,6,PERCENT,0.5,6.5,0.0034520617387427863,11,False
5,2,Helio Castroneves,9.0,0.007942927798597387,Winner,9.0,0.1213883059484279,2,PERCENT,0.5,8.666666666666668,0.007942927798597387,11,False
5,2,Jane Seymour,7.0,0.00045539979584110574,Eliminated,7.0,0.08869069391237594,10,PERCENT,0.5,7.5,0.00045539979584110574,11,False
5,2,Jennie Garth,7.0,0.0007766347474993699,Eliminated,9.0,0.0890119288640342,8,PERCENT,0.5,7.0,0.0007766347474993699,11,False
5,2,Marie Osmond,8.0,0.0015089932015087803,Finalist,9.0,0.10234932933469144,4,PERCENT,0.5,7.5,0.0015089932015087803,11,False
5,2,Mark Cuban,6.0,0.010510106160746328,Eliminated,5.0,0.08614035826063332,11,PERCENT,0.5,6.5,0.010510106160746328,11,True
5,2,Mel B,7.666666666666667,0.0005877297813100609,RunnerUp,9.0,0.0972263852422768,5,PERCENT,0.5,7.833333333333334,0.0005877297813100609,11,False
5,2,Sabrina Bryan,8.666666666666666,0.0007774575562109413,Eliminated,6.0,0.1100211550338255,3,PERCENT,0.5,8.666666666666666,0.0007774575562109413,11,False
5,2,Wayne Newton,5.0,0.9723381183250992,Eliminated,3.0,1.0353633284083383,1,PERCENT,0.5,5.666666666666666,0.9723381183250992,11,False
5,3,Cameron Mathison,7.666666666666667,0.0034791474590783788,Eliminated,8.0,0.09971345708130137,7,PERCENT,0.5,7.222222222222222,0.0034791474590783788,10,False
5,3,Floyd Mayweather Jr.,7.0,0.011356703977530804,Eliminated,4.0,0.09922281276303875,8,PERCENT,0.5,6.666666666666667,0.011356703977530804,10,False
5,3,Helio Castroneves,8.0,0.941543460681369,Winner,9.0,1.0419618707219496,1,PERCENT,0.5,8.444444444444445,0.941543460681369,10,False
5,3,Jane Seymour,9.0,0.006025224091907832,Eliminated,7.0,0.11899593538756091,2,PERCENT,0.5,8.0,0.006025224091907832,10,False
5,3,Jennie Garth,8.666666666666666,0.006180070292395315,Eliminated,9.0,0.11496668116969086,5,PERCENT,0.5,7.5555555555555545,0.006180070292395315,10,False
5,3,Marie Osmond,8.666666666666666,0.0030685100619771283,Finalist,9.0,0.11185512093927268,6,PERCENT,0.5,7.888888888888888,0.0030685100619771283,10,False
5,3,Mark Cuban,6.666666666666667,0.004146609518080151,Eliminated,5.0,0.08782861788523058,10,PERCENT,0.5,6.555555555555556,0.004146609518080151,10,True
5,3,Mel B,9.0,0.0037250953632313273,RunnerUp,9.0,0.1166958066588844,3,PERCENT,0.5,8.222222222222223,0.0037250953632313273,10,False
5,3,Sabrina Bryan,9.0,0.0020510500428240924,Eliminated,6.0,0.11502176133847716,4,PERCENT,0.5,8.777777777777777,0.0020510500428240924,10,False
5,3,Wayne Newton,6.0,0.018424128511605405,Eliminated,3.0,0.0937379360420408,9,PERCENT,0.5,5.777777777777778,0.018424128511605405,10,False
5,4,Cameron Mathison,9.0,0.011379667589454806,Eliminated,8.0,0.1267642829725909,4,PERCENT,0.5,7.666666666666667,0.011379667589454806,9,False
5,4,Floyd Mayweather Jr.,7.666666666666667,0.009445115059645324,Eliminated,4.0,0.10773571334898348,9,PERCENT,0.5,6.916666666666667,0.009445115059645324,9,True
5,4,Helio Castroneves,9.0,0.8124027746365423,Winner,9.0,0.9277873900196784,1,PERCENT,0.5,8.583333333333334,0.8124027746365423,9,False
5,4,Jane Seymour,8.666666666666666,0.00308364542795178,Eliminated,7.0,0.11419475653763837,8,PERCENT,0.5,8.166666666666666,0.00308364542795178,9,False
5,4,Jennie Garth,9.0,0.005050564249665295,Eliminated,9.0,0.12043517963280138,5,PERCENT,0.5,7.916666666666666,0.005050564249665295,9,False
5,4,Marie Osmond,8.666666666666666,0.00413193003435049,Finalist,9.0,0.11524304114403708,6,PERCENT,0.5,8.083333333333332,0.00413193003435049,9,False
5,4,Mark Cuban,7.333333333333333,0.14684592607338628,Eliminated,5.0,0.24086302008927496,2,PERCENT,0.5,6.75,0.14684592607338628,9,False
5,4,Mel B,8.666666666666666,0.0035176953818876005,RunnerUp,9.0,0.1146288064915742,7,PERCENT,0.5,8.333333333333334,0.0035176953818876005,9,False
5,4,Sabrina Bryan,10.0,0.004142681547114532,Eliminated,6.0,0.13234780975059907,3,PERCENT,0.5,9.083333333333332,0.004142681547114532,9,False
5,5,Cameron Mathison,8.666666666666666,0.0007485930805821557,Eliminated,8.0,0.13140185941027077,5,PERCENT,0.5,7.866666666666667,0.0007485930805821557,8,False
5,5,Helio Castroneves,7.666666666666667,0.9939788503639888,Winner,9.0,1.1095567398094826,1,PERCENT,0.5,8.4,0.9939788503639888,8,False
5,5,Jane Seymour,8.666666666666666,0.000983064410375304,Eliminated,7.0,0.13163633074006392,4,PERCENT,0.5,8.266666666666666,0.000983064410375304,8,False
5,5,Jennie Garth,8.333333333333334,0.0006070817833278474,Eliminated,9.0,0.12623522248495156,6,PERCENT,0.5,8.0,0.0006070817833278474,8,False
5,5,Marie Osmond,7.0,0.00043715873961915,Finalist,9.0,0.10596479692898306,8,PERCENT,0.5,7.866666666666665,0.00043715873961915,8,True
5,5,Mark Cuban,7.0,0.0013880458584026902,Eliminated,5.0,0.1069156840477666,7,PERCENT,0.5,6.8,0.0013880458584026902,8,False
5,5,Mel B,9.666666666666666,0.0014190527031427346,RunnerUp,9.0,0.14714769591702623,2,PERCENT,0.5,8.6,0.0014190527031427346,8,False
5,5,Sabrina Bryan,9.333333333333334,0.00043815306056612627,Eliminated,6.0,0.1411416706463847,3,PERCENT,0.5,9.133333333333333,0.00043815306056612627,8,False
5,6,Cameron Mathison,8.333333333333334,0.0028784752635391464,Eliminated,8.0,0.14176736415011323,6,PERCENT,0.5,7.9444444444444455,0.0028784752635391464,7,False
5,6,Helio Castroneves,9.333333333333334,0.23928487216960742,Winner,9.0,0.39484042772257044,2,PERCENT,0.5,8.555555555555555,0.23928487216960742,7,False
5,6,Jane Seymour,7.333333333333333,0.5353982229420201,Eliminated,7.0,0.6576204451622053,1,PERCENT,0.5,8.11111111111111,0.5353982229420201,7,False
5,6,Jennie Garth,9.0,0.00863512227142365,Eliminated,9.0,0.15863512226892368,5,PERCENT,0.5,8.166666666666666,0.00863512227142365,7,False
5,6,Marie Osmond,7.666666666666667,0.21106049455424647,Finalist,9.0,0.3388382723298946,3,PERCENT,0.5,7.833333333333333,0.21106049455424647,7,False
5,6,Mel B,10.0,0.0019577075025481194,RunnerUp,9.0,0.16862437416643702,4,PERCENT,0.5,8.833333333333334,0.0019577075025481194,7,False
5,6,Sabrina Bryan,8.333333333333334,0.000785105296612262,Eliminated,6.0,0.13967399418318635,7,PERCENT,0.5,9.0,0.000785105296612262,7,True
5,7,Cameron Mathison,8.5,0.09168404791550512,Eliminated,8.0,0.2551455863739001,4,PERCENT,0.5,8.023809523809524,0.09168404791550512,6,False
5,7,Helio Castroneves,8.666666666666666,0.48147453221195696,Winner,9.0,0.6481411988754184,1,PERCENT,0.5,8.571428571428571,0.48147453221195696,6,False
5,7,Jane Seymour,8.333333333333334,0.18545281592183702,Eliminated,7.0,0.3457092261751654,2,PERCENT,0.5,8.142857142857142,0.18545281592183702,6,False
5,7,Jennie Garth,8.833333333333334,0.06696614184970826,Eliminated,9.0,0.23683793671823639,5,PERCENT,0.5,8.261904761904763,0.06696614184970826,6,False
5,7,Marie Osmond,8.666666666666666,0.12407443152472018,Finalist,9.0,0.2907410981881817,3,PERCENT,0.5,7.952380952380952,0.12407443152472018,6,False
5,7,Mel B,9.0,0.05034803057627371,RunnerUp,9.0,0.2234249536498684,6,PERCENT,0.5,8.857142857142858,0.05034803057627371,6,True
5,8,Cameron Mathison,8.5,0.03201021323615543,Eliminated,8.0,0.22592656304161743,5,PERCENT,0.5,8.083333333333334,0.03201021323615543,5,True
5,8,Helio Castroneves,9.5,0.31466279956769794,Winner,9.0,0.5313928375855672,1,PERCENT,0.5,8.6875,0.31466279956769794,5,False
5,8,Jennie Garth,8.333333333333334,0.17796835200738922,Eliminated,9.0,0.36808242044411665,3,PERCENT,0.5,8.270833333333334,0.17796835200738922,5,False
5,8,Marie Osmond,8.166666666666666,0.33798925511733924,Finalist,9.0,0.5243010421853321,2,PERCENT,0.5,7.979166666666666,0.33798925511733924,5,False
5,8,Mel B,9.333333333333334,0.13736938007141966,RunnerUp,9.0,0.3502971367205544,4,PERCENT,0.5,8.916666666666666,0.13736938007141966,5,False
5,9,Helio Castroneves,10.0,0.4067043256580959,Winner,9.0,0.6631145820617776,1,PERCENT,0.5,8.833333333333334,0.4067043256580959,4,False
5,9,Jennie Garth,9.666666666666666,0.09959977091984752,Eliminated,9.0,0.3474630187767399,3,PERCENT,0.5,8.425925925925926,0.09959977091984752,4,False
5,9,Marie Osmond,9.333333333333334,0.41657151787007757,Finalist,9.0,0.6558877571801807,2,PERCENT,0.5,8.129629629629628,0.41657151787007757,4,False
5,9,Mel B,10.0,0.07712438555198145,RunnerUp,9.0,0.3335346419556633,4,PERCENT,0.5,9.037037037037036,0.07712438555198145,4,True
6,1,Adam Carolla,5.0,0.38083600834394926,Eliminated,4.0,-12.0,5,RANK,0.5,5.0,0.38083600834394926,12,False
6,1,Cristian De La Fuente,7.0,0.05573334969519122,Finalist,9.0,-11.0,4,RANK,0.5,7.0,0.05573334969519122,12,False
6,1,Jason Taylor,7.333333333333333,0.16636588557583895,RunnerUp,9.0,-6.0,2,RANK,0.5,7.333333333333333,0.16636588557583895,12,False
6,1,Kristi Yamaguchi,9.0,0.07254264450413712,Winner,9.0,-5.0,1,RANK,0.5,9.0,0.07254264450413712,12,False
6,1,Mario,8.0,0.024349576955764934,Eliminated,8.0,-12.0,5,RANK,0.5,8.0,0.024349576955764934,12,False
6,1,Marissa Jaret Winokur,6.0,0.021965341001582064,Eliminated,9.0,-19.0,10,RANK,0.5,6.0,0.021965341001582064,12,False
6,1,Marlee Matlin,7.333333333333333,0.03193135578231136,Eliminated,6.0,-12.0,5,RANK,0.5,7.333333333333333,0.03193135578231136,12,False
6,1,Monica Seles,5.0,0.10210480398121356,Eliminated,2.0,-14.0,9,RANK,0.5,5.0,0.10210480398121356,12,False
6,1,Penn Jillette,5.333333333333333,0.03187904269155354,Eliminated,2.0,-19.0,10,RANK,0.5,5.333333333333333,0.03187904269155354,12,False
6,1,Priscilla Presley,8.0,0.037209391531831004,Eliminated,5.0,-9.0,3,RANK,0.5,8.0,0.037209391531831004,12,False
6,1,Shannon Elizabeth,7.0,0.05540242931857761,Eliminated,7.0,-12.0,5,RANK,0.5,7.0,0.05540242931857761,12,False
6,1,Steve Guttenberg,6.0,0.019680170618046663,Eliminated,3.0,-20.0,12,RANK,0.5,6.0,0.019680170618046663,12,True
6,2,Adam Carolla,6.333333333333333,0.39409345733472956,Eliminated,4.0,-10.0,4,RANK,0.5,5.666666666666666,0.39409345733472956,12,False
6,2,Cristian De La Fuente,6.666666666666667,0.025145282443126662,Finalist,9.0,-18.0,10,RANK,0.5,6.833333333333334,0.025145282443126662,12,False
6,2,Jason Taylor,9.0,0.10593404212815016,RunnerUp,9.0,-3.0,1,RANK,0.5,8.166666666666666,0.10593404212815016,12,False
6,2,Kristi Yamaguchi,9.0,0.10558643654576651,Winner,9.0,-4.0,2,RANK,0.5,9.0,0.10558643654576651,12,False
6,2,Mario,8.666666666666666,0.03269735078390071,Eliminated,8.0,-11.0,5,RANK,0.5,8.333333333333332,0.03269735078390071,12,False
6,2,Marissa Jaret Winokur,7.0,0.04626336850858335,Eliminated,9.0,-12.0,7,RANK,0.5,6.5,0.04626336850858335,12,False
6,2,Marlee Matlin,8.0,0.038428420531103645,Eliminated,6.0,-11.0,5,RANK,0.5,7.666666666666666,0.038428420531103645,12,False
6,2,Monica Seles,5.0,0.07485010205952639,Eliminated,2.0,-17.0,8,RANK,0.5,5.0,0.07485010205952639,12,False
6,2,Penn Jillette,5.666666666666667,0.028735074553576316,Eliminated,2.0,-19.0,11,RANK,0.5,5.5,0.028735074553576316,12,False
6,2,Priscilla Presley,7.0,0.02256800108657244,Eliminated,5.0,-17.0,8,RANK,0.5,7.5,0.02256800108657244,12,False
6,2,Shannon Elizabeth,8.0,0.10518962197280185,Eliminated,7.0,-8.0,3,RANK,0.5,7.5,0.10518962197280185,12,False
6,2,Steve Guttenberg,5.333333333333333,0.02050884205216124,Eliminated,3.0,-23.0,12,RANK,0.5,5.666666666666666,0.02050884205216124,12,True
6,3,Adam Carolla,7.0,0.16116429501805066,Eliminated,4.0,-8.0,4,RANK,0.5,6.111111111111111,0.16116429501805066,10,False
6,3,Cristian De La Fuente,8.333333333333334,0.07034698862995915,Finalist,9.0,-6.0,1,RANK,0.5,7.333333333333333,0.07034698862995915,10,False
6,3,Jason Taylor,7.666666666666667,0.01581273344338139,RunnerUp,9.0,-12.0,7,RANK,0.5,8.0,0.01581273344338139,10,False
6,3,Kristi Yamaguchi,9.0,0.023559035114771646,Winner,9.0,-6.0,1,RANK,0.5,9.0,0.023559035114771646,10,False
6,3,Mario,7.0,0.011084177567454145,Eliminated,8.0,-16.0,10,RANK,0.5,7.888888888888888,0.011084177567454145,10,True
6,3,Marissa Jaret Winokur,6.333333333333333,0.6297261347633529,Eliminated,9.0,-11.0,6,RANK,0.5,6.444444444444444,0.6297261347633529,10,False
6,3,Marlee Matlin,7.0,0.012326378076108355,Eliminated,6.0,-15.0,9,RANK,0.5,7.444444444444444,0.012326378076108355,10,False
6,3,Priscilla Presley,8.666666666666666,0.043369954520607434,Eliminated,5.0,-6.0,1,RANK,0.5,7.888888888888888,0.043369954520607434,10,False
6,3,Shannon Elizabeth,8.0,0.01903593419255799,Eliminated,7.0,-10.0,5,RANK,0.5,7.666666666666667,0.01903593419255799,10,False
6,3,Steve Guttenberg,7.0,0.013574368673755482,Eliminated,3.0,-14.0,8,RANK,0.5,6.111111111111111,0.013574368673755482,10,False
6,4,Adam Carolla,6.333333333333333,0.41769715442193284,Eliminated,4.0,-10.0,4,RANK,0.5,6.166666666666666,0.41769715442193284,9,False
6,4,Cristian De La Fuente,8.666666666666666,0.034810221452685905,Finalist,9.0,-12.0,7,RANK,0.5,7.666666666666666,0.034810221452685905,9,False
6,4,Jason Taylor,9.666666666666666,0.1338267790266481,RunnerUp,9.0,-4.0,2,RANK,0.5,8.416666666666666,0.1338267790266481,9,False
6,4,Kristi Yamaguchi,9.666666666666666,0.15275147670027522,Winner,9.0,-3.0,1,RANK,0.5,9.166666666666666,0.15275147670027522,9,False
6,4,Mario,8.0,0.04107013568659768,Eliminated,8.0,-12.0,7,RANK,0.5,7.916666666666666,0.04107013568659768,9,False
6,4,Marissa Jaret Winokur,8.0,0.06105714672126632,Eliminated,9.0,-10.0,4,RANK,0.5,6.833333333333333,0.06105714672126632,9,False
6,4,Marlee Matlin,8.0,0.04909862637254686,Eliminated,6.0,-11.0,6,RANK,0.5,7.583333333333333,0.04909862637254686,9,False
6,4,Priscilla Presley,7.333333333333333,0.030222470389696034,Eliminated,5.0,-17.0,9,RANK,0.5,7.75,0.030222470389696034,9,True
6,4,Shannon Elizabeth,9.333333333333334,0.07946598922835084,Eliminated,7.0,-7.0,3,RANK,0.5,8.083333333333334,0.07946598922835084,9,False
6,5,Cristian De La Fuente,7.666666666666667,0.4271874496951774,Finalist,9.0,-6.0,2,RANK,0.5,7.666666666666667,0.4271874496951774,7,False
6,5,Jason Taylor,9.0,0.18659486296229488,RunnerUp,9.0,-4.0,1,RANK,0.5,8.533333333333333,0.18659486296229488,7,False
6,5,Kristi Yamaguchi,9.666666666666666,0.04184697298312724,Winner,9.0,-8.0,4,RANK,0.5,9.266666666666666,0.04184697298312724,7,False
6,5,Mario,9.0,0.0814334606007498,Eliminated,8.0,-6.0,2,RANK,0.5,8.133333333333333,0.0814334606007498,7,False
6,5,Marissa Jaret Winokur,8.0,0.03580466945081137,Eliminated,9.0,-12.0,6,RANK,0.5,7.0666666666666655,0.03580466945081137,7,False
6,5,Marlee Matlin,7.333333333333333,0.05006504908035338,Eliminated,6.0,-13.0,7,RANK,0.5,7.533333333333333,0.05006504908035338,7,True
6,5,Priscilla Presley,7.0,0.06253909023169234,Eliminated,5.0,-13.0,7,RANK,0.5,7.6,0.06253909023169234,7,True
6,5,Shannon Elizabeth,7.666666666666667,0.11452844499579433,Eliminated,7.0,-8.0,4,RANK,0.5,8.0,0.11452844499579433,7,False
6,6,Cristian De La Fuente,9.0,0.4429108220818987,Finalist,9.0,-4.0,1,RANK,0.5,7.888888888888888,0.4429108220818987,7,False
6,6,Jason Taylor,8.0,0.11910748288688196,RunnerUp,9.0,-8.0,4,RANK,0.5,8.444444444444445,0.11910748288688196,7,False
6,6,Kristi Yamaguchi,10.0,0.04350861166886009,Winner,9.0,-8.0,4,RANK,0.5,9.388888888888888,0.04350861166886009,7,False
6,6,Mario,9.333333333333334,0.0846022795781121,Eliminated,8.0,-6.0,2,RANK,0.5,8.333333333333334,0.0846022795781121,7,False
6,6,Marissa Jaret Winokur,8.666666666666666,0.05225619146271984,Eliminated,9.0,-10.0,6,RANK,0.5,7.333333333333333,0.05225619146271984,7,False
6,6,Marlee Matlin,7.0,0.06443105709165206,Eliminated,6.0,-12.0,7,RANK,0.5,7.444444444444444,0.06443105709165206,7,True
6,6,Shannon Elizabeth,8.0,0.19318355522987002,Eliminated,7.0,-7.0,3,RANK,0.5,8.0,0.19318355522987002,7,False
6,7,Cristian De La Fuente,7.666666666666667,0.7629977408645829,Finalist,9.0,-7.0,3,RANK,0.5,7.857142857142857,0.7629977408645829,5,False
6,7,Jason Taylor,9.166666666666666,0.051781421598904726,RunnerUp,9.0,-4.0,1,RANK,0.5,8.547619047619047,0.051781421598904726,5,False
6,7,Kristi Yamaguchi,9.0,0.12920339405608697,Winner,9.0,-4.0,1,RANK,0.5,9.333333333333332,0.12920339405608697,5,False
6,7,Mario,8.5,0.019841720229958223,Eliminated,8.0,-9.0,5,RANK,0.5,8.357142857142858,0.019841720229958223,5,True
6,7,Marissa Jaret Winokur,8.666666666666666,0.014610141201381101,Eliminated,9.0,-9.0,5,RANK,0.5,7.523809523809524,0.014610141201381101,5,True
6,7,Shannon Elizabeth,8.5,0.021565582049083803,Eliminated,7.0,-8.0,4,RANK,0.5,8.071428571428571,0.021565582049083803,5,False
6,8,Cristian De La Fuente,9.5,0.07052800162715105,Finalist,9.0,-5.0,2,RANK,0.5,8.0625,0.07052800162715105,5,False
6,8,Jason Taylor,8.666666666666666,0.1372465745198911,RunnerUp,9.0,-7.0,4,RANK,0.5,8.5625,0.1372465745198911,5,False
6,8,Kristi Yamaguchi,9.166666666666666,0.33492599733855877,Winner,9.0,-4.0,1,RANK,0.5,9.3125,0.33492599733855877,5,False
6,8,Mario,8.833333333333334,0.014247575147605582,Eliminated,8.0,-8.0,5,RANK,0.5,8.416666666666666,0.014247575147605582,5,True
6,8,Marissa Jaret Winokur,8.333333333333334,0.4430518513667962,Eliminated,9.0,-6.0,3,RANK,0.5,7.625,0.4430518513667962,5,False
6,9,Cristian De La Fuente,9.333333333333334,0.23515827639598819,Finalist,9.0,-4.0,1,RANK,0.5,8.203703703703702,0.23515827639598819,4,False
6,9,Jason Taylor,9.166666666666666,0.4702352495257353,RunnerUp,9.0,-4.0,1,RANK,0.5,8.629629629629628,0.4702352495257353,4,False
6,9,Kristi Yamaguchi,9.5,0.18662034866147648,Winner,9.0,-4.0,1,RANK,0.5,9.333333333333334,0.18662034866147648,4,False
6,9,Marissa Jaret Winokur,8.666666666666666,0.10798612541679617,Eliminated,9.0,-8.0,4,RANK,0.5,7.74074074074074,0.10798612541679617,4,True
6,1,Adam Carolla,5.0,0.38083600834394926,Eliminated,4.0,0.4425644034049156,1,PERCENT,0.5,5.0,0.38083600834394926,12,False
6,1,Cristian De La Fuente,7.0,0.05573334969519122,Finalist,9.0,0.14215310278054405,5,PERCENT,0.5,7.0,0.05573334969519122,12,False
6,1,Jason Taylor,7.333333333333333,0.16636588557583895,RunnerUp,9.0,0.25690086499858955,2,PERCENT,0.5,7.333333333333333,0.16636588557583895,12,False
6,1,Kristi Yamaguchi,9.0,0.07254264450413712,Winner,9.0,0.18365375561387648,3,PERCENT,0.5,9.0,0.07254264450413712,12,False
6,1,Mario,8.0,0.024349576955764934,Eliminated,8.0,0.12311500905331103,8,PERCENT,0.5,8.0,0.024349576955764934,12,False
6,1,Marissa Jaret Winokur,6.0,0.021965341001582064,Eliminated,9.0,0.09603941507474165,11,PERCENT,0.5,6.0,0.021965341001582064,12,False
6,1,Marlee Matlin,7.333333333333333,0.03193135578231136,Eliminated,6.0,0.12246633520506195,9,PERCENT,0.5,7.333333333333333,0.03193135578231136,12,False
6,1,Monica Seles,5.0,0.10210480398121356,Eliminated,2.0,0.16383319904217988,4,PERCENT,0.5,5.0,0.10210480398121356,12,False
6,1,Penn Jillette,5.333333333333333,0.03187904269155354,Eliminated,2.0,0.09772266408991762,10,PERCENT,0.5,5.333333333333333,0.03187904269155354,12,False
6,1,Priscilla Presley,8.0,0.037209391531831004,Eliminated,5.0,0.1359748236293771,7,PERCENT,0.5,8.0,0.037209391531831004,12,False
6,1,Shannon Elizabeth,7.0,0.05540242931857761,Eliminated,7.0,0.14182218240393046,6,PERCENT,0.5,7.0,0.05540242931857761,12,False
6,1,Steve Guttenberg,6.0,0.019680170618046663,Eliminated,3.0,0.09375424469120625,12,PERCENT,0.5,6.0,0.019680170618046663,12,True
6,2,Adam Carolla,6.333333333333333,0.39409345733472956,Eliminated,4.0,0.4680234184233607,1,PERCENT,0.5,5.666666666666666,0.39409345733472956,12,False
6,2,Cristian De La Fuente,6.666666666666667,0.025145282443126662,Finalist,9.0,0.10296629411537,10,PERCENT,0.5,6.833333333333334,0.025145282443126662,12,False
6,2,Jason Taylor,9.0,0.10593404212815016,RunnerUp,9.0,0.2109924078856787,2,PERCENT,0.5,8.166666666666666,0.10593404212815016,12,False
6,2,Kristi Yamaguchi,9.0,0.10558643654576651,Winner,9.0,0.21064480230329502,3,PERCENT,0.5,9.0,0.10558643654576651,12,False
6,2,Mario,8.666666666666666,0.03269735078390071,Eliminated,8.0,0.13386466595781704,5,PERCENT,0.5,8.333333333333332,0.03269735078390071,12,False
6,2,Marissa Jaret Winokur,7.0,0.04626336850858335,Eliminated,9.0,0.12797543076443885,8,PERCENT,0.5,6.5,0.04626336850858335,12,False
6,2,Marlee Matlin,8.0,0.038428420531103645,Eliminated,6.0,0.13181363453779565,7,PERCENT,0.5,7.666666666666666,0.038428420531103645,12,False
6,2,Monica Seles,5.0,0.07485010205952639,Eliminated,2.0,0.1332158608137089,6,PERCENT,0.5,5.0,0.07485010205952639,12,False
6,2,Penn Jillette,5.666666666666667,0.028735074553576316,Eliminated,2.0,0.09488293447498317,11,PERCENT,0.5,5.5,0.028735074553576316,12,False
6,2,Priscilla Presley,7.0,0.02256800108657244,Eliminated,5.0,0.10428006334242795,9,PERCENT,0.5,7.5,0.02256800108657244,12,False
6,2,Shannon Elizabeth,8.0,0.10518962197280185,Eliminated,7.0,0.19857483597949385,4,PERCENT,0.5,7.5,0.10518962197280185,12,False
6,2,Steve Guttenberg,5.333333333333333,0.02050884205216124,Eliminated,3.0,0.08276565138995591,12,PERCENT,0.5,5.666666666666666,0.02050884205216124,12,True
6,3,Adam Carolla,7.0,0.16116429501805066,Eliminated,4.0,0.2532695581747335,2,PERCENT,0.5,6.111111111111111,0.16116429501805066,10,False
6,3,Cristian De La Fuente,8.333333333333334,0.07034698862995915,Finalist,9.0,0.17999611143553396,3,PERCENT,0.5,7.333333333333333,0.07034698862995915,10,False
6,3,Jason Taylor,7.666666666666667,0.01581273344338139,RunnerUp,9.0,0.1166899264245102,7,PERCENT,0.5,8.0,0.01581273344338139,10,False
6,3,Kristi Yamaguchi,9.0,0.023559035114771646,Winner,9.0,0.14198008774479243,5,PERCENT,0.5,9.0,0.023559035114771646,10,False
6,3,Mario,7.0,0.011084177567454145,Eliminated,8.0,0.10318944072413697,10,PERCENT,0.5,7.888888888888888,0.011084177567454145,10,True
6,3,Marissa Jaret Winokur,6.333333333333333,0.6297261347633529,Eliminated,9.0,0.7130594680955897,1,PERCENT,0.5,6.444444444444444,0.6297261347633529,10,False
6,3,Marlee Matlin,7.0,0.012326378076108355,Eliminated,6.0,0.10443164123279118,9,PERCENT,0.5,7.444444444444444,0.012326378076108355,10,False
6,3,Priscilla Presley,8.666666666666666,0.043369954520607434,Eliminated,5.0,0.1574050422384052,4,PERCENT,0.5,7.888888888888888,0.043369954520607434,10,False
6,3,Shannon Elizabeth,8.0,0.01903593419255799,Eliminated,7.0,0.12429909208590978,6,PERCENT,0.5,7.666666666666667,0.01903593419255799,10,False
6,3,Steve Guttenberg,7.0,0.013574368673755482,Eliminated,3.0,0.10567963183043831,8,PERCENT,0.5,6.111111111111111,0.013574368673755482,10,False
6,4,Adam Carolla,6.333333333333333,0.41769715442193284,Eliminated,4.0,0.5021415988652513,1,PERCENT,0.5,6.166666666666666,0.41769715442193284,9,False
6,4,Cristian De La Fuente,8.666666666666666,0.034810221452685905,Finalist,9.0,0.15036577700670073,7,PERCENT,0.5,7.666666666666666,0.034810221452685905,9,False
6,4,Jason Taylor,9.666666666666666,0.1338267790266481,RunnerUp,9.0,0.2627156679138185,3,PERCENT,0.5,8.416666666666666,0.1338267790266481,9,False
6,4,Kristi Yamaguchi,9.666666666666666,0.15275147670027522,Winner,9.0,0.2816403655874456,2,PERCENT,0.5,9.166666666666666,0.15275147670027522,9,False
6,4,Mario,8.0,0.04107013568659768,Eliminated,8.0,0.14773680235184214,8,PERCENT,0.5,7.916666666666666,0.04107013568659768,9,False
6,4,Marissa Jaret Winokur,8.0,0.06105714672126632,Eliminated,9.0,0.16772381338651077,5,PERCENT,0.5,6.833333333333333,0.06105714672126632,9,False
6,4,Marlee Matlin,8.0,0.04909862637254686,Eliminated,6.0,0.15576529303779132,6,PERCENT,0.5,7.583333333333333,0.04909862637254686,9,False
6,4,Priscilla Presley,7.333333333333333,0.030222470389696034,Eliminated,5.0,0.12800024816617012,9,PERCENT,0.5,7.75,0.030222470389696034,9,True
6,4,Shannon Elizabeth,9.333333333333334,0.07946598922835084,Eliminated,7.0,0.20391043367113604,4,PERCENT,0.5,8.083333333333334,0.07946598922835084,9,False
6,5,Cristian De La Fuente,7.666666666666667,0.4271874496951774,Finalist,9.0,0.5445343884688915,1,PERCENT,0.5,7.666666666666667,0.4271874496951774,8,False
6,5,Jason Taylor,9.0,0.18659486296229488,RunnerUp,9.0,0.3243499650010027,2,PERCENT,0.5,8.533333333333333,0.18659486296229488,8,False
6,5,Kristi Yamaguchi,9.666666666666666,0.04184697298312724,Winner,9.0,0.18980615665433193,5,PERCENT,0.5,9.266666666666666,0.04184697298312724,8,False
6,5,Mario,9.0,0.0814334606007498,Eliminated,8.0,0.21918856263945763,4,PERCENT,0.5,8.133333333333333,0.0814334606007498,8,False
6,5,Marissa Jaret Winokur,8.0,0.03580466945081137,Eliminated,9.0,0.15825364904077388,8,PERCENT,0.5,7.0666666666666655,0.03580466945081137,8,True
6,5,Marlee Matlin,7.333333333333333,0.05006504908035338,Eliminated,6.0,0.162309947037819,7,PERCENT,0.5,7.533333333333333,0.05006504908035338,8,False
6,5,Priscilla Presley,7.0,0.06253909023169234,Eliminated,5.0,0.16968194737290954,6,PERCENT,0.5,7.6,0.06253909023169234,8,False
6,5,Shannon Elizabeth,7.666666666666667,0.11452844499579433,Eliminated,7.0,0.23187538376950842,3,PERCENT,0.5,8.0,0.11452844499579433,8,False
6,6,Cristian De La Fuente,9.0,0.4429108220818987,Finalist,9.0,0.5929108220793987,1,PERCENT,0.5,7.888888888888888,0.4429108220818987,7,False
6,6,Jason Taylor,8.0,0.11910748288688196,RunnerUp,9.0,0.2524408162179931,3,PERCENT,0.5,8.444444444444445,0.11910748288688196,7,False
6,6,Kristi Yamaguchi,10.0,0.04350861166886009,Winner,9.0,0.210175278332749,5,PERCENT,0.5,9.388888888888888,0.04350861166886009,7,False
6,6,Mario,9.333333333333334,0.0846022795781121,Eliminated,8.0,0.24015783513107508,4,PERCENT,0.5,8.333333333333334,0.0846022795781121,7,False
6,6,Marissa Jaret Winokur,8.666666666666666,0.05225619146271984,Eliminated,9.0,0.19670063590475687,6,PERCENT,0.5,7.333333333333333,0.05225619146271984,7,False
6,6,Marlee Matlin,7.0,0.06443105709165206,Eliminated,6.0,0.18109772375637428,7,PERCENT,0.5,7.444444444444444,0.06443105709165206,7,True
6,6,Shannon Elizabeth,8.0,0.19318355522987002,Eliminated,7.0,0.32651688856098116,2,PERCENT,0.5,8.0,0.19318355522987002,7,False
6,7,Cristian De La Fuente,7.666666666666667,0.7629977408645829,Finalist,9.0,0.91186505477755,1,PERCENT,0.5,7.857142857142857,0.7629977408645829,6,False
6,7,Jason Taylor,9.166666666666666,0.051781421598904726,RunnerUp,9.0,0.22977494910353918,3,PERCENT,0.5,8.547619047619047,0.051781421598904726,6,False
6,7,Kristi Yamaguchi,9.0,0.12920339405608697,Winner,9.0,0.30396067560609175,2,PERCENT,0.5,9.333333333333332,0.12920339405608697,6,False
6,7,Mario,8.5,0.019841720229958223,Eliminated,8.0,0.18489026391607383,5,PERCENT,0.5,8.357142857142858,0.019841720229958223,6,False
6,7,Marissa Jaret Winokur,8.666666666666666,0.014610141201381101,Eliminated,9.0,0.1828949308421264,6,PERCENT,0.5,7.523809523809524,0.014610141201381101,6,True
6,7,Shannon Elizabeth,8.5,0.021565582049083803,Eliminated,7.0,0.1866141257351994,4,PERCENT,0.5,8.071428571428571,0.021565582049083803,6,False
6,8,Cristian De La Fuente,9.5,0.07052800162715105,Finalist,9.0,0.2840111476897694,4,PERCENT,0.5,8.0625,0.07052800162715105,5,False
6,8,Jason Taylor,8.666666666666666,0.1372465745198911,RunnerUp,9.0,0.33200312882263067,3,PERCENT,0.5,8.5625,0.1372465745198911,5,False
6,8,Kristi Yamaguchi,9.166666666666666,0.33492599733855877,Winner,9.0,0.5409185066972256,2,PERCENT,0.5,9.3125,0.33492599733855877,5,False
6,8,Mario,8.833333333333334,0.014247575147605582,Eliminated,8.0,0.2127494478023209,5,PERCENT,0.5,8.416666666666666,0.014247575147605582,5,True
6,8,Marissa Jaret Winokur,8.333333333333334,0.4430518513667962,Eliminated,9.0,0.6303177689655842,1,PERCENT,0.5,7.625,0.4430518513667962,5,False
6,9,Cristian De La Fuente,9.333333333333334,0.23515827639598819,Finalist,9.0,0.48970373093450065,2,PERCENT,0.5,8.203703703703702,0.23515827639598819,4,False
6,9,Jason Taylor,9.166666666666666,0.4702352495257353,RunnerUp,9.0,0.7202352495189172,1,PERCENT,0.5,8.629629629629628,0.4702352495257353,4,False
6,9,Kristi Yamaguchi,9.5,0.18662034866147648,Winner,9.0,0.4457112577453195,3,PERCENT,0.5,9.333333333333334,0.18662034866147648,4,False
6,9,Marissa Jaret Winokur,8.666666666666666,0.10798612541679617,Eliminated,9.0,0.34434976177398624,4,PERCENT,0.5,7.74074074074074,0.10798612541679617,4,True
7,1,Brooke Burke,8.166666666666666,0.04309561275233777,Winner,9.0,-9.0,4,RANK,0.5,8.166666666666666,0.04309561275233777,13,False
7,1,Cloris Leachman,5.333333333333333,0.043327042787260364,Eliminated,6.0,-18.0,10,RANK,0.5,5.333333333333333,0.043327042787260364,13,False
7,1,Cody Linley,6.833333333333333,0.15935924303717197,Eliminated,9.0,-8.0,1,RANK,0.5,6.833333333333333,0.15935924303717197,13,False
7,1,Jeffrey Ross,4.0,0.05362917919580026,Eliminated,1.0,-18.0,10,RANK,0.5,4.0,0.05362917919580026,13,False
7,1,Kim Kardashian,6.166666666666667,0.06925425697163144,Eliminated,2.0,-12.0,5,RANK,0.5,6.166666666666667,0.06925425697163144,13,False
7,1,Lance Bass,7.166666666666667,0.04306640195878823,Finalist,9.0,-12.0,5,RANK,0.5,7.166666666666667,0.04306640195878823,13,False
7,1,Maurice Greene,6.5,0.3664259190838365,Eliminated,8.0,-8.0,1,RANK,0.5,6.5,0.3664259190838365,13,False
7,1,Misty May-Treanor,7.0,0.09831996636230005,Withdrew,,-8.0,1,RANK,0.5,7.0,0.09831996636230005,13,False
7,1,Rocco Dispirito,5.833333333333333,0.023510676308177058,Eliminated,4.0,-21.0,13,RANK,0.5,5.833333333333333,0.023510676308177058,13,True
7,1,Susan Lucci,6.166666666666667,0.01901948787754788,Eliminated,7.0,-20.0,12,RANK,0.5,6.166666666666667,0.01901948787754788,13,False
7,1,Ted Mcginley,6.166666666666667,0.043096979728388385,Eliminated,1.0,-15.0,8,RANK,0.5,6.166666666666667,0.043096979728388385,13,False
7,1,Toni Braxton,7.5,0.017050110217457764,Eliminated,5.0,-15.0,8,RANK,0.5,7.5,0.017050110217457764,13,False
7,1,Warren Sapp,7.166666666666667,0.020845123719301736,RunnerUp,9.0,-14.0,7,RANK,0.5,7.166666666666667,0.020845123719301736,13,False
7,2,Brooke Burke,8.0,0.008761541706442088,Winner,9.0,-9.0,3,RANK,0.5,8.083333333333332,0.008761541706442088,11,False
7,2,Cloris Leachman,5.0,0.571906744099423,Eliminated,6.0,-12.0,7,RANK,0.5,5.166666666666666,0.571906744099423,11,False
7,2,Cody Linley,7.0,0.03605950586685328,Eliminated,9.0,-8.0,2,RANK,0.5,6.916666666666666,0.03605950586685328,11,False
7,2,Kim Kardashian,5.666666666666667,0.0032419013573472878,Eliminated,2.0,-20.0,11,RANK,0.5,5.916666666666667,0.0032419013573472878,11,True
7,2,Lance Bass,6.666666666666667,0.005956058882508394,Finalist,9.0,-16.0,10,RANK,0.5,6.916666666666667,0.005956058882508394,11,False
7,2,Maurice Greene,6.333333333333333,0.08262827172811933,Eliminated,8.0,-11.0,5,RANK,0.5,6.416666666666666,0.08262827172811933,11,False
7,2,Misty May-Treanor,7.0,0.022022532764327446,Withdrew,,-9.0,3,RANK,0.5,7.0,0.022022532764327446,11,False
7,2,Rocco Dispirito,5.333333333333333,0.23851435162869664,Eliminated,4.0,-12.0,7,RANK,0.5,5.583333333333333,0.23851435162869664,11,False
7,2,Susan Lucci,7.0,0.012117500025541492,Eliminated,7.0,-11.0,5,RANK,0.5,6.583333333333334,0.012117500025541492,11,False
7,2,Toni Braxton,7.666666666666667,0.004674397243131959,Eliminated,5.0,-13.0,9,RANK,0.5,7.583333333333334,0.004674397243131959,11,False
7,2,Warren Sapp,8.0,0.014117194697605416,RunnerUp,9.0,-7.0,1,RANK,0.5,7.583333333333334,0.014117194697605416,11,False
7,3,Brooke Burke,9.333333333333334,0.11071085240623395,Winner,9.0,-4.0,1,RANK,0.5,8.5,0.11071085240623395,9,False
7,3,Cloris Leachman,5.333333333333333,0.048644326536319005,Eliminated,6.0,-15.0,9,RANK,0.5,5.222222222222222,0.048644326536319005,9,True
7,3,Cody Linley,7.0,0.1809867895381583,Eliminated,9.0,-8.0,3,RANK,0.5,6.944444444444444,0.1809867895381583,9,False
7,3,Lance Bass,7.333333333333333,0.060733572886370595,Finalist,9.0,-9.0,4,RANK,0.5,7.055555555555556,0.060733572886370595,9,False
7,3,Maurice Greene,8.0,0.4150229784041646,Eliminated,8.0,-4.0,1,RANK,0.5,6.944444444444444,0.4150229784041646,9,False
7,3,Rocco Dispirito,6.666666666666667,0.07906737169805636,Eliminated,4.0,-12.0,6,RANK,0.5,5.944444444444444,0.07906737169805636,9,False
7,3,Susan Lucci,7.0,0.034395058165608894,Eliminated,7.0,-14.0,8,RANK,0.5,6.722222222222222,0.034395058165608894,9,False
7,3,Toni Braxton,7.333333333333333,0.029945935303891953,Eliminated,5.0,-13.0,7,RANK,0.5,7.5,0.029945935303891953,9,False
7,3,Warren Sapp,8.333333333333334,0.04049311506119773,RunnerUp,9.0,-9.0,4,RANK,0.5,7.833333333333333,0.04049311506119773,9,False
7,4,Brooke Burke,8.666666666666666,0.06408581601491957,Winner,9.0,-5.0,1,RANK,0.5,8.541666666666666,0.06408581601491957,9,False
7,4,Cloris Leachman,7.333333333333333,0.1123677520809297,Eliminated,6.0,-8.0,4,RANK,0.5,5.75,0.1123677520809297,9,False
7,4,Cody Linley,7.666666666666667,0.4185213338688607,Eliminated,9.0,-5.0,1,RANK,0.5,7.125,0.4185213338688607,9,False
7,4,Lance Bass,8.666666666666666,0.055225546372578746,Finalist,9.0,-7.0,3,RANK,0.5,7.458333333333333,0.055225546372578746,9,False
7,4,Maurice Greene,6.666666666666667,0.182432082324699,Eliminated,8.0,-10.0,6,RANK,0.5,6.875,0.182432082324699,9,False
7,4,Rocco Dispirito,6.0,0.04115278080637851,Eliminated,4.0,-16.0,9,RANK,0.5,5.958333333333333,0.04115278080637851,9,True
7,4,Susan Lucci,8.0,0.061344175461638416,Eliminated,7.0,-8.0,4,RANK,0.5,7.041666666666667,0.061344175461638416,9,False
7,4,Toni Braxton,7.333333333333333,0.02996840600578124,Eliminated,5.0,-14.0,8,RANK,0.5,7.458333333333333,0.02996840600578124,9,False
7,4,Warren Sapp,7.333333333333333,0.034902107064212914,RunnerUp,9.0,-13.0,7,RANK,0.5,7.708333333333334,0.034902107064212914,9,False
7,5,Brooke Burke,9.666666666666666,0.053410318152856705,Winner,9.0,-6.0,1,RANK,0.5,8.766666666666666,0.053410318152856705,8,False
7,5,Cloris Leachman,7.0,0.2983777520416087,Eliminated,6.0,-8.0,4,RANK,0.5,6.0,0.2983777520416087,8,False
7,5,Cody Linley,9.333333333333334,0.08738361209324759,Eliminated,9.0,-6.0,1,RANK,0.5,7.566666666666667,0.08738361209324759,8,False
7,5,Lance Bass,7.0,0.2977140650830412,Finalist,9.0,-9.0,5,RANK,0.5,7.366666666666665,0.2977140650830412,8,False
7,5,Maurice Greene,9.0,0.19997590958469716,Eliminated,8.0,-6.0,1,RANK,0.5,7.3,0.19997590958469716,8,False
7,5,Susan Lucci,7.333333333333333,0.01966909972280322,Eliminated,7.0,-12.0,7,RANK,0.5,7.1,0.01966909972280322,8,False
7,5,Toni Braxton,7.333333333333333,0.005701441000065559,Eliminated,5.0,-13.0,8,RANK,0.5,7.433333333333333,0.005701441000065559,8,True
7,5,Warren Sapp,8.333333333333334,0.03776780232167788,RunnerUp,9.0,-10.0,6,RANK,0.5,7.833333333333334,0.03776780232167788,8,False
7,6,Brooke Burke,8.666666666666666,0.35577114673913723,Winner,9.0,-3.0,1,RANK,0.5,8.75,0.35577114673913723,7,False
7,6,Cloris Leachman,5.0,0.03150472891335708,Eliminated,6.0,-14.0,7,RANK,0.5,5.833333333333333,0.03150472891335708,7,True
7,6,Cody Linley,7.666666666666667,0.14162294145224022,Eliminated,9.0,-7.0,3,RANK,0.5,7.583333333333333,0.14162294145224022,7,False
7,6,Lance Bass,9.0,0.045906191308913304,Finalist,9.0,-6.0,2,RANK,0.5,7.638888888888888,0.045906191308913304,7,False
7,6,Maurice Greene,7.0,0.3256012440541956,Eliminated,8.0,-8.0,4,RANK,0.5,7.25,0.3256012440541956,7,False
7,6,Susan Lucci,7.666666666666667,0.061560027980375735,Eliminated,7.0,-8.0,4,RANK,0.5,7.194444444444444,0.061560027980375735,7,False
7,6,Warren Sapp,8.333333333333334,0.03803371955177995,RunnerUp,9.0,-9.0,6,RANK,0.5,7.916666666666667,0.03803371955177995,7,False
7,7,Brooke Burke,10.0,0.007184166790834515,Winner,9.0,-5.0,1,RANK,0.5,8.928571428571429,0.007184166790834515,6,False
7,7,Cody Linley,7.333333333333333,0.31894002553055895,Eliminated,9.0,-7.0,3,RANK,0.5,7.547619047619048,0.31894002553055895,6,False
7,7,Lance Bass,8.333333333333334,0.0038588600862320428,Finalist,9.0,-7.0,3,RANK,0.5,7.738095238095238,0.0038588600862320428,6,False
7,7,Maurice Greene,8.333333333333334,0.026656848695193407,Eliminated,8.0,-5.0,1,RANK,0.5,7.404761904761905,0.026656848695193407,6,False
7,7,Susan Lucci,8.0,0.0017205920591295445,Eliminated,7.0,-10.0,6,RANK,0.5,7.30952380952381,0.0017205920591295445,6,True
7,7,Warren Sapp,7.0,0.641639506838054,RunnerUp,9.0,-7.0,3,RANK,0.5,7.785714285714286,0.641639506838054,6,False
7,8,Brooke Burke,9.166666666666666,0.07251300323015641,Winner,9.0,-6.0,3,RANK,0.5,8.958333333333332,0.07251300323015641,5,False
7,8,Cody Linley,8.0,0.49240621184521,Eliminated,9.0,-5.0,1,RANK,0.5,7.604166666666667,0.49240621184521,5,False
7,8,Lance Bass,8.333333333333334,0.09317900364161331,Finalist,9.0,-7.0,5,RANK,0.5,7.8125,0.09317900364161331,5,True
7,8,Maurice Greene,8.0,0.21327091826018038,Eliminated,8.0,-6.0,3,RANK,0.5,7.479166666666667,0.21327091826018038,5,False
7,8,Warren Sapp,9.0,0.1286308630228399,RunnerUp,9.0,-5.0,1,RANK,0.5,7.9375,0.1286308630228399,5,False
7,9,Brooke Burke,8.166666666666666,0.9596287837479585,Winner,9.0,-3.0,1,RANK,0.5,8.87037037037037,0.9596287837479585,3,False
7,9,Cody Linley,7.666666666666667,0.02865754377434594,Eliminated,9.0,-6.0,3,RANK,0.5,7.611111111111111,0.02865754377434594,3,True
7,9,Lance Bass,9.5,0.006266051621613953,Finalist,9.0,-4.0,2,RANK,0.5,8.0,0.006266051621613953,3,False
7,9,Warren Sapp,8.166666666666666,0.005447620856089003,RunnerUp,9.0,-6.0,3,RANK,0.5,7.962962962962964,0.005447620856089003,3,True
7,1,Brooke Burke,8.166666666666666,0.04309561275233777,Winner,9.0,0.14031783497340256,5,PERCENT,0.5,8.166666666666666,0.04309561275233777,13,False
7,1,Cloris Leachman,5.333333333333333,0.043327042787260364,Eliminated,6.0,0.10681910627856799,8,PERCENT,0.5,5.333333333333333,0.043327042787260364,13,False
7,1,Cody Linley,6.833333333333333,0.15935924303717197,Eliminated,9.0,0.24070844938540986,2,PERCENT,0.5,6.833333333333333,0.15935924303717197,13,False
7,1,Jeffrey Ross,4.0,0.05362917919580026,Eliminated,1.0,0.10124822681428097,11,PERCENT,0.5,4.0,0.05362917919580026,13,False
7,1,Kim Kardashian,6.166666666666667,0.06925425697163144,Eliminated,2.0,0.14266695538345586,4,PERCENT,0.5,6.166666666666667,0.06925425697163144,13,False
7,1,Lance Bass,7.166666666666667,0.04306640195878823,Finalist,9.0,0.12838386227523285,6,PERCENT,0.5,7.166666666666667,0.04306640195878823,13,False
7,1,Maurice Greene,6.5,0.3664259190838365,Eliminated,8.0,0.44380687146386766,1,PERCENT,0.5,6.5,0.3664259190838365,13,False
7,1,Misty May-Treanor,7.0,0.09831996636230005,Withdrew,,0.18165329969464128,3,PERCENT,0.5,7.0,0.09831996636230005,13,False
7,1,Rocco Dispirito,5.833333333333333,0.023510676308177058,Eliminated,4.0,0.09295512075179477,12,PERCENT,0.5,5.833333333333333,0.023510676308177058,13,False
7,1,Susan Lucci,6.166666666666667,0.01901948787754788,Eliminated,7.0,0.09243218628937232,13,PERCENT,0.5,6.166666666666667,0.01901948787754788,13,True
7,1,Ted Mcginley,6.166666666666667,0.043096979728388385,Eliminated,1.0,0.11650967814021282,7,PERCENT,0.5,6.166666666666667,0.043096979728388385,13,False
7,1,Toni Braxton,7.5,0.017050110217457764,Eliminated,5.0,0.10633582450210911,9,PERCENT,0.5,7.5,0.017050110217457764,13,False
7,1,Warren Sapp,7.166666666666667,0.020845123719301736,RunnerUp,9.0,0.10616258403574635,10,PERCENT,0.5,7.166666666666667,0.020845123719301736,13,False
7,2,Brooke Burke,8.0,0.008761541706442088,Winner,9.0,0.11735882677284121,6,PERCENT,0.5,8.083333333333332,0.008761541706442088,11,False
7,2,Cloris Leachman,5.0,0.571906744099423,Eliminated,6.0,0.6397800472659224,1,PERCENT,0.5,5.166666666666666,0.571906744099423,11,False
7,2,Cody Linley,7.0,0.03605950586685328,Eliminated,9.0,0.1310821302999525,4,PERCENT,0.5,6.916666666666666,0.03605950586685328,11,False
7,2,Kim Kardashian,5.666666666666667,0.0032419013573472878,Eliminated,2.0,0.08016497827937999,11,PERCENT,0.5,5.916666666666667,0.0032419013573472878,11,True
7,2,Lance Bass,6.666666666666667,0.005956058882508394,Finalist,9.0,0.09645379643784101,10,PERCENT,0.5,6.916666666666667,0.005956058882508394,11,False
7,2,Maurice Greene,6.333333333333333,0.08262827172811933,Eliminated,8.0,0.1686011224056853,3,PERCENT,0.5,6.416666666666666,0.08262827172811933,11,False
7,2,Misty May-Treanor,7.0,0.022022532764327446,Withdrew,,0.11704515719742667,7,PERCENT,0.5,7.0,0.022022532764327446,11,False
7,2,Rocco Dispirito,5.333333333333333,0.23851435162869664,Eliminated,4.0,0.31091254167296273,2,PERCENT,0.5,5.583333333333333,0.23851435162869664,11,False
7,2,Susan Lucci,7.0,0.012117500025541492,Eliminated,7.0,0.10714012445864071,9,PERCENT,0.5,6.583333333333334,0.012117500025541492,11,False
7,2,Toni Braxton,7.666666666666667,0.004674397243131959,Eliminated,5.0,0.10874679543176445,8,PERCENT,0.5,7.583333333333334,0.004674397243131959,11,False
7,2,Warren Sapp,8.0,0.014117194697605416,RunnerUp,9.0,0.12271447976400454,5,PERCENT,0.5,7.583333333333334,0.014117194697605416,11,False
7,3,Brooke Burke,9.333333333333334,0.11071085240623395,Winner,9.0,0.2514143699920525,3,PERCENT,0.5,8.5,0.11071085240623395,9,False
7,3,Cloris Leachman,5.333333333333333,0.048644326536319005,Eliminated,6.0,0.12904633658535816,9,PERCENT,0.5,5.222222222222222,0.048644326536319005,9,True
7,3,Cody Linley,7.0,0.1809867895381583,Eliminated,9.0,0.2865144277275222,2,PERCENT,0.5,6.944444444444444,0.1809867895381583,9,False
7,3,Lance Bass,7.333333333333333,0.060733572886370595,Finalist,9.0,0.17128633670379945,5,PERCENT,0.5,7.055555555555556,0.060733572886370595,9,False
7,3,Maurice Greene,8.0,0.4150229784041646,Eliminated,8.0,0.5356259934777233,1,PERCENT,0.5,6.944444444444444,0.4150229784041646,9,False
7,3,Rocco Dispirito,6.666666666666667,0.07906737169805636,Eliminated,4.0,0.17956988425935533,4,PERCENT,0.5,5.944444444444444,0.07906737169805636,9,False
7,3,Susan Lucci,7.0,0.034395058165608894,Eliminated,7.0,0.1399226963549728,8,PERCENT,0.5,6.722222222222222,0.034395058165608894,9,False
7,3,Toni Braxton,7.333333333333333,0.029945935303891953,Eliminated,5.0,0.1404986991213208,7,PERCENT,0.5,7.5,0.029945935303891953,9,False
7,3,Warren Sapp,8.333333333333334,0.04049311506119773,RunnerUp,9.0,0.16612125576282144,6,PERCENT,0.5,7.833333333333333,0.04049311506119773,9,False
7,4,Brooke Burke,8.666666666666666,0.06408581601491957,Winner,9.0,0.19216463374701692,4,PERCENT,0.5,8.541666666666666,0.06408581601491957,9,False
7,4,Cloris Leachman,7.333333333333333,0.1123677520809297,Eliminated,6.0,0.22074213631578132,3,PERCENT,0.5,5.75,0.1123677520809297,9,False
7,4,Cody Linley,7.666666666666667,0.4185213338688607,Eliminated,9.0,0.5318218264780238,1,PERCENT,0.5,7.125,0.4185213338688607,9,False
7,4,Lance Bass,8.666666666666666,0.055225546372578746,Finalist,9.0,0.1833043641046761,5,PERCENT,0.5,7.458333333333333,0.055225546372578746,9,False
7,4,Maurice Greene,6.666666666666667,0.182432082324699,Eliminated,8.0,0.28095424981092776,2,PERCENT,0.5,6.875,0.182432082324699,9,False
7,4,Rocco Dispirito,6.0,0.04115278080637851,Eliminated,4.0,0.12982273154398438,9,PERCENT,0.5,5.958333333333333,0.04115278080637851,9,True
7,4,Susan Lucci,8.0,0.061344175461638416,Eliminated,7.0,0.1795707764451129,6,PERCENT,0.5,7.041666666666667,0.061344175461638416,9,False
7,4,Toni Braxton,7.333333333333333,0.02996840600578124,Eliminated,5.0,0.13834279024063284,8,PERCENT,0.5,7.458333333333333,0.02996840600578124,9,False
7,4,Warren Sapp,7.333333333333333,0.034902107064212914,RunnerUp,9.0,0.14327649129906453,7,PERCENT,0.5,7.708333333333334,0.034902107064212914,9,False
7,5,Brooke Burke,9.666666666666666,0.053410318152856705,Winner,9.0,0.20212826686851745,5,PERCENT,0.5,8.766666666666666,0.053410318152856705,8,False
7,5,Cloris Leachman,7.0,0.2983777520416087,Eliminated,6.0,0.4060700597322596,1,PERCENT,0.5,6.0,0.2983777520416087,8,False
7,5,Cody Linley,9.333333333333334,0.08738361209324759,Eliminated,9.0,0.2309733556807821,4,PERCENT,0.5,7.566666666666667,0.08738361209324759,8,False
7,5,Lance Bass,7.0,0.2977140650830412,Finalist,9.0,0.40540637277369207,2,PERCENT,0.5,7.366666666666665,0.2977140650830412,8,False
7,5,Maurice Greene,9.0,0.19997590958469716,Eliminated,8.0,0.33843744804410547,3,PERCENT,0.5,7.3,0.19997590958469716,8,False
7,5,Susan Lucci,7.333333333333333,0.01966909972280322,Eliminated,7.0,0.13248961254158034,7,PERCENT,0.5,7.1,0.01966909972280322,8,False
7,5,Toni Braxton,7.333333333333333,0.005701441000065559,Eliminated,5.0,0.11852195381884267,8,PERCENT,0.5,7.433333333333333,0.005701441000065559,8,True
7,5,Warren Sapp,8.333333333333334,0.03776780232167788,RunnerUp,9.0,0.1659729305248337,6,PERCENT,0.5,7.833333333333334,0.03776780232167788,8,False
7,6,Brooke Burke,8.666666666666666,0.35577114673913723,Winner,9.0,0.5182711467360903,1,PERCENT,0.5,8.75,0.35577114673913723,7,False
7,6,Cloris Leachman,5.0,0.03150472891335708,Eliminated,6.0,0.12525472891159928,7,PERCENT,0.5,5.833333333333333,0.03150472891335708,7,True
7,6,Cody Linley,7.666666666666667,0.14162294145224022,Eliminated,9.0,0.28537294144954495,3,PERCENT,0.5,7.583333333333333,0.14162294145224022,7,False
7,6,Lance Bass,9.0,0.045906191308913304,Finalist,9.0,0.21465619130574926,4,PERCENT,0.5,7.638888888888888,0.045906191308913304,7,False
7,6,Maurice Greene,7.0,0.3256012440541956,Eliminated,8.0,0.4568512440517347,2,PERCENT,0.5,7.25,0.3256012440541956,7,False
7,6,Susan Lucci,7.666666666666667,0.061560027980375735,Eliminated,7.0,0.20531002797768047,5,PERCENT,0.5,7.194444444444444,0.061560027980375735,7,False
7,6,Warren Sapp,8.333333333333334,0.03803371955177995,RunnerUp,9.0,0.1942837195488503,6,PERCENT,0.5,7.916666666666667,0.03803371955177995,7,False
7,7,Brooke Burke,10.0,0.007184166790834515,Winner,9.0,0.21126579943973084,3,PERCENT,0.5,8.928571428571429,0.007184166790834515,6,False
7,7,Cody Linley,7.333333333333333,0.31894002553055895,Eliminated,9.0,0.4685998894730829,2,PERCENT,0.5,7.547619047619048,0.31894002553055895,6,False
7,7,Lance Bass,8.333333333333334,0.0038588600862320428,Finalist,9.0,0.17392688729364564,5,PERCENT,0.5,7.738095238095238,0.0038588600862320428,6,False
7,7,Maurice Greene,8.333333333333334,0.026656848695193407,Eliminated,8.0,0.196724875902607,4,PERCENT,0.5,7.404761904761905,0.026656848695193407,6,False
7,7,Susan Lucci,8.0,0.0017205920591295445,Eliminated,7.0,0.1649858981782466,6,PERCENT,0.5,7.30952380952381,0.0017205920591295445,6,True
7,7,Warren Sapp,7.0,0.641639506838054,RunnerUp,9.0,0.7844966496922814,1,PERCENT,0.5,7.785714285714286,0.641639506838054,6,False
7,8,Brooke Burke,9.166666666666666,0.07251300323015641,Winner,9.0,0.2881992777348854,5,PERCENT,0.5,8.958333333333332,0.07251300323015641,5,True
7,8,Cody Linley,8.0,0.49240621184521,Eliminated,9.0,0.680641505958428,1,PERCENT,0.5,7.604166666666667,0.49240621184521,5,False
7,8,Lance Bass,8.333333333333334,0.09317900364161331,Finalist,9.0,0.28925743500954876,4,PERCENT,0.5,7.8125,0.09317900364161331,5,False
7,8,Maurice Greene,8.0,0.21327091826018038,Eliminated,8.0,0.4015062123733984,2,PERCENT,0.5,7.479166666666667,0.21327091826018038,5,False
7,8,Warren Sapp,9.0,0.1286308630228399,RunnerUp,9.0,0.34039556890021017,3,PERCENT,0.5,7.9375,0.1286308630228399,5,False
7,9,Brooke Burke,8.166666666666666,0.9596287837479585,Winner,9.0,1.2034098782680447,1,PERCENT,0.5,8.87037037037037,0.9596287837479585,4,False
7,9,Cody Linley,7.666666666666667,0.02865754377434594,Eliminated,9.0,0.2575132651605493,3,PERCENT,0.5,7.611111111111111,0.02865754377434594,4,False
7,9,Lance Bass,9.5,0.006266051621613953,Finalist,9.0,0.28984814116538765,2,PERCENT,0.5,8.0,0.006266051621613953,4,False
7,9,Warren Sapp,8.166666666666666,0.005447620856089003,RunnerUp,9.0,0.24922871537617514,4,PERCENT,0.5,7.962962962962964,0.005447620856089003,4,True
8,1,Belinda Carlisle,5.666666666666667,0.01269636972353348,Eliminated,2.0,-22.0,12,RANK,0.5,5.666666666666667,0.01269636972353348,13,False
8,1,Chuck Wicks,6.666666666666667,0.07320596556257995,Eliminated,8.0,-9.0,4,RANK,0.5,6.666666666666667,0.07320596556257995,13,False
8,1,David Alan Grier,6.333333333333333,0.015758135468838686,Eliminated,5.0,-17.0,9,RANK,0.5,6.333333333333333,0.015758135468838686,13,False
8,1,Denise Richards,6.0,0.01981959330032184,Eliminated,3.0,-16.0,8,RANK,0.5,6.0,0.01981959330032184,13,False
8,1,Gilles Marini,8.0,0.026201281023686716,RunnerUp,10.0,-8.0,3,RANK,0.5,8.0,0.026201281023686716,13,False
8,1,Holly Madison,6.0,0.02321281244914035,Eliminated,4.0,-15.0,7,RANK,0.5,6.0,0.02321281244914035,13,False
8,1,Lawrence Taylor,5.333333333333333,0.03203451400726526,Eliminated,7.0,-17.0,9,RANK,0.5,5.333333333333333,0.03203451400726526,13,False
8,1,Lil' Kim,7.0,0.11891070949611295,Eliminated,9.0,-7.0,2,RANK,0.5,7.0,0.11891070949611295,13,False
8,1,Melissa Rycroft,7.666666666666667,0.017517284517535734,Finalist,10.0,-12.0,6,RANK,0.5,7.666666666666667,0.017517284517535734,13,False
8,1,Shawn Johnson,7.666666666666667,0.3338785195667981,Winner,10.0,-3.0,1,RANK,0.5,7.666666666666667,0.3338785195667981,13,False
8,1,Steve Wozniak,4.333333333333333,0.014139640350267837,Eliminated,4.0,-25.0,13,RANK,0.5,4.333333333333333,0.014139640350267837,13,True
8,1,Steve-O,5.666666666666667,0.2729668263916624,Eliminated,6.0,-11.0,5,RANK,0.5,5.666666666666667,0.2729668263916624,13,False
8,1,Ty Murray,4.666666666666667,0.039658348142265556,Eliminated,10.0,-17.0,9,RANK,0.5,4.666666666666667,0.039658348142265556,13,False
8,2,Belinda Carlisle,6.0,0.00017686490594358625,Eliminated,2.0,-22.0,13,RANK,0.5,5.833333333333334,0.00017686490594358625,13,True
8,2,Chuck Wicks,6.666666666666667,0.0011749039703452412,Eliminated,8.0,-13.0,6,RANK,0.5,6.666666666666667,0.0011749039703452412,13,False
8,2,David Alan Grier,5.666666666666667,0.0007972071978139451,Eliminated,5.0,-21.0,12,RANK,0.5,6.0,0.0007972071978139451,13,False
8,2,Denise Richards,7.0,0.000834241645288373,Eliminated,3.0,-14.0,7,RANK,0.5,6.5,0.000834241645288373,13,False
8,2,Gilles Marini,9.0,0.0010764770336787273,RunnerUp,10.0,-9.0,3,RANK,0.5,8.5,0.0010764770336787273,13,False
8,2,Holly Madison,6.0,0.0005683868033190764,Eliminated,4.0,-20.0,11,RANK,0.5,6.0,0.0005683868033190764,13,False
8,2,Lawrence Taylor,6.666666666666667,0.0014612976056403862,Eliminated,7.0,-11.0,5,RANK,0.5,6.0,0.0014612976056403862,13,False
8,2,Lil' Kim,7.666666666666667,0.0027041917074339485,Eliminated,9.0,-8.0,2,RANK,0.5,7.333333333333334,0.0027041917074339485,13,False
8,2,Melissa Rycroft,8.666666666666666,0.0005020736781426546,Finalist,10.0,-14.0,7,RANK,0.5,8.166666666666666,0.0005020736781426546,13,False
8,2,Shawn Johnson,8.0,0.43661639438925637,Winner,10.0,-5.0,1,RANK,0.5,7.833333333333334,0.43661639438925637,13,False
8,2,Steve Wozniak,5.666666666666667,0.0012396196717370889,Eliminated,4.0,-17.0,10,RANK,0.5,5.0,0.0012396196717370889,13,False
8,2,Steve-O,4.666666666666667,0.5429178210644482,Eliminated,6.0,-14.0,7,RANK,0.5,5.166666666666667,0.5429178210644482,13,False
8,2,Ty Murray,6.666666666666667,0.009930520326954222,Eliminated,10.0,-9.0,3,RANK,0.5,5.666666666666667,0.009930520326954222,13,False
8,3,Chuck Wicks,7.666666666666667,0.0034372468886695,Eliminated,8.0,-9.0,3,RANK,0.5,7.0,0.0034372468886695,12,False
8,3,David Alan Grier,8.0,0.0006501763080721731,Eliminated,5.0,-14.0,9,RANK,0.5,6.666666666666667,0.0006501763080721731,12,False
8,3,Denise Richards,5.333333333333333,0.0001910295250926074,Eliminated,3.0,-22.0,12,RANK,0.5,6.111111111111111,0.0001910295250926074,12,True
8,3,Gilles Marini,9.0,0.001142129055718495,RunnerUp,10.0,-7.0,1,RANK,0.5,8.666666666666666,0.001142129055718495,12,False
8,3,Holly Madison,5.666666666666667,0.0005759308860888067,Eliminated,4.0,-19.0,11,RANK,0.5,5.888888888888889,0.0005759308860888067,12,False
8,3,Lawrence Taylor,6.666666666666667,0.000926257008850441,Eliminated,7.0,-15.0,10,RANK,0.5,6.222222222222222,0.000926257008850441,12,False
8,3,Lil' Kim,8.333333333333334,0.0021111273076411395,Eliminated,9.0,-8.0,2,RANK,0.5,7.666666666666667,0.0021111273076411395,12,False
8,3,Melissa Rycroft,9.0,0.0005021923821413027,Finalist,10.0,-12.0,6,RANK,0.5,8.444444444444445,0.0005021923821413027,12,False
8,3,Shawn Johnson,9.0,0.0007714369928298958,Winner,10.0,-9.0,3,RANK,0.5,8.222222222222223,0.0007714369928298958,12,False
8,3,Steve Wozniak,3.3333333333333335,0.9766982123083088,Eliminated,4.0,-13.0,7,RANK,0.5,4.444444444444445,0.9766982123083088,12,False
8,3,Steve-O,5.0,0.01148917837342023,Eliminated,6.0,-13.0,7,RANK,0.5,5.111111111111112,0.01148917837342023,12,False
8,3,Ty Murray,7.666666666666667,0.0015050829631656803,Eliminated,10.0,-11.0,5,RANK,0.5,6.333333333333333,0.0015050829631656803,12,False
8,4,Chuck Wicks,7.333333333333333,0.000970474515259463,Eliminated,8.0,-13.0,6,RANK,0.5,7.083333333333334,0.000970474515259463,11,False
8,4,David Alan Grier,7.333333333333333,0.0003766924718349061,Eliminated,5.0,-16.0,9,RANK,0.5,6.833333333333333,0.0003766924718349061,11,False
8,4,Gilles Marini,10.0,0.0010873084661156163,RunnerUp,10.0,-7.0,2,RANK,0.5,9.0,0.0010873084661156163,11,False
8,4,Holly Madison,5.333333333333333,0.00021595348983228442,Eliminated,4.0,-20.0,11,RANK,0.5,5.75,0.00021595348983228442,11,True
8,4,Lawrence Taylor,6.333333333333333,0.0006575276019330299,Eliminated,7.0,-16.0,9,RANK,0.5,6.25,0.0006575276019330299,11,False
8,4,Lil' Kim,9.0,0.00290973433335168,Eliminated,9.0,-7.0,2,RANK,0.5,8.0,0.00290973433335168,11,False
8,4,Melissa Rycroft,9.666666666666666,0.0005745561948578222,Finalist,10.0,-11.0,5,RANK,0.5,8.75,0.0005745561948578222,11,False
8,4,Shawn Johnson,8.333333333333334,0.8828563753595219,Winner,10.0,-5.0,1,RANK,0.5,8.25,0.8828563753595219,11,False
8,4,Steve Wozniak,4.0,0.1000849684714069,Eliminated,4.0,-13.0,6,RANK,0.5,4.333333333333333,0.1000849684714069,11,False
8,4,Steve-O,5.0,0.009003234572981305,Eliminated,6.0,-13.0,6,RANK,0.5,5.083333333333334,0.009003234572981305,11,False
8,4,Ty Murray,8.333333333333334,0.001263174522905064,Eliminated,10.0,-9.0,4,RANK,0.5,6.833333333333334,0.001263174522905064,11,False
8,5,Chuck Wicks,7.666666666666667,0.0053990638593679405,Eliminated,8.0,-9.0,4,RANK,0.5,7.2,0.0053990638593679405,9,False
8,5,David Alan Grier,7.333333333333333,0.00031119005600637844,Eliminated,5.0,-15.0,9,RANK,0.5,6.933333333333333,0.00031119005600637844,9,True
8,5,Gilles Marini,9.666666666666666,0.0009105532160170574,RunnerUp,10.0,-8.0,3,RANK,0.5,9.133333333333333,0.0009105532160170574,9,False
8,5,Lawrence Taylor,6.666666666666667,0.026991862527724633,Eliminated,7.0,-11.0,6,RANK,0.5,6.333333333333334,0.026991862527724633,9,False
8,5,Lil' Kim,8.666666666666666,0.003352813237584631,Eliminated,9.0,-7.0,2,RANK,0.5,8.133333333333333,0.003352813237584631,9,False
8,5,Melissa Rycroft,8.333333333333334,0.0008946179279871029,Finalist,10.0,-12.0,7,RANK,0.5,8.666666666666668,0.0008946179279871029,9,False
8,5,Shawn Johnson,8.666666666666666,0.3082101938304332,Winner,10.0,-4.0,1,RANK,0.5,8.333333333333334,0.3082101938304332,9,False
8,5,Steve-O,6.0,0.6515896097045624,Eliminated,6.0,-10.0,5,RANK,0.5,5.2666666666666675,0.6515896097045624,9,False
8,5,Ty Murray,7.0,0.0023400956403166234,Eliminated,10.0,-13.0,8,RANK,0.5,6.866666666666667,0.0023400956403166234,9,False
8,6,Chuck Wicks,7.666666666666667,0.046176037348069035,Eliminated,8.0,-9.0,4,RANK,0.5,7.277777777777779,0.046176037348069035,8,False
8,6,Gilles Marini,8.666666666666666,0.016801311838494832,RunnerUp,10.0,-10.0,5,RANK,0.5,9.055555555555555,0.016801311838494832,8,False
8,6,Lawrence Taylor,7.333333333333333,0.03266153339282875,Eliminated,7.0,-11.0,6,RANK,0.5,6.5,0.03266153339282875,8,False
8,6,Lil' Kim,9.333333333333334,0.08661856184950496,Eliminated,9.0,-3.0,1,RANK,0.5,8.333333333333334,0.08661856184950496,8,False
8,6,Melissa Rycroft,9.0,0.025198671299997723,Finalist,10.0,-8.0,3,RANK,0.5,8.722222222222223,0.025198671299997723,8,False
8,6,Shawn Johnson,8.666666666666666,0.7033426915204226,Winner,10.0,-4.0,2,RANK,0.5,8.38888888888889,0.7033426915204226,8,False
8,6,Steve-O,5.333333333333333,0.07489442840530369,Eliminated,6.0,-11.0,6,RANK,0.5,5.277777777777778,0.07489442840530369,8,False
8,6,Ty Murray,6.0,0.014306764345378335,Eliminated,10.0,-15.0,8,RANK,0.5,6.722222222222222,0.014306764345378335,8,True
8,7,Chuck Wicks,9.0,0.32565474991431514,Eliminated,8.0,-5.0,2,RANK,0.5,7.523809523809525,0.32565474991431514,7,False
8,7,Gilles Marini,9.0,0.08747282869363036,RunnerUp,10.0,-7.0,3,RANK,0.5,9.047619047619047,0.08747282869363036,7,False
8,7,Lawrence Taylor,7.0,0.038116387550807686,Eliminated,7.0,-13.0,7,RANK,0.5,6.571428571428571,0.038116387550807686,7,True
8,7,Lil' Kim,8.666666666666666,0.06240444460438966,Eliminated,9.0,-10.0,6,RANK,0.5,8.380952380952381,0.06240444460438966,7,False
8,7,Melissa Rycroft,9.666666666666666,0.016816549652569762,Finalist,10.0,-8.0,4,RANK,0.5,8.857142857142858,0.016816549652569762,7,False
8,7,Shawn Johnson,9.333333333333334,0.32739301722657765,Winner,10.0,-3.0,1,RANK,0.5,8.523809523809524,0.32739301722657765,7,False
8,7,Ty Murray,8.0,0.14214202235771342,Eliminated,10.0,-9.0,5,RANK,0.5,6.904761904761905,0.14214202235771342,7,False
8,8,Chuck Wicks,8.5,0.006662885702766572,Eliminated,8.0,-10.0,6,RANK,0.5,7.645833333333334,0.006662885702766572,6,True
8,8,Gilles Marini,9.166666666666666,0.006672517570855846,RunnerUp,10.0,-6.0,3,RANK,0.5,9.0625,0.006672517570855846,6,False
8,8,Lil' Kim,9.333333333333334,0.01713164580310362,Eliminated,9.0,-4.0,1,RANK,0.5,8.5,0.01713164580310362,6,False
8,8,Melissa Rycroft,7.666666666666667,0.5252991120891349,Finalist,10.0,-7.0,4,RANK,0.5,8.708333333333334,0.5252991120891349,6,False
8,8,Shawn Johnson,8.666666666666666,0.43837240925049475,Winner,10.0,-5.0,2,RANK,0.5,8.541666666666666,0.43837240925049475,6,False
8,8,Ty Murray,8.666666666666666,0.005861429583642776,Eliminated,10.0,-9.0,5,RANK,0.5,7.125,0.005861429583642776,6,False
8,9,Gilles Marini,9.333333333333334,0.028481247340624703,RunnerUp,10.0,-6.0,2,RANK,0.5,9.092592592592592,0.028481247340624703,5,False
8,9,Lil' Kim,8.666666666666666,0.0331477232145317,Eliminated,9.0,-7.0,5,RANK,0.5,8.518518518518519,0.0331477232145317,5,True
8,9,Melissa Rycroft,9.5,0.009600199110621165,Finalist,10.0,-6.0,2,RANK,0.5,8.796296296296298,0.009600199110621165,5,False
8,9,Shawn Johnson,9.333333333333334,0.04782380823347284,Winner,10.0,-4.0,1,RANK,0.5,8.62962962962963,0.04782380823347284,5,False
8,9,Ty Murray,7.666666666666667,0.8809470221007495,Eliminated,10.0,-6.0,2,RANK,0.5,7.185185185185186,0.8809470221007495,5,False
8,10,Gilles Marini,10.0,0.11746912952146134,RunnerUp,10.0,-3.0,1,RANK,0.5,9.183333333333334,0.11746912952146134,3,False
8,10,Melissa Rycroft,9.166666666666666,0.043219953625819554,Finalist,10.0,-7.0,3,RANK,0.5,8.833333333333332,0.043219953625819554,3,True
8,10,Shawn Johnson,9.333333333333334,0.740274494223359,Winner,10.0,-3.0,1,RANK,0.5,8.7,0.740274494223359,3,False
8,10,Ty Murray,8.0,0.09903642262935604,Eliminated,10.0,-7.0,3,RANK,0.5,7.2666666666666675,0.09903642262935604,3,True
8,1,Belinda Carlisle,5.666666666666667,0.01269636972353348,Eliminated,2.0,0.08265521745929531,12,PERCENT,0.5,5.666666666666667,0.01269636972353348,13,False
8,1,Chuck Wicks,6.666666666666667,0.07320596556257995,Eliminated,8.0,0.15551049231053504,4,PERCENT,0.5,6.666666666666667,0.07320596556257995,13,False
8,1,David Alan Grier,6.333333333333333,0.015758135468838686,Eliminated,5.0,0.09394743587939601,10,PERCENT,0.5,6.333333333333333,0.015758135468838686,13,False
8,1,Denise Richards,6.0,0.01981959330032184,Eliminated,3.0,0.09389366737348143,11,PERCENT,0.5,6.0,0.01981959330032184,13,False
8,1,Gilles Marini,8.0,0.026201281023686716,RunnerUp,10.0,0.12496671312123281,5,PERCENT,0.5,8.0,0.026201281023686716,13,False
8,1,Holly Madison,6.0,0.02321281244914035,Eliminated,4.0,0.09728688652229993,8,PERCENT,0.5,6.0,0.02321281244914035,13,False
8,1,Lawrence Taylor,5.333333333333333,0.03203451400726526,Eliminated,7.0,0.09787813540562933,7,PERCENT,0.5,5.333333333333333,0.03203451400726526,13,False
8,1,Lil' Kim,7.0,0.11891070949611295,Eliminated,9.0,0.20533046258146578,3,PERCENT,0.5,7.0,0.11891070949611295,13,False
8,1,Melissa Rycroft,7.666666666666667,0.017517284517535734,Finalist,10.0,0.11216749027768408,6,PERCENT,0.5,7.666666666666667,0.017517284517535734,13,False
8,1,Shawn Johnson,7.666666666666667,0.3338785195667981,Winner,10.0,0.4285287253269464,1,PERCENT,0.5,7.666666666666667,0.3338785195667981,13,False
8,1,Steve Wozniak,4.333333333333333,0.014139640350267837,Eliminated,4.0,0.06763758273643863,13,PERCENT,0.5,4.333333333333333,0.014139640350267837,13,True
8,1,Steve-O,5.666666666666667,0.2729668263916624,Eliminated,6.0,0.34292567412742425,2,PERCENT,0.5,5.666666666666667,0.2729668263916624,13,False
8,1,Ty Murray,4.666666666666667,0.039658348142265556,Eliminated,10.0,0.09727151686583413,9,PERCENT,0.5,4.666666666666667,0.039658348142265556,13,False
8,2,Belinda Carlisle,6.0,0.00017686490594358625,Eliminated,2.0,0.06810139320706139,11,PERCENT,0.5,5.833333333333334,0.00017686490594358625,13,False
8,2,Chuck Wicks,6.666666666666667,0.0011749039703452412,Eliminated,8.0,0.07664660208269837,9,PERCENT,0.5,6.666666666666667,0.0011749039703452412,13,False
8,2,David Alan Grier,5.666666666666667,0.0007972071978139451,Eliminated,5.0,0.0649481505933141,13,PERCENT,0.5,6.0,0.0007972071978139451,13,True
8,2,Denise Richards,7.0,0.000834241645288373,Eliminated,3.0,0.08007952466325916,7,PERCENT,0.5,6.5,0.000834241645288373,13,False
8,2,Gilles Marini,9.0,0.0010764770336787273,RunnerUp,10.0,0.10296326948535546,3,PERCENT,0.5,8.5,0.0010764770336787273,13,False
8,2,Holly Madison,6.0,0.0005683868033190764,Eliminated,4.0,0.06849291510443689,10,PERCENT,0.5,6.0,0.0005683868033190764,13,False
8,2,Lawrence Taylor,6.666666666666667,0.0014612976056403862,Eliminated,7.0,0.07693299571799352,8,PERCENT,0.5,6.0,0.0014612976056403862,13,False
8,2,Lil' Kim,7.666666666666667,0.0027041917074339485,Eliminated,9.0,0.08949664453664005,5,PERCENT,0.5,7.333333333333334,0.0027041917074339485,13,False
8,2,Melissa Rycroft,8.666666666666666,0.0005020736781426546,Finalist,10.0,0.09861528122420171,4,PERCENT,0.5,8.166666666666666,0.0005020736781426546,13,False
8,2,Shawn Johnson,8.0,0.43661639438925637,Winner,10.0,0.5271824321240801,2,PERCENT,0.5,7.833333333333334,0.43661639438925637,13,False
8,2,Steve Wozniak,5.666666666666667,0.0012396196717370889,Eliminated,4.0,0.06539056306723726,12,PERCENT,0.5,5.0,0.0012396196717370889,13,False
8,2,Steve-O,4.666666666666667,0.5429178210644482,Eliminated,6.0,0.5957480097430954,1,PERCENT,0.5,5.166666666666667,0.5429178210644482,13,False
8,2,Ty Murray,6.666666666666667,0.009930520326954222,Eliminated,10.0,0.08540221843930736,6,PERCENT,0.5,5.666666666666667,0.009930520326954222,13,False
8,3,Chuck Wicks,7.666666666666667,0.0034372468886695,Eliminated,8.0,0.0939884279899622,7,PERCENT,0.5,7.0,0.0034372468886695,12,False
8,3,David Alan Grier,8.0,0.0006501763080721731,Eliminated,5.0,0.09513836528333411,6,PERCENT,0.5,6.666666666666667,0.0006501763080721731,12,False
8,3,Denise Richards,5.333333333333333,0.0001910295250926074,Eliminated,3.0,0.06318315550860056,12,PERCENT,0.5,6.111111111111111,0.0001910295250926074,12,True
8,3,Gilles Marini,9.0,0.001142129055718495,RunnerUp,10.0,0.10744134165288817,2,PERCENT,0.5,8.666666666666666,0.001142129055718495,12,False
8,3,Holly Madison,5.666666666666667,0.0005759308860888067,Eliminated,4.0,0.06750506474356602,11,PERCENT,0.5,5.888888888888889,0.0005759308860888067,12,False
8,3,Lawrence Taylor,6.666666666666667,0.000926257008850441,Eliminated,7.0,0.07966641448823539,9,PERCENT,0.5,6.222222222222222,0.000926257008850441,12,False
8,3,Lil' Kim,8.333333333333334,0.0021111273076411395,Eliminated,9.0,0.10053632415687233,5,PERCENT,0.5,7.666666666666667,0.0021111273076411395,12,False
8,3,Melissa Rycroft,9.0,0.0005021923821413027,Finalist,10.0,0.10680140497931098,4,PERCENT,0.5,8.444444444444445,0.0005021923821413027,12,False
8,3,Shawn Johnson,9.0,0.0007714369928298958,Winner,10.0,0.10707064958999958,3,PERCENT,0.5,8.222222222222223,0.0007714369928298958,12,False
8,3,Steve Wozniak,3.3333333333333335,0.9766982123083088,Eliminated,4.0,1.0160682910480012,1,PERCENT,0.5,4.444444444444445,0.9766982123083088,12,False
8,3,Steve-O,5.0,0.01148917837342023,Eliminated,6.0,0.07054429648295894,10,PERCENT,0.5,5.111111111111112,0.01148917837342023,12,False
8,3,Ty Murray,7.666666666666667,0.0015050829631656803,Eliminated,10.0,0.09205626406445837,8,PERCENT,0.5,6.333333333333333,0.0015050829631656803,12,False
8,4,Chuck Wicks,7.333333333333333,0.000970474515259463,Eliminated,8.0,0.0918795654232234,7,PERCENT,0.5,7.083333333333334,0.000970474515259463,11,False
8,4,David Alan Grier,7.333333333333333,0.0003766924718349061,Eliminated,5.0,0.09128578337979884,8,PERCENT,0.5,6.833333333333333,0.0003766924718349061,11,False
8,4,Gilles Marini,10.0,0.0010873084661156163,RunnerUp,10.0,0.1250542506133392,3,PERCENT,0.5,9.0,0.0010873084661156163,11,False
8,4,Holly Madison,5.333333333333333,0.00021595348983228442,Eliminated,4.0,0.06633165596835151,11,PERCENT,0.5,5.75,0.00021595348983228442,11,True
8,4,Lawrence Taylor,6.333333333333333,0.0006575276019330299,Eliminated,7.0,0.07916992429517462,9,PERCENT,0.5,6.25,0.0006575276019330299,11,False
8,4,Lil' Kim,9.0,0.00290973433335168,Eliminated,9.0,0.11447998226585288,5,PERCENT,0.5,8.0,0.00290973433335168,11,False
8,4,Melissa Rycroft,9.666666666666666,0.0005745561948578222,Finalist,10.0,0.12040926693717392,4,PERCENT,0.5,8.75,0.0005745561948578222,11,False
8,4,Shawn Johnson,8.333333333333334,0.8828563753595219,Winner,10.0,0.9861621604822082,1,PERCENT,0.5,8.25,0.8828563753595219,11,False
8,4,Steve Wozniak,4.0,0.1000849684714069,Eliminated,4.0,0.1496717453302963,2,PERCENT,0.5,4.333333333333333,0.1000849684714069,11,False
8,4,Steve-O,5.0,0.009003234572981305,Eliminated,6.0,0.07098670564659308,10,PERCENT,0.5,5.083333333333334,0.009003234572981305,11,False
8,4,Ty Murray,8.333333333333334,0.001263174522905064,Eliminated,10.0,0.10456895964559136,6,PERCENT,0.5,6.833333333333334,0.001263174522905064,11,False
8,5,Chuck Wicks,7.666666666666667,0.0053990638593679405,Eliminated,8.0,0.11492287338161283,7,PERCENT,0.5,7.2,0.0053990638593679405,9,False
8,5,David Alan Grier,7.333333333333333,0.00031119005600637844,Eliminated,5.0,0.10507309481641454,8,PERCENT,0.5,6.933333333333333,0.00031119005600637844,9,False
8,5,Gilles Marini,9.666666666666666,0.0009105532160170574,RunnerUp,10.0,0.13900579130928234,3,PERCENT,0.5,9.133333333333333,0.0009105532160170574,9,False
8,5,Lawrence Taylor,6.666666666666667,0.026991862527724633,Eliminated,7.0,0.12222995776445933,5,PERCENT,0.5,6.333333333333334,0.026991862527724633,9,False
8,5,Lil' Kim,8.666666666666666,0.003352813237584631,Eliminated,9.0,0.12716233704533972,4,PERCENT,0.5,8.133333333333333,0.003352813237584631,9,False
8,5,Melissa Rycroft,8.333333333333334,0.0008946179279871029,Finalist,10.0,0.11994223697390548,6,PERCENT,0.5,8.666666666666668,0.0008946179279871029,9,False
8,5,Shawn Johnson,8.666666666666666,0.3082101938304332,Winner,10.0,0.43201971763818825,2,PERCENT,0.5,8.333333333333334,0.3082101938304332,9,False
8,5,Steve-O,6.0,0.6515896097045624,Eliminated,6.0,0.7373038954176236,1,PERCENT,0.5,5.2666666666666675,0.6515896097045624,9,False
8,5,Ty Murray,7.0,0.0023400956403166234,Eliminated,10.0,0.10234009563888805,9,PERCENT,0.5,6.866666666666667,0.0023400956403166234,9,True
8,6,Chuck Wicks,7.666666666666667,0.046176037348069035,Eliminated,8.0,0.1698319513245692,4,PERCENT,0.5,7.277777777777779,0.046176037348069035,8,False
8,6,Gilles Marini,8.666666666666666,0.016801311838494832,RunnerUp,10.0,0.15658625807279938,6,PERCENT,0.5,9.055555555555555,0.016801311838494832,8,False
8,6,Lawrence Taylor,7.333333333333333,0.03266153339282875,Eliminated,7.0,0.15094110328339413,7,PERCENT,0.5,6.5,0.03266153339282875,8,False
8,6,Lil' Kim,9.333333333333334,0.08661856184950496,Eliminated,9.0,0.23715619625567913,2,PERCENT,0.5,8.333333333333334,0.08661856184950496,8,False
8,6,Melissa Rycroft,9.0,0.025198671299997723,Finalist,10.0,0.17035996162023706,3,PERCENT,0.5,8.722222222222223,0.025198671299997723,8,False
8,6,Shawn Johnson,8.666666666666666,0.7033426915204226,Winner,10.0,0.8431276377547272,1,PERCENT,0.5,8.38888888888889,0.7033426915204226,8,False
8,6,Steve-O,5.333333333333333,0.07489442840530369,Eliminated,6.0,0.16091593378026034,5,PERCENT,0.5,5.277777777777778,0.07489442840530369,8,False
8,6,Ty Murray,6.0,0.014306764345378335,Eliminated,10.0,0.11108095789220457,8,PERCENT,0.5,6.722222222222222,0.014306764345378335,8,True
8,7,Chuck Wicks,9.0,0.32565474991431514,Eliminated,8.0,0.47400639826351815,2,PERCENT,0.5,7.523809523809525,0.32565474991431514,7,False
8,7,Gilles Marini,9.0,0.08747282869363036,RunnerUp,10.0,0.23582447704283338,4,PERCENT,0.5,9.047619047619047,0.08747282869363036,7,False
8,7,Lawrence Taylor,7.0,0.038116387550807686,Eliminated,7.0,0.15350100293352115,7,PERCENT,0.5,6.571428571428571,0.038116387550807686,7,True
8,7,Lil' Kim,8.666666666666666,0.06240444460438966,Eliminated,9.0,0.20526158745917772,5,PERCENT,0.5,8.380952380952381,0.06240444460438966,7,False
8,7,Melissa Rycroft,9.666666666666666,0.016816549652569762,Finalist,10.0,0.1761572089906026,6,PERCENT,0.5,8.857142857142858,0.016816549652569762,7,False
8,7,Shawn Johnson,9.333333333333334,0.32739301722657765,Winner,10.0,0.4812391710701956,1,PERCENT,0.5,8.523809523809524,0.32739301722657765,7,False
8,7,Ty Murray,8.0,0.14214202235771342,Eliminated,10.0,0.27401015422367164,3,PERCENT,0.5,6.904761904761905,0.14214202235771342,7,False
8,8,Chuck Wicks,8.5,0.006662885702766572,Eliminated,8.0,0.17012442416116158,6,PERCENT,0.5,7.645833333333334,0.006662885702766572,6,True
8,8,Gilles Marini,9.166666666666666,0.006672517570855846,RunnerUp,10.0,0.1829545688495171,4,PERCENT,0.5,9.0625,0.006672517570855846,6,False
8,8,Lil' Kim,9.333333333333334,0.01713164580310362,Eliminated,9.0,0.19661882528683147,3,PERCENT,0.5,8.5,0.01713164580310362,6,False
8,8,Melissa Rycroft,7.666666666666667,0.5252991120891349,Finalist,10.0,0.6727350095221971,1,PERCENT,0.5,8.708333333333334,0.5252991120891349,6,False
8,8,Shawn Johnson,8.666666666666666,0.43837240925049475,Winner,10.0,0.6050390759139563,2,PERCENT,0.5,8.541666666666666,0.43837240925049475,6,False
8,8,Ty Murray,8.666666666666666,0.005861429583642776,Eliminated,10.0,0.17252809624710433,5,PERCENT,0.5,7.125,0.005861429583642776,6,False
8,9,Gilles Marini,9.333333333333334,0.028481247340624703,RunnerUp,10.0,0.23821907505126733,3,PERCENT,0.5,9.092592592592592,0.028481247340624703,5,False
8,9,Lil' Kim,8.666666666666666,0.0331477232145317,Eliminated,9.0,0.22790427751727127,4,PERCENT,0.5,8.518518518518519,0.0331477232145317,5,False
8,9,Melissa Rycroft,9.5,0.009600199110621165,Finalist,10.0,0.22308334517323952,5,PERCENT,0.5,8.796296296296298,0.009600199110621165,5,True
8,9,Shawn Johnson,9.333333333333334,0.04782380823347284,Winner,10.0,0.25756163594411546,2,PERCENT,0.5,8.62962962962963,0.04782380823347284,5,False
8,9,Ty Murray,7.666666666666667,0.8809470221007495,Eliminated,10.0,1.0532316662916346,1,PERCENT,0.5,7.185185185185186,0.8809470221007495,5,False
8,10,Gilles Marini,10.0,0.11746912952146134,RunnerUp,10.0,0.3914417322536813,2,PERCENT,0.5,9.183333333333334,0.11746912952146134,4,False
8,10,Melissa Rycroft,9.166666666666666,0.043219953625819554,Finalist,10.0,0.2943615061303545,4,PERCENT,0.5,8.833333333333332,0.043219953625819554,4,True
8,10,Shawn Johnson,9.333333333333334,0.740274494223359,Winner,10.0,0.995982256773431,1,PERCENT,0.5,8.7,0.740274494223359,4,False
8,10,Ty Murray,8.0,0.09903642262935604,Eliminated,10.0,0.318214504815132,3,PERCENT,0.5,7.2666666666666675,0.09903642262935604,4,False
9,1,Aaron Carter,10.666633333333332,0.0008988320788095902,Eliminated,8.0,-16.0,7,RANK,0.5,10.666633333333332,0.0008988320788095902,16,False
9,1,Ashley Hamiliton,6.3333,0.0012208329658386944,Eliminated,1.0,-26.0,15,RANK,0.5,6.3333,0.0012208329658386944,16,False
9,1,Chuck Liddell,7.333333333333333,0.0014038535837324069,Eliminated,4.0,-20.0,13,RANK,0.5,7.333333333333333,0.0014038535837324069,16,False
9,1,Debi Mazar,7.333333333333333,0.0009293847421914798,Eliminated,3.0,-23.0,14,RANK,0.5,7.333333333333333,0.0009293847421914798,16,False
9,1,Donny Osmond,9.999966666666666,0.9514550521452572,Winner,9.0,-6.0,2,RANK,0.5,9.999966666666666,0.9514550521452572,16,False
9,1,Joanna Krupa,11.3333,0.004238574126650839,Eliminated,9.0,-5.0,1,RANK,0.5,11.3333,0.004238574126650839,16,False
9,1,Kathy Ireland,6.666633333333333,0.0028395173196880397,Eliminated,2.0,-18.0,9,RANK,0.5,6.666633333333333,0.0028395173196880397,16,False
9,1,Kelly Osbourne,10.333266666666667,0.0018978293922581433,Finalist,9.0,-12.0,4,RANK,0.5,10.333266666666667,0.0018978293922581433,16,False
9,1,Louie Vito,8.999933333333333,0.019399833903411833,Eliminated,6.0,-9.0,3,RANK,0.5,8.999933333333333,0.019399833903411833,16,False
9,1,Macy Gray,6.3333,0.0007870929348507788,Eliminated,1.0,-30.0,16,RANK,0.5,6.3333,0.0007870929348507788,16,True
9,1,Mark Dacascos,9.6666,0.0018927183469890226,Eliminated,7.0,-15.0,5,RANK,0.5,9.6666,0.0018927183469890226,16,False
9,1,Melissa Joan Hart,8.0,0.002297978490467931,Eliminated,6.0,-16.0,7,RANK,0.5,8.0,0.002297978490467931,16,False
9,1,Michael Irvin,6.333333333333333,0.0036978436503451507,Eliminated,7.0,-19.0,10,RANK,0.5,6.333333333333333,0.0036978436503451507,16,False
9,1,Mya,10.3333,0.0007208834096339252,RunnerUp,9.0,-19.0,10,RANK,0.5,10.3333,0.0007208834096339252,16,False
9,1,Natalie Coughlin,8.999933333333333,0.001133657558736556,Eliminated,5.0,-19.0,10,RANK,0.5,8.999933333333333,0.001133657558736556,16,False
9,1,Tom Delay,6.666633333333333,0.005186115351140726,Withdrew,,-15.0,5,RANK,0.5,6.666633333333333,0.005186115351140726,16,False
9,2,Aaron Carter,9.0,0.004475598803994206,Eliminated,8.0,-14.0,6,RANK,0.5,9.833316666666665,0.004475598803994206,14,False
9,2,Chuck Liddell,6.333333333333333,0.013386531783180956,Eliminated,4.0,-17.0,11,RANK,0.5,6.833333333333333,0.013386531783180956,14,False
9,2,Debi Mazar,7.0,0.011505851245006079,Eliminated,3.0,-13.0,4,RANK,0.5,7.166666666666666,0.011505851245006079,14,False
9,2,Donny Osmond,8.333333333333334,0.6434596916624354,Winner,9.0,-4.0,1,RANK,0.5,9.16665,0.6434596916624354,14,False
9,2,Joanna Krupa,6.666666666666667,0.019766879416201644,Eliminated,9.0,-13.0,4,RANK,0.5,8.999983333333333,0.019766879416201644,14,False
9,2,Kathy Ireland,6.0,0.024719694797342602,Eliminated,2.0,-18.0,13,RANK,0.5,6.333316666666667,0.024719694797342602,14,False
9,2,Kelly Osbourne,6.333333333333333,0.006709364748526359,Finalist,9.0,-21.0,14,RANK,0.5,8.3333,0.006709364748526359,14,True
9,2,Louie Vito,6.333333333333333,0.06030517554788876,Eliminated,6.0,-12.0,3,RANK,0.5,7.666633333333333,0.06030517554788876,14,False
9,2,Mark Dacascos,7.0,0.00869073074162406,Eliminated,7.0,-15.0,8,RANK,0.5,8.333300000000001,0.00869073074162406,14,False
9,2,Melissa Joan Hart,6.333333333333333,0.016385375512441104,Eliminated,6.0,-16.0,10,RANK,0.5,7.166666666666666,0.016385375512441104,14,False
9,2,Michael Irvin,6.666666666666667,0.13836426203169977,Eliminated,7.0,-9.0,2,RANK,0.5,6.5,0.13836426203169977,14,False
9,2,Mya,9.0,0.004013264080368856,RunnerUp,9.0,-15.0,8,RANK,0.5,9.66665,0.004013264080368856,14,False
9,2,Natalie Coughlin,7.0,0.010144685194802766,Eliminated,5.0,-14.0,6,RANK,0.5,7.9999666666666664,0.010144685194802766,14,False
9,2,Tom Delay,6.0,0.03807289443449092,Withdrew,,-17.0,11,RANK,0.5,6.333316666666667,0.03807289443449092,14,False
9,3,Aaron Carter,7.0,0.00023679090880957294,Eliminated,8.0,-15.0,8,RANK,0.5,8.888877777777777,0.00023679090880957294,13,False
9,3,Chuck Liddell,5.666666666666667,0.0003885847831855066,Eliminated,4.0,-19.0,11,RANK,0.5,6.444444444444444,0.0003885847831855066,13,False
9,3,Debi Mazar,5.666666666666667,0.00013448246793989138,Eliminated,3.0,-23.0,13,RANK,0.5,6.666666666666667,0.00013448246793989138,13,True
9,3,Donny Osmond,7.0,0.9868835126332647,Winner,9.0,-5.0,1,RANK,0.5,8.444433333333334,0.9868835126332647,13,False
9,3,Joanna Krupa,7.666666666666667,0.002031758188898715,Eliminated,9.0,-7.0,2,RANK,0.5,8.555544444444445,0.002031758188898715,13,False
9,3,Kelly Osbourne,6.666666666666667,0.0004533442158321382,Finalist,9.0,-14.0,6,RANK,0.5,7.777755555555555,0.0004533442158321382,13,False
9,3,Louie Vito,6.666666666666667,0.004677094922167144,Eliminated,6.0,-8.0,3,RANK,0.5,7.333311111111111,0.004677094922167144,13,False
9,3,Mark Dacascos,6.0,0.00034226790286501544,Eliminated,7.0,-19.0,11,RANK,0.5,7.555533333333334,0.00034226790286501544,13,False
9,3,Melissa Joan Hart,6.333333333333333,0.0006788933859226468,Eliminated,6.0,-14.0,6,RANK,0.5,6.888888888888888,0.0006788933859226468,13,False
9,3,Michael Irvin,4.666666666666667,0.0013462602645014214,Eliminated,7.0,-18.0,10,RANK,0.5,5.888888888888889,0.0013462602645014214,13,False
9,3,Mya,9.0,0.00014164471358749095,RunnerUp,9.0,-13.0,5,RANK,0.5,9.444433333333334,0.00014164471358749095,13,False
9,3,Natalie Coughlin,8.666666666666666,0.0006338242081628508,Eliminated,5.0,-9.0,4,RANK,0.5,8.222199999999999,0.0006338242081628508,13,False
9,3,Tom Delay,5.0,0.0020515414048667344,Withdrew,,-15.0,8,RANK,0.5,5.888877777777778,0.0020515414048667344,13,False
9,4,Aaron Carter,6.0,0.0007244120131460628,Eliminated,8.0,-17.0,10,RANK,0.5,8.166658333333332,0.0007244120131460628,11,False
9,4,Chuck Liddell,5.666666666666667,0.0004964596025204551,Eliminated,4.0,-19.0,11,RANK,0.5,6.25,0.0004964596025204551,11,True
9,4,Donny Osmond,8.0,0.9687638719208519,Winner,9.0,-5.0,1,RANK,0.5,8.333325,0.9687638719208519,11,False
9,4,Joanna Krupa,8.666666666666666,0.011212123173758682,Eliminated,9.0,-5.0,1,RANK,0.5,8.583325,0.011212123173758682,11,False
9,4,Kelly Osbourne,7.666666666666667,0.001331262018942615,Finalist,9.0,-13.0,6,RANK,0.5,7.749983333333334,0.001331262018942615,11,False
9,4,Louie Vito,5.333333333333333,0.008744646389996101,Eliminated,6.0,-13.0,6,RANK,0.5,6.833316666666667,0.008744646389996101,11,False
9,4,Mark Dacascos,7.333333333333333,0.0016298128726635727,Eliminated,7.0,-13.0,6,RANK,0.5,7.499983333333334,0.0016298128726635727,11,False
9,4,Melissa Joan Hart,9.333333333333334,0.0020128330592307205,Eliminated,6.0,-6.0,3,RANK,0.5,7.5,0.0020128330592307205,11,False
9,4,Michael Irvin,5.333333333333333,0.003858940300692047,Eliminated,7.0,-14.0,9,RANK,0.5,5.75,0.003858940300692047,11,False
9,4,Mya,9.333333333333334,0.00042474276303989085,RunnerUp,9.0,-12.0,4,RANK,0.5,9.416658333333334,0.00042474276303989085,11,False
9,4,Natalie Coughlin,8.0,0.0008008958851493719,Eliminated,5.0,-12.0,4,RANK,0.5,8.16665,0.0008008958851493719,11,False
9,5,Aaron Carter,8.0,0.0473102668950346,Eliminated,8.0,-9.0,4,RANK,0.5,8.133326666666665,0.0473102668950346,10,False
9,5,Donny Osmond,9.666666666666666,0.038623787186545265,Winner,9.0,-7.0,1,RANK,0.5,8.599993333333334,0.038623787186545265,10,False
9,5,Joanna Krupa,8.0,0.08836127563456872,Eliminated,9.0,-7.0,1,RANK,0.5,8.466660000000001,0.08836127563456872,10,False
9,5,Kelly Osbourne,8.0,0.03216352733330559,Finalist,9.0,-11.0,6,RANK,0.5,7.799986666666666,0.03216352733330559,10,False
9,5,Louie Vito,7.333333333333333,0.32865206865984514,Eliminated,6.0,-10.0,5,RANK,0.5,6.93332,0.32865206865984514,10,False
9,5,Mark Dacascos,8.666666666666666,0.06250312146346937,Eliminated,7.0,-7.0,1,RANK,0.5,7.733320000000001,0.06250312146346937,10,False
9,5,Melissa Joan Hart,7.666666666666667,0.02745603687618942,Eliminated,6.0,-15.0,9,RANK,0.5,7.533333333333333,0.02745603687618942,10,False
9,5,Michael Irvin,7.0,0.3393125403616124,Eliminated,7.0,-11.0,6,RANK,0.5,6.0,0.3393125403616124,10,False
9,5,Mya,9.0,0.021124696736133784,RunnerUp,9.0,-11.0,6,RANK,0.5,9.333326666666668,0.021124696736133784,10,False
9,5,Natalie Coughlin,7.333333333333333,0.01449267885329338,Eliminated,5.0,-18.0,10,RANK,0.5,7.999986666666667,0.01449267885329338,10,True
9,6,Aaron Carter,10.999933333333333,0.0017426328588182557,Eliminated,8.0,-9.0,3,RANK,0.5,8.611094444444445,0.0017426328588182557,9,False
9,6,Donny Osmond,10.3333,0.9554643469776868,Winner,9.0,-6.0,2,RANK,0.5,8.888877777777777,0.9554643469776868,9,False
9,6,Joanna Krupa,11.999966666666666,0.006021611003290785,Eliminated,9.0,-4.0,1,RANK,0.5,9.055544444444445,0.006021611003290785,9,False
9,6,Kelly Osbourne,8.333266666666667,0.0011739369976420796,Finalist,9.0,-14.0,8,RANK,0.5,7.888866666666668,0.0011739369976420796,9,False
9,6,Louie Vito,8.0,0.0027684985830091513,Eliminated,6.0,-11.0,5,RANK,0.5,7.1111,0.0027684985830091513,9,False
9,6,Mark Dacascos,10.666666666666666,0.0023015099101237114,Eliminated,7.0,-9.0,3,RANK,0.5,8.222211111111111,0.0023015099101237114,9,False
9,6,Melissa Joan Hart,7.9999666666666664,0.0014074153647668844,Eliminated,6.0,-15.0,9,RANK,0.5,7.6111055555555565,0.0014074153647668844,9,True
9,6,Michael Irvin,7.333266666666667,0.028248665092203647,Eliminated,7.0,-11.0,5,RANK,0.5,6.222211111111111,0.028248665092203647,9,False
9,6,Mya,11.0,0.0008713832124653011,RunnerUp,9.0,-11.0,5,RANK,0.5,9.611105555555556,0.0008713832124653011,9,False
9,7,Aaron Carter,8.833333333333334,0.029929058562988498,Eliminated,8.0,-8.0,4,RANK,0.5,8.642842857142856,0.029929058562988498,6,False
9,7,Donny Osmond,8.666666666666666,0.5255402892130854,Winner,9.0,-4.0,1,RANK,0.5,8.857133333333334,0.5255402892130854,6,False
9,7,Joanna Krupa,9.166666666666666,0.05765512988027761,Eliminated,9.0,-5.0,2,RANK,0.5,9.071419047619047,0.05765512988027761,6,False
9,7,Kelly Osbourne,8.666666666666666,0.06892127844784768,Finalist,9.0,-6.0,3,RANK,0.5,7.999980952380953,0.06892127844784768,6,False
9,7,Mark Dacascos,7.166666666666667,0.03742069113864599,Eliminated,7.0,-12.0,6,RANK,0.5,8.071419047619047,0.03742069113864599,6,True
9,7,Michael Irvin,7.833333333333333,0.25567249976998946,Eliminated,7.0,-8.0,4,RANK,0.5,6.452371428571429,0.25567249976998946,6,False
9,7,Mya,8.166666666666666,0.02486105298716384,RunnerUp,9.0,-12.0,6,RANK,0.5,9.404757142857141,0.02486105298716384,6,True
9,8,Aaron Carter,8.333333333333334,0.0027781894095216847,Eliminated,8.0,-8.0,5,RANK,0.5,8.604154166666667,0.0027781894095216847,5,True
9,8,Donny Osmond,8.333333333333334,0.9673984899816754,Winner,9.0,-5.0,2,RANK,0.5,8.791658333333332,0.9673984899816754,5,False
9,8,Joanna Krupa,8.666666666666666,0.018993535987131938,Eliminated,9.0,-4.0,1,RANK,0.5,9.020825,0.018993535987131938,5,False
9,8,Kelly Osbourne,8.5,0.00826665966765788,Finalist,9.0,-6.0,3,RANK,0.5,8.062483333333333,0.00826665966765788,5,False
9,8,Mya,9.833333333333334,0.0025631249540167492,RunnerUp,9.0,-6.0,3,RANK,0.5,9.458329166666667,0.0025631249540167492,5,False
9,9,Donny Osmond,8.222199999999999,0.9571166451957729,Winner,9.0,-5.0,1,RANK,0.5,8.728385185185184,0.9571166451957729,1,True
9,9,Joanna Krupa,9.0,0.01352206626774795,Eliminated,9.0,-5.0,1,RANK,0.5,9.018511111111112,0.01352206626774795,1,True
9,9,Kelly Osbourne,8.6666,0.02723404437832893,Finalist,9.0,-5.0,1,RANK,0.5,8.129607407407407,0.02723404437832893,1,True
9,9,Mya,9.666633333333333,0.0021272441581467096,RunnerUp,9.0,-5.0,1,RANK,0.5,9.481474074074075,0.0021272441581467096,1,True
9,1,Aaron Carter,10.666633333333332,0.0008988320788095902,Eliminated,8.0,0.07971663037496925,4,PERCENT,0.5,10.666633333333332,0.0008988320788095902,16,False
9,1,Ashley Hamiliton,6.3333,0.0012208329658386944,Eliminated,1.0,0.04801880064221281,15,PERCENT,0.5,6.3333,0.0012208329658386944,16,False
9,1,Chuck Liddell,7.333333333333333,0.0014038535837324069,Eliminated,4.0,0.05559125924798487,10,PERCENT,0.5,7.333333333333333,0.0014038535837324069,16,False
9,1,Debi Mazar,7.333333333333333,0.0009293847421914798,Eliminated,3.0,0.05511679040644395,11,PERCENT,0.5,7.333333333333333,0.0009293847421914798,16,False
9,1,Donny Osmond,9.999966666666666,0.9514550521452572,Winner,9.0,1.0253467226537576,1,PERCENT,0.5,9.999966666666666,0.9514550521452572,16,False
9,1,Joanna Krupa,11.3333,0.004238574126650839,Eliminated,9.0,0.08798250021046981,2,PERCENT,0.5,11.3333,0.004238574126650839,16,False
9,1,Kathy Ireland,6.666633333333333,0.0028395173196880397,Eliminated,2.0,0.052100548889891816,13,PERCENT,0.5,6.666633333333333,0.0028395173196880397,16,False
9,1,Kelly Osbourne,10.333266666666667,0.0018978293922581433,Finalist,9.0,0.07825231748819877,5,PERCENT,0.5,10.333266666666667,0.0018978293922581433,16,False
9,1,Louie Vito,8.999933333333333,0.019399833903411833,Eliminated,6.0,0.08590206642403383,3,PERCENT,0.5,8.999933333333333,0.019399833903411833,16,False
9,1,Macy Gray,6.3333,0.0007870929348507788,Eliminated,1.0,0.047585060611224896,16,PERCENT,0.5,6.3333,0.0007870929348507788,16,True
9,1,Mark Dacascos,9.6666,0.0018927183469890226,Eliminated,7.0,0.07332107865527034,7,PERCENT,0.5,9.6666,0.0018927183469890226,16,False
9,1,Melissa Joan Hart,8.0,0.002297978490467931,Eliminated,6.0,0.06141151194237972,9,PERCENT,0.5,8.0,0.002297978490467931,16,False
9,1,Michael Irvin,6.333333333333333,0.0036978436503451507,Eliminated,7.0,0.050496057633108646,14,PERCENT,0.5,6.333333333333333,0.0036978436503451507,16,False
9,1,Mya,10.3333,0.0007208834096339252,RunnerUp,9.0,0.07707561781196394,6,PERCENT,0.5,10.3333,0.0007208834096339252,16,False
9,1,Natalie Coughlin,8.999933333333333,0.001133657558736556,Eliminated,5.0,0.06763589007935855,8,PERCENT,0.5,8.999933333333333,0.001133657558736556,16,False
9,1,Tom Delay,6.666633333333333,0.005186115351140726,Withdrew,,0.0544471469213445,12,PERCENT,0.5,6.666633333333333,0.005186115351140726,16,False
9,2,Aaron Carter,9.0,0.004475598803994206,Eliminated,8.0,0.09631233349693465,5,PERCENT,0.5,9.833316666666665,0.004475598803994206,14,False
9,2,Chuck Liddell,6.333333333333333,0.013386531783180956,Eliminated,4.0,0.07801238212265756,13,PERCENT,0.5,6.833333333333333,0.013386531783180956,14,False
9,2,Debi Mazar,7.0,0.011505851245006079,Eliminated,3.0,0.08293442267284865,9,PERCENT,0.5,7.166666666666666,0.011505851245006079,14,False
9,2,Donny Osmond,8.333333333333334,0.6434596916624354,Winner,9.0,0.72849370526701,1,PERCENT,0.5,9.16665,0.6434596916624354,14,False
9,2,Joanna Krupa,6.666666666666667,0.019766879416201644,Eliminated,9.0,0.08779409029986122,7,PERCENT,0.5,8.999983333333333,0.019766879416201644,14,False
9,2,Kathy Ireland,6.0,0.024719694797342602,Eliminated,2.0,0.08594418459263622,8,PERCENT,0.5,6.333316666666667,0.024719694797342602,14,False
9,2,Kelly Osbourne,6.333333333333333,0.006709364748526359,Finalist,9.0,0.07133521508800296,14,PERCENT,0.5,8.3333,0.006709364748526359,14,True
9,2,Louie Vito,6.333333333333333,0.06030517554788876,Eliminated,6.0,0.12493102588736535,3,PERCENT,0.5,7.666633333333333,0.06030517554788876,14,False
9,2,Mark Dacascos,7.0,0.00869073074162406,Eliminated,7.0,0.08011930216946662,12,PERCENT,0.5,8.333300000000001,0.00869073074162406,14,False
9,2,Melissa Joan Hart,6.333333333333333,0.016385375512441104,Eliminated,6.0,0.0810112258519177,11,PERCENT,0.5,7.166666666666666,0.016385375512441104,14,False
9,2,Michael Irvin,6.666666666666667,0.13836426203169977,Eliminated,7.0,0.20639147291535936,2,PERCENT,0.5,6.5,0.13836426203169977,14,False
9,2,Mya,9.0,0.004013264080368856,RunnerUp,9.0,0.0958499987733093,6,PERCENT,0.5,9.66665,0.004013264080368856,14,False
9,2,Natalie Coughlin,7.0,0.010144685194802766,Eliminated,5.0,0.08157325662264533,10,PERCENT,0.5,7.9999666666666664,0.010144685194802766,14,False
9,2,Tom Delay,6.0,0.03807289443449092,Withdrew,,0.09929738422978454,4,PERCENT,0.5,6.333316666666667,0.03807289443449092,14,False
9,3,Aaron Carter,7.0,0.00023679090880957294,Eliminated,8.0,0.0816321397450724,6,PERCENT,0.5,8.888877777777777,0.00023679090880957294,13,False
9,3,Chuck Liddell,5.666666666666667,0.0003885847831855066,Eliminated,4.0,0.06628005765063637,10,PERCENT,0.5,6.444444444444444,0.0003885847831855066,13,False
9,3,Debi Mazar,5.666666666666667,0.00013448246793989138,Eliminated,3.0,0.06602595533539075,11,PERCENT,0.5,6.666666666666667,0.00013448246793989138,13,False
9,3,Donny Osmond,7.0,0.9868835126332647,Winner,9.0,1.0682788614695276,1,PERCENT,0.5,8.444433333333334,0.9868835126332647,13,False
9,3,Joanna Krupa,7.666666666666667,0.002031758188898715,Eliminated,9.0,0.09117904500956753,4,PERCENT,0.5,8.555544444444445,0.002031758188898715,13,False
9,3,Kelly Osbourne,6.666666666666667,0.0004533442158321382,Finalist,9.0,0.07797272405989197,7,PERCENT,0.5,7.777755555555555,0.0004533442158321382,13,False
9,3,Louie Vito,6.666666666666667,0.004677094922167144,Eliminated,6.0,0.08219647476622698,5,PERCENT,0.5,7.333311111111111,0.004677094922167144,13,False
9,3,Mark Dacascos,6.0,0.00034226790286501544,Eliminated,7.0,0.07010970976251886,9,PERCENT,0.5,7.555533333333334,0.00034226790286501544,13,False
9,3,Melissa Joan Hart,6.333333333333333,0.0006788933859226468,Eliminated,6.0,0.07432230423777948,8,PERCENT,0.5,6.888888888888888,0.0006788933859226468,13,False
9,3,Michael Irvin,4.666666666666667,0.0013462602645014214,Eliminated,7.0,0.05560982615534331,13,PERCENT,0.5,5.888888888888889,0.0013462602645014214,13,True
9,3,Mya,9.0,0.00014164471358749095,RunnerUp,9.0,0.10479280750306827,2,PERCENT,0.5,9.444433333333334,0.00014164471358749095,13,False
9,3,Natalie Coughlin,8.666666666666666,0.0006338242081628508,Eliminated,5.0,0.10140901800544064,3,PERCENT,0.5,8.222199999999999,0.0006338242081628508,13,False
9,3,Tom Delay,5.0,0.0020515414048667344,Withdrew,,0.060191076287911614,12,PERCENT,0.5,5.888877777777778,0.0020515414048667344,13,False
9,4,Aaron Carter,6.0,0.0007244120131460628,Eliminated,8.0,0.07510457730148018,8,PERCENT,0.5,8.166658333333332,0.0007244120131460628,11,False
9,4,Chuck Liddell,5.666666666666667,0.0004964596025204551,Eliminated,4.0,0.07074439348594713,10,PERCENT,0.5,6.25,0.0004964596025204551,11,False
9,4,Donny Osmond,8.0,0.9687638719208519,Winner,9.0,1.0679374256386307,1,PERCENT,0.5,8.333325,0.9687638719208519,11,False
9,4,Joanna Krupa,8.666666666666666,0.011212123173758682,Eliminated,9.0,0.11865013970135241,2,PERCENT,0.5,8.583325,0.011212123173758682,11,False
9,4,Kelly Osbourne,7.666666666666667,0.001331262018942615,Finalist,9.0,0.09637258433181399,6,PERCENT,0.5,7.749983333333334,0.001331262018942615,11,False
9,4,Louie Vito,5.333333333333333,0.008744646389996101,Eliminated,6.0,0.07486034886851532,9,PERCENT,0.5,6.833316666666667,0.008744646389996101,11,False
9,4,Mark Dacascos,7.333333333333333,0.0016298128726635727,Eliminated,7.0,0.0925389037806275,7,PERCENT,0.5,7.499983333333334,0.0016298128726635727,11,False
9,4,Melissa Joan Hart,9.333333333333334,0.0020128330592307205,Eliminated,6.0,0.11771531239663936,3,PERCENT,0.5,7.5,0.0020128330592307205,11,False
9,4,Michael Irvin,5.333333333333333,0.003858940300692047,Eliminated,7.0,0.06997464277921127,11,PERCENT,0.5,5.75,0.003858940300692047,11,True
9,4,Mya,9.333333333333334,0.00042474276303989085,RunnerUp,9.0,0.11612722210044853,4,PERCENT,0.5,9.416658333333334,0.00042474276303989085,11,False
9,4,Natalie Coughlin,8.0,0.0008008958851493719,Eliminated,5.0,0.0999744496029282,5,PERCENT,0.5,8.16665,0.0008008958851493719,11,False
9,5,Aaron Carter,8.0,0.0473102668950346,Eliminated,8.0,0.14648382061281345,6,PERCENT,0.5,8.133326666666665,0.0473102668950346,10,False
9,5,Donny Osmond,9.666666666666666,0.038623787186545265,Winner,9.0,0.15845849792886135,5,PERCENT,0.5,8.599993333333334,0.038623787186545265,10,False
9,5,Joanna Krupa,8.0,0.08836127563456872,Eliminated,9.0,0.18753482935234755,3,PERCENT,0.5,8.466660000000001,0.08836127563456872,10,False
9,5,Kelly Osbourne,8.0,0.03216352733330559,Finalist,9.0,0.13133708105108444,8,PERCENT,0.5,7.799986666666666,0.03216352733330559,10,False
9,5,Louie Vito,7.333333333333333,0.32865206865984514,Eliminated,6.0,0.4195611595678091,2,PERCENT,0.5,6.93332,0.32865206865984514,10,False
9,5,Mark Dacascos,8.666666666666666,0.06250312146346937,Eliminated,7.0,0.1699411379910631,4,PERCENT,0.5,7.733320000000001,0.06250312146346937,10,False
9,5,Melissa Joan Hart,7.666666666666667,0.02745603687618942,Eliminated,6.0,0.12249735918906081,9,PERCENT,0.5,7.533333333333333,0.02745603687618942,10,False
9,5,Michael Irvin,7.0,0.3393125403616124,Eliminated,7.0,0.42608939986466887,1,PERCENT,0.5,6.0,0.3393125403616124,10,False
9,5,Mya,9.0,0.021124696736133784,RunnerUp,9.0,0.132694944668635,7,PERCENT,0.5,9.333326666666668,0.021124696736133784,10,False
9,5,Natalie Coughlin,7.333333333333333,0.01449267885329338,Eliminated,5.0,0.10540176976125731,10,PERCENT,0.5,7.999986666666667,0.01449267885329338,10,True
9,6,Aaron Carter,10.999933333333333,0.0017426328588182557,Eliminated,8.0,0.12866537989763197,3,PERCENT,0.5,8.611094444444445,0.0017426328588182557,9,False
9,6,Donny Osmond,10.3333,0.9554643469776868,Winner,9.0,1.0746951443136865,1,PERCENT,0.5,8.888877777777777,0.9554643469776868,9,False
9,6,Joanna Krupa,11.999966666666666,0.006021611003290785,Eliminated,9.0,0.14448324413811553,2,PERCENT,0.5,9.055544444444445,0.006021611003290785,9,False
9,6,Kelly Osbourne,8.333266666666667,0.0011739369976420796,Finalist,9.0,0.09732734675833564,7,PERCENT,0.5,7.888866666666668,0.0011739369976420796,9,False
9,6,Louie Vito,8.0,0.0027684985830091513,Eliminated,6.0,0.09507651041736964,8,PERCENT,0.5,7.1111,0.0027684985830091513,9,False
9,6,Mark Dacascos,10.666666666666666,0.0023015099101237114,Eliminated,7.0,0.12537885902260437,5,PERCENT,0.5,8.222211111111111,0.0023015099101237114,9,False
9,6,Melissa Joan Hart,7.9999666666666664,0.0014074153647668844,Eliminated,6.0,0.0937150425824114,9,PERCENT,0.5,7.6111055555555565,0.0014074153647668844,9,True
9,6,Michael Irvin,7.333266666666667,0.028248665092203647,Eliminated,7.0,0.11286357337360214,6,PERCENT,0.5,6.222211111111111,0.028248665092203647,9,False
9,6,Mya,11.0,0.0008713832124653011,RunnerUp,9.0,0.12779489948471098,4,PERCENT,0.5,9.611105555555556,0.0008713832124653011,9,False
9,7,Aaron Carter,8.833333333333334,0.029929058562988498,Eliminated,8.0,0.1809262095575584,5,PERCENT,0.5,8.642842857142856,0.029929058562988498,7,False
9,7,Donny Osmond,8.666666666666666,0.5255402892130854,Winner,9.0,0.6736884373587011,1,PERCENT,0.5,8.857133333333334,0.5255402892130854,7,False
9,7,Joanna Krupa,9.166666666666666,0.05765512988027761,Eliminated,9.0,0.21435028657275576,4,PERCENT,0.5,9.071419047619047,0.05765512988027761,7,False
9,7,Kelly Osbourne,8.666666666666666,0.06892127844784768,Finalist,9.0,0.2170694265934634,3,PERCENT,0.5,7.999980952380953,0.06892127844784768,7,False
9,7,Mark Dacascos,7.166666666666667,0.03742069113864599,Eliminated,7.0,0.15992781364367437,7,PERCENT,0.5,8.071419047619047,0.03742069113864599,7,True
9,7,Michael Irvin,7.833333333333333,0.25567249976998946,Eliminated,7.0,0.3895756336708345,2,PERCENT,0.5,6.452371428571429,0.25567249976998946,7,False
9,7,Mya,8.166666666666666,0.02486105298716384,RunnerUp,9.0,0.16446219258591713,6,PERCENT,0.5,9.404757142857141,0.02486105298716384,7,False
9,8,Aaron Carter,8.333333333333334,0.0027781894095216847,Eliminated,8.0,0.19361788406163985,5,PERCENT,0.5,8.604154166666667,0.0027781894095216847,5,True
9,8,Donny Osmond,8.333333333333334,0.9673984899816754,Winner,9.0,1.1582381846337937,1,PERCENT,0.5,8.791658333333332,0.9673984899816754,5,False
9,8,Joanna Krupa,8.666666666666666,0.018993535987131938,Eliminated,9.0,0.21746681842533483,3,PERCENT,0.5,9.020825,0.018993535987131938,5,False
9,8,Kelly Osbourne,8.5,0.00826665966765788,Finalist,9.0,0.20292314821281843,4,PERCENT,0.5,8.062483333333333,0.00826665966765788,5,False
9,8,Mya,9.833333333333334,0.0025631249540167492,RunnerUp,9.0,0.22775396464351622,2,PERCENT,0.5,9.458329166666667,0.0025631249540167492,5,False
9,9,Donny Osmond,8.222199999999999,0.9571166451957729,Winner,9.0,1.188366815111728,1,PERCENT,0.5,8.728385185185184,0.9571166451957729,4,False
9,9,Joanna Krupa,9.0,0.01352206626774795,Eliminated,9.0,0.26664793638080725,4,PERCENT,0.5,9.018511111111112,0.01352206626774795,4,True
9,9,Kelly Osbourne,8.6666,0.02723404437832893,Finalist,9.0,0.27098300725853336,3,PERCENT,0.5,8.129607407407407,0.02723404437832893,4,False
9,9,Mya,9.666633333333333,0.0021272441581467096,RunnerUp,9.0,0.2740022412208026,2,PERCENT,0.5,9.481474074074075,0.0021272441581467096,4,False
10,1,Aiden Turner,5.0,0.02561929611873846,Eliminated,4.0,-20.0,11,RANK,0.5,5.0,0.02561929611873846,11,True
10,1,Buzz Aldrin,4.666666666666667,0.03846972234745967,Eliminated,3.0,-18.0,10,RANK,0.5,4.666666666666667,0.03846972234745967,11,False
10,1,Chad Ochocinco,6.0,0.17166880854139363,Eliminated,9.0,-8.0,3,RANK,0.5,6.0,0.17166880854139363,11,False
10,1,Erin Andrews,7.0,0.022484982696302426,Finalist,9.0,-14.0,8,RANK,0.5,7.0,0.022484982696302426,11,False
10,1,Evan Lysacek,7.666666666666667,0.02855860989599737,RunnerUp,9.0,-11.0,5,RANK,0.5,7.666666666666667,0.02855860989599737,11,False
10,1,Jake Pavelka,6.666666666666667,0.04635070089854665,Eliminated,6.0,-11.0,5,RANK,0.5,6.666666666666667,0.04635070089854665,11,False
10,1,Kate Gosselin,5.333333333333333,0.033010503934135474,Eliminated,5.0,-17.0,9,RANK,0.5,5.333333333333333,0.033010503934135474,11,False
10,1,Nicole Scherzinger,8.333333333333334,0.39535040183686365,Winner,9.0,-2.0,1,RANK,0.5,8.333333333333334,0.39535040183686365,11,False
10,1,Niecy Nash,6.0,0.07499727883758298,Eliminated,8.0,-10.0,4,RANK,0.5,6.0,0.07499727883758298,11,False
10,1,Pamela Anderson,7.0,0.1061542508186365,Eliminated,7.0,-6.0,2,RANK,0.5,7.0,0.1061542508186365,11,False
10,1,Shannen Doherty,6.0,0.05733544407434384,Eliminated,2.0,-11.0,5,RANK,0.5,6.0,0.05733544407434384,11,False
10,2,Aiden Turner,6.333333333333333,0.0007157458969499276,Eliminated,4.0,-15.0,10,RANK,0.5,5.666666666666666,0.0007157458969499276,11,False
10,2,Buzz Aldrin,4.0,0.974305917619879,Eliminated,3.0,-12.0,5,RANK,0.5,4.333333333333334,0.974305917619879,11,False
10,2,Chad Ochocinco,5.333333333333333,0.004307834001528706,Eliminated,9.0,-13.0,7,RANK,0.5,5.666666666666666,0.004307834001528706,11,False
10,2,Erin Andrews,7.666666666666667,0.0003526699416619786,Finalist,9.0,-13.0,7,RANK,0.5,7.333333333333334,0.0003526699416619786,11,False
10,2,Evan Lysacek,8.0,0.0004016200730589245,RunnerUp,9.0,-11.0,4,RANK,0.5,7.833333333333334,0.0004016200730589245,11,False
10,2,Jake Pavelka,6.666666666666667,0.0004801394968147163,Eliminated,6.0,-14.0,9,RANK,0.5,6.666666666666667,0.0004801394968147163,11,False
10,2,Kate Gosselin,5.0,0.010968996874850118,Eliminated,5.0,-12.0,5,RANK,0.5,5.166666666666666,0.010968996874850118,11,False
10,2,Nicole Scherzinger,9.333333333333334,0.00485770292646522,Winner,9.0,-4.0,1,RANK,0.5,8.833333333333334,0.00485770292646522,11,False
10,2,Niecy Nash,7.0,0.0021221915131198906,Eliminated,8.0,-10.0,2,RANK,0.5,6.5,0.0021221915131198906,11,False
10,2,Pamela Anderson,7.333333333333333,0.0013097782430278912,Eliminated,7.0,-10.0,2,RANK,0.5,7.166666666666666,0.0013097782430278912,11,False
10,2,Shannen Doherty,6.666666666666667,0.00017740341264365852,Eliminated,2.0,-17.0,11,RANK,0.5,6.333333333333334,0.00017740341264365852,11,True
10,3,Aiden Turner,6.666666666666667,0.004439408081870213,Eliminated,4.0,-15.0,8,RANK,0.5,6.0,0.004439408081870213,9,False
10,3,Buzz Aldrin,4.333333333333333,0.006163687509247841,Eliminated,3.0,-16.0,9,RANK,0.5,4.333333333333333,0.006163687509247841,9,True
10,3,Chad Ochocinco,6.666666666666667,0.06295111833786941,Eliminated,9.0,-9.0,4,RANK,0.5,6.0,0.06295111833786941,9,False
10,3,Erin Andrews,7.666666666666667,0.004005982845203981,Finalist,9.0,-11.0,6,RANK,0.5,7.4444444444444455,0.004005982845203981,9,False
10,3,Evan Lysacek,8.666666666666666,0.003738738204789259,RunnerUp,9.0,-11.0,6,RANK,0.5,8.111111111111112,0.003738738204789259,9,False
10,3,Jake Pavelka,7.0,0.009259998216800595,Eliminated,6.0,-9.0,4,RANK,0.5,6.777777777777779,0.009259998216800595,9,False
10,3,Kate Gosselin,5.0,0.005301351188230495,Eliminated,5.0,-16.0,9,RANK,0.5,5.111111111111111,0.005301351188230495,9,True
10,3,Nicole Scherzinger,7.666666666666667,0.8752317529343168,Winner,9.0,-3.0,1,RANK,0.5,8.444444444444445,0.8752317529343168,9,False
10,3,Niecy Nash,7.0,0.011982028240728625,Eliminated,8.0,-8.0,3,RANK,0.5,6.666666666666667,0.011982028240728625,9,False
10,3,Pamela Anderson,7.0,0.016925934440944455,Eliminated,7.0,-7.0,2,RANK,0.5,7.111111111111111,0.016925934440944455,9,False
10,4,Aiden Turner,5.5,0.01692661264134463,Eliminated,4.0,-17.0,9,RANK,0.5,5.875,0.01692661264134463,9,True
10,4,Chad Ochocinco,7.333333333333333,0.15541939713411176,Eliminated,9.0,-7.0,2,RANK,0.5,6.333333333333333,0.15541939713411176,9,False
10,4,Erin Andrews,6.5,0.026201579808064618,Finalist,9.0,-13.0,7,RANK,0.5,7.208333333333334,0.026201579808064618,9,False
10,4,Evan Lysacek,8.666666666666666,0.03538340978994424,RunnerUp,9.0,-7.0,2,RANK,0.5,8.25,0.03538340978994424,9,False
10,4,Jake Pavelka,6.333333333333333,0.035055582421374736,Eliminated,6.0,-13.0,7,RANK,0.5,6.666666666666667,0.035055582421374736,9,False
10,4,Kate Gosselin,5.333333333333333,0.17333592287043276,Eliminated,5.0,-11.0,5,RANK,0.5,5.166666666666666,0.17333592287043276,9,False
10,4,Nicole Scherzinger,8.333333333333334,0.4103938464840501,Winner,9.0,-3.0,1,RANK,0.5,8.416666666666668,0.4103938464840501,9,False
10,4,Niecy Nash,6.0,0.05206940315224845,Eliminated,8.0,-12.0,6,RANK,0.5,6.5,0.05206940315224845,9,False
10,4,Pamela Anderson,7.833333333333333,0.09521424569842986,Eliminated,7.0,-7.0,2,RANK,0.5,7.291666666666666,0.09521424569842986,9,False
10,5,Chad Ochocinco,6.0,0.186331319572422,Eliminated,9.0,-8.0,3,RANK,0.5,6.266666666666667,0.186331319572422,8,False
10,5,Erin Andrews,7.333333333333333,0.04171335081898503,Finalist,9.0,-11.0,7,RANK,0.5,7.2333333333333325,0.04171335081898503,8,False
10,5,Evan Lysacek,9.0,0.05011014009418198,RunnerUp,9.0,-8.0,3,RANK,0.5,8.4,0.05011014009418198,8,False
10,5,Jake Pavelka,7.666666666666667,0.11512568146707247,Eliminated,6.0,-6.0,2,RANK,0.5,6.866666666666667,0.11512568146707247,8,False
10,5,Kate Gosselin,5.0,0.03570561166440674,Eliminated,5.0,-16.0,8,RANK,0.5,5.133333333333333,0.03570561166440674,8,True
10,5,Nicole Scherzinger,9.666666666666666,0.42717056159625666,Winner,9.0,-2.0,1,RANK,0.5,8.666666666666668,0.42717056159625666,8,False
10,5,Niecy Nash,6.0,0.08145291932713379,Eliminated,8.0,-10.0,5,RANK,0.5,6.4,0.08145291932713379,8,False
10,5,Pamela Anderson,7.0,0.06239041545954191,Eliminated,7.0,-10.0,5,RANK,0.5,7.2333333333333325,0.06239041545954191,8,False
10,6,Chad Ochocinco,10.3333,0.4430853804472373,Eliminated,9.0,-4.0,2,RANK,0.5,6.9444388888888895,0.4430853804472373,7,False
10,6,Erin Andrews,11.333333333333334,0.06465352124082949,Finalist,9.0,-7.0,3,RANK,0.5,7.916666666666667,0.06465352124082949,7,False
10,6,Evan Lysacek,9.0,0.043410397735923055,RunnerUp,9.0,-12.0,6,RANK,0.5,8.5,0.043410397735923055,7,False
10,6,Jake Pavelka,8.3333,0.05194626051152101,Eliminated,6.0,-13.0,7,RANK,0.5,7.1111055555555565,0.05194626051152101,7,True
10,6,Nicole Scherzinger,11.999966666666666,0.1933300527353408,Winner,9.0,-3.0,1,RANK,0.5,9.222216666666666,0.1933300527353408,7,False
10,6,Niecy Nash,8.6666,0.08438274944325455,Eliminated,8.0,-10.0,5,RANK,0.5,6.777766666666667,0.08438274944325455,7,False
10,6,Pamela Anderson,9.999933333333333,0.11919163788589282,Eliminated,7.0,-7.0,3,RANK,0.5,7.6944333333333335,0.11919163788589282,7,False
10,7,Chad Ochocinco,8.666666666666666,0.36377996350605135,Eliminated,9.0,-5.0,2,RANK,0.5,7.190471428571429,0.36377996350605135,6,False
10,7,Erin Andrews,8.5,0.05988066435475468,Finalist,9.0,-8.0,5,RANK,0.5,8.0,0.05988066435475468,6,False
10,7,Evan Lysacek,9.0,0.05057748622445772,RunnerUp,9.0,-7.0,3,RANK,0.5,8.571428571428571,0.05057748622445772,6,False
10,7,Nicole Scherzinger,9.0,0.08754305928767124,Winner,9.0,-4.0,1,RANK,0.5,9.190471428571428,0.08754305928767124,6,False
10,7,Niecy Nash,8.166666666666666,0.3838462594600782,Eliminated,8.0,-7.0,3,RANK,0.5,6.976180952380952,0.3838462594600782,6,False
10,7,Pamela Anderson,8.5,0.05437256716698813,Eliminated,7.0,-9.0,6,RANK,0.5,7.809514285714286,0.05437256716698813,6,True
10,8,Chad Ochocinco,7.5,0.21372112735372917,Eliminated,9.0,-6.0,2,RANK,0.5,7.2291625,0.21372112735372917,5,False
10,8,Erin Andrews,8.833333333333334,0.09336195329013483,Finalist,9.0,-6.0,2,RANK,0.5,8.104166666666666,0.09336195329013483,5,False
10,8,Evan Lysacek,8.833333333333334,0.07134140833455557,RunnerUp,9.0,-7.0,4,RANK,0.5,8.604166666666666,0.07134140833455557,5,False
10,8,Nicole Scherzinger,9.833333333333334,0.49016844444740126,Winner,9.0,-2.0,1,RANK,0.5,9.270829166666667,0.49016844444740126,5,False
10,8,Niecy Nash,7.166666666666667,0.13140706657417783,Eliminated,8.0,-8.0,5,RANK,0.5,6.999991666666666,0.13140706657417783,5,True
10,9,Chad Ochocinco,8.666666666666666,0.5279323261488553,Eliminated,9.0,-5.0,3,RANK,0.5,7.388885185185185,0.5279323261488553,4,False
10,9,Erin Andrews,9.333333333333334,0.10046441425164465,Finalist,9.0,-7.0,4,RANK,0.5,8.24074074074074,0.10046441425164465,4,True
10,9,Evan Lysacek,9.833333333333334,0.1339804167783573,RunnerUp,9.0,-4.0,2,RANK,0.5,8.74074074074074,0.1339804167783573,4,False
10,9,Nicole Scherzinger,9.833333333333334,0.23762284282115056,Winner,9.0,-3.0,1,RANK,0.5,9.33332962962963,0.23762284282115056,4,False
10,1,Aiden Turner,5.0,0.02561929611873846,Eliminated,4.0,0.09738963104593792,11,PERCENT,0.5,5.0,0.02561929611873846,11,True
10,1,Buzz Aldrin,4.666666666666667,0.03846972234745967,Eliminated,3.0,0.1054553682795125,10,PERCENT,0.5,4.666666666666667,0.03846972234745967,11,False
10,1,Chad Ochocinco,6.0,0.17166880854139363,Eliminated,9.0,0.257793210454033,2,PERCENT,0.5,6.0,0.17166880854139363,11,False
10,1,Erin Andrews,7.0,0.022484982696302426,Finalist,9.0,0.12296345159438168,8,PERCENT,0.5,7.0,0.022484982696302426,11,False
10,1,Evan Lysacek,7.666666666666667,0.02855860989599737,RunnerUp,9.0,0.13860645678436986,7,PERCENT,0.5,7.666666666666667,0.02855860989599737,11,False
10,1,Jake Pavelka,6.666666666666667,0.04635070089854665,Eliminated,6.0,0.14204448080147927,6,PERCENT,0.5,6.666666666666667,0.04635070089854665,11,False
10,1,Kate Gosselin,5.333333333333333,0.033010503934135474,Eliminated,5.0,0.10956552785648156,9,PERCENT,0.5,5.333333333333333,0.033010503934135474,11,False
10,1,Nicole Scherzinger,8.333333333333334,0.39535040183686365,Winner,9.0,0.5149676267155294,1,PERCENT,0.5,8.333333333333334,0.39535040183686365,11,False
10,1,Niecy Nash,6.0,0.07499727883758298,Eliminated,8.0,0.16112168075022232,4,PERCENT,0.5,6.0,0.07499727883758298,11,False
10,1,Pamela Anderson,7.0,0.1061542508186365,Eliminated,7.0,0.20663271971671576,3,PERCENT,0.5,7.0,0.1061542508186365,11,False
10,1,Shannen Doherty,6.0,0.05733544407434384,Eliminated,2.0,0.1434598459869832,5,PERCENT,0.5,6.0,0.05733544407434384,11,False
10,2,Aiden Turner,6.333333333333333,0.0007157458969499276,Eliminated,4.0,0.0870793822594086,9,PERCENT,0.5,5.666666666666666,0.0007157458969499276,11,False
10,2,Buzz Aldrin,4.0,0.974305917619879,Eliminated,3.0,1.0288513721645898,1,PERCENT,0.5,4.333333333333334,0.974305917619879,11,False
10,2,Chad Ochocinco,5.333333333333333,0.004307834001528706,Eliminated,9.0,0.0770351067278097,11,PERCENT,0.5,5.666666666666666,0.004307834001528706,11,True
10,2,Erin Andrews,7.666666666666667,0.0003526699416619786,Finalist,9.0,0.10489812448569091,4,PERCENT,0.5,7.333333333333334,0.0003526699416619786,11,False
10,2,Evan Lysacek,8.0,0.0004016200730589245,RunnerUp,9.0,0.10949252916248041,3,PERCENT,0.5,7.833333333333334,0.0004016200730589245,11,False
10,2,Jake Pavelka,6.666666666666667,0.0004801394968147163,Eliminated,6.0,0.09138923040466597,7,PERCENT,0.5,6.666666666666667,0.0004801394968147163,11,False
10,2,Kate Gosselin,5.0,0.010968996874850118,Eliminated,5.0,0.07915081505573855,10,PERCENT,0.5,5.166666666666666,0.010968996874850118,11,False
10,2,Nicole Scherzinger,9.333333333333334,0.00485770292646522,Winner,9.0,0.132130430197457,2,PERCENT,0.5,8.833333333333334,0.00485770292646522,11,False
10,2,Niecy Nash,7.0,0.0021221915131198906,Eliminated,8.0,0.0975767369663637,6,PERCENT,0.5,6.5,0.0021221915131198906,11,False
10,2,Pamela Anderson,7.333333333333333,0.0013097782430278912,Eliminated,7.0,0.10130977824166425,5,PERCENT,0.5,7.166666666666666,0.0013097782430278912,11,False
10,2,Shannen Doherty,6.666666666666667,0.00017740341264365852,Eliminated,2.0,0.09108649432049491,8,PERCENT,0.5,6.333333333333334,0.00017740341264365852,11,False
10,3,Aiden Turner,6.666666666666667,0.004439408081870213,Eliminated,4.0,0.10296157556809894,8,PERCENT,0.5,6.0,0.004439408081870213,10,False
10,3,Buzz Aldrin,4.333333333333333,0.006163687509247841,Eliminated,3.0,0.07020309637529651,10,PERCENT,0.5,4.333333333333333,0.006163687509247841,10,True
10,3,Chad Ochocinco,6.666666666666667,0.06295111833786941,Eliminated,9.0,0.16147328582409815,2,PERCENT,0.5,6.0,0.06295111833786941,10,False
10,3,Erin Andrews,7.666666666666667,0.004005982845203981,Finalist,9.0,0.11730647545436702,5,PERCENT,0.5,7.4444444444444455,0.004005982845203981,10,False
10,3,Evan Lysacek,8.666666666666666,0.003738738204789259,RunnerUp,9.0,0.1318175559368866,3,PERCENT,0.5,8.111111111111112,0.003738738204789259,10,False
10,3,Jake Pavelka,7.0,0.009259998216800595,Eliminated,6.0,0.11270827407734076,7,PERCENT,0.5,6.777777777777779,0.009259998216800595,10,False
10,3,Kate Gosselin,5.0,0.005301351188230495,Eliminated,5.0,0.07919297680290203,9,PERCENT,0.5,5.111111111111111,0.005301351188230495,10,False
10,3,Nicole Scherzinger,7.666666666666667,0.8752317529343168,Winner,9.0,0.9885322455434798,1,PERCENT,0.5,8.444444444444445,0.8752317529343168,10,False
10,3,Niecy Nash,7.0,0.011982028240728625,Eliminated,8.0,0.11543030410126878,6,PERCENT,0.5,6.666666666666667,0.011982028240728625,10,False
10,3,Pamela Anderson,7.0,0.016925934440944455,Eliminated,7.0,0.12037421030148461,4,PERCENT,0.5,7.111111111111111,0.016925934440944455,10,False
10,4,Aiden Turner,5.5,0.01692661264134463,Eliminated,4.0,0.10587539970190071,9,PERCENT,0.5,5.875,0.01692661264134463,9,True
10,4,Chad Ochocinco,7.333333333333333,0.15541939713411176,Eliminated,9.0,0.2740177798815199,2,PERCENT,0.5,6.333333333333333,0.15541939713411176,9,False
10,4,Erin Andrews,6.5,0.026201579808064618,Finalist,9.0,0.13132287360690365,8,PERCENT,0.5,7.208333333333334,0.026201579808064618,9,False
10,4,Evan Lysacek,8.666666666666666,0.03538340978994424,RunnerUp,9.0,0.1755451348550629,5,PERCENT,0.5,8.25,0.03538340978994424,9,False
10,4,Jake Pavelka,6.333333333333333,0.035055582421374736,Eliminated,6.0,0.13748145843049991,7,PERCENT,0.5,6.666666666666667,0.035055582421374736,9,False
10,4,Kate Gosselin,5.333333333333333,0.17333592287043276,Eliminated,5.0,0.259589292141275,3,PERCENT,0.5,5.166666666666666,0.17333592287043276,9,False
10,4,Nicole Scherzinger,8.333333333333334,0.4103938464840501,Winner,9.0,0.5451647359697411,1,PERCENT,0.5,8.416666666666668,0.4103938464840501,9,False
10,4,Niecy Nash,6.0,0.05206940315224845,Eliminated,8.0,0.149104443581946,6,PERCENT,0.5,6.5,0.05206940315224845,9,False
10,4,Pamela Anderson,7.833333333333333,0.09521424569842986,Eliminated,7.0,0.2218988818149794,4,PERCENT,0.5,7.291666666666666,0.09521424569842986,9,False
10,5,Chad Ochocinco,6.0,0.186331319572422,Eliminated,9.0,0.2903775623451842,2,PERCENT,0.5,6.266666666666667,0.186331319572422,8,False
10,5,Erin Andrews,7.333333333333333,0.04171335081898503,Finalist,9.0,0.16888098087458328,7,PERCENT,0.5,7.2333333333333325,0.04171335081898503,8,False
10,5,Evan Lysacek,9.0,0.05011014009418198,RunnerUp,9.0,0.20617950425332532,4,PERCENT,0.5,8.4,0.05011014009418198,8,False
10,5,Jake Pavelka,7.666666666666667,0.11512568146707247,Eliminated,6.0,0.24807365834337974,3,PERCENT,0.5,6.866666666666667,0.11512568146707247,8,False
10,5,Kate Gosselin,5.0,0.03570561166440674,Eliminated,5.0,0.12241081397504192,8,PERCENT,0.5,5.133333333333333,0.03570561166440674,8,True
10,5,Nicole Scherzinger,9.666666666666666,0.42717056159625666,Winner,9.0,0.594800619396818,1,PERCENT,0.5,8.666666666666668,0.42717056159625666,8,False
10,5,Niecy Nash,6.0,0.08145291932713379,Eliminated,8.0,0.185499162099896,5,PERCENT,0.5,6.4,0.08145291932713379,8,False
10,5,Pamela Anderson,7.0,0.06239041545954191,Eliminated,7.0,0.18377769869443117,6,PERCENT,0.5,7.2333333333333325,0.06239041545954191,8,False
10,6,Chad Ochocinco,10.3333,0.4430853804472373,Eliminated,9.0,0.5914107576114431,1,PERCENT,0.5,6.9444388888888895,0.4430853804472373,7,False
10,6,Erin Andrews,11.333333333333334,0.06465352124082949,Finalist,9.0,0.2273334919369608,4,PERCENT,0.5,7.916666666666667,0.06465352124082949,7,False
10,6,Evan Lysacek,9.0,0.043410397735923055,RunnerUp,9.0,0.17259743328873323,6,PERCENT,0.5,8.5,0.043410397735923055,7,False
10,6,Jake Pavelka,8.3333,0.05194626051152101,Eliminated,6.0,0.17156340755288021,7,PERCENT,0.5,7.1111055555555565,0.05194626051152101,7,True
10,6,Nicole Scherzinger,11.999966666666666,0.1933300527353408,Winner,9.0,0.36557895500191895,2,PERCENT,0.5,9.222216666666666,0.1933300527353408,7,False
10,6,Niecy Nash,8.6666,0.08438274944325455,Eliminated,8.0,0.20878412303458618,5,PERCENT,0.5,6.777766666666667,0.08438274944325455,7,False
10,6,Pamela Anderson,9.999933333333333,0.11919163788589282,Eliminated,7.0,0.2627318315591223,3,PERCENT,0.5,7.6944333333333335,0.11919163788589282,7,False
10,7,Chad Ochocinco,8.666666666666666,0.36377996350605135,Eliminated,9.0,0.5309825358500925,2,PERCENT,0.5,7.190471428571429,0.36377996350605135,6,False
10,7,Erin Andrews,8.5,0.05988066435475468,Finalist,9.0,0.22386780261525654,5,PERCENT,0.5,8.0,0.05988066435475468,6,False
10,7,Evan Lysacek,9.0,0.05057748622445772,RunnerUp,9.0,0.22421092673557735,4,PERCENT,0.5,8.571428571428571,0.05057748622445772,6,False
10,7,Nicole Scherzinger,9.0,0.08754305928767124,Winner,9.0,0.2611764997987909,3,PERCENT,0.5,9.190471428571428,0.08754305928767124,6,False
10,7,Niecy Nash,8.166666666666666,0.3838462594600782,Eliminated,8.0,0.5414025295535017,1,PERCENT,0.5,6.976180952380952,0.3838462594600782,6,False
10,7,Pamela Anderson,8.5,0.05437256716698813,Eliminated,7.0,0.21835970542749,6,PERCENT,0.5,7.809514285714286,0.05437256716698813,6,True
10,8,Chad Ochocinco,7.5,0.21372112735372917,Eliminated,9.0,0.39158673999773236,2,PERCENT,0.5,7.2291625,0.21372112735372917,5,False
10,8,Erin Andrews,8.833333333333334,0.09336195329013483,Finalist,9.0,0.3028481192930719,3,PERCENT,0.5,8.104166666666666,0.09336195329013483,5,False
10,8,Evan Lysacek,8.833333333333334,0.07134140833455557,RunnerUp,9.0,0.28082757433749267,5,PERCENT,0.5,8.604166666666666,0.07134140833455557,5,True
10,8,Nicole Scherzinger,9.833333333333334,0.49016844444740126,Winner,9.0,0.7233700254695388,1,PERCENT,0.5,9.270829166666667,0.49016844444740126,5,False
10,8,Niecy Nash,7.166666666666667,0.13140706657417783,Eliminated,8.0,0.3013675408784475,4,PERCENT,0.5,6.999991666666666,0.13140706657417783,5,False
10,9,Chad Ochocinco,8.666666666666666,0.5279323261488553,Eliminated,9.0,0.758020821717968,1,PERCENT,0.5,7.388885185185185,0.5279323261488553,4,False
10,9,Erin Andrews,9.333333333333334,0.10046441425164465,Finalist,9.0,0.3482520248645352,4,PERCENT,0.5,8.24074074074074,0.10046441425164465,4,True
10,9,Evan Lysacek,9.833333333333334,0.1339804167783573,RunnerUp,9.0,0.3950423636740813,3,PERCENT,0.5,8.74074074074074,0.1339804167783573,4,False
10,9,Nicole Scherzinger,9.833333333333334,0.23762284282115056,Winner,9.0,0.4986847897168746,2,PERCENT,0.5,9.33332962962963,0.23762284282115056,4,False
11,1,Audrina Patridge,6.333333333333333,0.02858106691199589,Eliminated,6.0,-14.0,7,RANK,0.5,6.333333333333333,0.02858106691199589,12,False
11,1,Brandy,7.666666666666667,0.02227826442135498,Eliminated,9.0,-13.0,5,RANK,0.5,7.666666666666667,0.02227826442135498,12,False
11,1,Bristol Palin,6.0,0.024954828797497955,Finalist,9.0,-17.0,9,RANK,0.5,6.0,0.024954828797497955,12,False
11,1,David Hasselhoff,5.0,0.0455812477176812,Eliminated,1.0,-17.0,9,RANK,0.5,5.0,0.0455812477176812,12,False
11,1,Florence Henderson,6.0,0.02035915527200841,Eliminated,5.0,-19.0,12,RANK,0.5,6.0,0.02035915527200841,12,True
11,1,Jennifer Grey,8.0,0.3922089642762141,Winner,9.0,-2.0,1,RANK,0.5,8.0,0.3922089642762141,12,False
11,1,Kurt Warner,6.333333333333333,0.05745728637005861,Eliminated,8.0,-9.0,4,RANK,0.5,6.333333333333333,0.05745728637005861,12,False
11,1,Kyle Massey,7.666666666666667,0.04607131877653944,RunnerUp,9.0,-8.0,3,RANK,0.5,7.666666666666667,0.04607131877653944,12,False
11,1,Margaret Cho,5.0,0.10749922599309555,Eliminated,3.0,-13.0,5,RANK,0.5,5.0,0.10749922599309555,12,False
11,1,Michael Bolton,5.333333333333333,0.03802671880130148,Eliminated,2.0,-17.0,9,RANK,0.5,5.333333333333333,0.03802671880130148,12,False
11,1,Rick Fox,7.333333333333333,0.17047384494217946,Eliminated,7.0,-6.0,2,RANK,0.5,7.333333333333333,0.17047384494217946,12,False
11,1,The Situation,5.0,0.04650807772007342,Eliminated,4.0,-15.0,8,RANK,0.5,5.0,0.04650807772007342,12,False
11,2,Audrina Patridge,7.666666666666667,0.05778699143434885,Eliminated,6.0,-7.0,2,RANK,0.5,7.0,0.05778699143434885,11,False
11,2,Brandy,7.0,0.025281825432003826,Eliminated,9.0,-15.0,8,RANK,0.5,7.333333333333334,0.025281825432003826,11,False
11,2,Bristol Palin,7.333333333333333,0.046348755475019245,Finalist,9.0,-9.0,4,RANK,0.5,6.666666666666666,0.046348755475019245,11,False
11,2,Florence Henderson,6.333333333333333,0.02868011326832482,Eliminated,5.0,-17.0,10,RANK,0.5,6.166666666666666,0.02868011326832482,11,False
11,2,Jennifer Grey,8.0,0.3946415266776644,Winner,9.0,-2.0,1,RANK,0.5,8.0,0.3946415266776644,11,False
11,2,Kurt Warner,7.0,0.07509385841481622,Eliminated,8.0,-9.0,4,RANK,0.5,6.666666666666666,0.07509385841481622,11,False
11,2,Kyle Massey,7.333333333333333,0.032717915792399924,RunnerUp,9.0,-11.0,6,RANK,0.5,7.5,0.032717915792399924,11,False
11,2,Margaret Cho,6.0,0.10612102881201212,Eliminated,3.0,-12.0,7,RANK,0.5,5.5,0.10612102881201212,11,False
11,2,Michael Bolton,4.0,0.02271877020400319,Eliminated,2.0,-22.0,11,RANK,0.5,4.666666666666666,0.02271877020400319,11,True
11,2,Rick Fox,7.0,0.17229763713079974,Eliminated,7.0,-7.0,2,RANK,0.5,7.166666666666666,0.17229763713079974,11,False
11,2,The Situation,6.0,0.03831157735860946,Eliminated,4.0,-16.0,9,RANK,0.5,5.5,0.03831157735860946,11,False
11,3,Audrina Patridge,8.666666666666666,0.01387714058550084,Eliminated,6.0,-9.0,5,RANK,0.5,7.5555555555555545,0.01387714058550084,10,False
11,3,Brandy,8.0,0.017923890654702637,Eliminated,9.0,-8.0,3,RANK,0.5,7.555555555555556,0.017923890654702637,10,False
11,3,Bristol Palin,6.333333333333333,0.011695111613692714,Finalist,9.0,-19.0,10,RANK,0.5,6.5555555555555545,0.011695111613692714,10,True
11,3,Florence Henderson,6.666666666666667,0.013299916308857525,Eliminated,5.0,-16.0,9,RANK,0.5,6.333333333333333,0.013299916308857525,10,False
11,3,Jennifer Grey,8.0,0.6405646441774037,Winner,9.0,-3.0,1,RANK,0.5,8.0,0.6405646441774037,10,False
11,3,Kurt Warner,7.666666666666667,0.04890049737857374,Eliminated,8.0,-8.0,3,RANK,0.5,7.0,0.04890049737857374,10,False
11,3,Kyle Massey,7.666666666666667,0.02144080855326114,RunnerUp,9.0,-10.0,6,RANK,0.5,7.555555555555556,0.02144080855326114,10,False
11,3,Margaret Cho,6.0,0.03461916415166155,Eliminated,3.0,-14.0,7,RANK,0.5,5.666666666666667,0.03461916415166155,10,False
11,3,Rick Fox,8.0,0.1822760608115569,Eliminated,7.0,-4.0,2,RANK,0.5,7.444444444444444,0.1822760608115569,10,False
11,3,The Situation,6.666666666666667,0.015402765764794399,Eliminated,4.0,-14.0,7,RANK,0.5,5.888888888888889,0.015402765764794399,10,False
11,4,Audrina Patridge,7.666666666666667,0.048055770141601326,Eliminated,6.0,-9.0,5,RANK,0.5,7.583333333333333,0.048055770141601326,9,False
11,4,Brandy,8.0,0.07896376307919117,Eliminated,9.0,-6.0,2,RANK,0.5,7.666666666666667,0.07896376307919117,9,False
11,4,Bristol Palin,5.333333333333333,0.04075873769717537,Finalist,9.0,-15.0,8,RANK,0.5,6.25,0.04075873769717537,9,False
11,4,Florence Henderson,5.833333333333333,0.03466712636774511,Eliminated,5.0,-14.0,7,RANK,0.5,6.208333333333333,0.03466712636774511,9,False
11,4,Jennifer Grey,9.333333333333334,0.41429833859394544,Winner,9.0,-2.0,1,RANK,0.5,8.333333333333334,0.41429833859394544,9,False
11,4,Kurt Warner,5.666666666666667,0.06054853305515589,Eliminated,8.0,-12.0,6,RANK,0.5,6.666666666666667,0.06054853305515589,9,False
11,4,Kyle Massey,6.666666666666667,0.11146163708012971,RunnerUp,9.0,-7.0,3,RANK,0.5,7.333333333333334,0.11146163708012971,9,False
11,4,Rick Fox,6.5,0.18093595043993935,Eliminated,7.0,-7.0,3,RANK,0.5,7.208333333333333,0.18093595043993935,9,False
11,4,The Situation,4.666666666666667,0.030310143545112814,Eliminated,4.0,-18.0,9,RANK,0.5,5.583333333333334,0.030310143545112814,9,True
11,5,Audrina Patridge,7.666666666666667,0.001994890552303804,Eliminated,6.0,-11.0,7,RANK,0.5,7.6,0.001994890552303804,8,False
11,5,Brandy,9.0,0.0014136180998913861,Eliminated,9.0,-8.0,3,RANK,0.5,7.9333333333333345,0.0014136180998913861,8,False
11,5,Bristol Palin,6.0,0.6310987918671452,Finalist,9.0,-9.0,5,RANK,0.5,6.2,0.6310987918671452,8,False
11,5,Florence Henderson,7.0,0.001246605706566642,Eliminated,5.0,-14.0,8,RANK,0.5,6.366666666666666,0.001246605706566642,8,True
11,5,Jennifer Grey,8.333333333333334,0.30852592061663087,Winner,9.0,-4.0,1,RANK,0.5,8.333333333333334,0.30852592061663087,8,False
11,5,Kurt Warner,8.0,0.0064264415248963406,Eliminated,8.0,-8.0,3,RANK,0.5,6.933333333333333,0.0064264415248963406,8,False
11,5,Kyle Massey,6.666666666666667,0.025327171008814882,RunnerUp,9.0,-10.0,6,RANK,0.5,7.2,0.025327171008814882,8,False
11,5,Rick Fox,8.0,0.023966560623750997,Eliminated,7.0,-7.0,2,RANK,0.5,7.366666666666665,0.023966560623750997,8,False
11,6,Audrina Patridge,10.6666,0.00014345277343118503,Eliminated,6.0,-9.0,4,RANK,0.5,8.1111,0.00014345277343118503,7,False
11,6,Brandy,11.999966666666666,0.00022956070374059452,Eliminated,9.0,-7.0,3,RANK,0.5,8.611105555555556,0.00022956070374059452,7,False
11,6,Bristol Palin,9.333266666666667,0.0011712472076192164,Finalist,9.0,-10.0,7,RANK,0.5,6.722211111111111,0.0011712472076192164,7,True
11,6,Jennifer Grey,9.666666666666666,0.5030460070872365,Winner,9.0,-6.0,1,RANK,0.5,8.555555555555555,0.5030460070872365,7,False
11,6,Kurt Warner,7.3333,0.49242244948446373,Eliminated,8.0,-9.0,4,RANK,0.5,6.999994444444444,0.49242244948446373,7,False
11,6,Kyle Massey,9.999966666666666,0.0011401823994837462,RunnerUp,9.0,-9.0,4,RANK,0.5,7.666661111111111,0.0011401823994837462,7,False
11,6,Rick Fox,10.0,0.0018471003440228343,Eliminated,7.0,-6.0,1,RANK,0.5,7.8055555555555545,0.0018471003440228343,7,False
11,7,Brandy,9.125,0.02212118430347894,Eliminated,9.0,-7.0,2,RANK,0.5,8.684519047619048,0.02212118430347894,6,False
11,7,Bristol Palin,8.125,0.47980015243895635,Finalist,9.0,-7.0,2,RANK,0.5,6.922609523809524,0.47980015243895635,6,False
11,7,Jennifer Grey,9.125,0.18585625798239044,Winner,9.0,-4.0,1,RANK,0.5,8.636904761904763,0.18585625798239044,6,False
11,7,Kurt Warner,8.75,0.04981307103580058,Eliminated,8.0,-7.0,2,RANK,0.5,7.249995238095238,0.04981307103580058,6,False
11,7,Kyle Massey,8.375,0.23385946857057097,RunnerUp,9.0,-7.0,2,RANK,0.5,7.767852380952381,0.23385946857057097,6,False
11,7,Rick Fox,8.625,0.028549865668802684,Eliminated,7.0,-9.0,6,RANK,0.5,7.922619047619047,0.028549865668802684,6,True
11,8,Brandy,9.5,0.11795897760956853,Eliminated,9.0,-5.0,2,RANK,0.5,8.786454166666667,0.11795897760956853,5,False
11,8,Bristol Palin,7.833333333333333,0.20233725890508783,Finalist,9.0,-7.0,4,RANK,0.5,7.03645,0.20233725890508783,5,False
11,8,Jennifer Grey,9.5,0.44026244776749657,Winner,9.0,-2.0,1,RANK,0.5,8.744791666666666,0.44026244776749657,5,False
11,8,Kurt Warner,8.0,0.046987896873360364,Eliminated,8.0,-9.0,5,RANK,0.5,7.343745833333333,0.046987896873360364,5,True
11,8,Kyle Massey,9.333333333333334,0.19245341884448663,RunnerUp,9.0,-6.0,3,RANK,0.5,7.9635375,0.19245341884448663,5,False
11,9,Brandy,9.5,0.02577598033368117,Eliminated,9.0,-7.0,4,RANK,0.5,8.865737037037038,0.02577598033368117,4,True
11,9,Bristol Palin,8.833333333333334,0.6566537762108174,Finalist,9.0,-5.0,2,RANK,0.5,7.236103703703703,0.6566537762108174,4,False
11,9,Jennifer Grey,10.0,0.2505785330383331,Winner,9.0,-3.0,1,RANK,0.5,8.88425925925926,0.2505785330383331,4,False
11,9,Kyle Massey,9.666666666666666,0.0669917104171688,RunnerUp,9.0,-5.0,2,RANK,0.5,8.152774074074074,0.0669917104171688,4,False
11,1,Audrina Patridge,6.333333333333333,0.02858106691199589,Eliminated,6.0,0.11228150743952406,8,PERCENT,0.5,6.333333333333333,0.02858106691199589,12,False
11,1,Brandy,7.666666666666667,0.02227826442135498,Eliminated,9.0,0.12359985032309963,6,PERCENT,0.5,7.666666666666667,0.02227826442135498,12,False
11,1,Bristol Palin,6.0,0.024954828797497955,Finalist,9.0,0.10424998298147202,11,PERCENT,0.5,6.0,0.024954828797497955,12,False
11,1,David Hasselhoff,5.0,0.0455812477176812,Eliminated,1.0,0.11166054287099292,9,PERCENT,0.5,5.0,0.0455812477176812,12,False
11,1,Florence Henderson,6.0,0.02035915527200841,Eliminated,5.0,0.09965430945598247,12,PERCENT,0.5,6.0,0.02035915527200841,12,True
11,1,Jennifer Grey,8.0,0.3922089642762141,Winner,9.0,0.49793583652151285,1,PERCENT,0.5,8.0,0.3922089642762141,12,False
11,1,Kurt Warner,6.333333333333333,0.05745728637005861,Eliminated,8.0,0.1411577268975868,5,PERCENT,0.5,6.333333333333333,0.05745728637005861,12,False
11,1,Kyle Massey,7.666666666666667,0.04607131877653944,RunnerUp,9.0,0.1473929046782841,4,PERCENT,0.5,7.666666666666667,0.04607131877653944,12,False
11,1,Margaret Cho,5.0,0.10749922599309555,Eliminated,3.0,0.17357852114640726,3,PERCENT,0.5,5.0,0.10749922599309555,12,False
11,1,Michael Bolton,5.333333333333333,0.03802671880130148,Eliminated,2.0,0.1085113002981673,10,PERCENT,0.5,5.333333333333333,0.03802671880130148,12,False
11,1,Rick Fox,7.333333333333333,0.17047384494217946,Eliminated,7.0,0.26739014450036996,2,PERCENT,0.5,7.333333333333333,0.17047384494217946,12,False
11,1,The Situation,5.0,0.04650807772007342,Eliminated,4.0,0.11258737287338513,7,PERCENT,0.5,5.0,0.04650807772007342,12,False
11,2,Audrina Patridge,7.666666666666667,0.05778699143434885,Eliminated,6.0,0.16185938962298135,5,PERCENT,0.5,7.0,0.05778699143434885,11,False
11,2,Brandy,7.0,0.025281825432003826,Eliminated,9.0,0.12030444986510305,8,PERCENT,0.5,7.333333333333334,0.025281825432003826,11,False
11,2,Bristol Palin,7.333333333333333,0.046348755475019245,Finalist,9.0,0.1458962667858851,6,PERCENT,0.5,6.666666666666666,0.046348755475019245,11,False
11,2,Florence Henderson,6.333333333333333,0.02868011326832482,Eliminated,5.0,0.11465296394589078,10,PERCENT,0.5,6.166666666666666,0.02868011326832482,11,False
11,2,Jennifer Grey,8.0,0.3946415266776644,Winner,9.0,0.5032388117440635,1,PERCENT,0.5,8.0,0.3946415266776644,11,False
11,2,Kurt Warner,7.0,0.07509385841481622,Eliminated,8.0,0.17011648284791545,4,PERCENT,0.5,6.666666666666666,0.07509385841481622,11,False
11,2,Kyle Massey,7.333333333333333,0.032717915792399924,RunnerUp,9.0,0.13226542710326578,7,PERCENT,0.5,7.5,0.032717915792399924,11,False
11,2,Margaret Cho,6.0,0.10612102881201212,Eliminated,3.0,0.18756899261181145,3,PERCENT,0.5,5.5,0.10612102881201212,11,False
11,2,Michael Bolton,4.0,0.02271877020400319,Eliminated,2.0,0.07701741273720275,11,PERCENT,0.5,4.666666666666666,0.02271877020400319,11,True
11,2,Rick Fox,7.0,0.17229763713079974,Eliminated,7.0,0.267320261563899,2,PERCENT,0.5,7.166666666666666,0.17229763713079974,11,False
11,2,The Situation,6.0,0.03831157735860946,Eliminated,4.0,0.1197595411584088,9,PERCENT,0.5,5.5,0.03831157735860946,11,False
11,3,Audrina Patridge,8.666666666666666,0.01387714058550084,Eliminated,6.0,0.1315241994074332,4,PERCENT,0.5,7.5555555555555545,0.01387714058550084,10,False
11,3,Brandy,8.0,0.017923890654702637,Eliminated,9.0,0.12652117572110178,5,PERCENT,0.5,7.555555555555556,0.017923890654702637,10,False
11,3,Bristol Palin,6.333333333333333,0.011695111613692714,Finalist,9.0,0.09766796229125868,10,PERCENT,0.5,6.5555555555555545,0.011695111613692714,10,True
11,3,Florence Henderson,6.666666666666667,0.013299916308857525,Eliminated,5.0,0.10379765386419013,9,PERCENT,0.5,6.333333333333333,0.013299916308857525,10,False
11,3,Jennifer Grey,8.0,0.6405646441774037,Winner,9.0,0.7491619292438028,1,PERCENT,0.5,8.0,0.6405646441774037,10,False
11,3,Kurt Warner,7.666666666666667,0.04890049737857374,Eliminated,8.0,0.15297289556720622,3,PERCENT,0.5,7.0,0.04890049737857374,10,False
11,3,Kyle Massey,7.666666666666667,0.02144080855326114,RunnerUp,9.0,0.12551320674189365,6,PERCENT,0.5,7.555555555555556,0.02144080855326114,10,False
11,3,Margaret Cho,6.0,0.03461916415166155,Eliminated,3.0,0.11606712795146089,7,PERCENT,0.5,5.666666666666667,0.03461916415166155,10,False
11,3,Rick Fox,8.0,0.1822760608115569,Eliminated,7.0,0.290873345877956,2,PERCENT,0.5,7.444444444444444,0.1822760608115569,10,False
11,3,The Situation,6.666666666666667,0.015402765764794399,Eliminated,4.0,0.105900503320127,8,PERCENT,0.5,5.888888888888889,0.015402765764794399,10,False
11,4,Audrina Patridge,7.666666666666667,0.048055770141601326,Eliminated,6.0,0.17654739025117971,5,PERCENT,0.5,7.583333333333333,0.048055770141601326,9,False
11,4,Brandy,8.0,0.07896376307919117,Eliminated,9.0,0.21304197536744687,4,PERCENT,0.5,7.666666666666667,0.07896376307919117,9,False
11,4,Bristol Palin,5.333333333333333,0.04075873769717537,Finalist,9.0,0.1301442125560125,8,PERCENT,0.5,6.25,0.04075873769717537,9,False
11,4,Florence Henderson,5.833333333333333,0.03466712636774511,Eliminated,5.0,0.1324324894945982,7,PERCENT,0.5,6.208333333333333,0.03466712636774511,9,False
11,4,Jennifer Grey,9.333333333333334,0.41429833859394544,Winner,9.0,0.5707229195969103,1,PERCENT,0.5,8.333333333333334,0.41429833859394544,9,False
11,4,Kurt Warner,5.666666666666667,0.06054853305515589,Eliminated,8.0,0.15552060009267032,6,PERCENT,0.5,6.666666666666667,0.06054853305515589,9,False
11,4,Kyle Massey,6.666666666666667,0.11146163708012971,RunnerUp,9.0,0.2231934806536761,3,PERCENT,0.5,7.333333333333334,0.11146163708012971,9,False
11,4,Rick Fox,6.5,0.18093595043993935,Eliminated,7.0,0.2898744979241471,2,PERCENT,0.5,7.208333333333333,0.18093595043993935,9,False
11,4,The Situation,4.666666666666667,0.030310143545112814,Eliminated,4.0,0.1085224340465953,9,PERCENT,0.5,5.583333333333334,0.030310143545112814,9,True
11,5,Audrina Patridge,7.666666666666667,0.001994890552303804,Eliminated,6.0,0.1283685169238471,7,PERCENT,0.5,7.6,0.001994890552303804,8,False
11,5,Brandy,9.0,0.0014136180998913861,Eliminated,9.0,0.14976526644909438,4,PERCENT,0.5,7.9333333333333345,0.0014136180998913861,8,False
11,5,Bristol Palin,6.0,0.6310987918671452,Finalist,9.0,0.7299998907666139,1,PERCENT,0.5,6.2,0.6310987918671452,8,False
11,5,Florence Henderson,7.0,0.001246605706566642,Eliminated,5.0,0.11663122108928008,8,PERCENT,0.5,6.366666666666666,0.001246605706566642,8,True
11,5,Jennifer Grey,8.333333333333334,0.30852592061663087,Winner,9.0,0.445888557977004,2,PERCENT,0.5,8.333333333333334,0.30852592061663087,8,False
11,5,Kurt Warner,8.0,0.0064264415248963406,Eliminated,8.0,0.13829457339085457,5,PERCENT,0.5,6.933333333333333,0.0064264415248963406,8,False
11,5,Kyle Massey,6.666666666666667,0.025327171008814882,RunnerUp,9.0,0.1352172808971134,6,PERCENT,0.5,7.2,0.025327171008814882,8,False
11,5,Rick Fox,8.0,0.023966560623750997,Eliminated,7.0,0.15583469248970921,3,PERCENT,0.5,7.366666666666665,0.023966560623750997,8,False
11,6,Audrina Patridge,10.6666,0.00014345277343118503,Eliminated,6.0,0.15473238133278497,4,PERCENT,0.5,8.1111,0.00014345277343118503,7,False
11,6,Brandy,11.999966666666666,0.00022956070374059452,Eliminated,9.0,0.17414270919978989,3,PERCENT,0.5,8.611105555555556,0.00022956070374059452,7,False
11,6,Bristol Palin,9.333266666666667,0.0011712472076192164,Finalist,9.0,0.13643643892369847,7,PERCENT,0.5,6.722211111111111,0.0011712472076192164,7,True
11,6,Jennifer Grey,9.666666666666666,0.5030460070872365,Winner,9.0,0.6431430992009766,1,PERCENT,0.5,8.555555555555555,0.5030460070872365,7,False
11,6,Kurt Warner,7.3333,0.49242244948446373,Eliminated,8.0,0.5987025190290524,2,PERCENT,0.5,6.999994444444444,0.49242244948446373,7,False
11,6,Kyle Massey,9.999966666666666,0.0011401823994837462,RunnerUp,9.0,0.14606772563062131,6,PERCENT,0.5,7.666661111111111,0.0011401823994837462,7,False
11,6,Rick Fox,10.0,0.0018471003440228343,Eliminated,7.0,0.1467751266685815,5,PERCENT,0.5,7.8055555555555545,0.0018471003440228343,7,False
11,7,Brandy,9.125,0.02212118430347894,Eliminated,9.0,0.19718113633848977,5,PERCENT,0.5,8.684519047619048,0.02212118430347894,6,False
11,7,Bristol Palin,8.125,0.47980015243895635,Finalist,9.0,0.6356754521961578,1,PERCENT,0.5,6.922609523809524,0.47980015243895635,6,False
11,7,Jennifer Grey,9.125,0.18585625798239044,Winner,9.0,0.36091621001740126,3,PERCENT,0.5,8.636904761904763,0.18585625798239044,6,False
11,7,Kurt Warner,8.75,0.04981307103580058,Eliminated,8.0,0.2176787784666329,4,PERCENT,0.5,7.249995238095238,0.04981307103580058,6,False
11,7,Kyle Massey,8.375,0.23385946857057097,RunnerUp,9.0,0.3945309313972247,2,PERCENT,0.5,7.767852380952381,0.23385946857057097,6,False
11,7,Rick Fox,8.625,0.028549865668802684,Eliminated,7.0,0.19401749156490883,6,PERCENT,0.5,7.922619047619047,0.028549865668802684,6,True
11,8,Brandy,9.5,0.11795897760956853,Eliminated,9.0,0.33305331722734,4,PERCENT,0.5,8.786454166666667,0.11795897760956853,5,False
11,8,Bristol Palin,7.833333333333333,0.20233725890508783,Finalist,9.0,0.37969574946710993,3,PERCENT,0.5,7.03645,0.20233725890508783,5,False
11,8,Jennifer Grey,9.5,0.44026244776749657,Winner,9.0,0.655356787385268,1,PERCENT,0.5,8.744791666666666,0.44026244776749657,5,False
11,8,Kurt Warner,8.0,0.046987896873360364,Eliminated,8.0,0.22811997234095738,5,PERCENT,0.5,7.343745833333333,0.046987896873360364,5,True
11,8,Kyle Massey,9.333333333333334,0.19245341884448663,RunnerUp,9.0,0.4037741735566832,2,PERCENT,0.5,7.9635375,0.19245341884448663,5,False
11,9,Brandy,9.5,0.02577598033368117,Eliminated,9.0,0.27577598032710227,4,PERCENT,0.5,8.865737037037038,0.02577598033368117,4,True
11,9,Bristol Palin,8.833333333333334,0.6566537762108174,Finalist,9.0,0.8891099165555774,1,PERCENT,0.5,7.236103703703703,0.6566537762108174,4,False
11,9,Jennifer Grey,10.0,0.2505785330383331,Winner,9.0,0.51373642776825,2,PERCENT,0.5,8.88425925925926,0.2505785330383331,4,False
11,9,Kyle Massey,9.666666666666666,0.0669917104171688,RunnerUp,9.0,0.32137767532275513,3,PERCENT,0.5,8.152774074074074,0.0669917104171688,4,False
12,1,Chelsea Kane,7.0,0.006996191095981599,Finalist,9.0,-9.0,3,RANK,0.5,7.0,0.006996191095981599,11,False
12,1,Chris Jericho,6.333333333333333,0.05956553709061974,Eliminated,6.0,-7.0,2,RANK,0.5,6.333333333333333,0.05956553709061974,11,False
12,1,Hines Ward,7.0,0.8672869271021599,Winner,9.0,-4.0,1,RANK,0.5,7.0,0.8672869271021599,11,False
12,1,Kendra Wilkinson,6.0,0.01130505732891547,Eliminated,7.0,-11.0,5,RANK,0.5,6.0,0.01130505732891547,11,False
12,1,Kirstie Alley,7.666666666666667,0.004903895053157708,RunnerUp,9.0,-10.0,4,RANK,0.5,7.666666666666667,0.004903895053157708,11,False
12,1,Mike Catherwood,4.333333333333333,0.02595614491174565,Eliminated,2.0,-14.0,7,RANK,0.5,4.333333333333333,0.02595614491174565,11,False
12,1,Petra Nemcova,6.0,0.0058253583568322696,Eliminated,5.0,-14.0,7,RANK,0.5,6.0,0.0058253583568322696,11,False
12,1,Ralph Macchio,8.0,0.0019172139394318696,Eliminated,9.0,-12.0,6,RANK,0.5,8.0,0.0019172139394318696,11,False
12,1,Romeo,6.333333333333333,0.0033850171234355623,Eliminated,8.0,-15.0,10,RANK,0.5,6.333333333333333,0.0033850171234355623,11,False
12,1,Sugar Ray Leonard,5.666666666666667,0.008641276399096856,Eliminated,4.0,-14.0,7,RANK,0.5,5.666666666666667,0.008641276399096856,11,False
12,1,Wendy Williams,4.666666666666667,0.004217381598616057,Eliminated,3.0,-19.0,11,RANK,0.5,4.666666666666667,0.004217381598616057,11,True
12,2,Chelsea Kane,6.0,0.030612779509761108,Finalist,9.0,-16.0,11,RANK,0.5,6.5,0.030612779509761108,11,True
12,2,Chris Jericho,7.666666666666667,0.252953935415855,Eliminated,6.0,-3.0,2,RANK,0.5,7.0,0.252953935415855,11,False
12,2,Hines Ward,7.666666666666667,0.2537531060996737,Winner,9.0,-2.0,1,RANK,0.5,7.333333333333334,0.2537531060996737,11,False
12,2,Kendra Wilkinson,6.333333333333333,0.07903944598644315,Eliminated,7.0,-12.0,4,RANK,0.5,6.166666666666666,0.07903944598644315,11,False
12,2,Kirstie Alley,6.666666666666667,0.026557940268502517,RunnerUp,9.0,-15.0,9,RANK,0.5,7.166666666666667,0.026557940268502517,11,False
12,2,Mike Catherwood,5.666666666666667,0.08432812124900332,Eliminated,2.0,-13.0,6,RANK,0.5,5.0,0.08432812124900332,11,False
12,2,Petra Nemcova,6.0,0.04069174595757045,Eliminated,5.0,-14.0,7,RANK,0.5,6.0,0.04069174595757045,11,False
12,2,Ralph Macchio,7.0,0.02365276353847568,Eliminated,9.0,-15.0,9,RANK,0.5,7.5,0.02365276353847568,11,False
12,2,Romeo,7.666666666666667,0.0346647265393527,Eliminated,8.0,-9.0,3,RANK,0.5,7.0,0.0346647265393527,11,False
12,2,Sugar Ray Leonard,5.666666666666667,0.0839473476391815,Eliminated,4.0,-14.0,7,RANK,0.5,5.666666666666667,0.0839473476391815,11,False
12,2,Wendy Williams,5.666666666666667,0.08979808779618637,Eliminated,3.0,-12.0,4,RANK,0.5,5.166666666666667,0.08979808779618637,11,False
12,3,Chelsea Kane,7.666666666666667,0.058688853742959464,Finalist,9.0,-8.0,5,RANK,0.5,6.888888888888889,0.058688853742959464,10,False
12,3,Chris Jericho,7.0,0.4075018041776299,Eliminated,6.0,-6.0,4,RANK,0.5,7.0,0.4075018041776299,10,False
12,3,Hines Ward,8.333333333333334,0.09870944543844468,Winner,9.0,-4.0,1,RANK,0.5,7.666666666666667,0.09870944543844468,10,False
12,3,Kendra Wilkinson,7.666666666666667,0.17746349565108335,Eliminated,7.0,-5.0,2,RANK,0.5,6.666666666666667,0.17746349565108335,10,False
12,3,Kirstie Alley,7.0,0.039823658227781264,RunnerUp,9.0,-12.0,6,RANK,0.5,7.111111111111112,0.039823658227781264,10,False
12,3,Petra Nemcova,8.333333333333334,0.08068408407696219,Eliminated,5.0,-5.0,2,RANK,0.5,6.777777777777779,0.08068408407696219,10,False
12,3,Ralph Macchio,7.0,0.033862243556028945,Eliminated,9.0,-13.0,7,RANK,0.5,7.333333333333333,0.033862243556028945,10,False
12,3,Romeo,6.666666666666667,0.026195198486857547,Eliminated,8.0,-18.0,9,RANK,0.5,6.888888888888889,0.026195198486857547,10,False
12,3,Sugar Ray Leonard,6.666666666666667,0.047519185607193266,Eliminated,4.0,-14.0,8,RANK,0.5,6.0,0.047519185607193266,10,False
12,3,Wendy Williams,5.0,0.02955203103506153,Eliminated,3.0,-19.0,10,RANK,0.5,5.111111111111112,0.02955203103506153,10,True
12,4,Chelsea Kane,8.666666666666666,0.008959366583083602,Finalist,9.0,-5.0,2,RANK,0.5,7.333333333333333,0.008959366583083602,9,False
12,4,Chris Jericho,7.666666666666667,0.040057560005600706,Eliminated,6.0,-7.0,3,RANK,0.5,7.166666666666667,0.040057560005600706,9,False
12,4,Hines Ward,8.333333333333334,0.14096948114511576,Winner,9.0,-4.0,1,RANK,0.5,7.833333333333334,0.14096948114511576,9,False
12,4,Kendra Wilkinson,6.0,0.7894258486930549,Eliminated,7.0,-10.0,5,RANK,0.5,6.5,0.7894258486930549,9,False
12,4,Kirstie Alley,7.333333333333333,0.004687533491914937,RunnerUp,9.0,-13.0,7,RANK,0.5,7.166666666666667,0.004687533491914937,9,False
12,4,Petra Nemcova,7.666666666666667,0.0033038317298274156,Eliminated,5.0,-12.0,6,RANK,0.5,7.0,0.0033038317298274156,9,False
12,4,Ralph Macchio,8.333333333333334,0.005902651779425281,Eliminated,9.0,-7.0,3,RANK,0.5,7.583333333333334,0.005902651779425281,9,False
12,4,Romeo,7.666666666666667,0.0028958115230860756,Eliminated,8.0,-13.0,7,RANK,0.5,7.083333333333334,0.0028958115230860756,9,False
12,4,Sugar Ray Leonard,7.0,0.0037979150488923717,Eliminated,4.0,-15.0,9,RANK,0.5,6.25,0.0037979150488923717,9,True
12,5,Chelsea Kane,8.666666666666666,0.08549218708957759,Finalist,9.0,-6.0,3,RANK,0.5,7.6,0.08549218708957759,8,False
12,5,Chris Jericho,8.666666666666666,0.3965045544563214,Eliminated,6.0,-3.0,1,RANK,0.5,7.466666666666666,0.3965045544563214,8,False
12,5,Hines Ward,9.0,0.13125342480011895,Winner,9.0,-4.0,2,RANK,0.5,8.066666666666666,0.13125342480011895,8,False
12,5,Kendra Wilkinson,7.333333333333333,0.19548915880256315,Eliminated,7.0,-8.0,4,RANK,0.5,6.666666666666667,0.19548915880256315,8,False
12,5,Kirstie Alley,7.666666666666667,0.06522409134397211,RunnerUp,9.0,-10.0,6,RANK,0.5,7.2666666666666675,0.06522409134397211,8,False
12,5,Petra Nemcova,7.333333333333333,0.036315208536421735,Eliminated,5.0,-14.0,8,RANK,0.5,7.066666666666667,0.036315208536421735,8,True
12,5,Ralph Macchio,7.333333333333333,0.04591842382464968,Eliminated,9.0,-12.0,7,RANK,0.5,7.533333333333333,0.04591842382464968,8,False
12,5,Romeo,8.666666666666666,0.04380295114637158,Eliminated,8.0,-9.0,5,RANK,0.5,7.4,0.04380295114637158,8,False
12,6,Chelsea Kane,9.333333333333334,0.04011332494869285,Finalist,9.0,-6.0,2,RANK,0.5,7.888888888888888,0.04011332494869285,7,False
12,6,Chris Jericho,7.333333333333333,0.3352774574949072,Eliminated,6.0,-9.0,6,RANK,0.5,7.444444444444444,0.3352774574949072,7,False
12,6,Hines Ward,9.0,0.36466019109781284,Winner,9.0,-4.0,1,RANK,0.5,8.222222222222223,0.36466019109781284,7,False
12,6,Kendra Wilkinson,8.333333333333334,0.1464229893057058,Eliminated,7.0,-8.0,3,RANK,0.5,6.9444444444444455,0.1464229893057058,7,False
12,6,Kirstie Alley,8.666666666666666,0.04943876213806365,RunnerUp,9.0,-8.0,3,RANK,0.5,7.5,0.04943876213806365,7,False
12,6,Ralph Macchio,8.0,0.0393338357508746,Eliminated,9.0,-12.0,7,RANK,0.5,7.611111111111112,0.0393338357508746,7,True
12,6,Romeo,9.333333333333334,0.02475343926394069,Eliminated,8.0,-8.0,3,RANK,0.5,7.722222222222222,0.02475343926394069,7,False
12,7,Chelsea Kane,8.0,0.07492034422284331,Finalist,9.0,-9.0,6,RANK,0.5,7.904761904761904,0.07492034422284331,6,True
12,7,Hines Ward,8.25,0.1764260515035276,Winner,9.0,-4.0,1,RANK,0.5,8.226190476190476,0.1764260515035276,6,False
12,7,Kendra Wilkinson,7.625,0.14430138548372412,Eliminated,7.0,-8.0,5,RANK,0.5,7.041666666666667,0.14430138548372412,6,False
12,7,Kirstie Alley,7.5,0.2534845129288722,RunnerUp,9.0,-6.0,2,RANK,0.5,7.5,0.2534845129288722,6,False
12,7,Ralph Macchio,8.25,0.09906234842031454,Eliminated,9.0,-6.0,2,RANK,0.5,7.702380952380953,0.09906234842031454,6,False
12,7,Romeo,7.5,0.25180535744071936,Eliminated,8.0,-7.0,4,RANK,0.5,7.690476190476191,0.25180535744071936,6,False
12,8,Chelsea Kane,9.166666666666666,0.03724810565773347,Finalist,9.0,-4.0,1,RANK,0.5,8.0625,0.03724810565773347,5,False
12,8,Hines Ward,9.0,0.09083745158543195,Winner,9.0,-4.0,1,RANK,0.5,8.322916666666666,0.09083745158543195,5,False
12,8,Kirstie Alley,8.833333333333334,0.017140607844888984,RunnerUp,9.0,-7.0,4,RANK,0.5,7.666666666666667,0.017140607844888984,5,False
12,8,Ralph Macchio,7.666666666666667,0.8486868607402009,Eliminated,9.0,-6.0,3,RANK,0.5,7.697916666666667,0.8486868607402009,5,False
12,8,Romeo,8.666666666666666,0.006086974171746241,Eliminated,8.0,-9.0,5,RANK,0.5,7.8125,0.006086974171746241,5,True
12,9,Chelsea Kane,12.166666666666666,0.004655480884823075,Finalist,9.0,-3.0,1,RANK,0.5,8.518518518518517,0.004655480884823075,4,False
12,9,Hines Ward,10.0,0.9910901995852021,Winner,9.0,-3.0,1,RANK,0.5,8.50925925925926,0.9910901995852021,4,False
12,9,Kirstie Alley,9.0,0.002490377754016603,RunnerUp,9.0,-6.0,3,RANK,0.5,7.814814814814814,0.002490377754016603,4,False
12,9,Ralph Macchio,8.0,0.0017639417759633639,Eliminated,9.0,-8.0,4,RANK,0.5,7.731481481481481,0.0017639417759633639,4,True
12,1,Chelsea Kane,7.0,0.006996191095981599,Finalist,9.0,0.10844546645683015,5,PERCENT,0.5,7.0,0.006996191095981599,11,False
12,1,Chris Jericho,6.333333333333333,0.05956553709061974,Eliminated,6.0,0.15135297670281606,2,PERCENT,0.5,6.333333333333333,0.05956553709061974,11,False
12,1,Hines Ward,7.0,0.8672869271021599,Winner,9.0,0.9687362024630085,1,PERCENT,0.5,7.0,0.8672869271021599,11,False
12,1,Kendra Wilkinson,6.0,0.01130505732891547,Eliminated,7.0,0.09826157906678566,6,PERCENT,0.5,6.0,0.01130505732891547,11,False
12,1,Kirstie Alley,7.666666666666667,0.004903895053157708,RunnerUp,9.0,0.11601500616265852,4,PERCENT,0.5,7.666666666666667,0.004903895053157708,11,False
12,1,Mike Catherwood,4.333333333333333,0.02595614491174565,Eliminated,2.0,0.08875807727798522,10,PERCENT,0.5,4.333333333333333,0.02595614491174565,11,False
12,1,Petra Nemcova,6.0,0.0058253583568322696,Eliminated,5.0,0.09278188009470247,8,PERCENT,0.5,6.0,0.0058253583568322696,11,False
12,1,Ralph Macchio,8.0,0.0019172139394318696,Eliminated,9.0,0.11785924292325879,3,PERCENT,0.5,8.0,0.0019172139394318696,11,False
12,1,Romeo,6.333333333333333,0.0033850171234355623,Eliminated,8.0,0.09517245673563186,7,PERCENT,0.5,6.333333333333333,0.0033850171234355623,11,False
12,1,Sugar Ray Leonard,5.666666666666667,0.008641276399096856,Eliminated,4.0,0.09076688026264093,9,PERCENT,0.5,5.666666666666667,0.008641276399096856,11,False
12,1,Wendy Williams,4.666666666666667,0.004217381598616057,Eliminated,3.0,0.07185023183918177,11,PERCENT,0.5,4.666666666666667,0.004217381598616057,11,True
12,2,Chelsea Kane,6.0,0.030612779509761108,Finalist,9.0,0.11394611284193704,11,PERCENT,0.5,6.5,0.030612779509761108,11,True
12,2,Chris Jericho,7.666666666666667,0.252953935415855,Eliminated,6.0,0.35943541689585756,2,PERCENT,0.5,7.0,0.252953935415855,11,False
12,2,Hines Ward,7.666666666666667,0.2537531060996737,Winner,9.0,0.3602345875796763,1,PERCENT,0.5,7.333333333333334,0.2537531060996737,11,False
12,2,Kendra Wilkinson,6.333333333333333,0.07903944598644315,Eliminated,7.0,0.1670024089481844,4,PERCENT,0.5,6.166666666666666,0.07903944598644315,11,False
12,2,Kirstie Alley,6.666666666666667,0.026557940268502517,RunnerUp,9.0,0.1191505328598091,10,PERCENT,0.5,7.166666666666667,0.026557940268502517,11,False
12,2,Mike Catherwood,5.666666666666667,0.08432812124900332,Eliminated,2.0,0.16303182495161392,5,PERCENT,0.5,5.0,0.08432812124900332,11,False
12,2,Petra Nemcova,6.0,0.04069174595757045,Eliminated,5.0,0.12402507928974638,8,PERCENT,0.5,6.0,0.04069174595757045,11,False
12,2,Ralph Macchio,7.0,0.02365276353847568,Eliminated,9.0,0.1208749857593476,9,PERCENT,0.5,7.5,0.02365276353847568,11,False
12,2,Romeo,7.666666666666667,0.0346647265393527,Eliminated,8.0,0.14114620801935526,7,PERCENT,0.5,7.0,0.0346647265393527,11,False
12,2,Sugar Ray Leonard,5.666666666666667,0.0839473476391815,Eliminated,4.0,0.16265105134179209,6,PERCENT,0.5,5.666666666666667,0.0839473476391815,11,False
12,2,Wendy Williams,5.666666666666667,0.08979808779618637,Eliminated,3.0,0.16850179149879696,3,PERCENT,0.5,5.166666666666667,0.08979808779618637,11,False
12,3,Chelsea Kane,7.666666666666667,0.058688853742959464,Finalist,9.0,0.16616548925547145,5,PERCENT,0.5,6.888888888888889,0.058688853742959464,10,False
12,3,Chris Jericho,7.0,0.4075018041776299,Eliminated,6.0,0.5056326452977495,1,PERCENT,0.5,7.0,0.4075018041776299,10,False
12,3,Hines Ward,8.333333333333334,0.09870944543844468,Winner,9.0,0.21553187534334903,3,PERCENT,0.5,7.666666666666667,0.09870944543844468,10,False
12,3,Kendra Wilkinson,7.666666666666667,0.17746349565108335,Eliminated,7.0,0.28494013116359534,2,PERCENT,0.5,6.666666666666667,0.17746349565108335,10,False
12,3,Kirstie Alley,7.0,0.039823658227781264,RunnerUp,9.0,0.1379544993479009,7,PERCENT,0.5,7.111111111111112,0.039823658227781264,10,False
12,3,Petra Nemcova,8.333333333333334,0.08068408407696219,Eliminated,5.0,0.19750651398186653,4,PERCENT,0.5,6.777777777777779,0.08068408407696219,10,False
12,3,Ralph Macchio,7.0,0.033862243556028945,Eliminated,9.0,0.1319930846761486,8,PERCENT,0.5,7.333333333333333,0.033862243556028945,10,False
12,3,Romeo,6.666666666666667,0.026195198486857547,Eliminated,8.0,0.11965314241078101,9,PERCENT,0.5,6.888888888888889,0.026195198486857547,10,False
12,3,Sugar Ray Leonard,6.666666666666667,0.047519185607193266,Eliminated,4.0,0.14097712953111674,6,PERCENT,0.5,6.0,0.047519185607193266,10,False
12,3,Wendy Williams,5.0,0.02955203103506153,Eliminated,3.0,0.09964548897800413,10,PERCENT,0.5,5.111111111111112,0.02955203103506153,10,True
12,4,Chelsea Kane,8.666666666666666,0.008959366583083602,Finalist,9.0,0.13517295881425526,4,PERCENT,0.5,7.333333333333333,0.008959366583083602,9,False
12,4,Chris Jericho,7.666666666666667,0.040057560005600706,Eliminated,6.0,0.15170804544086797,3,PERCENT,0.5,7.166666666666667,0.040057560005600706,9,False
12,4,Hines Ward,8.333333333333334,0.14096948114511576,Winner,9.0,0.26232870444431927,2,PERCENT,0.5,7.833333333333334,0.14096948114511576,9,False
12,4,Kendra Wilkinson,6.0,0.7894258486930549,Eliminated,7.0,0.8768044894684814,1,PERCENT,0.5,6.5,0.7894258486930549,9,False
12,4,Kirstie Alley,7.333333333333333,0.004687533491914937,RunnerUp,9.0,0.11148364999521403,8,PERCENT,0.5,7.166666666666667,0.004687533491914937,9,False
12,4,Petra Nemcova,7.666666666666667,0.0033038317298274156,Eliminated,5.0,0.11495431716509466,6,PERCENT,0.5,7.0,0.0033038317298274156,9,False
12,4,Ralph Macchio,8.333333333333334,0.005902651779425281,Eliminated,9.0,0.1272618750786288,5,PERCENT,0.5,7.583333333333334,0.005902651779425281,9,False
12,4,Romeo,7.666666666666667,0.0028958115230860756,Eliminated,8.0,0.11454629695835332,7,PERCENT,0.5,7.083333333333334,0.0028958115230860756,9,False
12,4,Sugar Ray Leonard,7.0,0.0037979150488923717,Eliminated,4.0,0.10573966262022333,9,PERCENT,0.5,6.25,0.0037979150488923717,9,True
12,5,Chelsea Kane,8.666666666666666,0.08549218708957759,Finalist,9.0,0.21951280564420614,4,PERCENT,0.5,7.6,0.08549218708957759,8,False
12,5,Chris Jericho,8.666666666666666,0.3965045544563214,Eliminated,6.0,0.5305251730109499,1,PERCENT,0.5,7.466666666666666,0.3965045544563214,8,False
12,5,Hines Ward,9.0,0.13125342480011895,Winner,9.0,0.2704286825299255,3,PERCENT,0.5,8.066666666666666,0.13125342480011895,8,False
12,5,Kendra Wilkinson,7.333333333333333,0.19548915880256315,Eliminated,7.0,0.3088912206564796,2,PERCENT,0.5,6.666666666666667,0.19548915880256315,8,False
12,5,Kirstie Alley,7.666666666666667,0.06522409134397211,RunnerUp,9.0,0.1837807923730666,5,PERCENT,0.5,7.2666666666666675,0.06522409134397211,8,False
12,5,Petra Nemcova,7.333333333333333,0.036315208536421735,Eliminated,5.0,0.1497172703903382,8,PERCENT,0.5,7.066666666666667,0.036315208536421735,8,True
12,5,Ralph Macchio,7.333333333333333,0.04591842382464968,Eliminated,9.0,0.15932048567856616,7,PERCENT,0.5,7.533333333333333,0.04591842382464968,8,False
12,5,Romeo,8.666666666666666,0.04380295114637158,Eliminated,8.0,0.17782356970100013,6,PERCENT,0.5,7.4,0.04380295114637158,8,False
12,6,Chelsea Kane,9.333333333333334,0.04011332494869285,Finalist,9.0,0.19566888050165585,4,PERCENT,0.5,7.888888888888888,0.04011332494869285,7,False
12,6,Chris Jericho,7.333333333333333,0.3352774574949072,Eliminated,6.0,0.4574996797150924,2,PERCENT,0.5,7.444444444444444,0.3352774574949072,7,False
12,6,Hines Ward,9.0,0.36466019109781284,Winner,9.0,0.5146601910953128,1,PERCENT,0.5,8.222222222222223,0.36466019109781284,7,False
12,6,Kendra Wilkinson,8.333333333333334,0.1464229893057058,Eliminated,7.0,0.2853118781922799,3,PERCENT,0.5,6.9444444444444455,0.1464229893057058,7,False
12,6,Kirstie Alley,8.666666666666666,0.04943876213806365,RunnerUp,9.0,0.19388320658010066,5,PERCENT,0.5,7.5,0.04943876213806365,7,False
12,6,Ralph Macchio,8.0,0.0393338357508746,Eliminated,9.0,0.1726671690819857,7,PERCENT,0.5,7.611111111111112,0.0393338357508746,7,True
12,6,Romeo,9.333333333333334,0.02475343926394069,Eliminated,8.0,0.18030899481690368,6,PERCENT,0.5,7.722222222222222,0.02475343926394069,7,False
12,7,Chelsea Kane,8.0,0.07492034422284331,Finalist,9.0,0.24468161742879002,6,PERCENT,0.5,7.904761904761904,0.07492034422284331,6,True
12,7,Hines Ward,8.25,0.1764260515035276,Winner,9.0,0.35149236449716015,3,PERCENT,0.5,8.226190476190476,0.1764260515035276,6,False
12,7,Kendra Wilkinson,7.625,0.14430138548372412,Eliminated,7.0,0.3061050990081421,4,PERCENT,0.5,7.041666666666667,0.14430138548372412,6,False
12,7,Kirstie Alley,7.5,0.2534845129288722,RunnerUp,9.0,0.41263570655944726,1,PERCENT,0.5,7.5,0.2534845129288722,6,False
12,7,Ralph Macchio,8.25,0.09906234842031454,Eliminated,9.0,0.2741286614139471,5,PERCENT,0.5,7.702380952380953,0.09906234842031454,6,False
12,7,Romeo,7.5,0.25180535744071936,Eliminated,8.0,0.4109565510712944,2,PERCENT,0.5,7.690476190476191,0.25180535744071936,6,False
12,8,Chelsea Kane,9.166666666666666,0.03724810565773347,Finalist,9.0,0.24878656719131337,3,PERCENT,0.5,8.0625,0.03724810565773347,5,False
12,8,Hines Ward,9.0,0.09083745158543195,Winner,9.0,0.2985297592729468,2,PERCENT,0.5,8.322916666666666,0.09083745158543195,5,False
12,8,Kirstie Alley,8.833333333333334,0.017140607844888984,RunnerUp,9.0,0.22098676168633874,4,PERCENT,0.5,7.666666666666667,0.017140607844888984,5,False
12,8,Ralph Macchio,7.666666666666667,0.8486868607402009,Eliminated,9.0,1.025609937659195,1,PERCENT,0.5,7.697916666666667,0.8486868607402009,5,False
12,8,Romeo,8.666666666666666,0.006086974171746241,Eliminated,8.0,0.2060869741671309,5,PERCENT,0.5,7.8125,0.006086974171746241,5,True
12,9,Chelsea Kane,12.166666666666666,0.004655480884823075,Finalist,9.0,0.31529377874923237,2,PERCENT,0.5,8.518518518518517,0.004655480884823075,4,False
12,9,Hines Ward,10.0,0.9910901995852021,Winner,9.0,1.2464093485148535,1,PERCENT,0.5,8.50925925925926,0.9910901995852021,4,False
12,9,Kirstie Alley,9.0,0.002490377754016603,RunnerUp,9.0,0.23227761179070294,3,PERCENT,0.5,7.814814814814814,0.002490377754016603,4,False
12,9,Ralph Macchio,8.0,0.0017639417759633639,Eliminated,9.0,0.20601926091968453,4,PERCENT,0.5,7.731481481481481,0.0017639417759633639,4,True
13,1,Carson Kressley,5.666666666666667,0.020013774379702986,Eliminated,5.0,-18.0,12,RANK,0.5,5.666666666666667,0.020013774379702986,12,True
13,1,Chaz Bono,5.666666666666667,0.027598704818392883,Eliminated,6.0,-16.0,11,RANK,0.5,5.666666666666667,0.027598704818392883,12,False
13,1,Chynna Phillips,7.333333333333333,0.015705721854886362,Eliminated,4.0,-13.0,5,RANK,0.5,7.333333333333333,0.015705721854886362,12,False
13,1,David Arquette,6.0,0.031813382346766596,Eliminated,7.0,-14.0,6,RANK,0.5,6.0,0.031813382346766596,12,False
13,1,Elisabetta Canalis,5.0,0.07270526272447814,Eliminated,2.0,-15.0,9,RANK,0.5,5.0,0.07270526272447814,12,False
13,1,Hope Solo,7.0,0.10257004249547311,Eliminated,9.0,-6.0,2,RANK,0.5,7.0,0.10257004249547311,12,False
13,1,J.R. Martinez,7.333333333333333,0.026705985863127498,Winner,9.0,-11.0,3,RANK,0.5,7.333333333333333,0.026705985863127498,12,False
13,1,Kristin Cavallari,6.333333333333333,0.03752981533326942,Eliminated,3.0,-12.0,4,RANK,0.5,6.333333333333333,0.03752981533326942,12,False
13,1,Metta World Peace (Ron),4.666666666666667,0.16635156794785452,Eliminated,1.0,-14.0,6,RANK,0.5,4.666666666666667,0.16635156794785452,12,False
13,1,Nancy Grace,5.333333333333333,0.07258729633836863,Eliminated,8.0,-14.0,6,RANK,0.5,5.333333333333333,0.07258729633836863,12,False
13,1,Ricki Lake,6.666666666666667,0.38153920994068463,Finalist,9.0,-5.0,1,RANK,0.5,6.666666666666667,0.38153920994068463,12,False
13,1,Rob Kardashian,5.333333333333333,0.04487923595699324,RunnerUp,9.0,-15.0,9,RANK,0.5,5.333333333333333,0.04487923595699324,12,False
13,2,Carson Kressley,6.0,0.21382100678117028,Eliminated,5.0,-12.0,7,RANK,0.5,5.833333333333334,0.21382100678117028,11,False
13,2,Chaz Bono,5.666666666666667,0.5471033057461657,Eliminated,6.0,-12.0,7,RANK,0.5,5.666666666666667,0.5471033057461657,11,False
13,2,Chynna Phillips,7.0,0.0005930685387014081,Eliminated,4.0,-15.0,11,RANK,0.5,7.166666666666666,0.0005930685387014081,11,True
13,2,David Arquette,6.0,0.21516183543603853,Eliminated,7.0,-11.0,4,RANK,0.5,6.0,0.21516183543603853,11,False
13,2,Elisabetta Canalis,7.0,0.000939674695763356,Eliminated,2.0,-14.0,10,RANK,0.5,6.0,0.000939674695763356,11,False
13,2,Hope Solo,6.333333333333333,0.007480484545830463,Eliminated,9.0,-12.0,7,RANK,0.5,6.666666666666666,0.007480484545830463,11,False
13,2,J.R. Martinez,7.333333333333333,0.001302570930619619,Winner,9.0,-11.0,4,RANK,0.5,7.333333333333333,0.001302570930619619,11,False
13,2,Kristin Cavallari,7.333333333333333,0.0015387031156092348,Eliminated,3.0,-10.0,2,RANK,0.5,6.833333333333333,0.0015387031156092348,11,False
13,2,Nancy Grace,7.0,0.0028092672678206154,Eliminated,8.0,-10.0,2,RANK,0.5,6.166666666666666,0.0028092672678206154,11,False
13,2,Ricki Lake,7.666666666666667,0.007287440979962149,Finalist,9.0,-6.0,1,RANK,0.5,7.166666666666667,0.007287440979962149,11,False
13,2,Rob Kardashian,7.0,0.0019626419623195997,RunnerUp,9.0,-11.0,4,RANK,0.5,6.166666666666666,0.0019626419623195997,11,False
13,3,Carson Kressley,7.666666666666667,0.0014037198441647846,Eliminated,5.0,-15.0,10,RANK,0.5,6.4444444444444455,0.0014037198441647846,10,True
13,3,Chaz Bono,6.0,0.9706547484747811,Eliminated,6.0,-11.0,6,RANK,0.5,5.777777777777779,0.9706547484747811,10,False
13,3,Chynna Phillips,8.666666666666666,0.0011956616154340054,Eliminated,4.0,-11.0,6,RANK,0.5,7.666666666666667,0.0011956616154340054,10,False
13,3,David Arquette,8.0,0.0021948518443914264,Eliminated,7.0,-9.0,3,RANK,0.5,6.666666666666667,0.0021948518443914264,10,False
13,3,Hope Solo,8.0,0.0035569613622858276,Eliminated,9.0,-8.0,2,RANK,0.5,7.111111111111111,0.0035569613622858276,10,False
13,3,J.R. Martinez,8.666666666666666,0.0011972963107278489,Winner,9.0,-10.0,4,RANK,0.5,7.777777777777778,0.0011972963107278489,10,False
13,3,Kristin Cavallari,8.0,0.00020705303962807733,Eliminated,3.0,-14.0,9,RANK,0.5,7.222222222222221,0.00020705303962807733,10,False
13,3,Nancy Grace,7.0,0.01188455972093994,Eliminated,8.0,-11.0,6,RANK,0.5,6.444444444444444,0.01188455972093994,10,False
13,3,Ricki Lake,9.0,0.006150875291221252,Finalist,9.0,-4.0,1,RANK,0.5,7.777777777777779,0.006150875291221252,10,False
13,3,Rob Kardashian,8.0,0.0015542724964368129,RunnerUp,9.0,-10.0,4,RANK,0.5,6.777777777777778,0.0015542724964368129,10,False
13,4,Carson Kressley,6.666666666666667,0.12386230368420618,Eliminated,5.0,-11.0,5,RANK,0.5,6.5,0.12386230368420618,9,False
13,4,Chaz Bono,7.0,0.010823783873257137,Eliminated,6.0,-11.0,5,RANK,0.5,6.083333333333334,0.010823783873257137,9,False
13,4,Chynna Phillips,7.0,0.001463428575046747,Eliminated,4.0,-15.0,9,RANK,0.5,7.5,0.001463428575046747,9,True
13,4,David Arquette,7.666666666666667,0.00477592385157985,Eliminated,7.0,-13.0,8,RANK,0.5,6.916666666666667,0.00477592385157985,9,False
13,4,Hope Solo,8.0,0.01760039334022086,Eliminated,9.0,-7.0,3,RANK,0.5,7.333333333333333,0.01760039334022086,9,False
13,4,J.R. Martinez,8.666666666666666,0.8076806855481954,Winner,9.0,-3.0,1,RANK,0.5,8.0,0.8076806855481954,9,False
13,4,Nancy Grace,7.0,0.007710207203000411,Eliminated,8.0,-12.0,7,RANK,0.5,6.583333333333333,0.007710207203000411,9,False
13,4,Ricki Lake,9.666666666666666,0.020190536119796803,Finalist,9.0,-4.0,2,RANK,0.5,8.25,0.020190536119796803,9,False
13,4,Rob Kardashian,8.0,0.005892737804690812,RunnerUp,9.0,-10.0,4,RANK,0.5,7.083333333333333,0.005892737804690812,9,False
13,5,Carson Kressley,6.333333333333333,0.035507161319368846,Eliminated,5.0,-16.0,8,RANK,0.5,6.466666666666667,0.035507161319368846,8,True
13,5,Chaz Bono,7.0,0.0417548700458282,Eliminated,6.0,-14.0,7,RANK,0.5,6.2666666666666675,0.0417548700458282,8,False
13,5,David Arquette,8.333333333333334,0.06236019754988345,Eliminated,7.0,-7.0,3,RANK,0.5,7.2,0.06236019754988345,8,False
13,5,Hope Solo,8.0,0.11491192269194644,Eliminated,9.0,-7.0,3,RANK,0.5,7.466666666666666,0.11491192269194644,8,False
13,5,J.R. Martinez,9.333333333333334,0.05070451739662275,Winner,9.0,-7.0,3,RANK,0.5,8.266666666666666,0.05070451739662275,8,False
13,5,Nancy Grace,7.333333333333333,0.18638618755207007,Eliminated,8.0,-8.0,6,RANK,0.5,6.7333333333333325,0.18638618755207007,8,False
13,5,Ricki Lake,8.0,0.427276329842766,Finalist,9.0,-5.0,1,RANK,0.5,8.2,0.427276329842766,8,False
13,5,Rob Kardashian,8.333333333333334,0.08109881360151548,RunnerUp,9.0,-6.0,2,RANK,0.5,7.333333333333333,0.08109881360151548,8,False
13,6,Chaz Bono,6.333333333333333,0.044295726439855895,Eliminated,6.0,-14.0,7,RANK,0.5,6.277777777777778,0.044295726439855895,7,True
13,6,David Arquette,7.666666666666667,0.053670526187203846,Eliminated,7.0,-10.0,4,RANK,0.5,7.277777777777778,0.053670526187203846,7,False
13,6,Hope Solo,6.666666666666667,0.12209702896532743,Eliminated,9.0,-10.0,4,RANK,0.5,7.333333333333333,0.12209702896532743,7,False
13,6,J.R. Martinez,9.666666666666666,0.24337074336731795,Winner,9.0,-3.0,2,RANK,0.5,8.5,0.24337074336731795,7,False
13,6,Nancy Grace,8.0,0.19815404612152818,Eliminated,8.0,-6.0,3,RANK,0.5,6.944444444444444,0.19815404612152818,7,False
13,6,Ricki Lake,9.666666666666666,0.2515680170063747,Finalist,9.0,-2.0,1,RANK,0.5,8.444444444444445,0.2515680170063747,7,False
13,6,Rob Kardashian,7.333333333333333,0.08684391191239207,RunnerUp,9.0,-10.0,4,RANK,0.5,7.333333333333333,0.08684391191239207,7,False
13,7,David Arquette,7.833333333333333,0.0033672839758214354,Eliminated,7.0,-11.0,6,RANK,0.5,7.357142857142857,0.0033672839758214354,6,True
13,7,Hope Solo,8.333333333333334,0.019740042961476953,Eliminated,9.0,-7.0,3,RANK,0.5,7.476190476190475,0.019740042961476953,6,False
13,7,J.R. Martinez,8.0,0.6453949840731263,Winner,9.0,-5.0,2,RANK,0.5,8.428571428571429,0.6453949840731263,6,False
13,7,Nancy Grace,7.333333333333333,0.29647745743323284,Eliminated,8.0,-8.0,5,RANK,0.5,7.0,0.29647745743323284,6,False
13,7,Ricki Lake,8.833333333333334,0.022794065661218003,Finalist,9.0,-4.0,1,RANK,0.5,8.5,0.022794065661218003,6,False
13,7,Rob Kardashian,8.5,0.012226165895122331,RunnerUp,9.0,-7.0,3,RANK,0.5,7.5,0.012226165895122331,6,False
13,8,Hope Solo,8.666666666666666,0.13184547527420584,Eliminated,9.0,-5.0,3,RANK,0.5,7.625,0.13184547527420584,4,False
13,8,J.R. Martinez,10.0,0.2133514676531219,Winner,9.0,-3.0,1,RANK,0.5,8.625,0.2133514676531219,4,False
13,8,Nancy Grace,7.333333333333333,0.09312075580811795,Eliminated,8.0,-9.0,4,RANK,0.5,7.041666666666666,0.09312075580811795,4,True
13,8,Ricki Lake,8.666666666666666,0.4899613958111176,Finalist,9.0,-3.0,1,RANK,0.5,8.520833333333334,0.4899613958111176,4,False
13,8,Rob Kardashian,8.5,0.071720905453442,RunnerUp,9.0,-9.0,4,RANK,0.5,7.625,0.071720905453442,4,True
13,9,Hope Solo,8.1666,0.0021698999191003235,Eliminated,9.0,-8.0,4,RANK,0.5,7.685177777777778,0.0021698999191003235,4,True
13,9,J.R. Martinez,9.333333333333334,0.9902989264678416,Winner,9.0,-4.0,2,RANK,0.5,8.703703703703702,0.9902989264678416,4,False
13,9,Ricki Lake,11.166633333333332,0.004973998502291625,Finalist,9.0,-3.0,1,RANK,0.5,8.81481111111111,0.004973998502291625,4,False
13,9,Rob Kardashian,10.833266666666667,0.0025571751107641844,RunnerUp,9.0,-5.0,3,RANK,0.5,7.981474074074075,0.0025571751107641844,4,False
13,1,Carson Kressley,5.666666666666667,0.020013774379702986,Eliminated,5.0,0.09835478820350473,12,PERCENT,0.5,5.666666666666667,0.020013774379702986,12,True
13,1,Chaz Bono,5.666666666666667,0.027598704818392883,Eliminated,6.0,0.10593971864219462,11,PERCENT,0.5,5.666666666666667,0.027598704818392883,12,False
13,1,Chynna Phillips,7.333333333333333,0.015705721854886362,Eliminated,4.0,0.11708821033274742,9,PERCENT,0.5,7.333333333333333,0.015705721854886362,12,False
13,1,David Arquette,6.0,0.031813382346766596,Eliminated,7.0,0.11476269110138021,10,PERCENT,0.5,6.0,0.031813382346766596,12,False
13,1,Elisabetta Canalis,5.0,0.07270526272447814,Eliminated,2.0,0.14182968668665613,5,PERCENT,0.5,5.0,0.07270526272447814,12,False
13,1,Hope Solo,7.0,0.10257004249547311,Eliminated,9.0,0.19934423604252233,3,PERCENT,0.5,7.0,0.10257004249547311,12,False
13,1,J.R. Martinez,7.333333333333333,0.026705985863127498,Winner,9.0,0.12808847434098855,6,PERCENT,0.5,7.333333333333333,0.026705985863127498,12,False
13,1,Kristin Cavallari,6.333333333333333,0.03752981533326942,Eliminated,3.0,0.12508741901869488,7,PERCENT,0.5,6.333333333333333,0.03752981533326942,12,False
13,1,Metta World Peace (Ron),4.666666666666667,0.16635156794785452,Eliminated,1.0,0.23086769697922066,2,PERCENT,0.5,4.666666666666667,0.16635156794785452,12,False
13,1,Nancy Grace,5.333333333333333,0.07258729633836863,Eliminated,8.0,0.1463200152313585,4,PERCENT,0.5,5.333333333333333,0.07258729633836863,12,False
13,1,Ricki Lake,6.666666666666667,0.38153920994068463,Finalist,9.0,0.473705108556922,1,PERCENT,0.5,6.666666666666667,0.38153920994068463,12,False
13,1,Rob Kardashian,5.333333333333333,0.04487923595699324,RunnerUp,9.0,0.1186119548499831,8,PERCENT,0.5,5.333333333333333,0.04487923595699324,12,False
13,2,Carson Kressley,6.0,0.21382100678117028,Eliminated,5.0,0.29453849556932205,3,PERCENT,0.5,5.833333333333334,0.21382100678117028,11,False
13,2,Chaz Bono,5.666666666666667,0.5471033057461657,Eliminated,6.0,0.6233364896016425,1,PERCENT,0.5,5.666666666666667,0.5471033057461657,11,False
13,2,Chynna Phillips,7.0,0.0005930685387014081,Eliminated,4.0,0.09476347212487847,10,PERCENT,0.5,7.166666666666666,0.0005930685387014081,11,False
13,2,David Arquette,6.0,0.21516183543603853,Eliminated,7.0,0.2958793242241903,2,PERCENT,0.5,6.0,0.21516183543603853,11,False
13,2,Elisabetta Canalis,7.0,0.000939674695763356,Eliminated,2.0,0.09511007828194042,9,PERCENT,0.5,6.0,0.000939674695763356,11,False
13,2,Hope Solo,6.333333333333333,0.007480484545830463,Eliminated,9.0,0.09268227826665733,11,PERCENT,0.5,6.666666666666666,0.007480484545830463,11,True
13,2,J.R. Martinez,7.333333333333333,0.001302570930619619,Winner,9.0,0.09995727944947178,6,PERCENT,0.5,7.333333333333333,0.001302570930619619,11,False
13,2,Kristin Cavallari,7.333333333333333,0.0015387031156092348,Eliminated,3.0,0.1001934116344614,5,PERCENT,0.5,6.833333333333333,0.0015387031156092348,11,False
13,2,Nancy Grace,7.0,0.0028092672678206154,Eliminated,8.0,0.09697967085399768,7,PERCENT,0.5,6.166666666666666,0.0028092672678206154,11,False
13,2,Ricki Lake,7.666666666666667,0.007287440979962149,Finalist,9.0,0.11042645443148941,4,PERCENT,0.5,7.166666666666667,0.007287440979962149,11,False
13,2,Rob Kardashian,7.0,0.0019626419623195997,RunnerUp,9.0,0.09613304554849667,8,PERCENT,0.5,6.166666666666666,0.0019626419623195997,11,False
13,3,Carson Kressley,7.666666666666667,0.0014037198441647846,Eliminated,5.0,0.09845013334504606,10,PERCENT,0.5,6.4444444444444455,0.0014037198441647846,10,True
13,3,Chaz Bono,6.0,0.9706547484747811,Eliminated,6.0,1.0466041155624273,1,PERCENT,0.5,5.777777777777779,0.9706547484747811,10,False
13,3,Chynna Phillips,8.666666666666666,0.0011956616154340054,Eliminated,4.0,0.1109003029642563,4,PERCENT,0.5,7.666666666666667,0.0011956616154340054,10,False
13,3,David Arquette,8.0,0.0021948518443914264,Eliminated,7.0,0.1034606746279197,6,PERCENT,0.5,6.666666666666667,0.0021948518443914264,10,False
13,3,Hope Solo,8.0,0.0035569613622858276,Eliminated,9.0,0.1048227841458141,5,PERCENT,0.5,7.111111111111111,0.0035569613622858276,10,False
13,3,J.R. Martinez,8.666666666666666,0.0011972963107278489,Winner,9.0,0.11090193765955014,3,PERCENT,0.5,7.777777777777778,0.0011972963107278489,10,False
13,3,Kristin Cavallari,8.0,0.00020705303962807733,Eliminated,3.0,0.10147287582315635,8,PERCENT,0.5,7.222222222222221,0.00020705303962807733,10,False
13,3,Nancy Grace,7.0,0.01188455972093994,Eliminated,8.0,0.10049215465652718,9,PERCENT,0.5,6.444444444444444,0.01188455972093994,10,False
13,3,Ricki Lake,9.0,0.006150875291221252,Finalist,9.0,0.12007492592269056,2,PERCENT,0.5,7.777777777777779,0.006150875291221252,10,False
13,3,Rob Kardashian,8.0,0.0015542724964368129,RunnerUp,9.0,0.10282009527996509,7,PERCENT,0.5,6.777777777777778,0.0015542724964368129,10,False
13,4,Carson Kressley,6.666666666666667,0.12386230368420618,Eliminated,5.0,0.21955608358713882,2,PERCENT,0.5,6.5,0.12386230368420618,9,False
13,4,Chaz Bono,7.0,0.010823783873257137,Eliminated,6.0,0.1113022527713364,7,PERCENT,0.5,6.083333333333334,0.010823783873257137,9,False
13,4,Chynna Phillips,7.0,0.001463428575046747,Eliminated,4.0,0.10194189747312601,9,PERCENT,0.5,7.5,0.001463428575046747,9,True
13,4,David Arquette,7.666666666666667,0.00477592385157985,Eliminated,7.0,0.11482377073995238,6,PERCENT,0.5,6.916666666666667,0.00477592385157985,9,False
13,4,Hope Solo,8.0,0.01760039334022086,Eliminated,9.0,0.13243292922374003,4,PERCENT,0.5,7.333333333333333,0.01760039334022086,9,False
13,4,J.R. Martinez,8.666666666666666,0.8076806855481954,Winner,9.0,0.9320825994220078,1,PERCENT,0.5,8.0,0.8076806855481954,9,False
13,4,Nancy Grace,7.0,0.007710207203000411,Eliminated,8.0,0.10818867610107967,8,PERCENT,0.5,6.583333333333333,0.007710207203000411,9,False
13,4,Ricki Lake,9.666666666666666,0.020190536119796803,Finalist,9.0,0.1589465169790491,3,PERCENT,0.5,8.25,0.020190536119796803,9,False
13,4,Rob Kardashian,8.0,0.005892737804690812,RunnerUp,9.0,0.12072527368820997,5,PERCENT,0.5,7.083333333333333,0.005892737804690812,9,False
13,5,Carson Kressley,6.333333333333333,0.035507161319368846,Eliminated,5.0,0.13657099110499016,8,PERCENT,0.5,6.466666666666667,0.035507161319368846,8,True
13,5,Chaz Bono,7.0,0.0417548700458282,Eliminated,6.0,0.1534569977036202,7,PERCENT,0.5,6.2666666666666675,0.0417548700458282,8,False
13,5,David Arquette,8.333333333333334,0.06236019754988345,Eliminated,7.0,0.19533892095201677,6,PERCENT,0.5,7.2,0.06236019754988345,8,False
13,5,Hope Solo,8.0,0.11491192269194644,Eliminated,9.0,0.24257149715799442,3,PERCENT,0.5,7.466666666666666,0.11491192269194644,8,False
13,5,J.R. Martinez,9.333333333333334,0.05070451739662275,Winner,9.0,0.1996406876070121,5,PERCENT,0.5,8.266666666666666,0.05070451739662275,8,False
13,5,Nancy Grace,7.333333333333333,0.18638618755207007,Eliminated,8.0,0.3034074641459474,2,PERCENT,0.5,6.7333333333333325,0.18638618755207007,8,False
13,5,Ricki Lake,8.0,0.427276329842766,Finalist,9.0,0.554935904308814,1,PERCENT,0.5,8.2,0.427276329842766,8,False
13,5,Rob Kardashian,8.333333333333334,0.08109881360151548,RunnerUp,9.0,0.2140775370036488,4,PERCENT,0.5,7.333333333333333,0.08109881360151548,8,False
13,6,Chaz Bono,6.333333333333333,0.044295726439855895,Eliminated,6.0,0.15875355776308858,7,PERCENT,0.5,6.277777777777778,0.044295726439855895,7,True
13,6,David Arquette,7.666666666666667,0.053670526187203846,Eliminated,7.0,0.19222474305216974,6,PERCENT,0.5,7.277777777777778,0.053670526187203846,7,False
13,6,Hope Solo,6.666666666666667,0.12209702896532743,Eliminated,9.0,0.24257895667399343,4,PERCENT,0.5,7.333333333333333,0.12209702896532743,7,False
13,6,J.R. Martinez,9.666666666666666,0.24337074336731795,Winner,9.0,0.4180695385448836,2,PERCENT,0.5,8.5,0.24337074336731795,7,False
13,6,Nancy Grace,8.0,0.19815404612152818,Eliminated,8.0,0.34273235937192736,3,PERCENT,0.5,6.944444444444444,0.19815404612152818,7,False
13,6,Ricki Lake,9.666666666666666,0.2515680170063747,Finalist,9.0,0.42626681218394036,1,PERCENT,0.5,8.444444444444445,0.2515680170063747,7,False
13,6,Rob Kardashian,7.333333333333333,0.08684391191239207,RunnerUp,9.0,0.21937403239192466,5,PERCENT,0.5,7.333333333333333,0.08684391191239207,7,False
13,7,David Arquette,7.833333333333333,0.0033672839758214354,Eliminated,7.0,0.16377684028652975,6,PERCENT,0.5,7.357142857142857,0.0033672839758214354,6,True
13,7,Hope Solo,8.333333333333334,0.019740042961476953,Eliminated,9.0,0.190388507121805,4,PERCENT,0.5,7.476190476190475,0.019740042961476953,6,False
13,7,J.R. Martinez,8.0,0.6453949840731263,Winner,9.0,0.8092175096670413,1,PERCENT,0.5,8.428571428571429,0.6453949840731263,6,False
13,7,Nancy Grace,7.333333333333333,0.29647745743323284,Eliminated,8.0,0.44664810589432147,2,PERCENT,0.5,7.0,0.29647745743323284,6,False
13,7,Ricki Lake,8.833333333333334,0.022794065661218003,Finalist,9.0,0.20368143767116573,3,PERCENT,0.5,8.5,0.022794065661218003,6,False
13,7,Rob Kardashian,8.5,0.012226165895122331,RunnerUp,9.0,0.1862875993386569,5,PERCENT,0.5,7.5,0.012226165895122331,6,False
13,8,Hope Solo,8.666666666666666,0.13184547527420584,Eliminated,9.0,0.3326176760417555,3,PERCENT,0.5,7.625,0.13184547527420584,5,False
13,8,J.R. Martinez,10.0,0.2133514676531219,Winner,9.0,0.44501169930798695,2,PERCENT,0.5,8.625,0.2133514676531219,5,False
13,8,Nancy Grace,7.333333333333333,0.09312075580811795,Eliminated,8.0,0.2630049256883523,5,PERCENT,0.5,7.041666666666666,0.09312075580811795,5,True
13,8,Ricki Lake,8.666666666666666,0.4899613958111176,Finalist,9.0,0.6907335965786673,1,PERCENT,0.5,8.520833333333334,0.4899613958111176,5,False
13,8,Rob Kardashian,8.5,0.071720905453442,RunnerUp,9.0,0.2686321023600773,4,PERCENT,0.5,7.625,0.071720905453442,5,False
13,9,Hope Solo,8.1666,0.0021698999191003235,Eliminated,9.0,0.20892013936635329,4,PERCENT,0.5,7.685177777777778,0.0021698999191003235,4,True
13,9,J.R. Martinez,9.333333333333334,0.9902989264678416,Winner,9.0,1.226586843288513,1,PERCENT,0.5,8.703703703703702,0.9902989264678416,4,False
13,9,Ricki Lake,11.166633333333332,0.004973998502291625,Finalist,9.0,0.28767476938446324,2,PERCENT,0.5,8.81481111111111,0.004973998502291625,4,False
13,9,Rob Kardashian,10.833266666666667,0.0025571751107641844,RunnerUp,9.0,0.2768182479353518,3,PERCENT,0.5,7.981474074074075,0.0025571751107641844,4,False
14,1,Donald Driver,7.0,0.985808497439084,Winner,9.0,-9.0,3,RANK,0.5,7.0,0.985808497439084,12,False
14,1,Gavin Degraw,6.666666666666667,0.0006804478384046096,Eliminated,5.0,-16.0,10,RANK,0.5,6.666666666666667,0.0006804478384046096,12,False
14,1,Gladys Knight,7.666666666666667,0.0011109004321982197,Eliminated,6.0,-9.0,3,RANK,0.5,7.666666666666667,0.0011109004321982197,12,False
14,1,Jack Wagner,7.666666666666667,0.0003327246506237495,Eliminated,3.0,-14.0,8,RANK,0.5,7.666666666666667,0.0003327246506237495,12,False
14,1,Jaleel White,8.666666666666666,0.0005736905288178275,Eliminated,7.0,-8.0,2,RANK,0.5,8.666666666666666,0.0005736905288178275,12,False
14,1,Katherine Jenkins,8.666666666666666,0.0003266005151703722,RunnerUp,9.0,-12.0,6,RANK,0.5,8.666666666666666,0.0003266005151703722,12,False
14,1,Maria Menounos,7.0,0.005844453474145487,Eliminated,9.0,-10.0,5,RANK,0.5,7.0,0.005844453474145487,12,False
14,1,Martina Navratilova,6.666666666666667,0.0015686935189748018,Eliminated,2.0,-14.0,8,RANK,0.5,6.666666666666667,0.0015686935189748018,12,False
14,1,Melissa Gilbert,6.666666666666667,0.0005716085446029825,Eliminated,8.0,-18.0,12,RANK,0.5,6.666666666666667,0.0005716085446029825,12,True
14,1,Roshon Fegan,7.666666666666667,0.00037396119681839597,Eliminated,8.0,-13.0,7,RANK,0.5,7.666666666666667,0.00037396119681839597,12,False
14,1,Sherri Sheperd,7.666666666666667,0.000295837455695569,Eliminated,4.0,-16.0,10,RANK,0.5,7.666666666666667,0.000295837455695569,12,False
14,1,William Levy,8.0,0.0025125844054640755,Finalist,9.0,-6.0,1,RANK,0.5,8.0,0.0025125844054640755,12,False
14,2,Donald Driver,8.0,0.6577236202452724,Winner,9.0,-6.0,2,RANK,0.5,7.5,0.6577236202452724,10,False
14,2,Gavin Degraw,7.0,0.02241889557545686,Eliminated,5.0,-12.0,6,RANK,0.5,6.833333333333334,0.02241889557545686,10,False
14,2,Gladys Knight,6.333333333333333,0.011134340703940602,Eliminated,6.0,-19.0,10,RANK,0.5,7.0,0.011134340703940602,10,True
14,2,Jack Wagner,7.0,0.008588391030212167,Eliminated,3.0,-19.0,10,RANK,0.5,7.333333333333334,0.008588391030212167,10,True
14,2,Jaleel White,7.333333333333333,0.010026921341845336,Eliminated,7.0,-17.0,8,RANK,0.5,8.0,0.010026921341845336,10,False
14,2,Katherine Jenkins,8.666666666666666,0.01051237672792013,RunnerUp,9.0,-10.0,5,RANK,0.5,8.666666666666666,0.01051237672792013,10,False
14,2,Maria Menounos,8.333333333333334,0.15429792560228914,Eliminated,9.0,-5.0,1,RANK,0.5,7.666666666666667,0.15429792560228914,10,False
14,2,Martina Navratilova,5.666666666666667,0.013117645739277324,Eliminated,2.0,-19.0,10,RANK,0.5,6.166666666666667,0.013117645739277324,10,True
14,2,Melissa Gilbert,6.666666666666667,0.01810467148477827,Eliminated,8.0,-16.0,7,RANK,0.5,6.666666666666667,0.01810467148477827,10,False
14,2,Roshon Fegan,8.666666666666666,0.018580894562720433,Eliminated,8.0,-6.0,2,RANK,0.5,8.166666666666666,0.018580894562720433,10,False
14,2,Sherri Sheperd,7.666666666666667,0.007981478746243604,Eliminated,4.0,-18.0,9,RANK,0.5,7.666666666666667,0.007981478746243604,10,False
14,2,William Levy,8.333333333333334,0.06751283824003664,Finalist,9.0,-6.0,2,RANK,0.5,8.166666666666668,0.06751283824003664,10,False
14,3,Donald Driver,8.666666666666666,0.8614989137188958,Winner,9.0,-5.0,1,RANK,0.5,7.888888888888888,0.8614989137188958,11,False
14,3,Gavin Degraw,8.0,0.006772983023485649,Eliminated,5.0,-14.0,8,RANK,0.5,7.222222222222222,0.006772983023485649,11,False
14,3,Gladys Knight,8.0,0.025108607151303433,Eliminated,6.0,-10.0,4,RANK,0.5,7.333333333333333,0.025108607151303433,11,False
14,3,Jack Wagner,8.0,0.0044647842100818515,Eliminated,3.0,-15.0,10,RANK,0.5,7.555555555555556,0.0044647842100818515,11,False
14,3,Jaleel White,8.333333333333334,0.00841984533078896,Eliminated,7.0,-11.0,5,RANK,0.5,8.11111111111111,0.00841984533078896,11,False
14,3,Katherine Jenkins,9.666666666666666,0.002820657633000753,RunnerUp,9.0,-12.0,6,RANK,0.5,9.0,0.002820657633000753,11,False
14,3,Maria Menounos,9.0,0.0574625551781855,Eliminated,9.0,-5.0,1,RANK,0.5,8.111111111111112,0.0574625551781855,11,False
14,3,Melissa Gilbert,8.0,0.010978861818275582,Eliminated,8.0,-12.0,6,RANK,0.5,7.111111111111112,0.010978861818275582,11,False
14,3,Roshon Fegan,8.333333333333334,0.003698651976473187,Eliminated,8.0,-14.0,8,RANK,0.5,8.222222222222223,0.003698651976473187,11,False
14,3,Sherri Sheperd,8.0,0.003338357597191384,Eliminated,4.0,-17.0,11,RANK,0.5,7.777777777777779,0.003338357597191384,11,True
14,3,William Levy,9.333333333333334,0.01543578236232032,Finalist,9.0,-6.0,3,RANK,0.5,8.555555555555555,0.01543578236232032,11,False
14,4,Donald Driver,9.0,0.12751955253539696,Winner,9.0,-4.0,1,RANK,0.5,8.166666666666666,0.12751955253539696,10,False
14,4,Gavin Degraw,7.666666666666667,0.05606158126880879,Eliminated,5.0,-10.0,4,RANK,0.5,7.333333333333334,0.05606158126880879,10,False
14,4,Gladys Knight,6.666666666666667,0.3184379013724238,Eliminated,6.0,-11.0,5,RANK,0.5,7.166666666666667,0.3184379013724238,10,False
14,4,Jaleel White,7.333333333333333,0.028960918776360978,Eliminated,7.0,-13.0,7,RANK,0.5,7.916666666666666,0.028960918776360978,10,False
14,4,Katherine Jenkins,8.0,0.021350325755625114,RunnerUp,9.0,-13.0,7,RANK,0.5,8.75,0.021350325755625114,10,False
14,4,Maria Menounos,8.666666666666666,0.292479089816928,Eliminated,9.0,-4.0,1,RANK,0.5,8.25,0.292479089816928,10,False
14,4,Melissa Gilbert,7.333333333333333,0.04308750430357035,Eliminated,8.0,-12.0,6,RANK,0.5,7.166666666666667,0.04308750430357035,10,False
14,4,Roshon Fegan,8.666666666666666,0.07812036737661747,Eliminated,8.0,-6.0,3,RANK,0.5,8.333333333333334,0.07812036737661747,10,False
14,4,Sherri Sheperd,7.0,0.009636890945905415,Eliminated,4.0,-19.0,10,RANK,0.5,7.583333333333334,0.009636890945905415,10,True
14,4,William Levy,7.333333333333333,0.0243458678483641,Finalist,9.0,-14.0,9,RANK,0.5,8.25,0.0243458678483641,10,False
14,5,Donald Driver,9.0,0.6720873892259871,Winner,9.0,-4.0,1,RANK,0.5,8.333333333333332,0.6720873892259871,9,False
14,5,Gavin Degraw,6.333333333333333,0.01123738392357379,Eliminated,5.0,-18.0,9,RANK,0.5,7.133333333333333,0.01123738392357379,9,True
14,5,Gladys Knight,7.333333333333333,0.042109751024292166,Eliminated,6.0,-10.0,5,RANK,0.5,7.2,0.042109751024292166,9,False
14,5,Jaleel White,8.0,0.02293205445848974,Eliminated,7.0,-11.0,6,RANK,0.5,7.933333333333333,0.02293205445848974,9,False
14,5,Katherine Jenkins,9.666666666666666,0.021903899110426405,RunnerUp,9.0,-7.0,4,RANK,0.5,8.933333333333334,0.021903899110426405,9,False
14,5,Maria Menounos,9.0,0.15725894585371109,Eliminated,9.0,-5.0,2,RANK,0.5,8.4,0.15725894585371109,9,False
14,5,Melissa Gilbert,7.0,0.01846497960374332,Eliminated,8.0,-15.0,8,RANK,0.5,7.133333333333333,0.01846497960374332,9,False
14,5,Roshon Fegan,8.666666666666666,0.013166635080314138,Eliminated,8.0,-13.0,7,RANK,0.5,8.4,0.013166635080314138,9,False
14,5,William Levy,9.666666666666666,0.04083896171946317,Finalist,9.0,-5.0,2,RANK,0.5,8.533333333333335,0.04083896171946317,9,False
14,6,Donald Driver,11.3333,0.9741042350721274,Winner,9.0,-5.0,1,RANK,0.5,8.833327777777777,0.9741042350721274,7,False
14,6,Gladys Knight,8.0,0.0011944312921693028,Eliminated,6.0,-15.0,7,RANK,0.5,7.333333333333333,0.0011944312921693028,7,True
14,6,Jaleel White,12.333266666666667,0.005117084849918633,Eliminated,7.0,-5.0,1,RANK,0.5,8.666655555555556,0.005117084849918633,7,False
14,6,Katherine Jenkins,12.999966666666666,0.0011974196307110705,RunnerUp,9.0,-7.0,3,RANK,0.5,9.611105555555556,0.0011974196307110705,7,False
14,6,Maria Menounos,9.999966666666666,0.012288826082171364,Eliminated,9.0,-8.0,5,RANK,0.5,8.666661111111111,0.012288826082171364,7,False
14,6,Melissa Gilbert,10.0,0.0017808414161351782,Eliminated,8.0,-10.0,6,RANK,0.5,7.611111111111112,0.0017808414161351782,7,False
14,6,Roshon Fegan,9.333266666666667,0.0010149029585570766,Eliminated,8.0,-15.0,7,RANK,0.5,8.555544444444445,0.0010149029585570766,7,True
14,6,William Levy,12.0,0.003302258698209568,Finalist,9.0,-7.0,3,RANK,0.5,9.111111111111112,0.003302258698209568,7,False
14,7,Donald Driver,8.833333333333334,0.47950099071321695,Winner,9.0,-4.0,1,RANK,0.5,8.833328571428572,0.47950099071321695,7,False
14,7,Jaleel White,8.5,0.002522329610344927,Eliminated,7.0,-13.0,7,RANK,0.5,8.642847619047618,0.002522329610344927,7,True
14,7,Katherine Jenkins,9.0,0.0042332968918740305,RunnerUp,9.0,-8.0,3,RANK,0.5,9.52380476190476,0.0042332968918740305,7,False
14,7,Maria Menounos,9.5,0.021935799828299112,Eliminated,9.0,-4.0,1,RANK,0.5,8.785709523809524,0.021935799828299112,7,False
14,7,Melissa Gilbert,7.833333333333333,0.4610792233238162,Eliminated,8.0,-9.0,5,RANK,0.5,7.642857142857143,0.4610792233238162,7,False
14,7,Roshon Fegan,8.666666666666666,0.018997612953498447,Eliminated,8.0,-9.0,5,RANK,0.5,8.571419047619047,0.018997612953498447,7,False
14,7,William Levy,8.833333333333334,0.011730746678948247,Finalist,9.0,-8.0,3,RANK,0.5,9.071428571428571,0.011730746678948247,7,False
14,8,Donald Driver,9.166666666666666,0.4842059832472379,Winner,9.0,-4.0,2,RANK,0.5,8.874995833333333,0.4842059832472379,6,False
14,8,Katherine Jenkins,9.166666666666666,0.039799440956553835,RunnerUp,9.0,-9.0,5,RANK,0.5,9.4791625,0.039799440956553835,6,False
14,8,Maria Menounos,8.833333333333334,0.14681062214478965,Eliminated,9.0,-8.0,4,RANK,0.5,8.7916625,0.14681062214478965,6,False
14,8,Melissa Gilbert,8.5,0.09031097609438928,Eliminated,8.0,-10.0,6,RANK,0.5,7.75,0.09031097609438928,6,True
14,8,Roshon Fegan,9.333333333333334,0.06394734307828065,Eliminated,8.0,-7.0,3,RANK,0.5,8.666658333333334,0.06394734307828065,6,False
14,8,William Levy,9.5,0.1749256344787476,Finalist,9.0,-3.0,1,RANK,0.5,9.125,0.1749256344787476,6,False
14,9,Donald Driver,9.5,0.33951356185738,Winner,9.0,-5.0,1,RANK,0.5,8.94444074074074,0.33951356185738,1,True
14,9,Katherine Jenkins,9.333333333333334,0.46555370300066684,RunnerUp,9.0,-5.0,1,RANK,0.5,9.462959259259257,0.46555370300066684,1,True
14,9,Maria Menounos,9.833333333333334,0.03985052320589644,Eliminated,9.0,-5.0,1,RANK,0.5,8.907403703703704,0.03985052320589644,1,True
14,9,William Levy,9.666666666666666,0.15508221193605878,Finalist,9.0,-5.0,1,RANK,0.5,9.185185185185185,0.15508221193605878,1,True
14,1,Donald Driver,7.0,0.985808497439084,Winner,9.0,1.0635862752159977,1,PERCENT,0.5,7.0,0.985808497439084,12,False
14,1,Gavin Degraw,6.666666666666667,0.0006804478384046096,Eliminated,5.0,0.07475452191165563,11,PERCENT,0.5,6.666666666666667,0.0006804478384046096,12,False
14,1,Gladys Knight,7.666666666666667,0.0011109004321982197,Eliminated,6.0,0.08629608561643688,5,PERCENT,0.5,7.666666666666667,0.0011109004321982197,12,False
14,1,Jack Wagner,7.666666666666667,0.0003327246506237495,Eliminated,3.0,0.08551790983486242,7,PERCENT,0.5,7.666666666666667,0.0003327246506237495,12,False
14,1,Jaleel White,8.666666666666666,0.0005736905288178275,Eliminated,7.0,0.09686998682404413,2,PERCENT,0.5,8.666666666666666,0.0005736905288178275,12,False
14,1,Katherine Jenkins,8.666666666666666,0.0003266005151703722,RunnerUp,9.0,0.09662289681039668,3,PERCENT,0.5,8.666666666666666,0.0003266005151703722,12,False
14,1,Maria Menounos,7.0,0.005844453474145487,Eliminated,9.0,0.08362223125105905,9,PERCENT,0.5,7.0,0.005844453474145487,12,False
14,1,Martina Navratilova,6.666666666666667,0.0015686935189748018,Eliminated,2.0,0.07564276759222582,10,PERCENT,0.5,6.666666666666667,0.0015686935189748018,12,False
14,1,Melissa Gilbert,6.666666666666667,0.0005716085446029825,Eliminated,8.0,0.07464568261785401,12,PERCENT,0.5,6.666666666666667,0.0005716085446029825,12,True
14,1,Roshon Fegan,7.666666666666667,0.00037396119681839597,Eliminated,8.0,0.08555914638105706,6,PERCENT,0.5,7.666666666666667,0.00037396119681839597,12,False
14,1,Sherri Sheperd,7.666666666666667,0.000295837455695569,Eliminated,4.0,0.08548102263993423,8,PERCENT,0.5,7.666666666666667,0.000295837455695569,12,False
14,1,William Levy,8.0,0.0025125844054640755,Finalist,9.0,0.09140147329336529,4,PERCENT,0.5,8.0,0.0025125844054640755,12,False
14,2,Donald Driver,8.0,0.6577236202452724,Winner,9.0,0.746942951099296,1,PERCENT,0.5,7.5,0.6577236202452724,12,False
14,2,Gavin Degraw,7.0,0.02241889557545686,Eliminated,5.0,0.10048581007272749,6,PERCENT,0.5,6.833333333333334,0.02241889557545686,12,False
14,2,Gladys Knight,6.333333333333333,0.011134340703940602,Eliminated,6.0,0.08176631096337593,11,PERCENT,0.5,7.0,0.011134340703940602,12,False
14,2,Jack Wagner,7.0,0.008588391030212167,Eliminated,3.0,0.0866553055274828,10,PERCENT,0.5,7.333333333333334,0.008588391030212167,12,False
14,2,Jaleel White,7.333333333333333,0.010026921341845336,Eliminated,7.0,0.0918113079580336,9,PERCENT,0.5,8.0,0.010026921341845336,12,False
14,2,Katherine Jenkins,8.666666666666666,0.01051237672792013,RunnerUp,9.0,0.107166651819779,5,PERCENT,0.5,8.666666666666666,0.01051237672792013,12,False
14,2,Maria Menounos,8.333333333333334,0.15429792560228914,Eliminated,9.0,0.24723472857523038,2,PERCENT,0.5,7.666666666666667,0.15429792560228914,12,False
14,2,Martina Navratilova,5.666666666666667,0.013117645739277324,Eliminated,2.0,0.07631467176087736,12,PERCENT,0.5,6.166666666666667,0.013117645739277324,12,True
14,2,Melissa Gilbert,6.666666666666667,0.01810467148477827,Eliminated,8.0,0.09245411386313124,8,PERCENT,0.5,6.666666666666667,0.01810467148477827,12,False
14,2,Roshon Fegan,8.666666666666666,0.018580894562720433,Eliminated,8.0,0.1152351696545793,4,PERCENT,0.5,8.166666666666666,0.018580894562720433,12,False
14,2,Sherri Sheperd,7.666666666666667,0.007981478746243604,Eliminated,4.0,0.09348333748134953,7,PERCENT,0.5,7.666666666666667,0.007981478746243604,12,False
14,2,William Levy,8.333333333333334,0.06751283824003664,Finalist,9.0,0.16044964121297786,3,PERCENT,0.5,8.166666666666668,0.06751283824003664,12,False
14,3,Donald Driver,8.666666666666666,0.8614989137188958,Winner,9.0,0.9543560565750437,1,PERCENT,0.5,7.888888888888888,0.8614989137188958,11,False
14,3,Gavin Degraw,8.0,0.006772983023485649,Eliminated,5.0,0.09248726873685302,9,PERCENT,0.5,7.222222222222222,0.006772983023485649,11,False
14,3,Gladys Knight,8.0,0.025108607151303433,Eliminated,6.0,0.1108228928646708,4,PERCENT,0.5,7.333333333333333,0.025108607151303433,11,False
14,3,Jack Wagner,8.0,0.0044647842100818515,Eliminated,3.0,0.09017906992344922,10,PERCENT,0.5,7.555555555555556,0.0044647842100818515,11,False
14,3,Jaleel White,8.333333333333334,0.00841984533078896,Eliminated,7.0,0.09770555961554664,6,PERCENT,0.5,8.11111111111111,0.00841984533078896,11,False
14,3,Katherine Jenkins,9.666666666666666,0.002820657633000753,RunnerUp,9.0,0.10639208620331964,5,PERCENT,0.5,9.0,0.002820657633000753,11,False
14,3,Maria Menounos,9.0,0.0574625551781855,Eliminated,9.0,0.1538911266057238,2,PERCENT,0.5,8.111111111111112,0.0574625551781855,11,False
14,3,Melissa Gilbert,8.0,0.010978861818275582,Eliminated,8.0,0.09669314753164295,7,PERCENT,0.5,7.111111111111112,0.010978861818275582,11,False
14,3,Roshon Fegan,8.333333333333334,0.003698651976473187,Eliminated,8.0,0.09298436626123087,8,PERCENT,0.5,8.222222222222223,0.003698651976473187,11,False
14,3,Sherri Sheperd,8.0,0.003338357597191384,Eliminated,4.0,0.08905264331055875,11,PERCENT,0.5,7.777777777777779,0.003338357597191384,11,True
14,3,William Levy,9.333333333333334,0.01543578236232032,Finalist,9.0,0.11543578236124892,3,PERCENT,0.5,8.555555555555555,0.01543578236232032,11,False
14,4,Donald Driver,9.0,0.12751955253539696,Winner,9.0,0.24339938086008522,3,PERCENT,0.5,8.166666666666666,0.12751955253539696,10,False
14,4,Gavin Degraw,7.666666666666667,0.05606158126880879,Eliminated,5.0,0.15477402761946915,5,PERCENT,0.5,7.333333333333334,0.05606158126880879,10,False
14,4,Gladys Knight,6.666666666666667,0.3184379013724238,Eliminated,6.0,0.40427481124256326,1,PERCENT,0.5,7.166666666666667,0.3184379013724238,10,False
14,4,Jaleel White,7.333333333333333,0.028960918776360978,Eliminated,7.0,0.12338151963351436,8,PERCENT,0.5,7.916666666666666,0.028960918776360978,10,False
14,4,Katherine Jenkins,8.0,0.021350325755625114,RunnerUp,9.0,0.12435461759979244,7,PERCENT,0.5,8.75,0.021350325755625114,10,False
14,4,Maria Menounos,8.666666666666666,0.292479089816928,Eliminated,9.0,0.40406707264810926,2,PERCENT,0.5,8.25,0.292479089816928,10,False
14,4,Melissa Gilbert,7.333333333333333,0.04308750430357035,Eliminated,8.0,0.13750810516072373,6,PERCENT,0.5,7.166666666666667,0.04308750430357035,10,False
14,4,Roshon Fegan,8.666666666666666,0.07812036737661747,Eliminated,8.0,0.18970835020779875,4,PERCENT,0.5,8.333333333333334,0.07812036737661747,10,False
14,4,Sherri Sheperd,7.0,0.009636890945905415,Eliminated,4.0,0.09976564630955184,10,PERCENT,0.5,7.583333333333334,0.009636890945905415,10,True
14,4,William Levy,7.333333333333333,0.0243458678483641,Finalist,9.0,0.11876646870551749,9,PERCENT,0.5,8.25,0.0243458678483641,10,False
14,5,Donald Driver,9.0,0.6720873892259871,Winner,9.0,0.792623103510087,1,PERCENT,0.5,8.333333333333332,0.6720873892259871,9,False
14,5,Gavin Degraw,6.333333333333333,0.01123738392357379,Eliminated,5.0,0.09605881249386634,9,PERCENT,0.5,7.133333333333333,0.01123738392357379,9,True
14,5,Gladys Knight,7.333333333333333,0.042109751024292166,Eliminated,6.0,0.14032403673726251,5,PERCENT,0.5,7.2,0.042109751024292166,9,False
14,5,Jaleel White,8.0,0.02293205445848974,Eliminated,7.0,0.1300749115999119,6,PERCENT,0.5,7.933333333333333,0.02293205445848974,9,False
14,5,Katherine Jenkins,9.666666666666666,0.021903899110426405,RunnerUp,9.0,0.1513681848229782,4,PERCENT,0.5,8.933333333333334,0.021903899110426405,9,False
14,5,Maria Menounos,9.0,0.15725894585371109,Eliminated,9.0,0.27779466013781107,2,PERCENT,0.5,8.4,0.15725894585371109,9,False
14,5,Melissa Gilbert,7.0,0.01846497960374332,Eliminated,8.0,0.11221497960248772,8,PERCENT,0.5,7.133333333333333,0.01846497960374332,9,False
14,5,Roshon Fegan,8.666666666666666,0.013166635080314138,Eliminated,8.0,0.12923806365018817,7,PERCENT,0.5,8.4,0.013166635080314138,9,False
14,5,William Levy,9.666666666666666,0.04083896171946317,Finalist,9.0,0.17030324743201497,3,PERCENT,0.5,8.533333333333335,0.04083896171946317,9,False
14,6,Donald Driver,11.3333,0.9741042350721274,Winner,9.0,1.1058871507606765,1,PERCENT,0.5,8.833327777777777,0.9741042350721274,8,False
14,6,Gladys Knight,8.0,0.0011944312921693028,Eliminated,6.0,0.09421793949440446,8,PERCENT,0.5,7.333333333333333,0.0011944312921693028,8,True
14,6,Jaleel White,12.333266666666667,0.005117084849918633,Eliminated,7.0,0.14852755146579616,3,PERCENT,0.5,8.666655555555556,0.005117084849918633,8,False
14,6,Katherine Jenkins,12.999966666666666,0.0011974196307110705,RunnerUp,9.0,0.15236023286139236,2,PERCENT,0.5,9.611105555555556,0.0011974196307110705,8,False
14,6,Maria Menounos,9.999966666666666,0.012288826082171364,Eliminated,9.0,0.12856782373701447,5,PERCENT,0.5,8.666661111111111,0.012288826082171364,8,False
14,6,Melissa Gilbert,10.0,0.0017808414161351782,Eliminated,8.0,0.11806022666892912,6,PERCENT,0.5,7.611111111111112,0.0017808414161351782,8,False
14,6,Roshon Fegan,9.333266666666667,0.0010149029585570766,Eliminated,8.0,0.10954155399859641,7,PERCENT,0.5,8.555544444444445,0.0010149029585570766,8,False
14,6,William Levy,12.0,0.003302258698209568,Finalist,9.0,0.14283752100156233,4,PERCENT,0.5,9.111111111111112,0.003302258698209568,8,False
14,7,Donald Driver,8.833333333333334,0.47950099071321695,Winner,9.0,0.6239151596481857,1,PERCENT,0.5,8.833328571428572,0.47950099071321695,7,False
14,7,Jaleel White,8.5,0.002522329610344927,Eliminated,7.0,0.14148690726474877,7,PERCENT,0.5,8.642847619047618,0.002522329610344927,7,True
14,7,Katherine Jenkins,9.0,0.0042332968918740305,RunnerUp,9.0,0.15137226146712518,6,PERCENT,0.5,9.52380476190476,0.0042332968918740305,7,False
14,7,Maria Menounos,9.5,0.021935799828299112,Eliminated,9.0,0.17724915132439753,3,PERCENT,0.5,8.785709523809524,0.021935799828299112,7,False
14,7,Melissa Gilbert,7.833333333333333,0.4610792233238162,Eliminated,8.0,0.5891446184170903,2,PERCENT,0.5,7.642857142857143,0.4610792233238162,7,False
14,7,Roshon Fegan,8.666666666666666,0.018997612953498447,Eliminated,8.0,0.1606869862481847,4,PERCENT,0.5,8.571419047619047,0.018997612953498447,7,False
14,7,William Levy,8.833333333333334,0.011730746678948247,Finalist,9.0,0.15614491561391697,5,PERCENT,0.5,9.071428571428571,0.011730746678948247,7,False
14,8,Donald Driver,9.166666666666666,0.4842059832472379,Winner,9.0,0.6524017018985859,1,PERCENT,0.5,8.874995833333333,0.4842059832472379,6,False
14,8,Katherine Jenkins,9.166666666666666,0.039799440956553835,RunnerUp,9.0,0.2079951596079019,6,PERCENT,0.5,9.4791625,0.039799440956553835,6,True
14,8,Maria Menounos,8.833333333333334,0.14681062214478965,Eliminated,9.0,0.30889013284517963,3,PERCENT,0.5,8.7916625,0.14681062214478965,6,False
14,8,Melissa Gilbert,8.5,0.09031097609438928,Eliminated,8.0,0.24627427884382114,4,PERCENT,0.5,7.75,0.09031097609438928,6,False
14,8,Roshon Fegan,9.333333333333334,0.06394734307828065,Eliminated,8.0,0.23520116570510782,5,PERCENT,0.5,8.666658333333334,0.06394734307828065,6,False
14,8,William Levy,9.5,0.1749256344787476,Finalist,9.0,0.3492375610810538,2,PERCENT,0.5,9.125,0.1749256344787476,6,False
14,9,Donald Driver,9.5,0.33951356185738,Winner,9.0,0.5873396488074367,2,PERCENT,0.5,8.94444074074074,0.33951356185738,4,False
14,9,Katherine Jenkins,9.333333333333334,0.46555370300066684,RunnerUp,9.0,0.7090319638638805,1,PERCENT,0.5,9.462959259259257,0.46555370300066684,4,False
14,9,Maria Menounos,9.833333333333334,0.03985052320589644,Eliminated,9.0,0.29637226232963937,4,PERCENT,0.5,8.907403703703704,0.03985052320589644,4,True
14,9,William Levy,9.666666666666666,0.15508221193605878,Finalist,9.0,0.4072561249729586,3,PERCENT,0.5,9.185185185185185,0.15508221193605878,4,False
15,1,Apolo Anton Ohno,7.333333333333333,0.007217143326991633,Eliminated,9.0,-7.0,3,RANK,0.5,7.333333333333333,0.007217143326991633,13,False
15,1,Bristol Palin,6.5,0.004182703305425383,Eliminated,4.0,-18.0,9,RANK,0.5,6.5,0.004182703305425383,13,False
15,1,Drew Lachey,7.166666666666667,0.002376988087892128,Eliminated,3.0,-18.0,9,RANK,0.5,7.166666666666667,0.002376988087892128,13,False
15,1,Emmitt Smith,8.166666666666666,0.005614677383233824,Eliminated,9.0,-6.0,1,RANK,0.5,8.166666666666666,0.005614677383233824,13,False
15,1,Gilles Marini,8.0,0.0024255518609851883,Eliminated,8.0,-13.0,6,RANK,0.5,8.0,0.0024255518609851883,13,False
15,1,Helio Castroneves,7.166666666666667,0.0027811625999446966,Eliminated,3.0,-16.0,7,RANK,0.5,7.166666666666667,0.0027811625999446966,13,False
15,1,Joey Fatone,6.833333333333333,0.0033133499975031263,Eliminated,2.0,-19.0,11,RANK,0.5,6.833333333333333,0.0033133499975031263,13,False
15,1,Kelly Monaco,7.166666666666667,0.00224939721098819,Finalist,9.0,-19.0,11,RANK,0.5,7.166666666666667,0.00224939721098819,13,False
15,1,Kirstie Alley,6.333333333333333,0.003686505020781048,Eliminated,8.0,-20.0,13,RANK,0.5,6.333333333333333,0.003686505020781048,13,True
15,1,Melissa Rycroft,7.0,0.9382688778059654,Winner,9.0,-10.0,5,RANK,0.5,7.0,0.9382688778059654,13,False
15,1,Pamela Anderson,5.666666666666667,0.005779686969365168,Eliminated,1.0,-17.0,8,RANK,0.5,5.666666666666667,0.005779686969365168,13,False
15,1,Sabrina Bryan,7.5,0.004780559340419347,Eliminated,6.0,-9.0,4,RANK,0.5,7.5,0.004780559340419347,13,False
15,1,Shawn Johnson,7.333333333333333,0.017323397090499622,RunnerUp,9.0,-6.0,1,RANK,0.5,7.333333333333333,0.017323397090499622,13,False
15,2,Apolo Anton Ohno,8.166666666666666,0.003500767831267186,Eliminated,9.0,-9.0,4,RANK,0.5,7.75,0.003500767831267186,11,False
15,2,Bristol Palin,6.0,0.6073809183536135,Eliminated,4.0,-13.0,5,RANK,0.5,6.25,0.6073809183536135,11,False
15,2,Drew Lachey,7.5,0.0009710414600901925,Eliminated,3.0,-17.0,10,RANK,0.5,7.333333333333334,0.0009710414600901925,11,False
15,2,Emmitt Smith,7.5,0.0020105271022459854,Eliminated,9.0,-13.0,5,RANK,0.5,7.833333333333333,0.0020105271022459854,11,False
15,2,Gilles Marini,8.5,0.0008696314978075138,Eliminated,8.0,-13.0,5,RANK,0.5,8.25,0.0008696314978075138,11,False
15,2,Helio Castroneves,7.666666666666667,0.0010543591381733798,Eliminated,3.0,-14.0,8,RANK,0.5,7.416666666666667,0.0010543591381733798,11,False
15,2,Joey Fatone,7.5,0.0005317320750337283,Eliminated,2.0,-19.0,11,RANK,0.5,7.166666666666666,0.0005317320750337283,11,True
15,2,Kelly Monaco,7.333333333333333,0.0010211898187629798,Finalist,9.0,-19.0,11,RANK,0.5,7.25,0.0010211898187629798,11,True
15,2,Kirstie Alley,7.0,0.0037042762353350985,Eliminated,8.0,-15.0,9,RANK,0.5,6.666666666666666,0.0037042762353350985,11,False
15,2,Melissa Rycroft,7.833333333333333,0.37206285284573076,Winner,9.0,-7.0,2,RANK,0.5,7.416666666666666,0.37206285284573076,11,False
15,2,Sabrina Bryan,8.666666666666666,0.001631190944235481,Eliminated,6.0,-8.0,3,RANK,0.5,8.083333333333332,0.001631190944235481,11,False
15,2,Shawn Johnson,8.333333333333334,0.0052615126977044405,RunnerUp,9.0,-6.0,1,RANK,0.5,7.833333333333334,0.0052615126977044405,11,False
15,3,Apolo Anton Ohno,8.5,0.05348969426912748,Eliminated,9.0,-8.0,3,RANK,0.5,8.0,0.05348969426912748,11,False
15,3,Bristol Palin,7.5,0.4847697518298086,Eliminated,4.0,-12.0,7,RANK,0.5,6.666666666666667,0.4847697518298086,11,False
15,3,Drew Lachey,8.0,0.013506636506362966,Eliminated,3.0,-20.0,11,RANK,0.5,7.555555555555556,0.013506636506362966,11,True
15,3,Emmitt Smith,8.333333333333334,0.09312271855060555,Eliminated,9.0,-11.0,5,RANK,0.5,8.0,0.09312271855060555,11,False
15,3,Gilles Marini,8.5,0.023767654820220585,Eliminated,8.0,-14.0,9,RANK,0.5,8.333333333333334,0.023767654820220585,11,False
15,3,Helio Castroneves,8.5,0.031146939805976968,Eliminated,3.0,-11.0,5,RANK,0.5,7.777777777777779,0.031146939805976968,11,False
15,3,Kelly Monaco,9.0,0.029222201773785914,Finalist,9.0,-9.0,4,RANK,0.5,7.833333333333333,0.029222201773785914,11,False
15,3,Kirstie Alley,8.0,0.04490576115714968,Eliminated,8.0,-14.0,9,RANK,0.5,7.111111111111111,0.04490576115714968,11,False
15,3,Melissa Rycroft,9.0,0.04224037595358602,Winner,9.0,-7.0,2,RANK,0.5,7.944444444444444,0.04224037595358602,11,False
15,3,Sabrina Bryan,8.5,0.02816463030177562,Eliminated,6.0,-13.0,8,RANK,0.5,8.222222222222221,0.02816463030177562,11,False
15,3,Shawn Johnson,8.833333333333334,0.15566363503159975,RunnerUp,9.0,-5.0,1,RANK,0.5,8.166666666666666,0.15566363503159975,11,False
15,4,Apolo Anton Ohno,8.625,0.012268728816951336,Eliminated,9.0,-12.0,7,RANK,0.5,8.15625,0.012268728816951336,9,False
15,4,Bristol Palin,8.0,0.0052256062189143205,Eliminated,4.0,-17.0,9,RANK,0.5,7.0,0.0052256062189143205,9,True
15,4,Emmitt Smith,9.0,0.021705645026417125,Eliminated,9.0,-9.0,4,RANK,0.5,8.25,0.021705645026417125,9,False
15,4,Gilles Marini,9.875,0.010798975395749123,Eliminated,8.0,-7.0,3,RANK,0.5,8.71875,0.010798975395749123,9,False
15,4,Kelly Monaco,9.375,0.006669789705649995,Finalist,9.0,-11.0,5,RANK,0.5,8.21875,0.006669789705649995,9,False
15,4,Kirstie Alley,7.5,0.3467794453709951,Eliminated,8.0,-11.0,5,RANK,0.5,7.208333333333333,0.3467794453709951,9,False
15,4,Melissa Rycroft,9.25,0.56310243797389,Winner,9.0,-5.0,2,RANK,0.5,8.270833333333332,0.56310243797389,9,False
15,4,Sabrina Bryan,8.875,0.009040689211806075,Eliminated,6.0,-13.0,8,RANK,0.5,8.385416666666666,0.009040689211806075,9,False
15,4,Shawn Johnson,9.875,0.02440868227962135,RunnerUp,9.0,-4.0,1,RANK,0.5,8.59375,0.02440868227962135,9,False
15,5,Apolo Anton Ohno,9.416666666666666,0.09514967558175041,Eliminated,9.0,-6.0,3,RANK,0.5,8.408333333333333,0.09514967558175041,8,False
15,5,Emmitt Smith,9.333333333333334,0.13162247214458253,Eliminated,9.0,-9.0,5,RANK,0.5,8.466666666666667,0.13162247214458253,8,False
15,5,Gilles Marini,9.416666666666666,0.048435961384264994,Eliminated,8.0,-8.0,4,RANK,0.5,8.858333333333333,0.048435961384264994,8,False
15,5,Kelly Monaco,8.583333333333334,0.04351734543842569,Finalist,9.0,-15.0,8,RANK,0.5,8.291666666666668,0.04351734543842569,8,True
15,5,Kirstie Alley,8.75,0.07605472815008384,Eliminated,8.0,-12.0,7,RANK,0.5,7.516666666666666,0.07605472815008384,8,False
15,5,Melissa Rycroft,9.416666666666666,0.3452661952919446,Winner,9.0,-3.0,1,RANK,0.5,8.5,0.3452661952919446,8,False
15,5,Sabrina Bryan,9.75,0.03354518976378248,Eliminated,6.0,-9.0,5,RANK,0.5,8.658333333333333,0.03354518976378248,8,False
15,5,Shawn Johnson,9.416666666666666,0.2264084322451689,RunnerUp,9.0,-4.0,2,RANK,0.5,8.758333333333333,0.2264084322451689,8,False
15,6,Apolo Anton Ohno,10.0,0.00409959189432457,Eliminated,9.0,-8.0,1,RANK,0.5,8.67361111111111,0.00409959189432457,3,False
15,6,Emmitt Smith,8.833333333333334,0.4378015508705545,Eliminated,9.0,-9.0,3,RANK,0.5,8.527777777777779,0.4378015508705545,3,True
15,6,Gilles Marini,9.166666666666666,0.10824944581394118,Eliminated,8.0,-9.0,3,RANK,0.5,8.909722222222221,0.10824944581394118,3,True
15,6,Kelly Monaco,9.0,0.27077229194632824,Finalist,9.0,-9.0,3,RANK,0.5,8.409722222222223,0.27077229194632824,3,True
15,6,Kirstie Alley,9.166666666666666,0.11990118270223549,Eliminated,8.0,-8.0,1,RANK,0.5,7.791666666666667,0.11990118270223549,3,False
15,6,Melissa Rycroft,9.833333333333334,0.00608543290719838,Winner,9.0,-9.0,3,RANK,0.5,8.722222222222221,0.00608543290719838,3,True
15,6,Sabrina Bryan,10.0,0.00038702421616318054,Eliminated,6.0,-9.0,3,RANK,0.5,8.881944444444445,0.00038702421616318054,3,True
15,6,Shawn Johnson,9.333333333333334,0.052703479649250644,RunnerUp,9.0,-9.0,3,RANK,0.5,8.854166666666666,0.052703479649250644,3,True
15,7,Apolo Anton Ohno,11.0,0.13695406726476878,Eliminated,9.0,-9.0,4,RANK,0.5,9.005952380952381,0.13695406726476878,7,False
15,7,Emmitt Smith,11.499966666666666,0.19040916280642137,Eliminated,9.0,-6.0,3,RANK,0.5,8.95237619047619,0.19040916280642137,7,False
15,7,Gilles Marini,11.1666,0.09166646713590834,Eliminated,8.0,-10.0,6,RANK,0.5,9.232133333333334,0.09166646713590834,7,False
15,7,Kelly Monaco,12.0,0.07936618132689767,Finalist,9.0,-9.0,4,RANK,0.5,8.922619047619047,0.07936618132689767,7,False
15,7,Kirstie Alley,9.3333,0.07014210390907676,Eliminated,8.0,-14.0,7,RANK,0.5,8.011899999999999,0.07014210390907676,7,True
15,7,Melissa Rycroft,12.999966666666666,0.11091527387134877,Winner,9.0,-5.0,2,RANK,0.5,9.33332857142857,0.11091527387134877,7,False
15,7,Shawn Johnson,12.6666,0.32054674368557523,RunnerUp,9.0,-3.0,1,RANK,0.5,9.3988,0.32054674368557523,7,False
15,8,Apolo Anton Ohno,9.759233333333333,0.006777339195436903,Eliminated,9.0,-7.0,1,RANK,0.5,9.1001125,0.006777339195436903,7,False
15,8,Emmitt Smith,9.685133333333333,0.01104009563057182,Eliminated,9.0,-8.0,3,RANK,0.5,9.043970833333333,0.01104009563057182,7,False
15,8,Gilles Marini,9.759233333333333,0.001205997267499868,Eliminated,8.0,-9.0,7,RANK,0.5,9.298020833333332,0.001205997267499868,7,True
15,8,Kelly Monaco,9.444433333333334,0.012356390934024698,Finalist,9.0,-8.0,3,RANK,0.5,8.987845833333333,0.012356390934024698,7,False
15,8,Kirstie Alley,8.5,0.8452183153927167,Eliminated,8.0,-8.0,3,RANK,0.5,8.0729125,0.8452183153927167,7,False
15,8,Melissa Rycroft,10.0,0.003896224559001366,Winner,9.0,-7.0,1,RANK,0.5,9.4166625,0.003896224559001366,7,False
15,8,Shawn Johnson,9.277766666666666,0.11950563702074975,RunnerUp,9.0,-8.0,3,RANK,0.5,9.383670833333333,0.11950563702074975,7,False
15,9,Apolo Anton Ohno,9.536999999999999,0.008669367596157255,Eliminated,9.0,-8.0,5,RANK,0.5,9.148655555555555,0.008669367596157255,5,True
15,9,Emmitt Smith,9.0,0.42327001089143224,Eliminated,9.0,-6.0,3,RANK,0.5,9.039085185185185,0.42327001089143224,5,False
15,9,Kelly Monaco,9.036999999999999,0.38126422226991247,Finalist,9.0,-6.0,3,RANK,0.5,8.993307407407407,0.38126422226991247,5,False
15,9,Melissa Rycroft,9.592566666666666,0.1549131320347038,Winner,9.0,-5.0,1,RANK,0.5,9.436207407407407,0.1549131320347038,5,False
15,9,Shawn Johnson,9.833333333333334,0.03188326720779429,RunnerUp,9.0,-5.0,1,RANK,0.5,9.433633333333333,0.03188326720779429,5,False
15,1,Apolo Anton Ohno,7.333333333333333,0.007217143326991633,Eliminated,9.0,0.08678314694276489,5,PERCENT,0.5,7.333333333333333,0.007217143326991633,13,False
15,1,Bristol Palin,6.5,0.004182703305425383,Eliminated,4.0,0.07470711560122441,11,PERCENT,0.5,6.5,0.004182703305425383,13,False
15,1,Drew Lachey,7.166666666666667,0.002376988087892128,Eliminated,3.0,0.08013467343967054,8,PERCENT,0.5,7.166666666666667,0.002376988087892128,13,False
15,1,Emmitt Smith,8.166666666666666,0.005614677383233824,Eliminated,9.0,0.0942222723189813,3,PERCENT,0.5,8.166666666666666,0.005614677383233824,13,False
15,1,Gilles Marini,8.0,0.0024255518609851883,Eliminated,8.0,0.08922482853273782,4,PERCENT,0.5,8.0,0.0024255518609851883,13,False
15,1,Helio Castroneves,7.166666666666667,0.0027811625999446966,Eliminated,3.0,0.0805388479517231,7,PERCENT,0.5,7.166666666666667,0.0027811625999446966,13,False
15,1,Joey Fatone,6.833333333333333,0.0033133499975031263,Eliminated,2.0,0.07745439882129183,10,PERCENT,0.5,6.833333333333333,0.0033133499975031263,13,False
15,1,Kelly Monaco,7.166666666666667,0.00224939721098819,Finalist,9.0,0.08000708256276659,9,PERCENT,0.5,7.166666666666667,0.00224939721098819,13,False
15,1,Kirstie Alley,6.333333333333333,0.003686505020781048,Eliminated,8.0,0.07240259905258521,12,PERCENT,0.5,6.333333333333333,0.003686505020781048,13,False
15,1,Melissa Rycroft,7.0,0.9382688778059654,Winner,9.0,1.014218244893749,1,PERCENT,0.5,7.0,0.9382688778059654,13,False
15,1,Pamela Anderson,5.666666666666667,0.005779686969365168,Eliminated,1.0,0.06726250794518995,13,PERCENT,0.5,5.666666666666667,0.005779686969365168,13,True
15,1,Sabrina Bryan,7.5,0.004780559340419347,Eliminated,6.0,0.08615488122018744,6,PERCENT,0.5,7.5,0.004780559340419347,13,False
15,1,Shawn Johnson,7.333333333333333,0.017323397090499622,RunnerUp,9.0,0.09688940070627287,2,PERCENT,0.5,7.333333333333333,0.017323397090499622,13,False
15,2,Apolo Anton Ohno,8.166666666666666,0.003500767831267186,Eliminated,9.0,0.0922688837723313,6,PERCENT,0.5,7.75,0.003500767831267186,12,False
15,2,Bristol Palin,6.0,0.6073809183536135,Eliminated,4.0,0.6725983096572524,1,PERCENT,0.5,6.25,0.6073809183536135,12,False
15,2,Drew Lachey,7.5,0.0009710414600901925,Eliminated,3.0,0.08249278058963888,9,PERCENT,0.5,7.333333333333334,0.0009710414600901925,12,False
15,2,Emmitt Smith,7.5,0.0020105271022459854,Eliminated,9.0,0.08353226623179467,8,PERCENT,0.5,7.833333333333333,0.0020105271022459854,12,False
15,2,Gilles Marini,8.5,0.0008696314978075138,Eliminated,8.0,0.09326093584462936,5,PERCENT,0.5,8.25,0.0008696314978075138,12,False
15,2,Helio Castroneves,7.666666666666667,0.0010543591381733798,Eliminated,3.0,0.08438769247060093,7,PERCENT,0.5,7.416666666666667,0.0010543591381733798,12,False
15,2,Joey Fatone,7.5,0.0005317320750337283,Eliminated,2.0,0.08205347120458241,10,PERCENT,0.5,7.166666666666666,0.0005317320750337283,12,False
15,2,Kelly Monaco,7.333333333333333,0.0010211898187629798,Finalist,9.0,0.0807313347454328,11,PERCENT,0.5,7.25,0.0010211898187629798,12,False
15,2,Kirstie Alley,7.0,0.0037042762353350985,Eliminated,8.0,0.07979123275624721,12,PERCENT,0.5,6.666666666666666,0.0037042762353350985,12,True
15,2,Melissa Rycroft,7.833333333333333,0.37206285284573076,Winner,9.0,0.45720778038103715,2,PERCENT,0.5,7.416666666666666,0.37206285284573076,12,False
15,2,Sabrina Bryan,8.666666666666666,0.001631190944235481,Eliminated,6.0,0.09583408949393618,4,PERCENT,0.5,8.083333333333332,0.001631190944235481,12,False
15,2,Shawn Johnson,8.333333333333334,0.0052615126977044405,RunnerUp,9.0,0.09584122284164744,3,PERCENT,0.5,7.833333333333334,0.0052615126977044405,12,False
15,3,Apolo Anton Ohno,8.5,0.05348969426912748,Eliminated,9.0,0.14521631297317358,4,PERCENT,0.5,8.0,0.05348969426912748,11,False
15,3,Bristol Palin,7.5,0.4847697518298086,Eliminated,4.0,0.5657050036274963,1,PERCENT,0.5,6.666666666666667,0.4847697518298086,11,False
15,3,Drew Lachey,8.0,0.013506636506362966,Eliminated,3.0,0.09983757175722989,11,PERCENT,0.5,7.555555555555556,0.013506636506362966,11,True
15,3,Emmitt Smith,8.333333333333334,0.09312271855060555,Eliminated,9.0,0.18305077610359194,3,PERCENT,0.5,8.0,0.09312271855060555,11,False
15,3,Gilles Marini,8.5,0.023767654820220585,Eliminated,8.0,0.1154942735242667,10,PERCENT,0.5,8.333333333333334,0.023767654820220585,11,False
15,3,Helio Castroneves,8.5,0.031146939805976968,Eliminated,3.0,0.12287355851002307,8,PERCENT,0.5,7.777777777777779,0.031146939805976968,11,False
15,3,Kelly Monaco,9.0,0.029222201773785914,Finalist,9.0,0.1263445039310112,7,PERCENT,0.5,7.833333333333333,0.029222201773785914,11,False
15,3,Kirstie Alley,8.0,0.04490576115714968,Eliminated,8.0,0.1312366964080166,6,PERCENT,0.5,7.111111111111111,0.04490576115714968,11,False
15,3,Melissa Rycroft,9.0,0.04224037595358602,Winner,9.0,0.13936267811081132,5,PERCENT,0.5,7.944444444444444,0.04224037595358602,11,False
15,3,Sabrina Bryan,8.5,0.02816463030177562,Eliminated,6.0,0.11989124900582174,9,PERCENT,0.5,8.222222222222221,0.02816463030177562,11,False
15,3,Shawn Johnson,8.833333333333334,0.15566363503159975,RunnerUp,9.0,0.25098737603776533,2,PERCENT,0.5,8.166666666666666,0.15566363503159975,11,False
15,4,Apolo Anton Ohno,8.625,0.012268728816951336,Eliminated,9.0,0.11957821559633161,7,PERCENT,0.5,8.15625,0.012268728816951336,9,False
15,4,Bristol Palin,8.0,0.0052256062189143205,Eliminated,4.0,0.10475904323167284,9,PERCENT,0.5,7.0,0.0052256062189143205,9,True
15,4,Emmitt Smith,9.0,0.021705645026417125,Eliminated,9.0,0.13368076166577045,4,PERCENT,0.5,8.25,0.021705645026417125,9,False
15,4,Gilles Marini,9.875,0.010798975395749123,Eliminated,8.0,0.13366056170837293,5,PERCENT,0.5,8.71875,0.010798975395749123,9,False
15,4,Kelly Monaco,9.375,0.006669789705649995,Finalist,9.0,0.12331053620497638,6,PERCENT,0.5,8.21875,0.006669789705649995,9,False
15,4,Kirstie Alley,7.5,0.3467794453709951,Eliminated,8.0,0.4400920425704562,2,PERCENT,0.5,7.208333333333333,0.3467794453709951,9,False
15,4,Melissa Rycroft,9.25,0.56310243797389,Winner,9.0,0.6781879745198921,1,PERCENT,0.5,8.270833333333332,0.56310243797389,9,False
15,4,Sabrina Bryan,8.875,0.009040689211806075,Eliminated,6.0,0.11946059589783506,8,PERCENT,0.5,8.385416666666666,0.009040689211806075,9,False
15,4,Shawn Johnson,9.875,0.02440868227962135,RunnerUp,9.0,0.14727026859224515,3,PERCENT,0.5,8.59375,0.02440868227962135,9,False
15,5,Apolo Anton Ohno,9.416666666666666,0.09514967558175041,Eliminated,9.0,0.2222587869411145,4,PERCENT,0.5,8.408333333333333,0.09514967558175041,8,False
15,5,Emmitt Smith,9.333333333333334,0.13162247214458253,Eliminated,9.0,0.2576067241113859,3,PERCENT,0.5,8.466666666666667,0.13162247214458253,8,False
15,5,Gilles Marini,9.416666666666666,0.048435961384264994,Eliminated,8.0,0.17554507274362907,6,PERCENT,0.5,8.858333333333333,0.048435961384264994,8,False
15,5,Kelly Monaco,8.583333333333334,0.04351734543842569,Finalist,9.0,0.15937786287218236,8,PERCENT,0.5,8.291666666666668,0.04351734543842569,8,True
15,5,Kirstie Alley,8.75,0.07605472815008384,Eliminated,8.0,0.194164964368962,5,PERCENT,0.5,7.516666666666666,0.07605472815008384,8,False
15,5,Melissa Rycroft,9.416666666666666,0.3452661952919446,Winner,9.0,0.47237530665130867,1,PERCENT,0.5,8.5,0.3452661952919446,8,False
15,5,Sabrina Bryan,9.75,0.03354518976378248,Eliminated,6.0,0.16515373869338956,7,PERCENT,0.5,8.658333333333333,0.03354518976378248,8,False
15,5,Shawn Johnson,9.416666666666666,0.2264084322451689,RunnerUp,9.0,0.353517543604533,2,PERCENT,0.5,8.758333333333333,0.2264084322451689,8,False
15,6,Apolo Anton Ohno,10.0,0.00409959189432457,Eliminated,9.0,0.13684295472442087,6,PERCENT,0.5,8.67361111111111,0.00409959189432457,8,False
15,6,Emmitt Smith,8.833333333333334,0.4378015508705545,Eliminated,9.0,0.5550581880371396,1,PERCENT,0.5,8.527777777777779,0.4378015508705545,8,False
15,6,Gilles Marini,9.166666666666666,0.10824944581394118,Eliminated,8.0,0.22993086174152944,4,PERCENT,0.5,8.909722222222221,0.10824944581394118,8,False
15,6,Kelly Monaco,9.0,0.27077229194632824,Finalist,9.0,0.3902413184934149,2,PERCENT,0.5,8.409722222222223,0.27077229194632824,8,False
15,6,Kirstie Alley,9.166666666666666,0.11990118270223549,Eliminated,8.0,0.24158259862982376,3,PERCENT,0.5,7.791666666666667,0.11990118270223549,8,False
15,6,Melissa Rycroft,9.833333333333334,0.00608543290719838,Winner,9.0,0.1366164063567931,7,PERCENT,0.5,8.722222222222221,0.00608543290719838,8,False
15,6,Sabrina Bryan,10.0,0.00038702421616318054,Eliminated,6.0,0.13313038704625949,8,PERCENT,0.5,8.881944444444445,0.00038702421616318054,8,True
15,6,Shawn Johnson,9.333333333333334,0.052703479649250644,RunnerUp,9.0,0.17659728495734053,5,PERCENT,0.5,8.854166666666666,0.052703479649250644,8,False
15,7,Apolo Anton Ohno,11.0,0.13695406726476878,Eliminated,9.0,0.2733180980681261,3,PERCENT,0.5,9.005952380952381,0.13695406726476878,7,False
15,7,Emmitt Smith,11.499966666666666,0.19040916280642137,Eliminated,9.0,0.33297114542195916,2,PERCENT,0.5,8.95237619047619,0.19040916280642137,7,False
15,7,Gilles Marini,11.1666,0.09166646713590834,Eliminated,8.0,0.23009579316943288,5,PERCENT,0.5,9.232133333333334,0.09166646713590834,7,False
15,7,Kelly Monaco,12.0,0.07936618132689767,Finalist,9.0,0.22812694220328744,6,PERCENT,0.5,8.922619047619047,0.07936618132689767,7,False
15,7,Kirstie Alley,9.3333,0.07014210390907676,Eliminated,8.0,0.1858445046997108,7,PERCENT,0.5,8.011899999999999,0.07014210390907676,7,True
15,7,Melissa Rycroft,12.999966666666666,0.11091527387134877,Winner,9.0,0.2720723515964353,4,PERCENT,0.5,9.33332857142857,0.11091527387134877,7,False
15,7,Shawn Johnson,12.6666,0.32054674368557523,RunnerUp,9.0,0.4775711648286485,1,PERCENT,0.5,9.3988,0.32054674368557523,7,False
15,8,Apolo Anton Ohno,9.759233333333333,0.006777339195436903,Eliminated,9.0,0.1536966586945835,6,PERCENT,0.5,9.1001125,0.006777339195436903,7,False
15,8,Emmitt Smith,9.685133333333333,0.01104009563057182,Eliminated,9.0,0.1568438847183589,3,PERCENT,0.5,9.043970833333333,0.01104009563057182,7,False
15,8,Gilles Marini,9.759233333333333,0.001205997267499868,Eliminated,8.0,0.14812531676664645,7,PERCENT,0.5,9.298020833333332,0.001205997267499868,7,True
15,8,Kelly Monaco,9.444433333333334,0.012356390934024698,Finalist,9.0,0.15453658798383293,4,PERCENT,0.5,8.987845833333333,0.012356390934024698,7,False
15,8,Kirstie Alley,8.5,0.8452183153927167,Eliminated,8.0,0.9731806432814594,1,PERCENT,0.5,8.0729125,0.8452183153927167,7,False
15,8,Melissa Rycroft,10.0,0.003896224559001366,Winner,9.0,0.15444013972222792,5,PERCENT,0.5,9.4166625,0.003896224559001366,7,False
15,8,Shawn Johnson,9.277766666666666,0.11950563702074975,RunnerUp,9.0,0.2591767688178375,2,PERCENT,0.5,9.383670833333333,0.11950563702074975,7,False
15,9,Apolo Anton Ohno,9.536999999999999,0.008669367596157255,Eliminated,9.0,0.21158469294359594,5,PERCENT,0.5,9.148655555555555,0.008669367596157255,5,True
15,9,Emmitt Smith,9.0,0.42327001089143224,Eliminated,9.0,0.6147597800145264,1,PERCENT,0.5,9.039085185185185,0.42327001089143224,5,False
15,9,Kelly Monaco,9.036999999999999,0.38126422226991247,Finalist,9.0,0.5735412271105126,2,PERCENT,0.5,8.993307407407407,0.38126422226991247,5,False
15,9,Melissa Rycroft,9.592566666666666,0.1549131320347038,Winner,9.0,0.3590107294011359,3,PERCENT,0.5,9.436207407407407,0.1549131320347038,5,False
15,9,Shawn Johnson,9.833333333333334,0.03188326720779429,RunnerUp,9.0,0.24110357050895265,4,PERCENT,0.5,9.433633333333333,0.03188326720779429,5,False
16,1,Alexandra Raisman,7.0,0.012861423261289766,Eliminated,10.0,-6.0,2,RANK,0.5,7.0,0.012861423261289766,12,False
16,1,Andy Dick,5.666666666666667,0.007882886087855964,Eliminated,7.0,-18.0,11,RANK,0.5,5.666666666666667,0.007882886087855964,12,False
16,1,D. L. Hughley,4.0,0.009900606382657426,Eliminated,5.0,-17.0,10,RANK,0.5,4.0,0.009900606382657426,12,False
16,1,Dorothy Hamill,7.0,0.005584472875293377,Withdrew,,-10.0,4,RANK,0.5,7.0,0.005584472875293377,12,False
16,1,Ingo Rademacher,6.666666666666667,0.004349677702362471,Eliminated,9.0,-15.0,8,RANK,0.5,6.666666666666667,0.004349677702362471,12,False
16,1,Jacoby Jones,6.666666666666667,0.018131089488552476,Finalist,10.0,-8.0,3,RANK,0.5,6.666666666666667,0.018131089488552476,12,False
16,1,Kellie Pickler,7.0,0.8935492257193979,Winner,10.0,-3.0,1,RANK,0.5,7.0,0.8935492257193979,12,False
16,1,Lisa Vanderpump,6.0,0.007912960058990717,Eliminated,4.0,-14.0,7,RANK,0.5,6.0,0.007912960058990717,12,False
16,1,Sean Lowe,6.333333333333333,0.004874943673948496,Eliminated,8.0,-16.0,9,RANK,0.5,6.333333333333333,0.004874943673948496,12,False
16,1,Victor Ortiz,6.0,0.029378479358155667,Eliminated,6.0,-10.0,4,RANK,0.5,6.0,0.029378479358155667,12,False
16,1,Wynonna Judd,6.0,0.0037686192554015996,Eliminated,3.0,-19.0,12,RANK,0.5,6.0,0.0037686192554015996,12,True
16,1,Zendaya,8.0,0.0018056161361063078,RunnerUp,10.0,-13.0,6,RANK,0.5,8.0,0.0018056161361063078,12,False
16,2,Alexandra Raisman,8.0,0.05668828447709541,Eliminated,10.0,-8.0,2,RANK,0.5,7.5,0.05668828447709541,12,False
16,2,Andy Dick,6.666666666666667,0.045387219863923994,Eliminated,7.0,-11.0,4,RANK,0.5,6.166666666666667,0.045387219863923994,12,False
16,2,D. L. Hughley,5.333333333333333,0.16883676961251132,Eliminated,5.0,-13.0,7,RANK,0.5,4.666666666666666,0.16883676961251132,12,False
16,2,Dorothy Hamill,5.0,0.020051498979477306,Withdrew,,-24.0,12,RANK,0.5,6.0,0.020051498979477306,12,True
16,2,Ingo Rademacher,6.666666666666667,0.02818159198060046,Eliminated,9.0,-14.0,9,RANK,0.5,6.666666666666667,0.02818159198060046,12,False
16,2,Jacoby Jones,7.666666666666667,0.07350492538585911,Finalist,10.0,-8.0,2,RANK,0.5,7.166666666666667,0.07350492538585911,12,False
16,2,Kellie Pickler,8.666666666666666,0.38672653545627456,Winner,10.0,-2.0,1,RANK,0.5,7.833333333333333,0.38672653545627456,12,False
16,2,Lisa Vanderpump,6.0,0.03765424514131357,Eliminated,4.0,-15.0,10,RANK,0.5,6.0,0.03765424514131357,12,False
16,2,Sean Lowe,6.666666666666667,0.03235241484773372,Eliminated,8.0,-13.0,7,RANK,0.5,6.5,0.03235241484773372,12,False
16,2,Victor Ortiz,6.0,0.1038491395665685,Eliminated,6.0,-11.0,4,RANK,0.5,6.0,0.1038491395665685,12,False
16,2,Wynonna Judd,6.0,0.021838809589532732,Eliminated,3.0,-19.0,11,RANK,0.5,6.0,0.021838809589532732,12,False
16,2,Zendaya,8.666666666666666,0.024928565099111077,RunnerUp,10.0,-11.0,4,RANK,0.5,8.333333333333332,0.024928565099111077,12,False
16,3,Alexandra Raisman,7.666666666666667,0.03697460878926019,Eliminated,10.0,-10.0,5,RANK,0.5,7.555555555555556,0.03697460878926019,11,False
16,3,Andy Dick,6.0,0.030497139308196326,Eliminated,7.0,-16.0,10,RANK,0.5,6.111111111111112,0.030497139308196326,11,False
16,3,D. L. Hughley,5.333333333333333,0.04558111972020457,Eliminated,5.0,-15.0,8,RANK,0.5,4.888888888888888,0.04558111972020457,11,False
16,3,Ingo Rademacher,7.0,0.022790074246086787,Eliminated,9.0,-15.0,8,RANK,0.5,6.777777777777779,0.022790074246086787,11,False
16,3,Jacoby Jones,8.6666,0.05210665833635009,Finalist,10.0,-5.0,2,RANK,0.5,7.666644444444445,0.05210665833635009,11,False
16,3,Kellie Pickler,8.333333333333334,0.3773244877459683,Winner,10.0,-4.0,1,RANK,0.5,8.0,0.3773244877459683,11,False
16,3,Lisa Vanderpump,7.0,0.059371299479934525,Eliminated,4.0,-9.0,4,RANK,0.5,6.333333333333333,0.059371299479934525,11,False
16,3,Sean Lowe,7.0,0.026543878473339288,Eliminated,8.0,-14.0,7,RANK,0.5,6.666666666666667,0.026543878473339288,11,False
16,3,Victor Ortiz,7.666666666666667,0.3142376109406839,Eliminated,6.0,-6.0,3,RANK,0.5,6.555555555555556,0.3142376109406839,11,False
16,3,Wynonna Judd,5.0,0.017730106616960797,Eliminated,3.0,-21.0,11,RANK,0.5,5.666666666666667,0.017730106616960797,11,True
16,3,Zendaya,8.6666,0.016843016343015486,RunnerUp,10.0,-12.0,6,RANK,0.5,8.444422222222222,0.016843016343015486,11,False
16,4,Alexandra Raisman,9.0,0.08348892675486569,Eliminated,10.0,-4.0,2,RANK,0.5,7.916666666666667,0.08348892675486569,10,False
16,4,Andy Dick,7.0,0.07286286008649549,Eliminated,7.0,-10.0,4,RANK,0.5,6.333333333333334,0.07286286008649549,10,False
16,4,D. L. Hughley,7.0,0.16633043155934074,Eliminated,5.0,-8.0,3,RANK,0.5,5.416666666666666,0.16633043155934074,10,False
16,4,Ingo Rademacher,7.666666666666667,0.03746168088534061,Eliminated,9.0,-12.0,6,RANK,0.5,7.0,0.03746168088534061,10,False
16,4,Jacoby Jones,8.0,0.04458057950818571,Finalist,10.0,-10.0,4,RANK,0.5,7.749983333333334,0.04458057950818571,10,False
16,4,Kellie Pickler,8.666666666666666,0.45799993143556117,Winner,10.0,-3.0,1,RANK,0.5,8.166666666666666,0.45799993143556117,10,False
16,4,Lisa Vanderpump,6.0,0.02721443024706309,Eliminated,4.0,-18.0,10,RANK,0.5,6.25,0.02721443024706309,10,True
16,4,Sean Lowe,6.666666666666667,0.02769022626926635,Eliminated,8.0,-16.0,9,RANK,0.5,6.666666666666667,0.02769022626926635,10,False
16,4,Victor Ortiz,6.0,0.05835130957225413,Eliminated,6.0,-14.0,8,RANK,0.5,6.416666666666667,0.05835130957225413,10,False
16,4,Zendaya,8.666666666666666,0.02401962368163041,RunnerUp,10.0,-12.0,6,RANK,0.5,8.499983333333333,0.02401962368163041,10,False
16,5,Alexandra Raisman,8.333333333333334,0.03557158125058556,Eliminated,10.0,-9.0,4,RANK,0.5,8.0,0.03557158125058556,9,False
16,5,Andy Dick,6.0,0.022549342170080675,Eliminated,7.0,-14.0,7,RANK,0.5,6.2666666666666675,0.022549342170080675,9,False
16,5,D. L. Hughley,6.0,0.01956571771251063,Eliminated,5.0,-15.0,9,RANK,0.5,5.533333333333333,0.01956571771251063,9,True
16,5,Ingo Rademacher,7.0,0.017934213222439616,Eliminated,9.0,-14.0,7,RANK,0.5,7.0,0.017934213222439616,9,False
16,5,Jacoby Jones,8.666666666666666,0.06642977491266287,Finalist,10.0,-6.0,2,RANK,0.5,7.93332,0.06642977491266287,9,False
16,5,Kellie Pickler,9.0,0.6653674243211468,Winner,10.0,-3.0,1,RANK,0.5,8.333333333333332,0.6653674243211468,9,False
16,5,Sean Lowe,8.0,0.047335773830284776,Eliminated,8.0,-9.0,4,RANK,0.5,6.933333333333333,0.047335773830284776,9,False
16,5,Victor Ortiz,7.0,0.10786201900906986,Eliminated,6.0,-8.0,3,RANK,0.5,6.533333333333333,0.10786201900906986,9,False
16,5,Zendaya,9.666666666666666,0.017384153571217382,RunnerUp,10.0,-10.0,6,RANK,0.5,8.73332,0.017384153571217382,9,False
16,6,Alexandra Raisman,8.666666666666666,0.08142550548488678,Eliminated,10.0,-6.0,2,RANK,0.5,8.111111111111112,0.08142550548488678,8,False
16,6,Andy Dick,7.166666666666667,0.18615753878031557,Eliminated,7.0,-9.0,3,RANK,0.5,6.416666666666667,0.18615753878031557,8,False
16,6,Ingo Rademacher,7.666666666666667,0.06218398833231341,Eliminated,9.0,-9.0,3,RANK,0.5,7.111111111111112,0.06218398833231341,8,False
16,6,Jacoby Jones,7.5,0.0502850664639814,Finalist,10.0,-12.0,8,RANK,0.5,7.8611,0.0502850664639814,8,True
16,6,Kellie Pickler,9.0,0.42804998527370425,Winner,10.0,-2.0,1,RANK,0.5,8.444444444444445,0.42804998527370425,8,False
16,6,Sean Lowe,7.666666666666667,0.04163418500289196,Eliminated,8.0,-11.0,5,RANK,0.5,7.055555555555556,0.04163418500289196,8,False
16,6,Victor Ortiz,6.666666666666667,0.1146743677696949,Eliminated,6.0,-11.0,5,RANK,0.5,6.555555555555556,0.1146743677696949,8,False
16,6,Zendaya,8.5,0.03558936289221224,RunnerUp,10.0,-11.0,5,RANK,0.5,8.694433333333334,0.03558936289221224,8,False
16,7,Alexandra Raisman,10.666666666666666,0.018342365399336105,Eliminated,10.0,-4.0,1,RANK,0.5,8.476190476190476,0.018342365399336105,7,False
16,7,Andy Dick,5.666666666666667,0.007797948997219683,Eliminated,7.0,-14.0,7,RANK,0.5,6.30952380952381,0.007797948997219683,7,True
16,7,Ingo Rademacher,8.333333333333334,0.01536609281871648,Eliminated,9.0,-9.0,5,RANK,0.5,7.285714285714286,0.01536609281871648,7,False
16,7,Jacoby Jones,9.0,0.021681149012021495,Finalist,10.0,-6.0,3,RANK,0.5,8.0238,0.021681149012021495,7,False
16,7,Kellie Pickler,9.666666666666666,0.9155594834739236,Winner,10.0,-4.0,1,RANK,0.5,8.619047619047619,0.9155594834739236,7,False
16,7,Sean Lowe,8.0,0.00946012829066775,Eliminated,8.0,-12.0,6,RANK,0.5,7.190476190476191,0.00946012829066775,7,False
16,7,Zendaya,10.0,0.011792832008115551,RunnerUp,10.0,-7.0,4,RANK,0.5,8.880942857142857,0.011792832008115551,7,False
16,8,Alexandra Raisman,9.333333333333334,0.05703302855157873,Eliminated,10.0,-6.0,2,RANK,0.5,8.583333333333334,0.05703302855157873,6,False
16,8,Ingo Rademacher,8.0,0.10467400083017972,Eliminated,9.0,-8.0,5,RANK,0.5,7.375,0.10467400083017972,6,False
16,8,Jacoby Jones,8.666666666666666,0.16975856515933888,Finalist,10.0,-6.0,2,RANK,0.5,8.104158333333334,0.16975856515933888,6,False
16,8,Kellie Pickler,9.166666666666666,0.5682247777377963,Winner,10.0,-4.0,1,RANK,0.5,8.6875,0.5682247777377963,6,False
16,8,Sean Lowe,7.0,0.0459014836919276,Eliminated,8.0,-12.0,6,RANK,0.5,7.166666666666667,0.0459014836919276,6,True
16,8,Zendaya,9.666666666666666,0.05440814402918197,RunnerUp,10.0,-6.0,2,RANK,0.5,8.979158333333332,0.05440814402918197,6,False
16,9,Alexandra Raisman,9.833333333333334,0.12959372110282463,Eliminated,10.0,-4.0,2,RANK,0.5,8.722222222222221,0.12959372110282463,4,False
16,9,Ingo Rademacher,8.5,0.09266047807647201,Eliminated,9.0,-9.0,4,RANK,0.5,7.5,0.09266047807647201,4,True
16,9,Jacoby Jones,9.833333333333334,0.2017033293892556,Finalist,10.0,-3.0,1,RANK,0.5,8.296288888888888,0.2017033293892556,4,False
16,9,Kellie Pickler,9.666666666666666,0.5048560550684906,Winner,10.0,-4.0,2,RANK,0.5,8.796296296296296,0.5048560550684906,4,False
16,9,Zendaya,9.166666666666666,0.07118641636296304,RunnerUp,10.0,-9.0,4,RANK,0.5,8.999992592592593,0.07118641636296304,4,True
16,10,Alexandra Raisman,9.666666666666666,0.09283490343221777,Eliminated,10.0,-7.0,4,RANK,0.5,8.816666666666666,0.09283490343221777,4,True
16,10,Jacoby Jones,9.3333,0.4057587214211601,Finalist,10.0,-5.0,3,RANK,0.5,8.399989999999999,0.4057587214211601,4,False
16,10,Kellie Pickler,10.0,0.3956599767414314,Winner,10.0,-3.0,1,RANK,0.5,8.916666666666666,0.3956599767414314,4,False
16,10,Zendaya,10.0,0.10574639840519556,RunnerUp,10.0,-4.0,2,RANK,0.5,9.099993333333334,0.10574639840519556,4,False
16,1,Alexandra Raisman,7.0,0.012861423261289766,Eliminated,10.0,0.10456448002864735,5,PERCENT,0.5,7.0,0.012861423261289766,12,False
16,1,Andy Dick,5.666666666666667,0.007882886087855964,Eliminated,7.0,0.08211869394714544,11,PERCENT,0.5,5.666666666666667,0.007882886087855964,12,False
16,1,D. L. Hughley,4.0,0.009900606382657426,Eliminated,5.0,0.06230235310686176,12,PERCENT,0.5,4.0,0.009900606382657426,12,True
16,1,Dorothy Hamill,7.0,0.005584472875293377,Withdrew,,0.09728752964265096,6,PERCENT,0.5,7.0,0.005584472875293377,12,False
16,1,Ingo Rademacher,6.666666666666667,0.004349677702362471,Eliminated,9.0,0.09168592224270303,7,PERCENT,0.5,6.666666666666667,0.004349677702362471,12,False
16,1,Jacoby Jones,6.666666666666667,0.018131089488552476,Finalist,10.0,0.10546733402889304,4,PERCENT,0.5,6.666666666666667,0.018131089488552476,12,False
16,1,Kellie Pickler,7.0,0.8935492257193979,Winner,10.0,0.9852522824867554,1,PERCENT,0.5,7.0,0.8935492257193979,12,False
16,1,Lisa Vanderpump,6.0,0.007912960058990717,Eliminated,4.0,0.08651558014529721,9,PERCENT,0.5,6.0,0.007912960058990717,12,False
16,1,Sean Lowe,6.333333333333333,0.004874943673948496,Eliminated,8.0,0.08784437598727203,8,PERCENT,0.5,6.333333333333333,0.004874943673948496,12,False
16,1,Victor Ortiz,6.0,0.029378479358155667,Eliminated,6.0,0.10798109944446217,2,PERCENT,0.5,6.0,0.029378479358155667,12,False
16,1,Wynonna Judd,6.0,0.0037686192554015996,Eliminated,3.0,0.0823712393417081,10,PERCENT,0.5,6.0,0.0037686192554015996,12,False
16,1,Zendaya,8.0,0.0018056161361063078,RunnerUp,10.0,0.10660910958451497,3,PERCENT,0.5,8.0,0.0018056161361063078,12,False
16,2,Alexandra Raisman,8.0,0.05668828447709541,Eliminated,10.0,0.15504894021359097,5,PERCENT,0.5,7.5,0.05668828447709541,12,False
16,2,Andy Dick,6.666666666666667,0.045387219863923994,Eliminated,7.0,0.1273544329776703,7,PERCENT,0.5,6.166666666666667,0.045387219863923994,12,False
16,2,D. L. Hughley,5.333333333333333,0.16883676961251132,Eliminated,5.0,0.23441054010350837,2,PERCENT,0.5,4.666666666666666,0.16883676961251132,12,False
16,2,Dorothy Hamill,5.0,0.020051498979477306,Withdrew,,0.08152690881478704,12,PERCENT,0.5,6.0,0.020051498979477306,12,True
16,2,Ingo Rademacher,6.666666666666667,0.02818159198060046,Eliminated,9.0,0.11014880509434677,10,PERCENT,0.5,6.666666666666667,0.02818159198060046,12,False
16,2,Jacoby Jones,7.666666666666667,0.07350492538585911,Finalist,10.0,0.16776722046666737,4,PERCENT,0.5,7.166666666666667,0.07350492538585911,12,False
16,2,Kellie Pickler,8.666666666666666,0.38672653545627456,Winner,10.0,0.4932839125041447,1,PERCENT,0.5,7.833333333333333,0.38672653545627456,12,False
16,2,Lisa Vanderpump,6.0,0.03765424514131357,Eliminated,4.0,0.11142473694368524,9,PERCENT,0.5,6.0,0.03765424514131357,12,False
16,2,Sean Lowe,6.666666666666667,0.03235241484773372,Eliminated,8.0,0.11431962796148004,8,PERCENT,0.5,6.5,0.03235241484773372,12,False
16,2,Victor Ortiz,6.0,0.1038491395665685,Eliminated,6.0,0.17761963136894016,3,PERCENT,0.5,6.0,0.1038491395665685,12,False
16,2,Wynonna Judd,6.0,0.021838809589532732,Eliminated,3.0,0.0956093013919044,11,PERCENT,0.5,6.0,0.021838809589532732,12,False
16,2,Zendaya,8.666666666666666,0.024928565099111077,RunnerUp,10.0,0.13148594214698126,6,PERCENT,0.5,8.333333333333332,0.024928565099111077,12,False
16,3,Alexandra Raisman,7.666666666666667,0.03697460878926019,Eliminated,10.0,0.13484711580504397,5,PERCENT,0.5,7.555555555555556,0.03697460878926019,11,False
16,3,Andy Dick,6.0,0.030497139308196326,Eliminated,7.0,0.1070930143640271,10,PERCENT,0.5,6.111111111111112,0.030497139308196326,11,False
16,3,D. L. Hughley,5.333333333333333,0.04558111972020457,Eliminated,5.0,0.11366634199205414,8,PERCENT,0.5,4.888888888888888,0.04558111972020457,11,False
16,3,Ingo Rademacher,7.0,0.022790074246086787,Eliminated,9.0,0.11215192847788935,9,PERCENT,0.5,6.777777777777779,0.022790074246086787,11,False
16,3,Jacoby Jones,8.6666,0.05210665833635009,Finalist,10.0,0.16274429346282726,3,PERCENT,0.5,7.666644444444445,0.05210665833635009,11,False
16,3,Kellie Pickler,8.333333333333334,0.3773244877459683,Winner,10.0,0.48370764754573325,1,PERCENT,0.5,8.0,0.3773244877459683,11,False
16,3,Lisa Vanderpump,7.0,0.059371299479934525,Eliminated,4.0,0.1487331537117371,4,PERCENT,0.5,6.333333333333333,0.059371299479934525,11,False
16,3,Sean Lowe,7.0,0.026543878473339288,Eliminated,8.0,0.11590573270514186,7,PERCENT,0.5,6.666666666666667,0.026543878473339288,11,False
16,3,Victor Ortiz,7.666666666666667,0.3142376109406839,Eliminated,6.0,0.4121101179564677,2,PERCENT,0.5,6.555555555555556,0.3142376109406839,11,False
16,3,Wynonna Judd,5.0,0.017730106616960797,Eliminated,3.0,0.08156000249681977,11,PERCENT,0.5,5.666666666666667,0.017730106616960797,11,True
16,3,Zendaya,8.6666,0.016843016343015486,RunnerUp,10.0,0.12748065146949267,6,PERCENT,0.5,8.444422222222222,0.016843016343015486,11,False
16,4,Alexandra Raisman,9.0,0.08348892675486569,Eliminated,10.0,0.20402464103896564,3,PERCENT,0.5,7.916666666666667,0.08348892675486569,10,False
16,4,Andy Dick,7.0,0.07286286008649549,Eliminated,7.0,0.1666128600852399,4,PERCENT,0.5,6.333333333333334,0.07286286008649549,10,False
16,4,D. L. Hughley,7.0,0.16633043155934074,Eliminated,5.0,0.26008043155808513,2,PERCENT,0.5,5.416666666666666,0.16633043155934074,10,False
16,4,Ingo Rademacher,7.666666666666667,0.03746168088534061,Eliminated,9.0,0.14014025231253688,6,PERCENT,0.5,7.0,0.03746168088534061,10,False
16,4,Jacoby Jones,8.0,0.04458057950818571,Finalist,10.0,0.1517234366496079,5,PERCENT,0.5,7.749983333333334,0.04458057950818571,10,False
16,4,Kellie Pickler,8.666666666666666,0.45799993143556117,Winner,10.0,0.5740713600054352,1,PERCENT,0.5,8.166666666666666,0.45799993143556117,10,False
16,4,Lisa Vanderpump,6.0,0.02721443024706309,Eliminated,4.0,0.10757157310312973,10,PERCENT,0.5,6.25,0.02721443024706309,10,True
16,4,Sean Lowe,6.666666666666667,0.02769022626926635,Eliminated,8.0,0.11697594055378485,9,PERCENT,0.5,6.666666666666667,0.02769022626926635,10,False
16,4,Victor Ortiz,6.0,0.05835130957225413,Eliminated,6.0,0.13870845242832078,8,PERCENT,0.5,6.416666666666667,0.05835130957225413,10,False
16,4,Zendaya,8.666666666666666,0.02401962368163041,RunnerUp,10.0,0.14009105225150442,7,PERCENT,0.5,8.499983333333333,0.02401962368163041,10,False
16,5,Alexandra Raisman,8.333333333333334,0.03557158125058556,Eliminated,10.0,0.15518880612925134,6,PERCENT,0.5,8.0,0.03557158125058556,9,False
16,5,Andy Dick,6.0,0.022549342170080675,Eliminated,7.0,0.10867374408272003,8,PERCENT,0.5,6.2666666666666675,0.022549342170080675,9,False
16,5,D. L. Hughley,6.0,0.01956571771251063,Eliminated,5.0,0.10569011962514999,9,PERCENT,0.5,5.533333333333333,0.01956571771251063,9,True
16,5,Ingo Rademacher,7.0,0.017934213222439616,Eliminated,9.0,0.11841268212051886,7,PERCENT,0.5,7.0,0.017934213222439616,9,False
16,5,Jacoby Jones,8.666666666666666,0.06642977491266287,Finalist,10.0,0.19083168878647527,3,PERCENT,0.5,7.93332,0.06642977491266287,9,False
16,5,Kellie Pickler,9.0,0.6653674243211468,Winner,10.0,0.7945540271901058,1,PERCENT,0.5,8.333333333333332,0.6653674243211468,9,False
16,5,Sean Lowe,8.0,0.047335773830284776,Eliminated,8.0,0.16216830971380392,4,PERCENT,0.5,6.933333333333333,0.047335773830284776,9,False
16,5,Victor Ortiz,7.0,0.10786201900906986,Eliminated,6.0,0.2083404879071491,2,PERCENT,0.5,6.533333333333333,0.10786201900906986,9,False
16,5,Zendaya,9.666666666666666,0.017384153571217382,RunnerUp,10.0,0.15614013443046967,5,PERCENT,0.5,8.73332,0.017384153571217382,9,False
16,6,Alexandra Raisman,8.666666666666666,0.08142550548488678,Eliminated,10.0,0.2193565399654502,4,PERCENT,0.5,8.111111111111112,0.08142550548488678,8,False
16,6,Andy Dick,7.166666666666667,0.18615753878031557,Eliminated,7.0,0.3002158942161661,2,PERCENT,0.5,6.416666666666667,0.18615753878031557,8,False
16,6,Ingo Rademacher,7.666666666666667,0.06218398833231341,Eliminated,9.0,0.18419990344973491,5,PERCENT,0.5,7.111111111111112,0.06218398833231341,8,False
16,6,Jacoby Jones,7.5,0.0502850664639814,Finalist,10.0,0.1696484616875459,7,PERCENT,0.5,7.8611,0.0502850664639814,8,False
16,6,Kellie Pickler,9.0,0.42804998527370425,Winner,10.0,0.5712860595419816,1,PERCENT,0.5,8.444444444444445,0.42804998527370425,8,False
16,6,Sean Lowe,7.666666666666667,0.04163418500289196,Eliminated,8.0,0.16365010012031347,8,PERCENT,0.5,7.055555555555556,0.04163418500289196,8,True
16,6,Victor Ortiz,6.666666666666667,0.1146743677696949,Eliminated,6.0,0.22077516352397447,3,PERCENT,0.5,6.555555555555556,0.1146743677696949,8,False
16,6,Zendaya,8.5,0.03558936289221224,RunnerUp,10.0,0.17086787747891868,6,PERCENT,0.5,8.694433333333334,0.03558936289221224,8,False
16,7,Alexandra Raisman,10.666666666666666,0.018342365399336105,Eliminated,10.0,0.19225540887476145,2,PERCENT,0.5,8.476190476190476,0.018342365399336105,7,False
16,7,Andy Dick,5.666666666666667,0.007797948997219683,Eliminated,7.0,0.10018925334353941,7,PERCENT,0.5,6.30952380952381,0.007797948997219683,7,True
16,7,Ingo Rademacher,8.333333333333334,0.01536609281871648,Eliminated,9.0,0.15123565803389255,5,PERCENT,0.5,7.285714285714286,0.01536609281871648,7,False
16,7,Jacoby Jones,9.0,0.021681149012021495,Finalist,10.0,0.16842027944441165,4,PERCENT,0.5,8.0238,0.021681149012021495,7,False
16,7,Kellie Pickler,9.666666666666666,0.9155594834739236,Winner,10.0,1.073168179123528,1,PERCENT,0.5,8.619047619047619,0.9155594834739236,7,False
16,7,Sean Lowe,8.0,0.00946012829066775,Eliminated,8.0,0.13989491089723677,6,PERCENT,0.5,7.190476190476191,0.00946012829066775,7,False
16,7,Zendaya,10.0,0.011792832008115551,RunnerUp,10.0,0.17483631026632682,3,PERCENT,0.5,8.880942857142857,0.011792832008115551,7,False
16,8,Alexandra Raisman,9.333333333333334,0.05703302855157873,Eliminated,10.0,0.23709733722977688,5,PERCENT,0.5,8.583333333333334,0.05703302855157873,6,False
16,8,Ingo Rademacher,8.0,0.10467400083017972,Eliminated,9.0,0.2590148368400639,3,PERCENT,0.5,7.375,0.10467400083017972,6,False
16,8,Jacoby Jones,8.666666666666666,0.16975856515933888,Finalist,10.0,0.33696113750337997,2,PERCENT,0.5,8.104158333333334,0.16975856515933888,6,False
16,8,Kellie Pickler,9.166666666666666,0.5682247777377963,Winner,10.0,0.7450736523324553,1,PERCENT,0.5,8.6875,0.5682247777377963,6,False
16,8,Sean Lowe,7.0,0.0459014836919276,Eliminated,8.0,0.1809497152005762,6,PERCENT,0.5,7.166666666666667,0.0459014836919276,6,True
16,8,Zendaya,9.666666666666666,0.05440814402918197,RunnerUp,10.0,0.2409033208744586,4,PERCENT,0.5,8.979158333333332,0.05440814402918197,6,False
16,9,Alexandra Raisman,9.833333333333334,0.12959372110282463,Eliminated,10.0,0.33881357925440153,3,PERCENT,0.5,8.722222222222221,0.12959372110282463,5,False
16,9,Ingo Rademacher,8.5,0.09266047807647201,Eliminated,9.0,0.27351154190241134,4,PERCENT,0.5,7.5,0.09266047807647201,5,False
16,9,Jacoby Jones,9.833333333333334,0.2017033293892556,Finalist,10.0,0.41092318754083246,2,PERCENT,0.5,8.296288888888888,0.2017033293892556,5,False
16,9,Kellie Pickler,9.666666666666666,0.5048560550684906,Winner,10.0,0.7105298139293628,1,PERCENT,0.5,8.796296296296296,0.5048560550684906,5,False
16,9,Zendaya,9.166666666666666,0.07118641636296304,RunnerUp,10.0,0.26622187735172115,5,PERCENT,0.5,8.999992592592593,0.07118641636296304,5,True
16,10,Alexandra Raisman,9.666666666666666,0.09283490343221777,Eliminated,10.0,0.34069836313822105,4,PERCENT,0.5,8.816666666666666,0.09283490343221777,4,True
16,10,Jacoby Jones,9.3333,0.4057587214211601,Finalist,10.0,0.6450743105736471,2,PERCENT,0.5,8.399989999999999,0.4057587214211601,4,False
16,10,Kellie Pickler,10.0,0.3956599767414314,Winner,10.0,0.6520704522993659,1,PERCENT,0.5,8.916666666666666,0.3956599767414314,4,False
16,10,Zendaya,10.0,0.10574639840519556,RunnerUp,10.0,0.36215687396313,3,PERCENT,0.5,9.099993333333334,0.10574639840519556,4,False
17,1,Amber Riley,9.0,0.3704462685353546,Winner,11.0,-2.0,1,RANK,0.5,9.0,0.3704462685353546,12,False
17,1,Bill Engvall,6.0,0.07033020269846613,Eliminated,11.0,-15.0,8,RANK,0.5,6.0,0.07033020269846613,12,False
17,1,Bill Nye,4.666666666666667,0.07063793070237848,Eliminated,3.0,-16.0,10,RANK,0.5,4.666666666666667,0.07063793070237848,12,False
17,1,Brant Daugherty,7.333333333333333,0.026641740949406988,Eliminated,8.0,-15.0,8,RANK,0.5,7.333333333333333,0.026641740949406988,12,False
17,1,Christina Milian,7.333333333333333,0.030934909913964793,Eliminated,5.0,-14.0,7,RANK,0.5,7.333333333333333,0.030934909913964793,12,False
17,1,Corbin Bleu,8.0,0.03611311578362618,RunnerUp,11.0,-9.0,3,RANK,0.5,8.0,0.03611311578362618,12,False
17,1,Elizabeth Berkley Lauren,8.0,0.023815876940484565,Eliminated,9.0,-12.0,5,RANK,0.5,8.0,0.023815876940484565,12,False
17,1,Jack Osbourne,7.666666666666667,0.09917838542038197,Finalist,11.0,-7.0,2,RANK,0.5,7.666666666666667,0.09917838542038197,12,False
17,1,Keyshawn Johnson,5.666666666666667,0.16136382616392414,Eliminated,2.0,-13.0,6,RANK,0.5,5.666666666666667,0.16136382616392414,12,False
17,1,Leah Remini,7.0,0.0211307410037975,Eliminated,10.0,-19.0,11,RANK,0.5,7.0,0.0211307410037975,12,False
17,1,"Nicole ""Snooki"" Polizzi",7.666666666666667,0.07018968383500003,Eliminated,7.0,-10.0,4,RANK,0.5,7.666666666666667,0.07018968383500003,12,False
17,1,Valerie Harper,7.0,0.019217318053217535,Eliminated,4.0,-20.0,12,RANK,0.5,7.0,0.019217318053217535,12,True
17,2,Amber Riley,8.0,0.6075395472286562,Winner,11.0,-5.0,1,RANK,0.5,8.5,0.6075395472286562,12,False
17,2,Bill Engvall,7.0,0.042454940878464235,Eliminated,11.0,-11.0,5,RANK,0.5,6.5,0.042454940878464235,12,False
17,2,Bill Nye,5.666666666666667,0.2752740696204476,Eliminated,3.0,-14.0,8,RANK,0.5,5.166666666666667,0.2752740696204476,12,False
17,2,Brant Daugherty,7.666666666666667,0.007030367264721525,Eliminated,8.0,-15.0,9,RANK,0.5,7.5,0.007030367264721525,12,False
17,2,Christina Milian,8.333333333333334,0.018581228217023786,Eliminated,5.0,-6.0,2,RANK,0.5,7.833333333333334,0.018581228217023786,12,False
17,2,Corbin Bleu,8.666666666666666,0.005183149838163553,RunnerUp,11.0,-12.0,7,RANK,0.5,8.333333333333332,0.005183149838163553,12,False
17,2,Elizabeth Berkley Lauren,8.333333333333334,0.00620806281596917,Eliminated,9.0,-11.0,5,RANK,0.5,8.166666666666668,0.00620806281596917,12,False
17,2,Jack Osbourne,8.0,0.011503211442145245,Finalist,11.0,-9.0,3,RANK,0.5,7.833333333333334,0.011503211442145245,12,False
17,2,Keyshawn Johnson,6.0,0.0076203734759512105,Eliminated,2.0,-18.0,10,RANK,0.5,5.833333333333334,0.0076203734759512105,12,False
17,2,Leah Remini,8.0,0.008104180802461013,Eliminated,10.0,-10.0,4,RANK,0.5,7.5,0.008104180802461013,12,False
17,2,"Nicole ""Snooki"" Polizzi",6.666666666666667,0.005395983001121233,Eliminated,7.0,-19.0,11,RANK,0.5,7.166666666666667,0.005395983001121233,12,False
17,2,Valerie Harper,6.333333333333333,0.0051048854148782056,Eliminated,4.0,-22.0,12,RANK,0.5,6.666666666666666,0.0051048854148782056,12,True
17,3,Amber Riley,8.0,0.8997564362229633,Winner,11.0,-7.0,3,RANK,0.5,8.333333333333334,0.8997564362229633,11,False
17,3,Bill Engvall,8.0,0.018722917562037193,Eliminated,11.0,-9.0,5,RANK,0.5,7.0,0.018722917562037193,11,False
17,3,Bill Nye,5.333333333333333,0.007800462995049601,Eliminated,3.0,-15.0,8,RANK,0.5,5.222222222222222,0.007800462995049601,11,False
17,3,Brant Daugherty,9.0,0.006900249205980034,Eliminated,8.0,-7.0,3,RANK,0.5,8.0,0.006900249205980034,11,False
17,3,Christina Milian,8.666666666666666,0.010143793135893071,Eliminated,5.0,-6.0,1,RANK,0.5,8.11111111111111,0.010143793135893071,11,False
17,3,Corbin Bleu,8.666666666666666,0.00678613956382823,RunnerUp,11.0,-9.0,5,RANK,0.5,8.444444444444445,0.00678613956382823,11,False
17,3,Elizabeth Berkley Lauren,8.333333333333334,0.005084096533559582,Eliminated,9.0,-13.0,7,RANK,0.5,8.222222222222223,0.005084096533559582,11,False
17,3,Jack Osbourne,7.333333333333333,0.005839687717318005,Finalist,11.0,-17.0,10,RANK,0.5,7.666666666666667,0.005839687717318005,11,False
17,3,Leah Remini,8.0,0.004529616143973185,Eliminated,10.0,-16.0,9,RANK,0.5,7.666666666666667,0.004529616143973185,11,False
17,3,"Nicole ""Snooki"" Polizzi",8.333333333333334,0.030423064713961594,Eliminated,7.0,-6.0,1,RANK,0.5,7.555555555555556,0.030423064713961594,11,False
17,3,Valerie Harper,5.333333333333333,0.00401353620543426,Eliminated,4.0,-21.0,11,RANK,0.5,6.222222222222221,0.00401353620543426,11,True
17,4,Amber Riley,9.0,0.40333192500148024,Winner,11.0,-2.0,1,RANK,0.5,8.5,0.40333192500148024,10,False
17,4,Bill Engvall,7.0,0.04713404650437367,Eliminated,11.0,-14.0,8,RANK,0.5,7.0,0.04713404650437367,10,False
17,4,Brant Daugherty,7.0,0.026114764619673773,Eliminated,8.0,-18.0,9,RANK,0.5,7.75,0.026114764619673773,10,False
17,4,Christina Milian,8.0,0.03955113690706779,Eliminated,5.0,-11.0,6,RANK,0.5,8.083333333333332,0.03955113690706779,10,False
17,4,Corbin Bleu,9.0,0.10855872075462991,RunnerUp,11.0,-4.0,2,RANK,0.5,8.583333333333332,0.10855872075462991,10,False
17,4,Elizabeth Berkley Lauren,9.0,0.05888832767917088,Eliminated,9.0,-6.0,3,RANK,0.5,8.416666666666668,0.05888832767917088,10,False
17,4,Jack Osbourne,8.0,0.17639265624231454,Finalist,11.0,-6.0,3,RANK,0.5,7.75,0.17639265624231454,10,False
17,4,Leah Remini,8.0,0.033765781691883684,Eliminated,10.0,-12.0,7,RANK,0.5,7.75,0.033765781691883684,10,False
17,4,"Nicole ""Snooki"" Polizzi",8.0,0.07700308092356468,Eliminated,7.0,-8.0,5,RANK,0.5,7.666666666666667,0.07700308092356468,10,False
17,4,Valerie Harper,6.0,0.029259559675844978,Eliminated,4.0,-19.0,10,RANK,0.5,6.166666666666666,0.029259559675844978,10,True
17,5,Amber Riley,8.666666666666666,0.2842068910750847,Winner,11.0,-8.0,2,RANK,0.5,8.533333333333333,0.2842068910750847,9,False
17,5,Bill Engvall,8.0,0.0380880361976402,Eliminated,11.0,-11.0,8,RANK,0.5,7.2,0.0380880361976402,9,False
17,5,Brant Daugherty,9.0,0.0035022826307401916,Eliminated,8.0,-7.0,1,RANK,0.5,8.0,0.0035022826307401916,9,False
17,5,Christina Milian,9.333333333333334,0.00015411513080073523,Eliminated,5.0,-10.0,6,RANK,0.5,8.333333333333332,0.00015411513080073523,9,False
17,5,Corbin Bleu,9.333333333333334,0.0004865718023046558,RunnerUp,11.0,-9.0,4,RANK,0.5,8.733333333333333,0.0004865718023046558,9,False
17,5,Elizabeth Berkley Lauren,8.666666666666666,0.001062451014946244,Eliminated,9.0,-13.0,9,RANK,0.5,8.466666666666667,0.001062451014946244,9,True
17,5,Jack Osbourne,9.0,0.002159949976829053,Finalist,11.0,-8.0,2,RANK,0.5,8.0,0.002159949976829053,9,False
17,5,Leah Remini,7.333333333333333,0.668802229388404,Eliminated,10.0,-10.0,6,RANK,0.5,7.666666666666667,0.668802229388404,9,False
17,5,"Nicole ""Snooki"" Polizzi",9.0,0.0015374727832468166,Eliminated,7.0,-9.0,4,RANK,0.5,7.9333333333333345,0.0015374727832468166,9,False
17,6,Amber Riley,10.666633333333332,0.4283713988855344,Winner,11.0,-2.0,1,RANK,0.5,8.888883333333332,0.4283713988855344,8,False
17,6,Bill Engvall,7.9999666666666664,0.04182189929684687,Eliminated,11.0,-15.0,8,RANK,0.5,7.333327777777778,0.04182189929684687,8,True
17,6,Brant Daugherty,10.333333333333334,0.06251926752099762,Eliminated,8.0,-8.0,4,RANK,0.5,8.38888888888889,0.06251926752099762,8,False
17,6,Corbin Bleu,8.999966666666666,0.03588823227026492,RunnerUp,11.0,-14.0,7,RANK,0.5,8.777772222222222,0.03588823227026492,8,False
17,6,Elizabeth Berkley Lauren,10.6666,0.18515980453130898,Eliminated,9.0,-4.0,2,RANK,0.5,8.833322222222222,0.18515980453130898,8,False
17,6,Jack Osbourne,8.999933333333333,0.05009279904793598,Finalist,11.0,-13.0,6,RANK,0.5,8.166655555555556,0.05009279904793598,8,False
17,6,Leah Remini,9.3333,0.08140201309119593,Eliminated,10.0,-9.0,5,RANK,0.5,7.9444388888888895,0.08140201309119593,8,False
17,6,"Nicole ""Snooki"" Polizzi",10.0,0.11474458535591184,Eliminated,7.0,-7.0,3,RANK,0.5,8.277777777777779,0.11474458535591184,8,False
17,7,Amber Riley,9.833333333333334,0.1425602420060709,Winner,11.0,-3.0,1,RANK,0.5,9.023804761904762,0.1425602420060709,8,False
17,7,Bill Engvall,8.333333333333334,0.6156999480978691,Eliminated,11.0,-9.0,4,RANK,0.5,7.476185714285714,0.6156999480978691,8,False
17,7,Brant Daugherty,9.5,0.01687662765510357,Eliminated,8.0,-9.0,4,RANK,0.5,8.547619047619047,0.01687662765510357,8,False
17,7,Corbin Bleu,9.833333333333334,0.027065140666711857,RunnerUp,11.0,-6.0,2,RANK,0.5,8.928566666666667,0.027065140666711857,8,False
17,7,Elizabeth Berkley Lauren,9.0,0.012158583529760819,Eliminated,9.0,-12.0,7,RANK,0.5,8.857133333333334,0.012158583529760819,8,False
17,7,Jack Osbourne,9.5,0.06207383838286241,Finalist,11.0,-7.0,3,RANK,0.5,8.357133333333334,0.06207383838286241,8,False
17,7,Leah Remini,8.833333333333334,0.11646380247381229,Eliminated,10.0,-10.0,6,RANK,0.5,8.07142380952381,0.11646380247381229,8,False
17,7,"Nicole ""Snooki"" Polizzi",9.0,0.007101817187804362,Eliminated,7.0,-13.0,8,RANK,0.5,8.380952380952381,0.007101817187804362,8,True
17,8,Amber Riley,9.333333333333334,0.4079809231493986,Winner,11.0,-5.0,1,RANK,0.5,9.062495833333333,0.4079809231493986,7,False
17,8,Bill Engvall,8.0,0.4557031894262493,Eliminated,11.0,-8.0,4,RANK,0.5,7.5416625,0.4557031894262493,7,False
17,8,Brant Daugherty,9.0,0.0006746310348898115,Eliminated,8.0,-12.0,7,RANK,0.5,8.604166666666666,0.0006746310348898115,7,True
17,8,Corbin Bleu,10.0,0.00306619156895388,RunnerUp,11.0,-7.0,3,RANK,0.5,9.062495833333333,0.00306619156895388,7,False
17,8,Elizabeth Berkley Lauren,8.333333333333334,0.12442159642783998,Eliminated,9.0,-9.0,6,RANK,0.5,8.791658333333334,0.12442159642783998,7,False
17,8,Jack Osbourne,10.0,0.004942581816348228,Finalist,11.0,-5.0,1,RANK,0.5,8.562491666666666,0.004942581816348228,7,False
17,8,Leah Remini,9.333333333333334,0.003210886576315259,Eliminated,10.0,-8.0,4,RANK,0.5,8.229162500000001,0.003210886576315259,7,False
17,9,Amber Riley,8.5,0.42014419728256364,Winner,11.0,-7.0,3,RANK,0.5,8.999996296296295,0.42014419728256364,6,False
17,9,Bill Engvall,7.0,0.5760062913552358,Eliminated,11.0,-7.0,3,RANK,0.5,7.481477777777779,0.5760062913552358,6,False
17,9,Corbin Bleu,9.666666666666666,0.0010345684933567077,RunnerUp,11.0,-5.0,1,RANK,0.5,9.129625925925927,0.0010345684933567077,6,False
17,9,Elizabeth Berkley Lauren,9.333333333333334,0.0008367290534213015,Eliminated,9.0,-7.0,3,RANK,0.5,8.851844444444446,0.0008367290534213015,6,False
17,9,Jack Osbourne,9.0,0.001219688867942179,Finalist,11.0,-6.0,2,RANK,0.5,8.611103703703703,0.001219688867942179,6,False
17,9,Leah Remini,9.0,0.000758524947478105,Eliminated,10.0,-9.0,6,RANK,0.5,8.314811111111112,0.000758524947478105,6,True
17,10,Amber Riley,9.875,0.25196391343207675,Winner,11.0,-3.0,1,RANK,0.5,9.087496666666667,0.25196391343207675,5,False
17,10,Bill Engvall,7.5,0.6125412364541774,Eliminated,11.0,-6.0,2,RANK,0.5,7.4833300000000005,0.6125412364541774,5,False
17,10,Corbin Bleu,9.375,0.047899909651378886,RunnerUp,11.0,-6.0,2,RANK,0.5,9.154163333333333,0.047899909651378886,5,False
17,10,Jack Osbourne,8.875,0.06755288930448729,Finalist,11.0,-6.0,2,RANK,0.5,8.637493333333333,0.06755288930448729,5,False
17,10,Leah Remini,8.125,0.020042051157880818,Eliminated,10.0,-9.0,5,RANK,0.5,8.29583,0.020042051157880818,5,True
17,11,Amber Riley,10.4444,0.5279370687343716,Winner,11.0,-2.0,1,RANK,0.5,9.210851515151516,0.5279370687343716,2,False
17,11,Bill Engvall,8.499966666666666,0.229869151633939,Eliminated,11.0,-6.0,2,RANK,0.5,7.575751515151516,0.229869151633939,2,True
17,11,Corbin Bleu,9.8888,0.10049350244058271,RunnerUp,11.0,-6.0,2,RANK,0.5,9.220948484848485,0.10049350244058271,2,True
17,11,Jack Osbourne,9.3333,0.14170027719110379,Finalist,11.0,-6.0,2,RANK,0.5,8.700748484848486,0.14170027719110379,2,True
17,1,Amber Riley,9.0,0.3704462685353546,Winner,11.0,0.47591501853411866,1,PERCENT,0.5,9.0,0.3704462685353546,12,False
17,1,Bill Engvall,6.0,0.07033020269846613,Eliminated,11.0,0.14064270269764215,5,PERCENT,0.5,6.0,0.07033020269846613,12,False
17,1,Bill Nye,4.666666666666667,0.07063793070237848,Eliminated,3.0,0.12532543070173763,7,PERCENT,0.5,4.666666666666667,0.07063793070237848,12,False
17,1,Brant Daugherty,7.333333333333333,0.026641740949406988,Eliminated,8.0,0.11257924094839991,10,PERCENT,0.5,7.333333333333333,0.026641740949406988,12,False
17,1,Christina Milian,7.333333333333333,0.030934909913964793,Eliminated,5.0,0.1168724099129577,9,PERCENT,0.5,7.333333333333333,0.030934909913964793,12,False
17,1,Corbin Bleu,8.0,0.03611311578362618,RunnerUp,11.0,0.12986311578252754,6,PERCENT,0.5,8.0,0.03611311578362618,12,False
17,1,Elizabeth Berkley Lauren,8.0,0.023815876940484565,Eliminated,9.0,0.11756587693938593,8,PERCENT,0.5,8.0,0.023815876940484565,12,False
17,1,Jack Osbourne,7.666666666666667,0.09917838542038197,Finalist,11.0,0.1890221354193291,3,PERCENT,0.5,7.666666666666667,0.09917838542038197,12,False
17,1,Keyshawn Johnson,5.666666666666667,0.16136382616392414,Eliminated,2.0,0.22777007616314593,2,PERCENT,0.5,5.666666666666667,0.16136382616392414,12,False
17,1,Leah Remini,7.0,0.0211307410037975,Eliminated,10.0,0.1031619910028362,11,PERCENT,0.5,7.0,0.0211307410037975,12,False
17,1,"Nicole ""Snooki"" Polizzi",7.666666666666667,0.07018968383500003,Eliminated,7.0,0.1600334338339472,4,PERCENT,0.5,7.666666666666667,0.07018968383500003,12,False
17,1,Valerie Harper,7.0,0.019217318053217535,Eliminated,4.0,0.10124856805225624,12,PERCENT,0.5,7.0,0.019217318053217535,12,True
17,2,Amber Riley,8.0,0.6075395472286562,Winner,11.0,0.697765111137413,1,PERCENT,0.5,8.5,0.6075395472286562,12,False
17,2,Bill Engvall,7.0,0.042454940878464235,Eliminated,11.0,0.12140230929862647,3,PERCENT,0.5,6.5,0.042454940878464235,12,False
17,2,Bill Nye,5.666666666666667,0.2752740696204476,Eliminated,3.0,0.33918384405581703,2,PERCENT,0.5,5.166666666666667,0.2752740696204476,12,False
17,2,Brant Daugherty,7.666666666666667,0.007030367264721525,Eliminated,8.0,0.09349653267728017,9,PERCENT,0.5,7.5,0.007030367264721525,12,False
17,2,Christina Milian,8.333333333333334,0.018581228217023786,Eliminated,5.0,0.11256619062197884,4,PERCENT,0.5,7.833333333333334,0.018581228217023786,12,False
17,2,Corbin Bleu,8.666666666666666,0.005183149838163553,RunnerUp,11.0,0.10292751073931679,5,PERCENT,0.5,8.333333333333332,0.005183149838163553,12,False
17,2,Elizabeth Berkley Lauren,8.333333333333334,0.00620806281596917,Eliminated,9.0,0.10019302522092423,7,PERCENT,0.5,8.166666666666668,0.00620806281596917,12,False
17,2,Jack Osbourne,8.0,0.011503211442145245,Finalist,11.0,0.10172877535090209,6,PERCENT,0.5,7.833333333333334,0.011503211442145245,12,False
17,2,Keyshawn Johnson,6.0,0.0076203734759512105,Eliminated,2.0,0.07528954640751884,12,PERCENT,0.5,5.833333333333334,0.0076203734759512105,12,True
17,2,Leah Remini,8.0,0.008104180802461013,Eliminated,10.0,0.09832974471121786,8,PERCENT,0.5,7.5,0.008104180802461013,12,False
17,2,"Nicole ""Snooki"" Polizzi",6.666666666666667,0.005395983001121233,Eliminated,7.0,0.08058395292508527,10,PERCENT,0.5,7.166666666666667,0.005395983001121233,12,False
17,2,Valerie Harper,6.333333333333333,0.0051048854148782056,Eliminated,4.0,0.07653345684264404,11,PERCENT,0.5,6.666666666666666,0.0051048854148782056,12,False
17,3,Amber Riley,8.0,0.8997564362229633,Winner,11.0,0.9938740832806796,1,PERCENT,0.5,8.333333333333334,0.8997564362229633,11,False
17,3,Bill Engvall,8.0,0.018722917562037193,Eliminated,11.0,0.11284056461975348,3,PERCENT,0.5,7.0,0.018722917562037193,11,False
17,3,Bill Nye,5.333333333333333,0.007800462995049601,Eliminated,3.0,0.07054556103352712,10,PERCENT,0.5,5.222222222222222,0.007800462995049601,11,False
17,3,Brant Daugherty,9.0,0.006900249205980034,Eliminated,8.0,0.11278260214591085,4,PERCENT,0.5,8.0,0.006900249205980034,11,False
17,3,Christina Milian,8.666666666666666,0.010143793135893071,Eliminated,5.0,0.11210457744841903,5,PERCENT,0.5,8.11111111111111,0.010143793135893071,11,False
17,3,Corbin Bleu,8.666666666666666,0.00678613956382823,RunnerUp,11.0,0.10874692387635419,6,PERCENT,0.5,8.444444444444445,0.00678613956382823,11,False
17,3,Elizabeth Berkley Lauren,8.333333333333334,0.005084096533559582,Eliminated,9.0,0.10312331221868071,7,PERCENT,0.5,8.222222222222223,0.005084096533559582,11,False
17,3,Jack Osbourne,7.333333333333333,0.005839687717318005,Finalist,11.0,0.0921141975202246,9,PERCENT,0.5,7.666666666666667,0.005839687717318005,11,False
17,3,Leah Remini,8.0,0.004529616143973185,Eliminated,10.0,0.09864726320168946,8,PERCENT,0.5,7.666666666666667,0.004529616143973185,11,False
17,3,"Nicole ""Snooki"" Polizzi",8.333333333333334,0.030423064713961594,Eliminated,7.0,0.12846228039908272,2,PERCENT,0.5,7.555555555555556,0.030423064713961594,11,False
17,3,Valerie Harper,5.333333333333333,0.00401353620543426,Eliminated,4.0,0.06675863424391178,11,PERCENT,0.5,6.222222222222221,0.00401353620543426,11,True
17,4,Amber Riley,9.0,0.40333192500148024,Winner,11.0,0.5172559756329496,1,PERCENT,0.5,8.5,0.40333192500148024,10,False
17,4,Bill Engvall,7.0,0.04713404650437367,Eliminated,11.0,0.13574164143996093,7,PERCENT,0.5,7.0,0.04713404650437367,10,False
17,4,Brant Daugherty,7.0,0.026114764619673773,Eliminated,8.0,0.11472235955526101,9,PERCENT,0.5,7.75,0.026114764619673773,10,False
17,4,Christina Milian,8.0,0.03955113690706779,Eliminated,5.0,0.14081695969059607,6,PERCENT,0.5,8.083333333333332,0.03955113690706779,10,False
17,4,Corbin Bleu,9.0,0.10855872075462991,RunnerUp,11.0,0.22248277138609923,3,PERCENT,0.5,8.583333333333332,0.10855872075462991,10,False
17,4,Elizabeth Berkley Lauren,9.0,0.05888832767917088,Eliminated,9.0,0.1728123783106402,5,PERCENT,0.5,8.416666666666668,0.05888832767917088,10,False
17,4,Jack Osbourne,8.0,0.17639265624231454,Finalist,11.0,0.27765847902584284,2,PERCENT,0.5,7.75,0.17639265624231454,10,False
17,4,Leah Remini,8.0,0.033765781691883684,Eliminated,10.0,0.13503160447541196,8,PERCENT,0.5,7.75,0.033765781691883684,10,False
17,4,"Nicole ""Snooki"" Polizzi",8.0,0.07700308092356468,Eliminated,7.0,0.17826890370709297,4,PERCENT,0.5,7.666666666666667,0.07700308092356468,10,False
17,4,Valerie Harper,6.0,0.029259559675844978,Eliminated,4.0,0.1052089267634912,10,PERCENT,0.5,6.166666666666666,0.029259559675844978,10,True
17,5,Amber Riley,8.666666666666666,0.2842068910750847,Winner,11.0,0.3948451889460127,2,PERCENT,0.5,8.533333333333333,0.2842068910750847,9,False
17,5,Bill Engvall,8.0,0.0380880361976402,Eliminated,11.0,0.14021569577080453,3,PERCENT,0.5,7.2,0.0380880361976402,9,False
17,5,Brant Daugherty,9.0,0.0035022826307401916,Eliminated,8.0,0.11839589965055006,6,PERCENT,0.5,8.0,0.0035022826307401916,9,False
17,5,Christina Milian,9.333333333333334,0.00015411513080073523,Eliminated,5.0,0.11930305129949247,5,PERCENT,0.5,8.333333333333332,0.00015411513080073523,9,False
17,5,Corbin Bleu,9.333333333333334,0.0004865718023046558,RunnerUp,11.0,0.11963550797099638,4,PERCENT,0.5,8.733333333333333,0.0004865718023046558,9,False
17,5,Elizabeth Berkley Lauren,8.666666666666666,0.001062451014946244,Eliminated,9.0,0.11170074888587427,9,PERCENT,0.5,8.466666666666667,0.001062451014946244,9,True
17,5,Jack Osbourne,9.0,0.002159949976829053,Finalist,11.0,0.11705356699663892,7,PERCENT,0.5,8.0,0.002159949976829053,9,False
17,5,Leah Remini,7.333333333333333,0.668802229388404,Eliminated,10.0,0.7624192506638046,1,PERCENT,0.5,7.666666666666667,0.668802229388404,9,False
17,5,"Nicole ""Snooki"" Polizzi",9.0,0.0015374727832468166,Eliminated,7.0,0.11643108980305668,8,PERCENT,0.5,7.9333333333333345,0.0015374727832468166,9,False
17,6,Amber Riley,10.666633333333332,0.4283713988855344,Winner,11.0,0.5668995842627322,1,PERCENT,0.5,8.888883333333332,0.4283713988855344,8,False
17,6,Bill Engvall,7.9999666666666664,0.04182189929684687,Eliminated,11.0,0.1457179301042623,8,PERCENT,0.5,7.333327777777778,0.04182189929684687,8,True
17,6,Brant Daugherty,10.333333333333334,0.06251926752099762,Eliminated,8.0,0.19671886647890485,5,PERCENT,0.5,8.38888888888889,0.06251926752099762,8,False
17,6,Corbin Bleu,8.999966666666666,0.03588823227026492,RunnerUp,11.0,0.15277132104134875,7,PERCENT,0.5,8.777772222222222,0.03588823227026492,8,False
17,6,Elizabeth Berkley Lauren,10.6666,0.18515980453130898,Eliminated,9.0,0.3236875570065748,2,PERCENT,0.5,8.833322222222222,0.18515980453130898,8,False
17,6,Jack Osbourne,8.999933333333333,0.05009279904793598,Finalist,11.0,0.1669754549170877,6,PERCENT,0.5,8.166655555555556,0.05009279904793598,8,False
17,6,Leah Remini,9.3333,0.08140201309119593,Eliminated,10.0,0.20261412118350258,4,PERCENT,0.5,7.9444388888888895,0.08140201309119593,8,False
17,6,"Nicole ""Snooki"" Polizzi",10.0,0.11474458535591184,Eliminated,7.0,0.24461516499259625,3,PERCENT,0.5,8.277777777777779,0.11474458535591184,8,False
17,7,Amber Riley,9.833333333333334,0.1425602420060709,Winner,11.0,0.2757430862480594,2,PERCENT,0.5,9.023804761904762,0.1425602420060709,8,False
17,7,Bill Engvall,8.333333333333334,0.6156999480978691,Eliminated,11.0,0.7285667652520966,1,PERCENT,0.5,7.476185714285714,0.6156999480978691,8,False
17,7,Brant Daugherty,9.5,0.01687662765510357,Eliminated,8.0,0.14554479921092292,6,PERCENT,0.5,8.547619047619047,0.01687662765510357,8,False
17,7,Corbin Bleu,9.833333333333334,0.027065140666711857,RunnerUp,11.0,0.16024798490870035,5,PERCENT,0.5,8.928566666666667,0.027065140666711857,8,False
17,7,Elizabeth Berkley Lauren,9.0,0.012158583529760819,Eliminated,9.0,0.13405474605632656,7,PERCENT,0.5,8.857133333333334,0.012158583529760819,8,False
17,7,Jack Osbourne,9.5,0.06207383838286241,Finalist,11.0,0.19074200993868176,4,PERCENT,0.5,8.357133333333334,0.06207383838286241,8,False
17,7,Leah Remini,8.833333333333334,0.11646380247381229,Eliminated,10.0,0.23610262865729348,3,PERCENT,0.5,8.07142380952381,0.11646380247381229,8,False
17,7,"Nicole ""Snooki"" Polizzi",9.0,0.007101817187804362,Eliminated,7.0,0.12899797971437008,8,PERCENT,0.5,8.380952380952381,0.007101817187804362,8,True
17,8,Amber Riley,9.333333333333334,0.4079809231493986,Winner,11.0,0.5538142564804533,2,PERCENT,0.5,9.062495833333333,0.4079809231493986,7,False
17,8,Bill Engvall,8.0,0.4557031894262493,Eliminated,11.0,0.5807031894242962,1,PERCENT,0.5,7.5416625,0.4557031894262493,7,False
17,8,Brant Daugherty,9.0,0.0006746310348898115,Eliminated,8.0,0.14129963103269255,7,PERCENT,0.5,8.604166666666666,0.0006746310348898115,7,True
17,8,Corbin Bleu,10.0,0.00306619156895388,RunnerUp,11.0,0.15931619156651247,5,PERCENT,0.5,9.062495833333333,0.00306619156895388,7,False
17,8,Elizabeth Berkley Lauren,8.333333333333334,0.12442159642783998,Eliminated,9.0,0.2546299297591388,3,PERCENT,0.5,8.791658333333334,0.12442159642783998,7,False
17,8,Jack Osbourne,10.0,0.004942581816348228,Finalist,11.0,0.16119258181390683,4,PERCENT,0.5,8.562491666666666,0.004942581816348228,7,False
17,8,Leah Remini,9.333333333333334,0.003210886576315259,Eliminated,10.0,0.14904421990736996,6,PERCENT,0.5,8.229162500000001,0.003210886576315259,7,False
17,9,Amber Riley,8.5,0.42014419728256364,Winner,11.0,0.5820489591842417,2,PERCENT,0.5,8.999996296296295,0.42014419728256364,6,False
17,9,Bill Engvall,7.0,0.5760062913552358,Eliminated,11.0,0.7093396246860295,1,PERCENT,0.5,7.481477777777779,0.5760062913552358,6,False
17,9,Corbin Bleu,9.666666666666666,0.0010345684933567077,RunnerUp,11.0,0.18516155261683365,3,PERCENT,0.5,9.129625925925927,0.0010345684933567077,6,False
17,9,Elizabeth Berkley Lauren,9.333333333333334,0.0008367290534213015,Eliminated,9.0,0.17861450682781285,4,PERCENT,0.5,8.851844444444446,0.0008367290534213015,6,False
17,9,Jack Osbourne,9.0,0.001219688867942179,Finalist,11.0,0.1726482602932483,5,PERCENT,0.5,8.611103703703703,0.001219688867942179,6,False
17,9,Leah Remini,9.0,0.000758524947478105,Eliminated,10.0,0.17218709637278423,6,PERCENT,0.5,8.314811111111112,0.000758524947478105,6,True
17,10,Amber Riley,9.875,0.25196391343207675,Winner,11.0,0.4776781991412033,2,PERCENT,0.5,9.087496666666667,0.25196391343207675,5,False
17,10,Bill Engvall,7.5,0.6125412364541774,Eliminated,11.0,0.7839698078788304,1,PERCENT,0.5,7.4833300000000005,0.6125412364541774,5,False
17,10,Corbin Bleu,9.375,0.047899909651378886,RunnerUp,11.0,0.26218562393219524,4,PERCENT,0.5,9.154163333333333,0.047899909651378886,5,False
17,10,Jack Osbourne,8.875,0.06755288930448729,Finalist,11.0,0.27041003215699344,3,PERCENT,0.5,8.637493333333333,0.06755288930448729,5,False
17,10,Leah Remini,8.125,0.020042051157880818,Eliminated,10.0,0.20575633686792166,5,PERCENT,0.5,8.29583,0.020042051157880818,5,True
17,11,Amber Riley,10.4444,0.5279370687343716,Winner,11.0,0.8015909044678255,1,PERCENT,0.5,9.210851515151516,0.5279370687343716,4,False
17,11,Bill Engvall,8.499966666666666,0.229869151633939,Eliminated,11.0,0.45257686887378373,2,PERCENT,0.5,7.575751515151516,0.229869151633939,4,False
17,11,Corbin Bleu,9.8888,0.10049350244058271,RunnerUp,11.0,0.3595900566515455,4,PERCENT,0.5,9.220948484848485,0.10049350244058271,4,True
17,11,Jack Osbourne,9.3333,0.14170027719110379,Finalist,11.0,0.3862421699806413,3,PERCENT,0.5,8.700748484848486,0.14170027719110379,4,False
18,1,Amy Purdy,8.0,0.05687075216598783,RunnerUp,10.0,-5.0,2,RANK,0.5,8.0,0.05687075216598783,12,False
18,1,Billy Dee Williams,5.0,0.015214817442265417,Withdrew,,-16.0,10,RANK,0.5,5.0,0.015214817442265417,12,False
18,1,Candace Cameron Bure,8.333333333333334,0.004147269532523641,Finalist,10.0,-10.0,3,RANK,0.5,8.333333333333334,0.004147269532523641,12,False
18,1,Charlie White,9.0,0.0023847786507497416,Eliminated,9.0,-13.0,4,RANK,0.5,9.0,0.0023847786507497416,12,False
18,1,Cody Simpson,7.333333333333333,0.005531070495206629,Eliminated,5.0,-13.0,4,RANK,0.5,7.333333333333333,0.005531070495206629,12,False
18,1,Danica Mckellar,8.0,0.003637767384162857,Eliminated,8.0,-13.0,4,RANK,0.5,8.0,0.003637767384162857,12,False
18,1,Diana Nyad,6.0,0.0247168932476645,Eliminated,2.0,-14.0,8,RANK,0.5,6.0,0.0247168932476645,12,False
18,1,Drew Carey,7.0,0.006633930727144484,Eliminated,6.0,-13.0,4,RANK,0.5,7.0,0.006633930727144484,12,False
18,1,James Maslow,7.0,0.00367716658809773,Eliminated,10.0,-16.0,10,RANK,0.5,7.0,0.00367716658809773,12,False
18,1,Meryl Davis,8.0,0.8634969298665537,Winner,10.0,-4.0,1,RANK,0.5,8.0,0.8634969298665537,12,False
18,1,Nene Leakes,7.0,0.0028788154801857526,Eliminated,7.0,-18.0,12,RANK,0.5,7.0,0.0028788154801857526,12,True
18,1,Sean Avery,6.666666666666667,0.010809808419453051,Eliminated,2.0,-15.0,9,RANK,0.5,6.666666666666667,0.010809808419453051,12,False
18,2,Amy Purdy,8.0,0.008068731661868679,RunnerUp,10.0,-6.0,2,RANK,0.5,8.0,0.008068731661868679,11,False
18,2,Billy Dee Williams,5.0,0.9828722533225758,Withdrew,,-12.0,6,RANK,0.5,5.0,0.9828722533225758,11,False
18,2,Candace Cameron Bure,7.0,0.0004636126073629677,Finalist,10.0,-18.0,11,RANK,0.5,7.666666666666667,0.0004636126073629677,11,True
18,2,Charlie White,8.333333333333334,0.000516998609535767,Eliminated,9.0,-11.0,4,RANK,0.5,8.666666666666668,0.000516998609535767,11,False
18,2,Cody Simpson,7.333333333333333,0.0007855236649529934,Eliminated,5.0,-13.0,8,RANK,0.5,7.333333333333333,0.0007855236649529934,11,False
18,2,Danica Mckellar,8.0,0.0006777050118530498,Eliminated,8.0,-12.0,6,RANK,0.5,8.0,0.0006777050118530498,11,False
18,2,Drew Carey,7.0,0.0009431189102035156,Eliminated,6.0,-13.0,8,RANK,0.5,7.0,0.0009431189102035156,11,False
18,2,James Maslow,8.333333333333334,0.0011762407457752398,Eliminated,10.0,-6.0,2,RANK,0.5,7.666666666666667,0.0011762407457752398,11,False
18,2,Meryl Davis,8.333333333333334,0.002166893443799986,Winner,10.0,-4.0,1,RANK,0.5,8.166666666666668,0.002166893443799986,11,False
18,2,Nene Leakes,7.0,0.0005828131018927562,Eliminated,7.0,-16.0,10,RANK,0.5,7.0,0.0005828131018927562,11,False
18,2,Sean Avery,7.0,0.0017461089201762081,Eliminated,2.0,-11.0,4,RANK,0.5,6.833333333333334,0.0017461089201762081,11,False
18,3,Amy Purdy,9.0,0.4146501217311317,RunnerUp,10.0,-3.0,1,RANK,0.5,8.333333333333334,0.4146501217311317,9,False
18,3,Candace Cameron Bure,8.0,0.07896011131606614,Finalist,10.0,-11.0,7,RANK,0.5,7.777777777777779,0.07896011131606614,9,False
18,3,Charlie White,9.0,0.040810675789769324,Eliminated,9.0,-9.0,4,RANK,0.5,8.777777777777779,0.040810675789769324,9,False
18,3,Cody Simpson,8.75,0.11120636279467491,Eliminated,5.0,-9.0,4,RANK,0.5,7.8055555555555545,0.11120636279467491,9,False
18,3,Danica Mckellar,9.0,0.060557879705947615,Eliminated,8.0,-7.0,3,RANK,0.5,8.333333333333334,0.060557879705947615,9,False
18,3,Drew Carey,7.5,0.048904552708544005,Eliminated,6.0,-15.0,8,RANK,0.5,7.166666666666667,0.048904552708544005,9,False
18,3,James Maslow,9.0,0.034567565100341126,Eliminated,10.0,-10.0,6,RANK,0.5,8.111111111111112,0.034567565100341126,9,False
18,3,Meryl Davis,9.75,0.18033444201185192,Winner,10.0,-3.0,1,RANK,0.5,8.694444444444445,0.18033444201185192,9,False
18,3,Nene Leakes,7.75,0.030008288841674252,Eliminated,7.0,-17.0,9,RANK,0.5,7.25,0.030008288841674252,9,True
18,4,Amy Purdy,8.5,0.41475567555654913,RunnerUp,10.0,-4.0,1,RANK,0.5,8.375,0.41475567555654913,9,False
18,4,Candace Cameron Bure,7.0,0.03436549250124372,Finalist,10.0,-17.0,9,RANK,0.5,7.583333333333334,0.03436549250124372,9,True
18,4,Charlie White,8.25,0.040772709217143766,Eliminated,9.0,-11.0,6,RANK,0.5,8.645833333333334,0.040772709217143766,9,False
18,4,Cody Simpson,7.75,0.04872853106075599,Eliminated,5.0,-14.0,7,RANK,0.5,7.791666666666666,0.04872853106075599,9,False
18,4,Danica Mckellar,8.0,0.029964649367659118,Eliminated,8.0,-15.0,8,RANK,0.5,8.25,0.029964649367659118,9,False
18,4,Drew Carey,8.25,0.18079606675452164,Eliminated,6.0,-6.0,3,RANK,0.5,7.4375,0.18079606675452164,9,False
18,4,James Maslow,8.75,0.06084303082504462,Eliminated,10.0,-7.0,4,RANK,0.5,8.270833333333334,0.06084303082504462,9,False
18,4,Meryl Davis,9.75,0.11104322234449719,Winner,10.0,-4.0,1,RANK,0.5,8.958333333333334,0.11104322234449719,9,False
18,4,Nene Leakes,8.0,0.07873062237258642,Eliminated,7.0,-10.0,5,RANK,0.5,7.4375,0.07873062237258642,9,False
18,5,Amy Purdy,9.25,0.009235593496872835,RunnerUp,10.0,-6.0,1,RANK,0.5,8.55,0.009235593496872835,9,False
18,5,Candace Cameron Bure,8.75,0.004067291132479859,Finalist,10.0,-11.0,7,RANK,0.5,7.816666666666667,0.004067291132479859,9,False
18,5,Charlie White,9.25,0.0013437760538350415,Eliminated,9.0,-9.0,4,RANK,0.5,8.766666666666667,0.0013437760538350415,9,False
18,5,Cody Simpson,8.5,0.0008854716218907711,Eliminated,5.0,-15.0,9,RANK,0.5,7.933333333333333,0.0008854716218907711,9,True
18,5,Danica Mckellar,9.75,0.001824433317636394,Eliminated,8.0,-7.0,2,RANK,0.5,8.55,0.001824433317636394,9,False
18,5,Drew Carey,7.0,0.569994481213306,Eliminated,6.0,-10.0,5,RANK,0.5,7.35,0.569994481213306,9,False
18,5,James Maslow,10.0,0.0006664903000637807,Eliminated,10.0,-10.0,5,RANK,0.5,8.616666666666667,0.0006664903000637807,9,False
18,5,Meryl Davis,9.0,0.4112122907701715,Winner,10.0,-7.0,2,RANK,0.5,8.966666666666667,0.4112122907701715,9,False
18,5,Nene Leakes,9.0,0.0007701720937413325,Eliminated,7.0,-13.0,8,RANK,0.5,7.75,0.0007701720937413325,9,False
18,6,Amy Purdy,9.5,0.43107537013354313,RunnerUp,10.0,-3.0,1,RANK,0.5,8.708333333333334,0.43107537013354313,7,False
18,6,Candace Cameron Bure,8.0,0.08891699224532462,Finalist,10.0,-10.0,5,RANK,0.5,7.847222222222222,0.08891699224532462,7,False
18,6,Charlie White,9.0,0.08245827230552326,Eliminated,9.0,-7.0,3,RANK,0.5,8.805555555555555,0.08245827230552326,7,False
18,6,Danica Mckellar,9.0,0.050818669888045544,Eliminated,8.0,-9.0,4,RANK,0.5,8.625,0.050818669888045544,7,False
18,6,Drew Carey,8.0,0.07964521475040846,Eliminated,6.0,-12.0,6,RANK,0.5,7.458333333333333,0.07964521475040846,7,False
18,6,James Maslow,8.75,0.035926528618216436,Eliminated,10.0,-13.0,7,RANK,0.5,8.63888888888889,0.035926528618216436,7,True
18,6,Meryl Davis,10.0,0.1887495087290461,Winner,10.0,-3.0,1,RANK,0.5,9.13888888888889,0.1887495087290461,7,False
18,6,Nene Leakes,8.25,0.042409443329895595,Eliminated,7.0,-13.0,7,RANK,0.5,7.833333333333333,0.042409443329895595,7,True
18,7,Amy Purdy,9.375,0.41470305347027286,RunnerUp,10.0,-3.0,1,RANK,0.5,8.803571428571429,0.41470305347027286,7,False
18,7,Candace Cameron Bure,9.25,0.1967196935169431,Finalist,10.0,-5.0,3,RANK,0.5,8.047619047619047,0.1967196935169431,7,False
18,7,Charlie White,8.875,0.08567168863137224,Eliminated,9.0,-9.0,4,RANK,0.5,8.815476190476192,0.08567168863137224,7,False
18,7,Danica Mckellar,9.0,0.06573588926823946,Eliminated,8.0,-10.0,5,RANK,0.5,8.678571428571429,0.06573588926823946,7,False
18,7,James Maslow,8.75,0.06611374890159233,Eliminated,10.0,-11.0,6,RANK,0.5,8.654761904761905,0.06611374890159233,7,False
18,7,Meryl Davis,9.75,0.12707431949208794,Winner,10.0,-4.0,2,RANK,0.5,9.226190476190476,0.12707431949208794,7,False
18,7,Nene Leakes,8.25,0.04398160671948964,Eliminated,7.0,-14.0,7,RANK,0.5,7.892857142857143,0.04398160671948964,7,True
18,8,Amy Purdy,10.0,0.01507336774712008,RunnerUp,10.0,-5.0,1,RANK,0.5,8.953125,0.01507336774712008,6,False
18,8,Candace Cameron Bure,9.0,0.08679504972312183,Finalist,10.0,-7.0,5,RANK,0.5,8.166666666666666,0.08679504972312183,6,False
18,8,Charlie White,10.0,0.0066481142539580335,Eliminated,9.0,-6.0,3,RANK,0.5,8.963541666666666,0.0066481142539580335,6,False
18,8,Danica Mckellar,9.5,0.002054811152688178,Eliminated,8.0,-9.0,6,RANK,0.5,8.78125,0.002054811152688178,6,True
18,8,James Maslow,9.0,0.08955231168655389,Eliminated,10.0,-6.0,3,RANK,0.5,8.697916666666666,0.08955231168655389,6,False
18,8,Meryl Davis,9.0,0.7998763454365626,Winner,10.0,-5.0,1,RANK,0.5,9.197916666666666,0.7998763454365626,6,False
18,9,Amy Purdy,9.75,0.28306453181117264,RunnerUp,10.0,-4.0,1,RANK,0.5,9.041666666666666,0.28306453181117264,5,False
18,9,Candace Cameron Bure,9.0,0.49084830627990816,Finalist,10.0,-6.0,3,RANK,0.5,8.25925925925926,0.49084830627990816,5,False
18,9,Charlie White,9.5,0.021678795332517545,Eliminated,9.0,-8.0,5,RANK,0.5,9.023148148148147,0.021678795332517545,5,True
18,9,James Maslow,9.5,0.07750490869045588,Eliminated,10.0,-7.0,4,RANK,0.5,8.787037037037036,0.07750490869045588,5,False
18,9,Meryl Davis,10.0,0.12690345788594504,Winner,10.0,-4.0,1,RANK,0.5,9.287037037037036,0.12690345788594504,5,False
18,10,Amy Purdy,9.888866666666667,0.07926921410803492,RunnerUp,10.0,-4.0,1,RANK,0.5,9.126386666666667,0.07926921410803492,4,False
18,10,Candace Cameron Bure,8.6666,0.8754741627909485,Finalist,10.0,-5.0,3,RANK,0.5,8.299993333333333,0.8754741627909485,4,False
18,10,James Maslow,9.666666666666666,0.010718101506136975,Eliminated,10.0,-7.0,4,RANK,0.5,8.875,0.010718101506136975,4,True
18,10,Meryl Davis,10.0,0.03453852159487524,Winner,10.0,-4.0,1,RANK,0.5,9.358333333333333,0.03453852159487524,4,False
18,1,Amy Purdy,8.0,0.05687075216598783,RunnerUp,10.0,0.14847380560005344,2,PERCENT,0.5,8.0,0.05687075216598783,12,False
18,1,Billy Dee Williams,5.0,0.015214817442265417,Withdrew,,0.07246672583855641,12,PERCENT,0.5,5.0,0.015214817442265417,12,True
18,1,Candace Cameron Bure,8.333333333333334,0.004147269532523641,Finalist,10.0,0.09956711685967531,4,PERCENT,0.5,8.333333333333334,0.004147269532523641,12,False
18,1,Charlie White,9.0,0.0023847786507497416,Eliminated,9.0,0.10543821376407353,3,PERCENT,0.5,9.0,0.0023847786507497416,12,False
18,1,Cody Simpson,7.333333333333333,0.005531070495206629,Eliminated,5.0,0.08950053614310009,7,PERCENT,0.5,7.333333333333333,0.005531070495206629,12,False
18,1,Danica Mckellar,8.0,0.003637767384162857,Eliminated,8.0,0.09524082081822846,5,PERCENT,0.5,8.0,0.003637767384162857,12,False
18,1,Diana Nyad,6.0,0.0247168932476645,Eliminated,2.0,0.09341918332321371,6,PERCENT,0.5,6.0,0.0247168932476645,12,False
18,1,Drew Carey,7.0,0.006633930727144484,Eliminated,6.0,0.08678660248195189,9,PERCENT,0.5,7.0,0.006633930727144484,12,False
18,1,James Maslow,7.0,0.00367716658809773,Eliminated,10.0,0.08382983834290514,10,PERCENT,0.5,7.0,0.00367716658809773,12,False
18,1,Meryl Davis,8.0,0.8634969298665537,Winner,10.0,0.9550999833006193,1,PERCENT,0.5,8.0,0.8634969298665537,12,False
18,1,Nene Leakes,7.0,0.0028788154801857526,Eliminated,7.0,0.08303148723499316,11,PERCENT,0.5,7.0,0.0028788154801857526,12,False
18,1,Sean Avery,6.666666666666667,0.010809808419453051,Eliminated,2.0,0.08714568628117439,8,PERCENT,0.5,6.666666666666667,0.010809808419453051,12,False
18,2,Amy Purdy,8.0,0.008068731661868679,RunnerUp,10.0,0.10642938739836424,2,PERCENT,0.5,8.0,0.008068731661868679,11,False
18,2,Billy Dee Williams,5.0,0.9828722533225758,Withdrew,,1.0443476631578854,1,PERCENT,0.5,5.0,0.9828722533225758,11,False
18,2,Candace Cameron Bure,7.0,0.0004636126073629677,Finalist,10.0,0.08652918637679659,11,PERCENT,0.5,7.666666666666667,0.0004636126073629677,11,True
18,2,Charlie White,8.333333333333334,0.000516998609535767,Eliminated,9.0,0.10297601500171866,5,PERCENT,0.5,8.666666666666668,0.000516998609535767,11,False
18,2,Cody Simpson,7.333333333333333,0.0007855236649529934,Eliminated,5.0,0.09094945809007393,7,PERCENT,0.5,7.333333333333333,0.0007855236649529934,11,False
18,2,Danica Mckellar,8.0,0.0006777050118530498,Eliminated,8.0,0.09903836074834861,6,PERCENT,0.5,8.0,0.0006777050118530498,11,False
18,2,Drew Carey,7.0,0.0009431189102035156,Eliminated,6.0,0.08700869267963714,9,PERCENT,0.5,7.0,0.0009431189102035156,11,False
18,2,James Maslow,8.333333333333334,0.0011762407457752398,Eliminated,10.0,0.10363525713795813,4,PERCENT,0.5,7.666666666666667,0.0011762407457752398,11,False
18,2,Meryl Davis,8.333333333333334,0.002166893443799986,Winner,10.0,0.10462590983598287,3,PERCENT,0.5,8.166666666666668,0.002166893443799986,11,False
18,2,Nene Leakes,7.0,0.0005828131018927562,Eliminated,7.0,0.08664838687132638,10,PERCENT,0.5,7.0,0.0005828131018927562,11,False
18,2,Sean Avery,7.0,0.0017461089201762081,Eliminated,2.0,0.08781168268960983,8,PERCENT,0.5,6.833333333333334,0.0017461089201762081,11,False
18,3,Amy Purdy,9.0,0.4146501217311317,RunnerUp,10.0,0.5304057487392891,1,PERCENT,0.5,8.333333333333334,0.4146501217311317,9,False
18,3,Candace Cameron Bure,8.0,0.07896011131606614,Finalist,10.0,0.18185400198998392,4,PERCENT,0.5,7.777777777777779,0.07896011131606614,9,False
18,3,Charlie White,9.0,0.040810675789769324,Eliminated,9.0,0.1565663027979268,6,PERCENT,0.5,8.777777777777779,0.040810675789769324,9,False
18,3,Cody Simpson,8.75,0.11120636279467491,Eliminated,5.0,0.22374655571927246,3,PERCENT,0.5,7.8055555555555545,0.11120636279467491,9,False
18,3,Danica Mckellar,9.0,0.060557879705947615,Eliminated,8.0,0.1763135067141051,5,PERCENT,0.5,8.333333333333334,0.060557879705947615,9,False
18,3,Drew Carey,7.5,0.048904552708544005,Eliminated,6.0,0.1453675752153419,8,PERCENT,0.5,7.166666666666667,0.048904552708544005,9,False
18,3,James Maslow,9.0,0.034567565100341126,Eliminated,10.0,0.1503231921084986,7,PERCENT,0.5,8.111111111111112,0.034567565100341126,9,False
18,3,Meryl Davis,9.75,0.18033444201185192,Winner,10.0,0.3057363712706892,2,PERCENT,0.5,8.694444444444445,0.18033444201185192,9,False
18,3,Nene Leakes,7.75,0.030008288841674252,Eliminated,7.0,0.12968674543203207,9,PERCENT,0.5,7.25,0.030008288841674252,9,True
18,4,Amy Purdy,8.5,0.41475567555654913,RunnerUp,10.0,0.5292337900331218,1,PERCENT,0.5,8.375,0.41475567555654913,9,False
18,4,Candace Cameron Bure,7.0,0.03436549250124372,Finalist,10.0,0.12864158677606827,9,PERCENT,0.5,7.583333333333334,0.03436549250124372,9,True
18,4,Charlie White,8.25,0.040772709217143766,Eliminated,9.0,0.15188382032675843,7,PERCENT,0.5,8.645833333333334,0.040772709217143766,9,False
18,4,Cody Simpson,7.75,0.04872853106075599,Eliminated,5.0,0.1531056354364546,6,PERCENT,0.5,7.791666666666666,0.04872853106075599,9,False
18,4,Danica Mckellar,8.0,0.029964649367659118,Eliminated,8.0,0.13770875711031574,8,PERCENT,0.5,8.25,0.029964649367659118,9,False
18,4,Drew Carey,8.25,0.18079606675452164,Eliminated,6.0,0.29190717786413634,2,PERCENT,0.5,7.4375,0.18079606675452164,9,False
18,4,James Maslow,8.75,0.06084303082504462,Eliminated,10.0,0.17868814866857533,5,PERCENT,0.5,8.270833333333334,0.06084303082504462,9,False
18,4,Meryl Davis,9.75,0.11104322234449719,Winner,10.0,0.24235635365585995,3,PERCENT,0.5,8.958333333333334,0.11104322234449719,9,False
18,4,Nene Leakes,8.0,0.07873062237258642,Eliminated,7.0,0.18647473011524307,4,PERCENT,0.5,7.4375,0.07873062237258642,9,False
18,5,Amy Purdy,9.25,0.009235593496872835,RunnerUp,10.0,0.12414242579358206,4,PERCENT,0.5,8.55,0.009235593496872835,9,False
18,5,Candace Cameron Bure,8.75,0.004067291132479859,Finalist,10.0,0.11276294330504265,7,PERCENT,0.5,7.816666666666667,0.004067291132479859,9,False
18,5,Charlie White,9.25,0.0013437760538350415,Eliminated,9.0,0.11625060835054427,6,PERCENT,0.5,8.766666666666667,0.0013437760538350415,9,False
18,5,Cody Simpson,8.5,0.0008854716218907711,Eliminated,5.0,0.10647553373238033,9,PERCENT,0.5,7.933333333333333,0.0008854716218907711,9,True
18,5,Danica Mckellar,9.75,0.001824433317636394,Eliminated,8.0,0.12294244573849206,5,PERCENT,0.5,8.55,0.001824433317636394,9,False
18,5,Drew Carey,7.0,0.569994481213306,Eliminated,6.0,0.6569510029513562,1,PERCENT,0.5,7.35,0.569994481213306,9,False
18,5,James Maslow,10.0,0.0006664903000637807,Eliminated,10.0,0.12489009278299268,3,PERCENT,0.5,8.616666666666667,0.0006664903000637807,9,False
18,5,Meryl Davis,9.0,0.4112122907701715,Winner,10.0,0.5230135330048076,2,PERCENT,0.5,8.966666666666667,0.4112122907701715,9,False
18,5,Nene Leakes,9.0,0.0007701720937413325,Eliminated,7.0,0.11257141432837733,8,PERCENT,0.5,7.75,0.0007701720937413325,9,False
18,6,Amy Purdy,9.5,0.43107537013354313,RunnerUp,10.0,0.5658271431812771,1,PERCENT,0.5,8.708333333333334,0.43107537013354313,8,False
18,6,Candace Cameron Bure,8.0,0.08891699224532462,Finalist,10.0,0.20239216954867958,4,PERCENT,0.5,7.847222222222222,0.08891699224532462,8,False
18,6,Charlie White,9.0,0.08245827230552326,Eliminated,9.0,0.21011784677179757,3,PERCENT,0.5,8.805555555555555,0.08245827230552326,8,False
18,6,Danica Mckellar,9.0,0.050818669888045544,Eliminated,8.0,0.17847824435431986,6,PERCENT,0.5,8.625,0.050818669888045544,8,False
18,6,Drew Carey,8.0,0.07964521475040846,Eliminated,6.0,0.1931203920537634,5,PERCENT,0.5,7.458333333333333,0.07964521475040846,8,False
18,6,James Maslow,8.75,0.035926528618216436,Eliminated,10.0,0.16004000379376093,7,PERCENT,0.5,8.63888888888889,0.035926528618216436,8,False
18,6,Meryl Davis,10.0,0.1887495087290461,Winner,10.0,0.33059348035823977,2,PERCENT,0.5,9.13888888888889,0.1887495087290461,8,False
18,6,Nene Leakes,8.25,0.042409443329895595,Eliminated,7.0,0.1594307199239804,8,PERCENT,0.5,7.833333333333333,0.042409443329895595,8,True
18,7,Amy Purdy,9.375,0.41470305347027286,RunnerUp,10.0,0.5629243973414473,1,PERCENT,0.5,8.803571428571429,0.41470305347027286,7,False
18,7,Candace Cameron Bure,9.25,0.1967196935169431,Finalist,10.0,0.3429647528031685,2,PERCENT,0.5,8.047619047619047,0.1967196935169431,7,False
18,7,Charlie White,8.875,0.08567168863137224,Eliminated,9.0,0.22598789416275067,4,PERCENT,0.5,8.815476190476192,0.08567168863137224,7,False
18,7,Danica Mckellar,9.0,0.06573588926823946,Eliminated,8.0,0.20802837938456686,5,PERCENT,0.5,8.678571428571429,0.06573588926823946,7,False
18,7,James Maslow,8.75,0.06611374890159233,Eliminated,10.0,0.20445366984802174,6,PERCENT,0.5,8.654761904761905,0.06611374890159233,7,False
18,7,Meryl Davis,9.75,0.12707431949208794,Winner,10.0,0.2812245171181093,3,PERCENT,0.5,9.226190476190476,0.12707431949208794,7,False
18,7,Nene Leakes,8.25,0.04398160671948964,Eliminated,7.0,0.17441638932612308,7,PERCENT,0.5,7.892857142857143,0.04398160671948964,7,True
18,8,Amy Purdy,10.0,0.01507336774712008,RunnerUp,10.0,0.1920645181864654,4,PERCENT,0.5,8.953125,0.01507336774712008,6,False
18,8,Candace Cameron Bure,9.0,0.08679504972312183,Finalist,10.0,0.24608708511853258,3,PERCENT,0.5,8.166666666666666,0.08679504972312183,6,False
18,8,Charlie White,10.0,0.0066481142539580335,Eliminated,9.0,0.18363926469330333,5,PERCENT,0.5,8.963541666666666,0.0066481142539580335,6,False
18,8,Danica Mckellar,9.5,0.002054811152688178,Eliminated,8.0,0.17019640407006623,6,PERCENT,0.5,8.78125,0.002054811152688178,6,True
18,8,James Maslow,9.0,0.08955231168655389,Eliminated,10.0,0.24884434708196465,2,PERCENT,0.5,8.697916666666666,0.08955231168655389,6,False
18,8,Meryl Davis,9.0,0.7998763454365626,Winner,10.0,0.9591683808319733,1,PERCENT,0.5,9.197916666666666,0.7998763454365626,6,False
18,9,Amy Purdy,9.75,0.28306453181117264,RunnerUp,10.0,0.4872530134822891,2,PERCENT,0.5,9.041666666666666,0.28306453181117264,5,False
18,9,Candace Cameron Bure,9.0,0.49084830627990816,Finalist,10.0,0.6793299816686311,1,PERCENT,0.5,8.25925925925926,0.49084830627990816,5,False
18,9,Charlie White,9.5,0.021678795332517545,Eliminated,9.0,0.22063167490950283,5,PERCENT,0.5,9.023148148148147,0.021678795332517545,5,True
18,9,James Maslow,9.5,0.07750490869045588,Eliminated,10.0,0.27645778826744116,4,PERCENT,0.5,8.787037037037036,0.07750490869045588,5,False
18,9,Meryl Davis,10.0,0.12690345788594504,Winner,10.0,0.3363275416511927,3,PERCENT,0.5,9.287037037037036,0.12690345788594504,5,False
18,10,Amy Purdy,9.888866666666667,0.07926921410803492,RunnerUp,10.0,0.33799016461510445,2,PERCENT,0.5,9.126386666666667,0.07926921410803492,4,False
18,10,Candace Cameron Bure,8.6666,0.8754741627909485,Finalist,10.0,1.102217131954712,1,PERCENT,0.5,8.299993333333333,0.8754741627909485,4,False
18,10,James Maslow,9.666666666666666,0.010718101506136975,Eliminated,10.0,0.26362566640083396,4,PERCENT,0.5,8.875,0.010718101506136975,4,True
18,10,Meryl Davis,10.0,0.03453852159487524,Winner,10.0,0.2961670370031825,3,PERCENT,0.5,9.358333333333333,0.03453852159487524,4,False
19,1,Alfonso Ribeiro,9.0,0.009146968377409716,Winner,11.0,-14.0,6,RANK,0.5,9.0,0.009146968377409716,13,False
19,1,Antonio Sabato Jr.,6.25,0.03779645790517319,Eliminated,7.0,-17.0,9,RANK,0.5,6.25,0.03779645790517319,13,False
19,1,Bethany Mota,8.0,0.19925913657404506,Eliminated,11.0,-5.0,1,RANK,0.5,8.0,0.19925913657404506,13,False
19,1,Betsey Johnson,5.0,0.5065328894483171,Eliminated,4.0,-14.0,6,RANK,0.5,5.0,0.5065328894483171,13,False
19,1,Janel Parrish,7.25,0.014146483523080325,Finalist,11.0,-17.0,9,RANK,0.5,7.25,0.014146483523080325,13,False
19,1,Jonathan Bennett,7.5,0.03818655764407135,Eliminated,6.0,-11.0,5,RANK,0.5,7.5,0.03818655764407135,13,False
19,1,Lea Thompson,8.0,0.038091485123859174,Eliminated,9.0,-9.0,3,RANK,0.5,8.0,0.038091485123859174,13,False
19,1,Lolo Jones,5.5,0.04347077914095343,Eliminated,1.0,-16.0,8,RANK,0.5,5.5,0.04347077914095343,13,False
19,1,Michael Waltrip,6.25,0.012674914261668052,Eliminated,8.0,-21.0,13,RANK,0.5,6.25,0.012674914261668052,13,True
19,1,Randy Couture,7.75,0.053801005059542266,Eliminated,3.0,-8.0,2,RANK,0.5,7.75,0.053801005059542266,13,False
19,1,Sadie Robertson,8.5,0.019715285676604896,RunnerUp,11.0,-10.0,4,RANK,0.5,8.5,0.019715285676604896,13,False
19,1,Tavis Smiley,7.25,0.010537126730661268,Eliminated,2.0,-19.0,12,RANK,0.5,7.25,0.010537126730661268,13,False
19,1,Tommy Chong,6.75,0.016640910534617595,Eliminated,10.0,-18.0,11,RANK,0.5,6.75,0.016640910534617595,13,False
19,2,Alfonso Ribeiro,8.0,0.4038411486205158,Winner,11.0,-6.0,1,RANK,0.5,8.5,0.4038411486205158,12,False
19,2,Antonio Sabato Jr.,7.75,0.007816537172672023,Eliminated,7.0,-9.0,4,RANK,0.5,7.0,0.007816537172672023,12,False
19,2,Bethany Mota,8.25,0.01804502614912212,Eliminated,11.0,-6.0,1,RANK,0.5,8.125,0.01804502614912212,12,False
19,2,Betsey Johnson,7.0,0.004836647985020494,Eliminated,4.0,-13.0,6,RANK,0.5,6.0,0.004836647985020494,12,False
19,2,Janel Parrish,8.5,0.0021613387834933874,Finalist,11.0,-8.0,3,RANK,0.5,7.875,0.0021613387834933874,12,False
19,2,Jonathan Bennett,7.5,0.0017847842857369076,Eliminated,6.0,-16.0,9,RANK,0.5,7.5,0.0017847842857369076,12,False
19,2,Lea Thompson,8.75,0.0019127087489708254,Eliminated,9.0,-9.0,4,RANK,0.5,8.375,0.0019127087489708254,12,False
19,2,Michael Waltrip,6.0,0.554120279581378,Eliminated,8.0,-13.0,6,RANK,0.5,6.125,0.554120279581378,12,False
19,2,Randy Couture,7.0,0.00215087735107695,Eliminated,3.0,-15.0,8,RANK,0.5,7.375,0.00215087735107695,12,False
19,2,Sadie Robertson,7.75,0.001319251498150493,RunnerUp,11.0,-16.0,9,RANK,0.5,8.125,0.001319251498150493,12,False
19,2,Tavis Smiley,7.0,0.0004993390354576622,Eliminated,2.0,-20.0,12,RANK,0.5,7.125,0.0004993390354576622,12,True
19,2,Tommy Chong,7.0,0.0015120607884007407,Eliminated,10.0,-18.0,11,RANK,0.5,6.875,0.0015120607884007407,12,False
19,3,Alfonso Ribeiro,8.0,0.9916409235706379,Winner,11.0,-5.0,2,RANK,0.5,8.333333333333334,0.9916409235706379,10,False
19,3,Antonio Sabato Jr.,7.25,0.0003365228260104426,Eliminated,7.0,-17.0,7,RANK,0.5,7.083333333333333,0.0003365228260104426,10,False
19,3,Bethany Mota,10.0,0.0027193558156767966,Eliminated,11.0,-3.0,1,RANK,0.5,8.75,0.0027193558156767966,10,False
19,3,Betsey Johnson,7.25,0.0002902581364022491,Eliminated,4.0,-18.0,10,RANK,0.5,6.416666666666667,0.0002902581364022491,10,True
19,3,Janel Parrish,10.0,0.000728464046784477,Finalist,11.0,-6.0,3,RANK,0.5,8.583333333333334,0.000728464046784477,10,False
19,3,Jonathan Bennett,8.0,0.0007765013189505646,Eliminated,6.0,-8.0,5,RANK,0.5,7.666666666666667,0.0007765013189505646,10,False
19,3,Lea Thompson,7.75,0.00026287805370395526,Eliminated,9.0,-18.0,10,RANK,0.5,8.166666666666666,0.00026287805370395526,10,True
19,3,Michael Waltrip,7.0,0.0004776988773833853,Eliminated,8.0,-17.0,7,RANK,0.5,6.416666666666667,0.0004776988773833853,10,False
19,3,Randy Couture,6.5,0.0005953155389213503,Eliminated,3.0,-17.0,7,RANK,0.5,7.083333333333333,0.0005953155389213503,10,False
19,3,Sadie Robertson,8.0,0.00039893574617313316,RunnerUp,11.0,-12.0,6,RANK,0.5,8.083333333333334,0.00039893574617313316,10,False
19,3,Tommy Chong,8.5,0.0017731460693605997,Eliminated,10.0,-6.0,3,RANK,0.5,7.416666666666667,0.0017731460693605997,10,False
19,4,Alfonso Ribeiro,10.0,0.0018792173948347759,Winner,11.0,-8.0,2,RANK,0.5,8.75,0.0018792173948347759,9,False
19,4,Antonio Sabato Jr.,7.25,0.002522181975298454,Eliminated,7.0,-12.0,7,RANK,0.5,7.125,0.002522181975298454,9,False
19,4,Bethany Mota,8.25,0.013152824963436532,Eliminated,11.0,-8.0,2,RANK,0.5,8.625,0.013152824963436532,9,False
19,4,Betsey Johnson,7.25,0.0004585416486683554,Eliminated,4.0,-16.0,9,RANK,0.5,6.625,0.0004585416486683554,9,True
19,4,Janel Parrish,9.0,0.0010787285021829473,Finalist,11.0,-13.0,8,RANK,0.5,8.6875,0.0010787285021829473,9,False
19,4,Jonathan Bennett,6.0,0.6101797444762534,Eliminated,6.0,-11.0,5,RANK,0.5,7.25,0.6101797444762534,9,False
19,4,Lea Thompson,9.75,0.0057226638551359605,Eliminated,9.0,-6.0,1,RANK,0.5,8.5625,0.0057226638551359605,9,False
19,4,Michael Waltrip,6.25,0.36012822602780586,Eliminated,8.0,-11.0,5,RANK,0.5,6.375,0.36012822602780586,9,False
19,4,Sadie Robertson,9.25,0.0035323268414728833,RunnerUp,11.0,-8.0,2,RANK,0.5,8.375,0.0035323268414728833,9,False
19,4,Tommy Chong,7.0,0.0013455443149117956,Eliminated,10.0,-16.0,9,RANK,0.5,7.3125,0.0013455443149117956,9,True
19,5,Alfonso Ribeiro,8.5,0.48555508337137687,Winner,11.0,-3.0,1,RANK,0.5,8.7,0.48555508337137687,9,False
19,5,Antonio Sabato Jr.,7.0,0.061258610344337695,Eliminated,7.0,-10.0,6,RANK,0.5,7.1,0.061258610344337695,9,False
19,5,Bethany Mota,8.0,0.22910963330796047,Eliminated,11.0,-7.0,2,RANK,0.5,8.5,0.22910963330796047,9,False
19,5,Janel Parrish,8.25,0.03346358474408419,Finalist,11.0,-9.0,4,RANK,0.5,8.6,0.03346358474408419,9,False
19,5,Jonathan Bennett,6.0,0.10001456554740557,Eliminated,6.0,-10.0,6,RANK,0.5,7.0,0.10001456554740557,9,False
19,5,Lea Thompson,8.5,0.026900965363000913,Eliminated,9.0,-8.0,3,RANK,0.5,8.55,0.026900965363000913,9,False
19,5,Michael Waltrip,5.0,0.019386124350505515,Eliminated,8.0,-18.0,9,RANK,0.5,6.1,0.019386124350505515,9,True
19,5,Sadie Robertson,9.0,0.021759228912453465,RunnerUp,11.0,-9.0,4,RANK,0.5,8.5,0.021759228912453465,9,False
19,5,Tommy Chong,5.75,0.022552204058866817,Eliminated,10.0,-15.0,8,RANK,0.5,7.0,0.022552204058866817,9,False
19,6,Alfonso Ribeiro,9.75,0.0015509773728908196,Winner,11.0,-8.0,2,RANK,0.5,8.875,0.0015509773728908196,8,False
19,6,Antonio Sabato Jr.,7.0,0.4708399534362832,Eliminated,7.0,-10.0,4,RANK,0.5,7.083333333333333,0.4708399534362832,8,False
19,6,Bethany Mota,9.0,0.016190974266153717,Eliminated,11.0,-6.0,1,RANK,0.5,8.583333333333334,0.016190974266153717,8,False
19,6,Janel Parrish,8.25,0.0013299694391011182,Finalist,11.0,-12.0,8,RANK,0.5,8.541666666666666,0.0013299694391011182,8,True
19,6,Jonathan Bennett,8.0,0.0018322750807415627,Eliminated,6.0,-11.0,7,RANK,0.5,7.166666666666667,0.0018322750807415627,8,False
19,6,Lea Thompson,8.0,0.0019036549542959323,Eliminated,9.0,-10.0,4,RANK,0.5,8.458333333333334,0.0019036549542959323,8,False
19,6,Michael Waltrip,7.5,0.03352780277174799,Eliminated,8.0,-10.0,4,RANK,0.5,6.333333333333333,0.03352780277174799,8,False
19,6,Sadie Robertson,8.75,0.001178610236937172,RunnerUp,11.0,-12.0,8,RANK,0.5,8.541666666666666,0.001178610236937172,8,True
19,6,Tommy Chong,7.0,0.4716457824418472,Eliminated,10.0,-9.0,3,RANK,0.5,7.0,0.4716457824418472,8,False
19,7,Alfonso Ribeiro,8.5,0.7205496922838666,Winner,11.0,-4.0,1,RANK,0.5,8.821428571428571,0.7205496922838666,8,False
19,7,Antonio Sabato Jr.,7.375,0.006670885017533162,Eliminated,7.0,-14.0,8,RANK,0.5,7.125,0.006670885017533162,8,True
19,7,Bethany Mota,9.375,0.024680614566683072,Eliminated,11.0,-4.0,1,RANK,0.5,8.696428571428571,0.024680614566683072,8,False
19,7,Janel Parrish,8.375,0.007292086963441858,Finalist,11.0,-10.0,4,RANK,0.5,8.517857142857142,0.007292086963441858,8,False
19,7,Lea Thompson,8.75,0.021522441745893798,Eliminated,9.0,-6.0,3,RANK,0.5,8.5,0.021522441745893798,8,False
19,7,Michael Waltrip,7.0,0.2051292440461909,Eliminated,8.0,-10.0,4,RANK,0.5,6.428571428571429,0.2051292440461909,8,False
19,7,Sadie Robertson,7.75,0.0047587987286958995,RunnerUp,11.0,-13.0,7,RANK,0.5,8.428571428571429,0.0047587987286958995,8,False
19,7,Tommy Chong,7.5,0.009396236647694602,Eliminated,10.0,-11.0,6,RANK,0.5,7.071428571428571,0.009396236647694602,8,False
19,8,Alfonso Ribeiro,10.25,0.5254098649712157,Winner,11.0,-3.0,1,RANK,0.5,9.0,0.5254098649712157,7,False
19,8,Bethany Mota,10.0,0.2557367465795384,Eliminated,11.0,-5.0,2,RANK,0.5,8.859375,0.2557367465795384,7,False
19,8,Janel Parrish,10.75,0.057564735258895224,Finalist,11.0,-5.0,2,RANK,0.5,8.796875,0.057564735258895224,7,False
19,8,Lea Thompson,8.0,0.03757395625862425,Eliminated,9.0,-10.0,5,RANK,0.5,8.4375,0.03757395625862425,7,False
19,8,Michael Waltrip,6.25,0.025394107400669205,Eliminated,8.0,-14.0,7,RANK,0.5,6.40625,0.025394107400669205,7,True
19,8,Sadie Robertson,9.5,0.06841102117728963,RunnerUp,11.0,-7.0,4,RANK,0.5,8.5625,0.06841102117728963,7,False
19,8,Tommy Chong,7.25,0.0299095683537678,Eliminated,10.0,-12.0,6,RANK,0.5,7.09375,0.0299095683537678,7,False
19,9,Alfonso Ribeiro,9.625,0.0017363180011331545,Winner,11.0,-7.0,3,RANK,0.5,9.069444444444445,0.0017363180011331545,5,False
19,9,Bethany Mota,9.25,0.014714810800409938,Eliminated,11.0,-5.0,1,RANK,0.5,8.902777777777779,0.014714810800409938,5,False
19,9,Janel Parrish,9.625,0.0021377087278063494,Finalist,11.0,-6.0,2,RANK,0.5,8.88888888888889,0.0021377087278063494,5,False
19,9,Lea Thompson,8.75,0.003214039036317659,Eliminated,9.0,-8.0,5,RANK,0.5,8.472222222222221,0.003214039036317659,5,True
19,9,Sadie Robertson,9.125,0.00280390651606192,RunnerUp,11.0,-8.0,5,RANK,0.5,8.625,0.00280390651606192,5,True
19,9,Tommy Chong,7.125,0.9753932169182709,Eliminated,10.0,-7.0,3,RANK,0.5,7.097222222222222,0.9753932169182709,5,False
19,10,Alfonso Ribeiro,9.375,0.41042150145284917,Winner,11.0,-4.0,1,RANK,0.5,9.1,0.41042150145284917,4,False
19,10,Bethany Mota,9.5,0.2791013111542444,Eliminated,11.0,-4.0,1,RANK,0.5,8.9625,0.2791013111542444,4,False
19,10,Janel Parrish,9.75,0.04430000380232436,Finalist,11.0,-6.0,3,RANK,0.5,8.975,0.04430000380232436,4,False
19,10,Sadie Robertson,9.25,0.10159969764974115,RunnerUp,11.0,-8.0,4,RANK,0.5,8.6875,0.10159969764974115,4,True
19,10,Tommy Chong,7.75,0.16457748594084406,Eliminated,10.0,-8.0,4,RANK,0.5,7.1625,0.16457748594084406,4,True
19,11,Alfonso Ribeiro,10.0,0.16857273521837346,Winner,11.0,-5.0,2,RANK,0.5,9.181818181818182,0.16857273521837346,4,False
19,11,Bethany Mota,9.5,0.4116031667412749,Eliminated,11.0,-5.0,2,RANK,0.5,9.011363636363637,0.4116031667412749,4,False
19,11,Janel Parrish,9.74995,0.1784678482400054,Finalist,11.0,-6.0,4,RANK,0.5,9.04545,0.1784678482400054,4,True
19,11,Sadie Robertson,9.833300000000001,0.24135624980034556,RunnerUp,11.0,-4.0,1,RANK,0.5,8.791663636363637,0.24135624980034556,4,False
19,1,Alfonso Ribeiro,9.0,0.009146968377409716,Winner,11.0,0.10592116192475623,7,PERCENT,0.5,9.0,0.009146968377409716,13,False
19,1,Antonio Sabato Jr.,6.25,0.03779645790517319,Eliminated,7.0,0.10500075897971937,8,PERCENT,0.5,6.25,0.03779645790517319,13,False
19,1,Bethany Mota,8.0,0.19925913657404506,Eliminated,11.0,0.2852806419494642,2,PERCENT,0.5,8.0,0.19925913657404506,13,False
19,1,Betsey Johnson,5.0,0.5065328894483171,Eliminated,4.0,0.560296330307954,1,PERCENT,0.5,5.0,0.5065328894483171,13,False
19,1,Janel Parrish,7.25,0.014146483523080325,Finalist,11.0,0.09210347276955391,10,PERCENT,0.5,7.25,0.014146483523080325,13,False
19,1,Jonathan Bennett,7.5,0.03818655764407135,Eliminated,6.0,0.11883171893352677,5,PERCENT,0.5,7.5,0.03818655764407135,13,False
19,1,Lea Thompson,8.0,0.038091485123859174,Eliminated,9.0,0.12411299049927829,4,PERCENT,0.5,8.0,0.038091485123859174,13,False
19,1,Lolo Jones,5.5,0.04347077914095343,Eliminated,1.0,0.10261056408655408,9,PERCENT,0.5,5.5,0.04347077914095343,13,False
19,1,Michael Waltrip,6.25,0.012674914261668052,Eliminated,8.0,0.07987921533621424,13,PERCENT,0.5,6.25,0.012674914261668052,13,True
19,1,Randy Couture,7.75,0.053801005059542266,Eliminated,3.0,0.13713433839197953,3,PERCENT,0.5,7.75,0.053801005059542266,13,False
19,1,Sadie Robertson,8.5,0.019715285676604896,RunnerUp,11.0,0.1111131351379877,6,PERCENT,0.5,8.5,0.019715285676604896,13,False
19,1,Tavis Smiley,7.25,0.010537126730661268,Eliminated,2.0,0.08849411597713486,12,PERCENT,0.5,7.25,0.010537126730661268,13,False
19,1,Tommy Chong,6.75,0.016640910534617595,Eliminated,10.0,0.08922155569512748,11,PERCENT,0.5,6.75,0.016640910534617595,13,False
19,2,Alfonso Ribeiro,8.0,0.4038411486205158,Winner,11.0,0.49223893867478763,2,PERCENT,0.5,8.5,0.4038411486205158,12,False
19,2,Antonio Sabato Jr.,7.75,0.007816537172672023,Eliminated,7.0,0.09345189628774787,6,PERCENT,0.5,7.0,0.007816537172672023,12,False
19,2,Bethany Mota,8.25,0.01804502614912212,Eliminated,11.0,0.10920524714258996,3,PERCENT,0.5,8.125,0.01804502614912212,12,False
19,2,Betsey Johnson,7.0,0.004836647985020494,Eliminated,4.0,0.08218471428250836,9,PERCENT,0.5,6.0,0.004836647985020494,12,False
19,2,Janel Parrish,8.5,0.0021613387834933874,Finalist,11.0,0.09608399071615722,5,PERCENT,0.5,7.875,0.0021613387834933874,12,False
19,2,Jonathan Bennett,7.5,0.0017847842857369076,Eliminated,6.0,0.08465771246161675,8,PERCENT,0.5,7.5,0.0017847842857369076,12,False
19,2,Lea Thompson,8.75,0.0019127087489708254,Eliminated,9.0,0.09859779162083065,4,PERCENT,0.5,8.375,0.0019127087489708254,12,False
19,2,Michael Waltrip,6.0,0.554120279581378,Eliminated,8.0,0.6204186221220819,1,PERCENT,0.5,6.125,0.554120279581378,12,False
19,2,Randy Couture,7.0,0.00215087735107695,Eliminated,3.0,0.07949894364856482,10,PERCENT,0.5,7.375,0.00215087735107695,12,False
19,2,Sadie Robertson,7.75,0.001319251498150493,RunnerUp,11.0,0.08695461061322633,7,PERCENT,0.5,8.125,0.001319251498150493,12,False
19,2,Tavis Smiley,7.0,0.0004993390354576622,Eliminated,2.0,0.07784740533294553,12,PERCENT,0.5,7.125,0.0004993390354576622,12,True
19,2,Tommy Chong,7.0,0.0015120607884007407,Eliminated,10.0,0.0788601270858886,11,PERCENT,0.5,6.875,0.0015120607884007407,12,False
19,3,Alfonso Ribeiro,8.0,0.9916409235706379,Winner,11.0,1.082292481643265,1,PERCENT,0.5,8.333333333333334,0.9916409235706379,11,False
19,3,Antonio Sabato Jr.,7.25,0.0003365228260104426,Eliminated,7.0,0.08248949732932882,8,PERCENT,0.5,7.083333333333333,0.0003365228260104426,11,False
19,3,Bethany Mota,10.0,0.0027193558156767966,Eliminated,11.0,0.11603380340646076,2,PERCENT,0.5,8.75,0.0027193558156767966,11,False
19,3,Betsey Johnson,7.25,0.0002902581364022491,Eliminated,4.0,0.08244323263972063,9,PERCENT,0.5,6.416666666666667,0.0002902581364022491,11,False
19,3,Janel Parrish,10.0,0.000728464046784477,Finalist,11.0,0.11404291163756844,3,PERCENT,0.5,8.583333333333334,0.000728464046784477,11,False
19,3,Jonathan Bennett,8.0,0.0007765013189505646,Eliminated,6.0,0.09142805939157773,5,PERCENT,0.5,7.666666666666667,0.0007765013189505646,11,False
19,3,Lea Thompson,7.75,0.00026287805370395526,Eliminated,9.0,0.08808157493656153,7,PERCENT,0.5,8.166666666666666,0.00026287805370395526,11,False
19,3,Michael Waltrip,7.0,0.0004776988773833853,Eliminated,8.0,0.07979781219093217,10,PERCENT,0.5,6.416666666666667,0.0004776988773833853,11,False
19,3,Randy Couture,6.5,0.0005953155389213503,Eliminated,3.0,0.07424970647293093,11,PERCENT,0.5,7.083333333333333,0.0005953155389213503,11,True
19,3,Sadie Robertson,8.0,0.00039893574617313316,RunnerUp,11.0,0.0910504938188003,6,PERCENT,0.5,8.083333333333334,0.00039893574617313316,11,False
19,3,Tommy Chong,8.5,0.0017731460693605997,Eliminated,10.0,0.09809042652152698,4,PERCENT,0.5,7.416666666666667,0.0017731460693605997,11,False
19,4,Alfonso Ribeiro,10.0,0.0018792173948347759,Winner,11.0,0.12687921739327226,4,PERCENT,0.5,8.75,0.0018792173948347759,10,False
19,4,Antonio Sabato Jr.,7.25,0.002522181975298454,Eliminated,7.0,0.09314718197416563,8,PERCENT,0.5,7.125,0.002522181975298454,10,False
19,4,Bethany Mota,8.25,0.013152824963436532,Eliminated,11.0,0.11627782496214746,6,PERCENT,0.5,8.625,0.013152824963436532,10,False
19,4,Betsey Johnson,7.25,0.0004585416486683554,Eliminated,4.0,0.09108354164753554,9,PERCENT,0.5,6.625,0.0004585416486683554,10,False
19,4,Janel Parrish,9.0,0.0010787285021829473,Finalist,11.0,0.11357872850077669,7,PERCENT,0.5,8.6875,0.0010787285021829473,10,False
19,4,Jonathan Bennett,6.0,0.6101797444762534,Eliminated,6.0,0.6851797444753159,1,PERCENT,0.5,7.25,0.6101797444762534,10,False
19,4,Lea Thompson,9.75,0.0057226638551359605,Eliminated,9.0,0.12759766385361251,3,PERCENT,0.5,8.5625,0.0057226638551359605,10,False
19,4,Michael Waltrip,6.25,0.36012822602780586,Eliminated,8.0,0.4382532260268293,2,PERCENT,0.5,6.375,0.36012822602780586,10,False
19,4,Sadie Robertson,9.25,0.0035323268414728833,RunnerUp,11.0,0.11915732684002756,5,PERCENT,0.5,8.375,0.0035323268414728833,10,False
19,4,Tommy Chong,7.0,0.0013455443149117956,Eliminated,10.0,0.08884554431381804,10,PERCENT,0.5,7.3125,0.0013455443149117956,10,True
19,5,Alfonso Ribeiro,8.5,0.48555508337137687,Winner,11.0,0.6143429621573043,1,PERCENT,0.5,8.7,0.48555508337137687,9,False
19,5,Antonio Sabato Jr.,7.0,0.061258610344337695,Eliminated,7.0,0.16731921640333677,4,PERCENT,0.5,7.1,0.061258610344337695,9,False
19,5,Bethany Mota,8.0,0.22910963330796047,Eliminated,11.0,0.3503217545182451,2,PERCENT,0.5,8.5,0.22910963330796047,9,False
19,5,Janel Parrish,8.25,0.03346358474408419,Finalist,11.0,0.15846358474219024,5,PERCENT,0.5,8.6,0.03346358474408419,9,False
19,5,Jonathan Bennett,6.0,0.10001456554740557,Eliminated,6.0,0.19092365645511905,3,PERCENT,0.5,7.0,0.10001456554740557,9,False
19,5,Lea Thompson,8.5,0.026900965363000913,Eliminated,9.0,0.15568884414892836,7,PERCENT,0.5,8.55,0.026900965363000913,9,False
19,5,Michael Waltrip,5.0,0.019386124350505515,Eliminated,8.0,0.09514370010693343,9,PERCENT,0.5,6.1,0.019386124350505515,9,True
19,5,Sadie Robertson,9.0,0.021759228912453465,RunnerUp,11.0,0.1581228652740237,6,PERCENT,0.5,8.5,0.021759228912453465,9,False
19,5,Tommy Chong,5.75,0.022552204058866817,Eliminated,10.0,0.10967341617875892,8,PERCENT,0.5,7.0,0.022552204058866817,9,False
19,6,Alfonso Ribeiro,9.75,0.0015509773728908196,Winner,11.0,0.13465677941885523,5,PERCENT,0.5,8.875,0.0015509773728908196,9,False
19,6,Antonio Sabato Jr.,7.0,0.4708399534362832,Eliminated,7.0,0.5664030933667192,2,PERCENT,0.5,7.083333333333333,0.4708399534362832,9,False
19,6,Bethany Mota,9.0,0.016190974266153717,Eliminated,11.0,0.13905786846242857,3,PERCENT,0.5,8.583333333333334,0.016190974266153717,9,False
19,6,Janel Parrish,8.25,0.0013299694391011182,Finalist,11.0,0.11395795578568639,7,PERCENT,0.5,8.541666666666666,0.0013299694391011182,9,False
19,6,Jonathan Bennett,8.0,0.0018322750807415627,Eliminated,6.0,0.11104729214409698,9,PERCENT,0.5,7.166666666666667,0.0018322750807415627,9,True
19,6,Lea Thompson,8.0,0.0019036549542959323,Eliminated,9.0,0.11111867201765135,8,PERCENT,0.5,8.458333333333334,0.0019036549542959323,9,False
19,6,Michael Waltrip,7.5,0.03352780277174799,Eliminated,8.0,0.1359168812686437,4,PERCENT,0.5,6.333333333333333,0.03352780277174799,9,False
19,6,Sadie Robertson,8.75,0.001178610236937172,RunnerUp,11.0,0.12063253514998216,6,PERCENT,0.5,8.541666666666666,0.001178610236937172,9,False
19,6,Tommy Chong,7.0,0.4716457824418472,Eliminated,10.0,0.5672089223722832,1,PERCENT,0.5,7.0,0.4716457824418472,9,False
19,7,Alfonso Ribeiro,8.5,0.7205496922838666,Winner,11.0,0.8520777387034948,1,PERCENT,0.5,8.821428571428571,0.7205496922838666,8,False
19,7,Antonio Sabato Jr.,7.375,0.006670885017533162,Eliminated,7.0,0.1207908076463282,8,PERCENT,0.5,7.125,0.006670885017533162,8,True
19,7,Bethany Mota,9.375,0.024680614566683072,Eliminated,11.0,0.16974831282362593,3,PERCENT,0.5,8.696428571428571,0.024680614566683072,8,False
19,7,Janel Parrish,8.375,0.007292086963441858,Finalist,11.0,0.1368858974063108,5,PERCENT,0.5,8.517857142857142,0.007292086963441858,8,False
19,7,Lea Thompson,8.75,0.021522441745893798,Eliminated,9.0,0.15691896011904047,4,PERCENT,0.5,8.5,0.021522441745893798,8,False
19,7,Michael Waltrip,7.0,0.2051292440461909,Eliminated,8.0,0.3134464587447082,2,PERCENT,0.5,6.428571428571429,0.2051292440461909,8,False
19,7,Sadie Robertson,7.75,0.0047587987286958995,RunnerUp,11.0,0.12468142928776867,7,PERCENT,0.5,8.428571428571429,0.0047587987286958995,8,False
19,7,Tommy Chong,7.5,0.009396236647694602,Eliminated,10.0,0.1254503952532489,6,PERCENT,0.5,7.071428571428571,0.009396236647694602,8,False
19,8,Alfonso Ribeiro,10.25,0.5254098649712157,Winner,11.0,0.6907324456137105,1,PERCENT,0.5,9.0,0.5254098649712157,7,False
19,8,Bethany Mota,10.0,0.2557367465795384,Eliminated,11.0,0.4170270691575821,2,PERCENT,0.5,8.859375,0.2557367465795384,7,False
19,8,Janel Parrish,10.75,0.057564735258895224,Finalist,11.0,0.2309518320302922,3,PERCENT,0.5,8.796875,0.057564735258895224,7,False
19,8,Lea Thompson,8.0,0.03757395625862425,Eliminated,9.0,0.16660621432105924,5,PERCENT,0.5,8.4375,0.03757395625862425,7,False
19,8,Michael Waltrip,6.25,0.025394107400669205,Eliminated,8.0,0.12620055901194654,7,PERCENT,0.5,6.40625,0.025394107400669205,7,True
19,8,Sadie Robertson,9.5,0.06841102117728963,RunnerUp,11.0,0.22163682762643117,4,PERCENT,0.5,8.5625,0.06841102117728963,7,False
19,8,Tommy Chong,7.25,0.0299095683537678,Eliminated,10.0,0.1468450522228495,6,PERCENT,0.5,7.09375,0.0299095683537678,7,False
19,9,Alfonso Ribeiro,9.625,0.0017363180011331545,Winner,11.0,0.1816428600538452,4,PERCENT,0.5,9.069444444444445,0.0017363180011331545,6,False
19,9,Bethany Mota,9.25,0.014714810800409938,Eliminated,11.0,0.18761200705886047,2,PERCENT,0.5,8.902777777777779,0.014714810800409938,6,False
19,9,Janel Parrish,9.625,0.0021377087278063494,Finalist,11.0,0.1820442507805184,3,PERCENT,0.5,8.88888888888889,0.0021377087278063494,6,False
19,9,Lea Thompson,8.75,0.003214039036317659,Eliminated,9.0,0.16676544090241952,6,PERCENT,0.5,8.472222222222221,0.003214039036317659,6,True
19,9,Sadie Robertson,9.125,0.00280390651606192,RunnerUp,11.0,0.17336465417642527,5,PERCENT,0.5,8.625,0.00280390651606192,6,False
19,9,Tommy Chong,7.125,0.9753932169182709,Eliminated,10.0,1.1085707870092394,1,PERCENT,0.5,7.097222222222222,0.9753932169182709,6,False
19,10,Alfonso Ribeiro,9.375,0.41042150145284917,Winner,11.0,0.6159009535031401,1,PERCENT,0.5,9.1,0.41042150145284917,5,False
19,10,Bethany Mota,9.5,0.2791013111542444,Eliminated,11.0,0.4873204892318725,2,PERCENT,0.5,8.9625,0.2791013111542444,5,False
19,10,Janel Parrish,9.75,0.04430000380232436,Finalist,11.0,0.25799863393462685,5,PERCENT,0.5,8.975,0.04430000380232436,5,True
19,10,Sadie Robertson,9.25,0.10159969764974115,RunnerUp,11.0,0.30433942367269484,4,PERCENT,0.5,8.6875,0.10159969764974115,5,False
19,10,Tommy Chong,7.75,0.16457748594084406,Eliminated,10.0,0.3344404996357512,3,PERCENT,0.5,7.1625,0.16457748594084406,5,False
19,11,Alfonso Ribeiro,10.0,0.16857273521837346,Winner,11.0,0.4244368202098759,4,PERCENT,0.5,9.181818181818182,0.16857273521837346,4,True
19,11,Bethany Mota,9.5,0.4116031667412749,Eliminated,11.0,0.6546740474832022,1,PERCENT,0.5,9.011363636363637,0.4116031667412749,4,False
19,11,Janel Parrish,9.74995,0.1784678482400054,Finalist,11.0,0.4279340517862953,3,PERCENT,0.5,9.04545,0.1784678482400054,4,False
19,11,Sadie Robertson,9.833300000000001,0.24135624980034556,RunnerUp,11.0,0.49295508049503967,2,PERCENT,0.5,8.791663636363637,0.24135624980034556,4,False
20,1,Charlotte Mckinney,5.5,0.020191895595092022,Eliminated,3.0,-23.0,12,RANK,0.5,5.5,0.020191895595092022,12,True
20,1,Chris Soules,6.5,0.10402843930856474,Eliminated,8.0,-8.0,4,RANK,0.5,6.5,0.10402843930856474,12,False
20,1,Michael Sam,6.5,0.1685903180993244,Eliminated,4.0,-7.0,3,RANK,0.5,6.5,0.1685903180993244,12,False
20,1,Nastia Liukin,7.5,0.3842354227714084,Eliminated,9.0,-4.0,1,RANK,0.5,7.5,0.3842354227714084,12,False
20,1,Noah Galloway,6.5,0.024835747093532125,Finalist,9.0,-15.0,9,RANK,0.5,6.5,0.024835747093532125,12,False
20,1,Patti Labelle,6.25,0.04545520289574636,Eliminated,6.0,-14.0,8,RANK,0.5,6.25,0.04545520289574636,12,False
20,1,Redfoo,5.5,0.03230867759710041,Eliminated,2.0,-19.0,11,RANK,0.5,5.5,0.03230867759710041,12,False
20,1,Riker Lynch,7.75,0.024590550884566086,RunnerUp,9.0,-13.0,7,RANK,0.5,7.75,0.024590550884566086,12,False
20,1,Robert Herjavec,7.0,0.03770332904242538,Eliminated,8.0,-11.0,5,RANK,0.5,7.0,0.03770332904242538,12,False
20,1,Rumer Willis,8.0,0.056568248094978374,Winner,9.0,-6.0,2,RANK,0.5,8.0,0.056568248094978374,12,False
20,1,Suzanne Somers,6.25,0.027555483275367585,Eliminated,5.0,-17.0,10,RANK,0.5,6.25,0.027555483275367585,12,False
20,1,Willow Shields,6.25,0.07393668534189705,Eliminated,7.0,-12.0,6,RANK,0.5,6.25,0.07393668534189705,12,False
20,2,Charlotte Mckinney,6.5,0.002152541809673549,Eliminated,3.0,-15.0,9,RANK,0.5,6.0,0.002152541809673549,12,False
20,2,Chris Soules,5.25,0.9821613751452974,Eliminated,8.0,-13.0,6,RANK,0.5,5.875,0.9821613751452974,12,False
20,2,Michael Sam,7.0,0.004531959819032638,Eliminated,4.0,-8.0,2,RANK,0.5,6.75,0.004531959819032638,12,False
20,2,Nastia Liukin,8.5,0.003980547143541594,Eliminated,9.0,-4.0,1,RANK,0.5,8.0,0.003980547143541594,12,False
20,2,Noah Galloway,6.75,0.0008841832226737368,Finalist,9.0,-18.0,12,RANK,0.5,6.625,0.0008841832226737368,12,True
20,2,Patti Labelle,7.0,0.001528317492987969,Eliminated,6.0,-11.0,4,RANK,0.5,6.625,0.001528317492987969,12,False
20,2,Redfoo,7.75,0.00018529479635160336,Eliminated,2.0,-17.0,11,RANK,0.5,6.625,0.00018529479635160336,12,False
20,2,Riker Lynch,8.0,0.000303155842931647,RunnerUp,9.0,-13.0,6,RANK,0.5,7.875,0.000303155842931647,12,False
20,2,Robert Herjavec,7.0,0.0008660508532558695,Eliminated,8.0,-15.0,9,RANK,0.5,7.0,0.0008660508532558695,12,False
20,2,Rumer Willis,8.0,0.0007782713936525612,Winner,9.0,-12.0,5,RANK,0.5,8.0,0.0007782713936525612,12,False
20,2,Suzanne Somers,7.0,0.0012115626423141778,Eliminated,5.0,-13.0,6,RANK,0.5,6.625,0.0012115626423141778,12,False
20,2,Willow Shields,8.0,0.0014167398382891932,Eliminated,7.0,-8.0,2,RANK,0.5,7.125,0.0014167398382891932,12,False
20,3,Charlotte Mckinney,5.5,0.014318781223074204,Eliminated,3.0,-21.0,11,RANK,0.5,5.833333333333333,0.014318781223074204,11,True
20,3,Chris Soules,7.0,0.14021635641470195,Eliminated,8.0,-10.0,5,RANK,0.5,6.25,0.14021635641470195,11,False
20,3,Michael Sam,6.0,0.08588661075351463,Eliminated,4.0,-13.0,8,RANK,0.5,6.5,0.08588661075351463,11,False
20,3,Nastia Liukin,8.5,0.1702757611937221,Eliminated,9.0,-3.0,1,RANK,0.5,8.166666666666666,0.1702757611937221,11,False
20,3,Noah Galloway,7.5,0.032012226697759966,Finalist,9.0,-12.0,6,RANK,0.5,6.916666666666667,0.032012226697759966,11,False
20,3,Patti Labelle,5.5,0.021675225847204452,Eliminated,6.0,-20.0,10,RANK,0.5,6.25,0.021675225847204452,11,False
20,3,Riker Lynch,8.5,0.026677725549510735,RunnerUp,9.0,-9.0,3,RANK,0.5,8.083333333333334,0.026677725549510735,11,False
20,3,Robert Herjavec,7.25,0.03819621760313654,Eliminated,8.0,-12.0,6,RANK,0.5,7.083333333333333,0.03819621760313654,11,False
20,3,Rumer Willis,8.25,0.4013510912198028,Winner,9.0,-4.0,2,RANK,0.5,8.083333333333334,0.4013510912198028,11,False
20,3,Suzanne Somers,6.25,0.02300907897833309,Eliminated,5.0,-17.0,9,RANK,0.5,6.5,0.02300907897833309,11,False
20,3,Willow Shields,8.0,0.046380924519236075,Eliminated,7.0,-9.0,3,RANK,0.5,7.416666666666667,0.046380924519236075,11,False
20,4,Chris Soules,6.75,0.3211514749186289,Eliminated,8.0,-12.0,5,RANK,0.5,6.375,0.3211514749186289,10,False
20,4,Michael Sam,7.5,0.0028404058989414263,Eliminated,4.0,-13.0,8,RANK,0.5,6.75,0.0028404058989414263,10,False
20,4,Nastia Liukin,9.0,0.019396655406496825,Eliminated,9.0,-6.0,2,RANK,0.5,8.375,0.019396655406496825,10,False
20,4,Noah Galloway,8.0,0.0013718570607186063,Finalist,9.0,-15.0,10,RANK,0.5,7.1875,0.0013718570607186063,10,True
20,4,Patti Labelle,7.5,0.005211837387007,Eliminated,6.0,-12.0,5,RANK,0.5,6.5625,0.005211837387007,10,False
20,4,Riker Lynch,8.5,0.0012648170893010124,RunnerUp,9.0,-14.0,9,RANK,0.5,8.1875,0.0012648170893010124,10,False
20,4,Robert Herjavec,8.5,0.002833231822208667,Eliminated,8.0,-11.0,4,RANK,0.5,7.4375,0.002833231822208667,10,False
20,4,Rumer Willis,8.75,0.5698964018254965,Winner,9.0,-4.0,1,RANK,0.5,8.25,0.5698964018254965,10,False
20,4,Suzanne Somers,7.0,0.07417036981398187,Eliminated,5.0,-12.0,5,RANK,0.5,6.625,0.07417036981398187,10,False
20,4,Willow Shields,9.75,0.0018629487772164638,Eliminated,7.0,-9.0,3,RANK,0.5,8.0,0.0018629487772164638,10,False
20,5,Chris Soules,6.75,0.0720158377485441,Eliminated,8.0,-9.0,4,RANK,0.5,6.45,0.0720158377485441,9,False
20,5,Nastia Liukin,9.5,0.04152184871728523,Eliminated,9.0,-6.0,1,RANK,0.5,8.6,0.04152184871728523,9,False
20,5,Noah Galloway,7.0,0.0034843775148715537,Finalist,9.0,-13.0,8,RANK,0.5,7.15,0.0034843775148715537,9,False
20,5,Patti Labelle,6.75,0.05642254087791109,Eliminated,6.0,-10.0,5,RANK,0.5,6.6,0.05642254087791109,9,False
20,5,Riker Lynch,9.5,0.007944162881050088,RunnerUp,9.0,-8.0,3,RANK,0.5,8.45,0.007944162881050088,9,False
20,5,Robert Herjavec,6.0,0.794845412232375,Eliminated,8.0,-10.0,5,RANK,0.5,7.15,0.794845412232375,9,False
20,5,Rumer Willis,9.75,0.018148800342167704,Winner,9.0,-6.0,1,RANK,0.5,8.55,0.018148800342167704,9,False
20,5,Suzanne Somers,7.0,0.001598866815027514,Eliminated,5.0,-14.0,9,RANK,0.5,6.7,0.001598866815027514,9,True
20,5,Willow Shields,8.5,0.004018152870767154,Eliminated,7.0,-11.0,7,RANK,0.5,8.1,0.004018152870767154,9,False
20,6,Chris Soules,8.75,0.0727929247657342,Eliminated,8.0,-9.0,4,RANK,0.5,6.833333333333333,0.0727929247657342,8,False
20,6,Nastia Liukin,9.125,0.16703395800409823,Eliminated,9.0,-4.0,1,RANK,0.5,8.6875,0.16703395800409823,8,False
20,6,Noah Galloway,8.5,0.020351216238341484,Finalist,9.0,-12.0,7,RANK,0.5,7.375,0.020351216238341484,8,False
20,6,Patti Labelle,8.5,0.017825815527825035,Eliminated,6.0,-13.0,8,RANK,0.5,6.916666666666667,0.017825815527825035,8,True
20,6,Riker Lynch,9.5,0.007137595308219017,RunnerUp,9.0,-9.0,4,RANK,0.5,8.625,0.007137595308219017,8,False
20,6,Robert Herjavec,8.375,0.10951554008099297,Eliminated,8.0,-11.0,6,RANK,0.5,7.354166666666667,0.10951554008099297,8,False
20,6,Rumer Willis,8.875,0.5807987771924414,Winner,9.0,-5.0,2,RANK,0.5,8.604166666666666,0.5807987771924414,8,False
20,6,Willow Shields,9.125,0.02454417288235513,Eliminated,7.0,-7.0,3,RANK,0.5,8.270833333333334,0.02454417288235513,8,False
20,7,Chris Soules,7.75,0.4121968215876314,Eliminated,8.0,-7.0,2,RANK,0.5,6.964285714285714,0.4121968215876314,7,False
20,7,Nastia Liukin,10.25,0.003802922444978481,Eliminated,9.0,-5.0,1,RANK,0.5,8.910714285714286,0.003802922444978481,7,False
20,7,Noah Galloway,9.5,0.0012351225315443842,Finalist,9.0,-8.0,4,RANK,0.5,7.678571428571429,0.0012351225315443842,7,False
20,7,Riker Lynch,9.25,0.0008470656600655016,RunnerUp,9.0,-10.0,7,RANK,0.5,8.714285714285714,0.0008470656600655016,7,True
20,7,Robert Herjavec,7.75,0.4118171255725056,Eliminated,8.0,-8.0,4,RANK,0.5,7.410714285714286,0.4118171255725056,7,False
20,7,Rumer Willis,9.25,0.16944966010303858,Winner,9.0,-7.0,2,RANK,0.5,8.696428571428571,0.16944966010303858,7,False
20,7,Willow Shields,9.75,0.0006512821002421709,Eliminated,7.0,-9.0,6,RANK,0.5,8.482142857142858,0.0006512821002421709,7,False
20,8,Chris Soules,8.0,0.05703686273491805,Eliminated,8.0,-9.0,6,RANK,0.5,7.09375,0.05703686273491805,6,True
20,8,Nastia Liukin,9.5,0.3485868997893522,Eliminated,9.0,-4.0,1,RANK,0.5,8.984375,0.3485868997893522,6,False
20,8,Noah Galloway,7.875,0.16216829702956814,Finalist,9.0,-8.0,3,RANK,0.5,7.703125,0.16216829702956814,6,False
20,8,Riker Lynch,9.75,0.050854139469019545,RunnerUp,9.0,-8.0,3,RANK,0.5,8.84375,0.050854139469019545,6,False
20,8,Robert Herjavec,7.75,0.28794179497733624,Eliminated,8.0,-8.0,3,RANK,0.5,7.453125,0.28794179497733624,6,False
20,8,Rumer Willis,10.0,0.09341200599980695,Winner,9.0,-5.0,2,RANK,0.5,8.859375,0.09341200599980695,6,False
20,9,Nastia Liukin,10.0,0.0801275777960207,Eliminated,9.0,-4.0,1,RANK,0.5,9.097222222222221,0.0801275777960207,2,False
20,9,Noah Galloway,9.5,0.5422686622177917,Finalist,9.0,-5.0,2,RANK,0.5,7.902777777777778,0.5422686622177917,2,True
20,9,Riker Lynch,10.0,0.060849152715765964,RunnerUp,9.0,-5.0,2,RANK,0.5,8.972222222222221,0.060849152715765964,2,True
20,9,Rumer Willis,9.75,0.31675460727042454,Winner,9.0,-5.0,2,RANK,0.5,8.958333333333334,0.31675460727042454,2,True
20,1,Charlotte Mckinney,5.5,0.020191895595092022,Eliminated,3.0,0.08937428553132871,12,PERCENT,0.5,5.5,0.020191895595092022,12,True
20,1,Chris Soules,6.5,0.10402843930856474,Eliminated,8.0,0.18578944559684446,3,PERCENT,0.5,6.5,0.10402843930856474,12,False
20,1,Michael Sam,6.5,0.1685903180993244,Eliminated,4.0,0.2503513243876041,2,PERCENT,0.5,6.5,0.1685903180993244,12,False
20,1,Nastia Liukin,7.5,0.3842354227714084,Eliminated,9.0,0.4785750454117311,1,PERCENT,0.5,7.5,0.3842354227714084,12,False
20,1,Noah Galloway,6.5,0.024835747093532125,Finalist,9.0,0.10659675338181185,9,PERCENT,0.5,6.5,0.024835747093532125,12,False
20,1,Patti Labelle,6.25,0.04545520289574636,Eliminated,6.0,0.12407155509601533,7,PERCENT,0.5,6.25,0.04545520289574636,12,False
20,1,Redfoo,5.5,0.03230867759710041,Eliminated,2.0,0.10149106753333711,11,PERCENT,0.5,5.5,0.03230867759710041,12,False
20,1,Riker Lynch,7.75,0.024590550884566086,RunnerUp,9.0,0.12207482761289962,8,PERCENT,0.5,7.75,0.024590550884566086,12,False
20,1,Robert Herjavec,7.0,0.03770332904242538,Eliminated,8.0,0.12575364350672663,6,PERCENT,0.5,7.0,0.03770332904242538,12,False
20,1,Rumer Willis,8.0,0.056568248094978374,Winner,9.0,0.15719717891132268,4,PERCENT,0.5,8.0,0.056568248094978374,12,False
20,1,Suzanne Somers,6.25,0.027555483275367585,Eliminated,5.0,0.10617183547563655,10,PERCENT,0.5,6.25,0.027555483275367585,12,False
20,1,Willow Shields,6.25,0.07393668534189705,Eliminated,7.0,0.15255303754216604,5,PERCENT,0.5,6.25,0.07393668534189705,12,False
20,2,Charlotte Mckinney,6.5,0.002152541809673549,Eliminated,3.0,0.07708049569929973,12,PERCENT,0.5,6.0,0.002152541809673549,12,True
20,2,Chris Soules,5.25,0.9821613751452974,Eliminated,8.0,1.0426801071330725,1,PERCENT,0.5,5.875,0.9821613751452974,12,False
20,2,Michael Sam,7.0,0.004531959819032638,Eliminated,4.0,0.08522360246939929,7,PERCENT,0.5,6.75,0.004531959819032638,12,False
20,2,Nastia Liukin,8.5,0.003980547143541594,Eliminated,9.0,0.10196325607612969,2,PERCENT,0.5,8.0,0.003980547143541594,12,False
20,2,Noah Galloway,6.75,0.0008841832226737368,Finalist,9.0,0.07869398149267016,11,PERCENT,0.5,6.625,0.0008841832226737368,12,False
20,2,Patti Labelle,7.0,0.001528317492987969,Eliminated,6.0,0.08221996014335463,8,PERCENT,0.5,6.625,0.001528317492987969,12,False
20,2,Redfoo,7.75,0.00018529479635160336,Eliminated,2.0,0.08952247058782897,6,PERCENT,0.5,6.625,0.00018529479635160336,12,False
20,2,Riker Lynch,8.0,0.000303155842931647,RunnerUp,9.0,0.09252217601477926,5,PERCENT,0.5,7.875,0.000303155842931647,12,False
20,2,Robert Herjavec,7.0,0.0008660508532558695,Eliminated,8.0,0.08155769350362253,10,PERCENT,0.5,7.0,0.0008660508532558695,12,False
20,2,Rumer Willis,8.0,0.0007782713936525612,Winner,9.0,0.09299729156550018,4,PERCENT,0.5,8.0,0.0007782713936525612,12,False
20,2,Suzanne Somers,7.0,0.0012115626423141778,Eliminated,5.0,0.08190320529268083,9,PERCENT,0.5,6.625,0.0012115626423141778,12,False
20,2,Willow Shields,8.0,0.0014167398382891932,Eliminated,7.0,0.0936357600101368,3,PERCENT,0.5,7.125,0.0014167398382891932,12,False
20,3,Charlotte Mckinney,5.5,0.014318781223074204,Eliminated,3.0,0.0846063211582782,11,PERCENT,0.5,5.833333333333333,0.014318781223074204,11,True
20,3,Chris Soules,7.0,0.14021635641470195,Eliminated,8.0,0.2296732254231434,3,PERCENT,0.5,6.25,0.14021635641470195,11,False
20,3,Michael Sam,6.0,0.08588661075351463,Eliminated,4.0,0.16256392704646444,4,PERCENT,0.5,6.5,0.08588661075351463,11,False
20,3,Nastia Liukin,8.5,0.1702757611937221,Eliminated,9.0,0.27890195927540096,2,PERCENT,0.5,8.166666666666666,0.1702757611937221,11,False
20,3,Noah Galloway,7.5,0.032012226697759966,Finalist,9.0,0.12785887206394722,8,PERCENT,0.5,6.916666666666667,0.032012226697759966,11,False
20,3,Patti Labelle,5.5,0.021675225847204452,Eliminated,6.0,0.09196276578240845,10,PERCENT,0.5,6.25,0.021675225847204452,11,False
20,3,Riker Lynch,8.5,0.026677725549510735,RunnerUp,9.0,0.13530392363118962,6,PERCENT,0.5,8.083333333333334,0.026677725549510735,11,False
20,3,Robert Herjavec,7.25,0.03819621760313654,Eliminated,8.0,0.13084797479045088,7,PERCENT,0.5,7.083333333333333,0.03819621760313654,11,False
20,3,Rumer Willis,8.25,0.4013510912198028,Winner,9.0,0.5067824011226087,1,PERCENT,0.5,8.083333333333334,0.4013510912198028,11,False
20,3,Suzanne Somers,6.25,0.02300907897833309,Eliminated,5.0,0.10288128345015582,9,PERCENT,0.5,6.5,0.02300907897833309,11,False
20,3,Willow Shields,8.0,0.046380924519236075,Eliminated,7.0,0.14861734624316914,5,PERCENT,0.5,7.416666666666667,0.046380924519236075,11,False
20,4,Chris Soules,6.75,0.3211514749186289,Eliminated,8.0,0.4042283979945295,2,PERCENT,0.5,6.375,0.3211514749186289,10,False
20,4,Michael Sam,7.5,0.0028404058989414263,Eliminated,4.0,0.09514809820549763,10,PERCENT,0.5,6.75,0.0028404058989414263,10,True
20,4,Nastia Liukin,9.0,0.019396655406496825,Eliminated,9.0,0.13016588617436428,4,PERCENT,0.5,8.375,0.019396655406496825,10,False
20,4,Noah Galloway,8.0,0.0013718570607186063,Finalist,9.0,0.09983339552104523,8,PERCENT,0.5,7.1875,0.0013718570607186063,10,False
20,4,Patti Labelle,7.5,0.005211837387007,Eliminated,6.0,0.0975195296935632,9,PERCENT,0.5,6.5625,0.005211837387007,10,False
20,4,Riker Lynch,8.5,0.0012648170893010124,RunnerUp,9.0,0.10588020170339806,7,PERCENT,0.5,8.1875,0.0012648170893010124,10,False
20,4,Robert Herjavec,8.5,0.002833231822208667,Eliminated,8.0,0.10744861643630571,6,PERCENT,0.5,7.4375,0.002833231822208667,10,False
20,4,Rumer Willis,8.75,0.5698964018254965,Winner,9.0,0.6775887095164788,1,PERCENT,0.5,8.25,0.5698964018254965,10,False
20,4,Suzanne Somers,7.0,0.07417036981398187,Eliminated,5.0,0.16032421596676766,3,PERCENT,0.5,6.625,0.07417036981398187,10,False
20,4,Willow Shields,9.75,0.0018629487772164638,Eliminated,7.0,0.12186294877573953,5,PERCENT,0.5,8.0,0.0018629487772164638,10,False
20,5,Chris Soules,6.75,0.0720158377485441,Eliminated,8.0,0.16742219817122386,3,PERCENT,0.5,6.45,0.0720158377485441,9,False
20,5,Nastia Liukin,9.5,0.04152184871728523,Eliminated,9.0,0.17579746708994565,2,PERCENT,0.5,8.6,0.04152184871728523,9,False
20,5,Noah Galloway,7.0,0.0034843775148715537,Finalist,9.0,0.10242430684209501,8,PERCENT,0.5,7.15,0.0034843775148715537,9,False
20,5,Patti Labelle,6.75,0.05642254087791109,Eliminated,6.0,0.15182890130059085,5,PERCENT,0.5,6.6,0.05642254087791109,9,False
20,5,Riker Lynch,9.5,0.007944162881050088,RunnerUp,9.0,0.14221978125371051,6,PERCENT,0.5,8.45,0.007944162881050088,9,False
20,5,Robert Herjavec,6.0,0.794845412232375,Eliminated,8.0,0.8796510659414237,1,PERCENT,0.5,7.15,0.794845412232375,9,False
20,5,Rumer Willis,9.75,0.018148800342167704,Winner,9.0,0.1559579876193718,4,PERCENT,0.5,8.55,0.018148800342167704,9,False
20,5,Suzanne Somers,7.0,0.001598866815027514,Eliminated,5.0,0.10053879614225096,9,PERCENT,0.5,6.7,0.001598866815027514,9,True
20,5,Willow Shields,8.5,0.004018152870767154,Eliminated,7.0,0.12415949562525277,7,PERCENT,0.5,8.1,0.004018152870767154,9,False
20,6,Chris Soules,8.75,0.0727929247657342,Eliminated,8.0,0.1964678364247635,4,PERCENT,0.5,6.833333333333333,0.0727929247657342,8,False
20,6,Nastia Liukin,9.125,0.16703395800409823,Eliminated,9.0,0.2960092230199431,2,PERCENT,0.5,8.6875,0.16703395800409823,8,False
20,6,Noah Galloway,8.5,0.020351216238341484,Finalist,9.0,0.14049255899282712,7,PERCENT,0.5,7.375,0.020351216238341484,8,False
20,6,Patti Labelle,8.5,0.017825815527825035,Eliminated,6.0,0.13796715828231065,8,PERCENT,0.5,6.916666666666667,0.017825815527825035,8,True
20,6,Riker Lynch,9.5,0.007137595308219017,RunnerUp,9.0,0.14141321368087945,6,PERCENT,0.5,8.625,0.007137595308219017,8,False
20,6,Robert Herjavec,8.375,0.10951554008099297,Eliminated,8.0,0.22789009838320676,3,PERCENT,0.5,7.354166666666667,0.10951554008099297,8,False
20,6,Rumer Willis,8.875,0.5807987771924414,Winner,9.0,0.7062404733037426,1,PERCENT,0.5,8.604166666666666,0.5807987771924414,8,False
20,6,Willow Shields,9.125,0.02454417288235513,Eliminated,7.0,0.1535194378982,5,PERCENT,0.5,8.270833333333334,0.02454417288235513,8,False
20,7,Chris Soules,7.75,0.4121968215876314,Eliminated,8.0,0.5342440656801976,1,PERCENT,0.5,6.964285714285714,0.4121968215876314,7,False
20,7,Nastia Liukin,10.25,0.003802922444978481,Eliminated,9.0,0.16522024527708215,4,PERCENT,0.5,8.910714285714286,0.003802922444978481,7,False
20,7,Noah Galloway,9.5,0.0012351225315443842,Finalist,9.0,0.15084142174178683,6,PERCENT,0.5,7.678571428571429,0.0012351225315443842,7,False
20,7,Riker Lynch,9.25,0.0008470656600655016,RunnerUp,9.0,0.14651635699635418,7,PERCENT,0.5,8.714285714285714,0.0008470656600655016,7,True
20,7,Robert Herjavec,7.75,0.4118171255725056,Eliminated,8.0,0.5338643696650718,2,PERCENT,0.5,7.410714285714286,0.4118171255725056,7,False
20,7,Rumer Willis,9.25,0.16944966010303858,Winner,9.0,0.3151189514393272,3,PERCENT,0.5,8.696428571428571,0.16944966010303858,7,False
20,7,Willow Shields,9.75,0.0006512821002421709,Eliminated,7.0,0.15419458918443835,5,PERCENT,0.5,8.482142857142858,0.0006512821002421709,7,False
20,8,Chris Soules,8.0,0.05703686273491805,Eliminated,8.0,0.20833709913867599,6,PERCENT,0.5,7.09375,0.05703686273491805,6,True
20,8,Nastia Liukin,9.5,0.3485868997893522,Eliminated,9.0,0.5282559305188147,1,PERCENT,0.5,8.984375,0.3485868997893522,6,False
20,8,Noah Galloway,7.875,0.16216829702956814,Finalist,9.0,0.31110446723951735,3,PERCENT,0.5,7.703125,0.16216829702956814,6,False
20,8,Riker Lynch,9.75,0.050854139469019545,RunnerUp,9.0,0.2352513025860995,5,PERCENT,0.5,8.84375,0.050854139469019545,6,False
20,8,Robert Herjavec,7.75,0.28794179497733624,Eliminated,8.0,0.4345138989934767,2,PERCENT,0.5,7.453125,0.28794179497733624,6,False
20,8,Rumer Willis,10.0,0.09341200599980695,Winner,9.0,0.28253730150450435,4,PERCENT,0.5,8.859375,0.09341200599980695,6,False
20,9,Nastia Liukin,10.0,0.0801275777960207,Eliminated,9.0,0.3349046478532239,3,PERCENT,0.5,9.097222222222221,0.0801275777960207,4,False
20,9,Noah Galloway,9.5,0.5422686622177917,Finalist,9.0,0.7843068787721347,1,PERCENT,0.5,7.902777777777778,0.5422686622177917,4,False
20,9,Riker Lynch,10.0,0.060849152715765964,RunnerUp,9.0,0.31562622277296914,4,PERCENT,0.5,8.972222222222221,0.060849152715765964,4,True
20,9,Rumer Willis,9.75,0.31675460727042454,Winner,9.0,0.5651622505761976,2,PERCENT,0.5,8.958333333333334,0.31675460727042454,4,False
21,1,Alek Skarlatos,7.333333333333333,0.02418870321012991,Finalist,11.0,-16.0,8,RANK,0.5,7.333333333333333,0.02418870321012991,13,False
21,1,Alexa Penavega,7.333333333333333,0.04453842324627217,Eliminated,9.0,-11.0,5,RANK,0.5,7.333333333333333,0.04453842324627217,13,False
21,1,Andy Grammer,7.0,0.05492345434456179,Eliminated,8.0,-12.0,7,RANK,0.5,7.0,0.05492345434456179,13,False
21,1,Bindi Irwin,8.0,0.3786917079261881,Winner,11.0,-2.0,1,RANK,0.5,8.0,0.3786917079261881,13,False
21,1,Carlos Penavega,7.666666666666667,0.10170320325784714,Eliminated,11.0,-6.0,2,RANK,0.5,7.666666666666667,0.10170320325784714,13,False
21,1,Chaka Khan,4.333333333333333,0.017879364086947864,Eliminated,2.0,-25.0,13,RANK,0.5,4.333333333333333,0.017879364086947864,13,True
21,1,Gary Busey,5.0,0.024555531040619295,Eliminated,4.0,-19.0,10,RANK,0.5,5.0,0.024555531040619295,13,False
21,1,Hayes Grier,7.0,0.019604882985754836,Eliminated,7.0,-19.0,10,RANK,0.5,7.0,0.019604882985754836,13,False
21,1,Kim Zolciak-Biermann,4.0,0.03180127091944467,Withdrew,,-21.0,12,RANK,0.5,4.0,0.03180127091944467,13,False
21,1,Nick Carter,8.0,0.02751707556616103,RunnerUp,11.0,-10.0,4,RANK,0.5,8.0,0.02751707556616103,13,False
21,1,Paula Deen,5.0,0.0373864231294161,Eliminated,6.0,-16.0,8,RANK,0.5,5.0,0.0373864231294161,13,False
21,1,Tamar Braxton,7.666666666666667,0.0721091331781821,Withdrew,,-7.0,3,RANK,0.5,7.666666666666667,0.0721091331781821,13,False
21,1,Victor Espinoza,5.0,0.16510082710847376,Eliminated,2.0,-11.0,5,RANK,0.5,5.0,0.16510082710847376,13,False
21,2,Alek Skarlatos,7.5,0.021623395374346748,Finalist,11.0,-15.0,10,RANK,0.5,7.416666666666666,0.021623395374346748,13,False
21,2,Alexa Penavega,7.666666666666667,0.037315323304754164,Eliminated,9.0,-10.0,3,RANK,0.5,7.5,0.037315323304754164,13,False
21,2,Andy Grammer,7.333333333333333,0.04436802713296578,Eliminated,8.0,-14.0,8,RANK,0.5,7.166666666666666,0.04436802713296578,13,False
21,2,Bindi Irwin,8.0,0.38170934852894817,Winner,11.0,-3.0,1,RANK,0.5,8.0,0.38170934852894817,13,False
21,2,Carlos Penavega,7.5,0.031218260575202623,Eliminated,11.0,-12.0,5,RANK,0.5,7.583333333333334,0.031218260575202623,13,False
21,2,Chaka Khan,5.0,0.019696659462675608,Eliminated,2.0,-25.0,13,RANK,0.5,4.666666666666666,0.019696659462675608,13,True
21,2,Gary Busey,5.5,0.02789591401565602,Eliminated,4.0,-21.0,12,RANK,0.5,5.25,0.02789591401565602,13,False
21,2,Hayes Grier,7.5,0.024204519646509787,Eliminated,7.0,-14.0,8,RANK,0.5,7.25,0.024204519646509787,13,False
21,2,Kim Zolciak-Biermann,6.166666666666667,0.10158273124534371,Withdrew,,-12.0,5,RANK,0.5,5.083333333333334,0.10158273124534371,13,False
21,2,Nick Carter,7.5,0.01808749003545716,RunnerUp,11.0,-17.0,11,RANK,0.5,7.75,0.01808749003545716,13,False
21,2,Paula Deen,6.166666666666667,0.07246983602193043,Eliminated,6.0,-13.0,7,RANK,0.5,5.583333333333334,0.07246983602193043,13,False
21,2,Tamar Braxton,8.166666666666666,0.05423004357270026,Withdrew,,-6.0,2,RANK,0.5,7.916666666666666,0.05423004357270026,13,False
21,2,Victor Espinoza,6.166666666666667,0.16559845108351326,Eliminated,2.0,-11.0,4,RANK,0.5,5.583333333333334,0.16559845108351326,13,False
21,3,Alek Skarlatos,8.25,0.004895836516397715,Finalist,11.0,-11.0,6,RANK,0.5,7.694444444444444,0.004895836516397715,10,False
21,3,Alexa Penavega,9.0,0.01479267644055719,Eliminated,9.0,-3.0,1,RANK,0.5,8.0,0.01479267644055719,10,False
21,3,Andy Grammer,7.25,0.006018068093726486,Eliminated,8.0,-14.0,7,RANK,0.5,7.194444444444444,0.006018068093726486,10,False
21,3,Bindi Irwin,8.0,0.9344321563303356,Winner,11.0,-6.0,2,RANK,0.5,8.0,0.9344321563303356,10,False
21,3,Carlos Penavega,7.75,0.013688639486186567,Eliminated,11.0,-9.0,5,RANK,0.5,7.638888888888889,0.013688639486186567,10,False
21,3,Gary Busey,6.25,0.004983407721595902,Eliminated,4.0,-16.0,8,RANK,0.5,5.583333333333333,0.004983407721595902,10,False
21,3,Hayes Grier,7.5,0.003774220289406435,Eliminated,7.0,-16.0,8,RANK,0.5,7.333333333333333,0.003774220289406435,10,False
21,3,Nick Carter,9.0,0.006687132646333447,RunnerUp,11.0,-6.0,2,RANK,0.5,8.166666666666666,0.006687132646333447,10,False
21,3,Paula Deen,5.0,0.0032469053848552592,Eliminated,6.0,-20.0,10,RANK,0.5,5.388888888888889,0.0032469053848552592,10,True
21,3,Tamar Braxton,8.25,0.007480957090606259,Withdrew,,-7.0,4,RANK,0.5,8.027777777777779,0.007480957090606259,10,False
21,4,Alek Skarlatos,8.0,0.033196640263023984,Finalist,11.0,-14.0,8,RANK,0.5,7.770833333333333,0.033196640263023984,10,False
21,4,Alexa Penavega,7.0,0.029395670927407403,Eliminated,9.0,-17.0,9,RANK,0.5,7.75,0.029395670927407403,10,False
21,4,Andy Grammer,7.666666666666667,0.059023111008642076,Eliminated,8.0,-12.0,6,RANK,0.5,7.3125,0.059023111008642076,10,False
21,4,Bindi Irwin,9.333333333333334,0.4043239766105754,Winner,11.0,-2.0,1,RANK,0.5,8.333333333333334,0.4043239766105754,10,False
21,4,Carlos Penavega,8.333333333333334,0.17595056282958416,Eliminated,11.0,-7.0,3,RANK,0.5,7.8125,0.17595056282958416,10,False
21,4,Gary Busey,5.333333333333333,0.02585411700052501,Eliminated,4.0,-20.0,10,RANK,0.5,5.520833333333333,0.02585411700052501,10,True
21,4,Hayes Grier,9.0,0.0475334661066911,Eliminated,7.0,-8.0,4,RANK,0.5,7.75,0.0475334661066911,10,False
21,4,Nick Carter,9.0,0.03964206740432278,RunnerUp,11.0,-9.0,5,RANK,0.5,8.375,0.03964206740432278,10,False
21,4,Paula Deen,6.0,0.07665782023851243,Eliminated,6.0,-13.0,7,RANK,0.5,5.541666666666667,0.07665782023851243,10,False
21,4,Tamar Braxton,9.0,0.10842256761071302,Withdrew,,-5.0,2,RANK,0.5,8.270833333333334,0.10842256761071302,10,False
21,5,Alek Skarlatos,7.25,0.015884740408047687,Finalist,11.0,-15.0,8,RANK,0.5,7.666666666666666,0.015884740408047687,8,True
21,5,Alexa Penavega,10.0,0.04740630075187789,Eliminated,9.0,-4.0,1,RANK,0.5,8.2,0.04740630075187789,8,False
21,5,Andy Grammer,9.0,0.036718411242005894,Eliminated,8.0,-8.0,4,RANK,0.5,7.65,0.036718411242005894,8,False
21,5,Bindi Irwin,9.25,0.7650251812339738,Winner,11.0,-4.0,1,RANK,0.5,8.516666666666667,0.7650251812339738,8,False
21,5,Carlos Penavega,9.75,0.05175661827772275,Eliminated,11.0,-4.0,1,RANK,0.5,8.2,0.05175661827772275,8,False
21,5,Hayes Grier,7.5,0.01369845806404338,Eliminated,7.0,-15.0,8,RANK,0.5,7.7,0.01369845806404338,8,True
21,5,Nick Carter,8.75,0.018943134669351012,RunnerUp,11.0,-12.0,5,RANK,0.5,8.45,0.018943134669351012,8,False
21,5,Paula Deen,6.5,0.027889590681068513,Eliminated,6.0,-14.0,7,RANK,0.5,5.733333333333333,0.027889590681068513,8,False
21,5,Tamar Braxton,7.25,0.02267756467190886,Withdrew,,-13.0,6,RANK,0.5,8.066666666666666,0.02267756467190886,8,False
21,6,Alek Skarlatos,7.5,0.034055871364543404,Finalist,11.0,-15.0,8,RANK,0.5,7.638888888888888,0.034055871364543404,9,False
21,6,Alexa Penavega,7.5,0.030313883908417737,Eliminated,9.0,-16.0,9,RANK,0.5,8.083333333333334,0.030313883908417737,9,True
21,6,Andy Grammer,10.0,0.11152563251283802,Eliminated,8.0,-4.0,3,RANK,0.5,8.041666666666666,0.11152563251283802,9,False
21,6,Bindi Irwin,10.0,0.4157265918183099,Winner,11.0,-2.0,1,RANK,0.5,8.76388888888889,0.4157265918183099,9,False
21,6,Carlos Penavega,9.5,0.07919683814483634,Eliminated,11.0,-9.0,4,RANK,0.5,8.416666666666666,0.07919683814483634,9,False
21,6,Hayes Grier,8.0,0.04049767552722832,Eliminated,7.0,-13.0,6,RANK,0.5,7.75,0.04049767552722832,9,False
21,6,Nick Carter,9.75,0.04871537700513372,RunnerUp,11.0,-10.0,5,RANK,0.5,8.666666666666666,0.04871537700513372,9,False
21,6,Paula Deen,6.0,0.06050359525470058,Eliminated,6.0,-14.0,7,RANK,0.5,5.777777777777778,0.06050359525470058,9,False
21,6,Tamar Braxton,10.0,0.17946453446398797,Withdrew,,-3.0,2,RANK,0.5,8.38888888888889,0.17946453446398797,9,False
21,7,Alek Skarlatos,8.833333333333334,0.3823805353595851,Finalist,11.0,-9.0,4,RANK,0.5,7.809523809523809,0.3823805353595851,8,False
21,7,Alexa Penavega,9.166666666666666,0.08699061462695895,Eliminated,9.0,-9.0,4,RANK,0.5,8.238095238095237,0.08699061462695895,8,False
21,7,Andy Grammer,9.333333333333334,0.008441621155656893,Eliminated,8.0,-9.0,4,RANK,0.5,8.226190476190476,0.008441621155656893,8,False
21,7,Bindi Irwin,9.666666666666666,0.07191136402865818,Winner,11.0,-6.0,1,RANK,0.5,8.892857142857142,0.07191136402865818,8,False
21,7,Carlos Penavega,9.333333333333334,0.019410294543176183,Eliminated,11.0,-8.0,2,RANK,0.5,8.547619047619047,0.019410294543176183,8,False
21,7,Hayes Grier,9.333333333333334,0.0022510176771475873,Eliminated,7.0,-10.0,8,RANK,0.5,7.976190476190476,0.0022510176771475873,8,True
21,7,Nick Carter,9.0,0.2139984692353513,RunnerUp,11.0,-9.0,4,RANK,0.5,8.714285714285714,0.2139984692353513,8,False
21,7,Tamar Braxton,9.0,0.21461608337346513,Withdrew,,-8.0,2,RANK,0.5,8.476190476190476,0.21461608337346513,8,False
21,8,Alek Skarlatos,8.333333333333334,0.0012971436026606976,Finalist,11.0,-12.0,6,RANK,0.5,7.875,0.0012971436026606976,6,True
21,8,Alexa Penavega,8.999933333333333,0.001944908235171373,Eliminated,9.0,-9.0,5,RANK,0.5,8.333325,0.001944908235171373,6,False
21,8,Andy Grammer,7.999933333333334,0.0015638843365883947,Eliminated,8.0,-12.0,6,RANK,0.5,8.197908333333334,0.0015638843365883947,6,True
21,8,Bindi Irwin,9.333333333333334,0.9845407998420888,Winner,11.0,-4.0,1,RANK,0.5,8.947916666666666,0.9845407998420888,6,False
21,8,Carlos Penavega,9.6666,0.005802326766060209,Eliminated,11.0,-4.0,1,RANK,0.5,8.687491666666666,0.005802326766060209,6,False
21,8,Nick Carter,11.0,0.0012745903072780155,RunnerUp,11.0,-8.0,4,RANK,0.5,9.0,0.0012745903072780155,6,False
21,8,Tamar Braxton,9.333333333333334,0.0035763469101537516,Withdrew,,-6.0,3,RANK,0.5,8.583333333333334,0.0035763469101537516,6,False
21,9,Alek Skarlatos,8.5,0.32123101250143105,Finalist,11.0,-7.0,2,RANK,0.5,7.944444444444445,0.32123101250143105,6,False
21,9,Alexa Penavega,10.0,0.0007845910845364995,Eliminated,9.0,-7.0,2,RANK,0.5,8.518511111111112,0.0007845910845364995,6,False
21,9,Bindi Irwin,10.0,0.008160877028875304,Winner,11.0,-5.0,1,RANK,0.5,9.064814814814815,0.008160877028875304,6,False
21,9,Carlos Penavega,9.0,0.013066195123306003,Eliminated,11.0,-7.0,2,RANK,0.5,8.722214814814814,0.013066195123306003,6,False
21,9,Nick Carter,9.166666666666666,0.003189858593906595,RunnerUp,11.0,-8.0,6,RANK,0.5,9.018518518518519,0.003189858593906595,6,True
21,9,Tamar Braxton,8.166666666666666,0.6535674656679474,Withdrew,,-7.0,2,RANK,0.5,8.537037037037036,0.6535674656679474,6,False
21,10,Alek Skarlatos,9.5,0.14174597919138365,Finalist,11.0,-6.0,3,RANK,0.5,8.1,0.14174597919138365,4,False
21,10,Bindi Irwin,10.5,0.5287761582881556,Winner,11.0,-2.0,1,RANK,0.5,9.208333333333332,0.5287761582881556,4,False
21,10,Carlos Penavega,10.5,0.22923296078640132,Eliminated,11.0,-3.0,2,RANK,0.5,8.899993333333333,0.22923296078640132,4,False
21,10,Nick Carter,9.0,0.10024490173405483,RunnerUp,11.0,-8.0,4,RANK,0.5,9.016666666666667,0.10024490173405483,4,True
21,11,Alek Skarlatos,9.3333,0.6514004574381508,Finalist,11.0,-5.0,3,RANK,0.5,8.212118181818182,0.6514004574381508,3,True
21,11,Bindi Irwin,10.0,0.2215834742469915,Winner,11.0,-3.0,1,RANK,0.5,9.28030303030303,0.2215834742469915,3,False
21,11,Carlos Penavega,10.0,0.03060042996658619,Eliminated,11.0,-5.0,3,RANK,0.5,8.999993939393939,0.03060042996658619,3,True
21,11,Nick Carter,10.0,0.09641563834826593,RunnerUp,11.0,-4.0,2,RANK,0.5,9.106060606060607,0.09641563834826593,3,False
21,1,Alek Skarlatos,7.333333333333333,0.02418870321012991,Finalist,11.0,0.1121887032090739,8,PERCENT,0.5,7.333333333333333,0.02418870321012991,13,False
21,1,Alexa Penavega,7.333333333333333,0.04453842324627217,Eliminated,9.0,0.13253842324521617,6,PERCENT,0.5,7.333333333333333,0.04453842324627217,13,False
21,1,Andy Grammer,7.0,0.05492345434456179,Eliminated,8.0,0.1389234543435538,5,PERCENT,0.5,7.0,0.05492345434456179,13,False
21,1,Bindi Irwin,8.0,0.3786917079261881,Winner,11.0,0.4746917079250361,1,PERCENT,0.5,8.0,0.3786917079261881,13,False
21,1,Carlos Penavega,7.666666666666667,0.10170320325784714,Eliminated,11.0,0.19370320325674314,3,PERCENT,0.5,7.666666666666667,0.10170320325784714,13,False
21,1,Chaka Khan,4.333333333333333,0.017879364086947864,Eliminated,2.0,0.06987936408632386,13,PERCENT,0.5,4.333333333333333,0.017879364086947864,13,True
21,1,Gary Busey,5.0,0.024555531040619295,Eliminated,4.0,0.0845555310398993,11,PERCENT,0.5,5.0,0.024555531040619295,13,False
21,1,Hayes Grier,7.0,0.019604882985754836,Eliminated,7.0,0.10360488298474685,9,PERCENT,0.5,7.0,0.019604882985754836,13,False
21,1,Kim Zolciak-Biermann,4.0,0.03180127091944467,Withdrew,,0.07980127091886868,12,PERCENT,0.5,4.0,0.03180127091944467,13,False
21,1,Nick Carter,8.0,0.02751707556616103,RunnerUp,11.0,0.12351707556500904,7,PERCENT,0.5,8.0,0.02751707556616103,13,False
21,1,Paula Deen,5.0,0.0373864231294161,Eliminated,6.0,0.0973864231286961,10,PERCENT,0.5,5.0,0.0373864231294161,13,False
21,1,Tamar Braxton,7.666666666666667,0.0721091331781821,Withdrew,,0.1641091331770781,4,PERCENT,0.5,7.666666666666667,0.0721091331781821,13,False
21,1,Victor Espinoza,5.0,0.16510082710847376,Eliminated,2.0,0.22510082710775375,2,PERCENT,0.5,5.0,0.16510082710847376,13,False
21,2,Alek Skarlatos,7.5,0.021623395374346748,Finalist,11.0,0.10480269297046675,10,PERCENT,0.5,7.416666666666666,0.021623395374346748,13,False
21,2,Alexa Penavega,7.666666666666667,0.037315323304754164,Eliminated,9.0,0.1223430497363435,7,PERCENT,0.5,7.5,0.037315323304754164,13,False
21,2,Andy Grammer,7.333333333333333,0.04436802713296578,Eliminated,8.0,0.12569889589361644,6,PERCENT,0.5,7.166666666666666,0.04436802713296578,13,False
21,2,Bindi Irwin,8.0,0.38170934852894817,Winner,11.0,0.47043393263147615,1,PERCENT,0.5,8.0,0.38170934852894817,13,False
21,2,Carlos Penavega,7.5,0.031218260575202623,Eliminated,11.0,0.11439755817132262,8,PERCENT,0.5,7.583333333333334,0.031218260575202623,13,False
21,2,Chaka Khan,5.0,0.019696659462675608,Eliminated,2.0,0.0751495245267556,13,PERCENT,0.5,4.666666666666666,0.019696659462675608,13,True
21,2,Gary Busey,5.5,0.02789591401565602,Eliminated,4.0,0.08889406558614402,12,PERCENT,0.5,5.25,0.02789591401565602,13,False
21,2,Hayes Grier,7.5,0.024204519646509787,Eliminated,7.0,0.10738381724262978,9,PERCENT,0.5,7.25,0.024204519646509787,13,False
21,2,Kim Zolciak-Biermann,6.166666666666667,0.10158273124534371,Withdrew,,0.16997459815770904,3,PERCENT,0.5,5.083333333333334,0.10158273124534371,13,False
21,2,Nick Carter,7.5,0.01808749003545716,RunnerUp,11.0,0.10126678763157716,11,PERCENT,0.5,7.75,0.01808749003545716,13,False
21,2,Paula Deen,6.166666666666667,0.07246983602193043,Eliminated,6.0,0.14086170293429576,5,PERCENT,0.5,5.583333333333334,0.07246983602193043,13,False
21,2,Tamar Braxton,8.166666666666666,0.05423004357270026,Withdrew,,0.14480305651069758,4,PERCENT,0.5,7.916666666666666,0.05423004357270026,13,False
21,2,Victor Espinoza,6.166666666666667,0.16559845108351326,Eliminated,2.0,0.2339903179958786,2,PERCENT,0.5,5.583333333333334,0.16559845108351326,13,False
21,3,Alek Skarlatos,8.25,0.004895836516397715,Finalist,11.0,0.11309255782645415,6,PERCENT,0.5,7.694444444444444,0.004895836516397715,10,False
21,3,Alexa Penavega,9.0,0.01479267644055719,Eliminated,9.0,0.1328254633242551,2,PERCENT,0.5,8.0,0.01479267644055719,10,False
21,3,Andy Grammer,7.25,0.006018068093726486,Eliminated,8.0,0.10110003530559426,8,PERCENT,0.5,7.194444444444444,0.006018068093726486,10,False
21,3,Bindi Irwin,8.0,0.9344321563303356,Winner,11.0,1.039350189115845,1,PERCENT,0.5,8.0,0.9344321563303356,10,False
21,3,Carlos Penavega,7.75,0.013688639486186567,Eliminated,11.0,0.11532798374714867,5,PERCENT,0.5,7.638888888888889,0.013688639486186567,10,False
21,3,Gary Busey,6.25,0.004983407721595902,Eliminated,4.0,0.08695062083527502,9,PERCENT,0.5,5.583333333333333,0.004983407721595902,10,False
21,3,Hayes Grier,7.5,0.003774220289406435,Eliminated,7.0,0.10213487602582137,7,PERCENT,0.5,7.333333333333333,0.003774220289406435,10,False
21,3,Nick Carter,9.0,0.006687132646333447,RunnerUp,11.0,0.12471991953003136,3,PERCENT,0.5,8.166666666666666,0.006687132646333447,10,False
21,3,Paula Deen,5.0,0.0032469053848552592,Eliminated,6.0,0.06882067587579854,10,PERCENT,0.5,5.388888888888889,0.0032469053848552592,10,True
21,3,Tamar Braxton,8.25,0.007480957090606259,Withdrew,,0.11567767840066269,4,PERCENT,0.5,8.027777777777779,0.007480957090606259,10,False
21,4,Alek Skarlatos,8.0,0.033196640263023984,Finalist,11.0,0.13489155551596854,8,PERCENT,0.5,7.770833333333333,0.033196640263023984,10,False
21,4,Alexa Penavega,7.0,0.029395670927407403,Eliminated,9.0,0.11837872177373387,9,PERCENT,0.5,7.75,0.029395670927407403,10,False
21,4,Andy Grammer,7.666666666666667,0.059023111008642076,Eliminated,8.0,0.15648073812604726,5,PERCENT,0.5,7.3125,0.059023111008642076,10,False
21,4,Bindi Irwin,9.333333333333334,0.4043239766105754,Winner,11.0,0.5229680444056773,1,PERCENT,0.5,8.333333333333334,0.4043239766105754,10,False
21,4,Carlos Penavega,8.333333333333334,0.17595056282958416,Eliminated,11.0,0.28188276621806807,2,PERCENT,0.5,7.8125,0.17595056282958416,10,False
21,4,Gary Busey,5.333333333333333,0.02585411700052501,Eliminated,4.0,0.0936507271691547,10,PERCENT,0.5,5.520833333333333,0.02585411700052501,10,True
21,4,Hayes Grier,9.0,0.0475334661066911,Eliminated,7.0,0.1619402457662537,4,PERCENT,0.5,7.75,0.0475334661066911,10,False
21,4,Nick Carter,9.0,0.03964206740432278,RunnerUp,11.0,0.15404884706388539,6,PERCENT,0.5,8.375,0.03964206740432278,10,False
21,4,Paula Deen,6.0,0.07665782023851243,Eliminated,6.0,0.15292900667822085,7,PERCENT,0.5,5.541666666666667,0.07665782023851243,10,False
21,4,Tamar Braxton,9.0,0.10842256761071302,Withdrew,,0.22282934727027565,3,PERCENT,0.5,8.270833333333334,0.10842256761071302,10,False
21,5,Alek Skarlatos,7.25,0.015884740408047687,Finalist,11.0,0.11223025535693346,9,PERCENT,0.5,7.666666666666666,0.015884740408047687,9,True
21,5,Alexa Penavega,10.0,0.04740630075187789,Eliminated,9.0,0.1802966661986169,3,PERCENT,0.5,8.2,0.04740630075187789,9,False
21,5,Andy Grammer,9.0,0.036718411242005894,Eliminated,8.0,0.156319740144071,4,PERCENT,0.5,7.65,0.036718411242005894,9,False
21,5,Bindi Irwin,9.25,0.7650251812339738,Winner,11.0,0.8879487692722073,1,PERCENT,0.5,8.516666666666667,0.7650251812339738,9,False
21,5,Carlos Penavega,9.75,0.05175661827772275,Eliminated,11.0,0.1813247245882933,2,PERCENT,0.5,8.2,0.05175661827772275,9,False
21,5,Hayes Grier,7.5,0.01369845806404338,Eliminated,7.0,0.11336623214909762,8,PERCENT,0.5,7.7,0.01369845806404338,9,False
21,5,Nick Carter,8.75,0.018943134669351012,RunnerUp,11.0,0.13522220443524763,5,PERCENT,0.5,8.45,0.018943134669351012,9,False
21,5,Paula Deen,6.5,0.027889590681068513,Eliminated,6.0,0.11426832822144886,7,PERCENT,0.5,5.733333333333333,0.027889590681068513,9,False
21,5,Tamar Braxton,7.25,0.02267756467190886,Withdrew,,0.11902307962079463,6,PERCENT,0.5,8.066666666666666,0.02267756467190886,9,False
21,6,Alek Skarlatos,7.5,0.034055871364543404,Finalist,11.0,0.12990251673073067,8,PERCENT,0.5,7.638888888888888,0.034055871364543404,9,False
21,6,Alexa Penavega,7.5,0.030313883908417737,Eliminated,9.0,0.126160529274605,9,PERCENT,0.5,8.083333333333334,0.030313883908417737,9,True
21,6,Andy Grammer,10.0,0.11152563251283802,Eliminated,8.0,0.23932115966775436,3,PERCENT,0.5,8.041666666666666,0.11152563251283802,9,False
21,6,Bindi Irwin,10.0,0.4157265918183099,Winner,11.0,0.5435221189732262,1,PERCENT,0.5,8.76388888888889,0.4157265918183099,9,False
21,6,Carlos Penavega,9.5,0.07919683814483634,Eliminated,11.0,0.2006025889420069,4,PERCENT,0.5,8.416666666666666,0.07919683814483634,9,False
21,6,Hayes Grier,8.0,0.04049767552722832,Eliminated,7.0,0.1427340972511614,6,PERCENT,0.5,7.75,0.04049767552722832,9,False
21,6,Nick Carter,9.75,0.04871537700513372,RunnerUp,11.0,0.17331601598117716,5,PERCENT,0.5,8.666666666666666,0.04871537700513372,9,False
21,6,Paula Deen,6.0,0.06050359525470058,Eliminated,6.0,0.13718091154765039,7,PERCENT,0.5,5.777777777777778,0.06050359525470058,9,False
21,6,Tamar Braxton,10.0,0.17946453446398797,Withdrew,,0.3072600616189043,2,PERCENT,0.5,8.38888888888889,0.17946453446398797,9,False
21,7,Alek Skarlatos,8.833333333333334,0.3823805353595851,Finalist,11.0,0.5022900376204008,1,PERCENT,0.5,7.809523809523809,0.3823805353595851,8,False
21,7,Alexa Penavega,9.166666666666666,0.08699061462695895,Eliminated,9.0,0.21142500376554127,4,PERCENT,0.5,8.238095238095237,0.08699061462695895,8,False
21,7,Andy Grammer,9.333333333333334,0.008441621155656893,Eliminated,8.0,0.13513845373312253,7,PERCENT,0.5,8.226190476190476,0.008441621155656893,8,False
21,7,Bindi Irwin,9.666666666666666,0.07191136402865818,Winner,11.0,0.20313308348389042,5,PERCENT,0.5,8.892857142857142,0.07191136402865818,8,False
21,7,Carlos Penavega,9.333333333333334,0.019410294543176183,Eliminated,11.0,0.14610712712064183,6,PERCENT,0.5,8.547619047619047,0.019410294543176183,8,False
21,7,Hayes Grier,9.333333333333334,0.0022510176771475873,Eliminated,7.0,0.12894785025461322,8,PERCENT,0.5,7.976190476190476,0.0022510176771475873,8,True
21,7,Nick Carter,9.0,0.2139984692353513,RunnerUp,11.0,0.3361704149350503,3,PERCENT,0.5,8.714285714285714,0.2139984692353513,8,False
21,7,Tamar Braxton,9.0,0.21461608337346513,Withdrew,,0.33678802907316413,2,PERCENT,0.5,8.476190476190476,0.21461608337346513,8,False
21,8,Alek Skarlatos,8.333333333333334,0.0012971436026606976,Finalist,11.0,0.13016352153791927,6,PERCENT,0.5,7.875,0.0012971436026606976,7,False
21,8,Alexa Penavega,8.999933333333333,0.001944908235171373,Eliminated,9.0,0.14111956547422713,5,PERCENT,0.5,8.333325,0.001944908235171373,7,False
21,8,Andy Grammer,7.999933333333334,0.0015638843365883947,Eliminated,8.0,0.12527457622341315,7,PERCENT,0.5,8.197908333333334,0.0015638843365883947,7,True
21,8,Bindi Irwin,9.333333333333334,0.9845407998420888,Winner,11.0,1.1288711431295784,1,PERCENT,0.5,8.947916666666666,0.9845407998420888,7,False
21,8,Carlos Penavega,9.6666,0.005802326766060209,Eliminated,11.0,0.15528629423993667,3,PERCENT,0.5,8.687491666666666,0.005802326766060209,7,False
21,8,Nick Carter,11.0,0.0012745903072780155,RunnerUp,11.0,0.17137820918181934,2,PERCENT,0.5,9.0,0.0012745903072780155,7,False
21,8,Tamar Braxton,9.333333333333334,0.0035763469101537516,Withdrew,,0.14790669019764333,4,PERCENT,0.5,8.583333333333334,0.0035763469101537516,7,False
21,9,Alek Skarlatos,8.5,0.32123101250143105,Finalist,11.0,0.4762462100669931,2,PERCENT,0.5,7.944444444444445,0.32123101250143105,6,False
21,9,Alexa Penavega,10.0,0.0007845910845364995,Eliminated,9.0,0.1831554117499036,4,PERCENT,0.5,8.518511111111112,0.0007845910845364995,6,False
21,9,Bindi Irwin,10.0,0.008160877028875304,Winner,11.0,0.1905316976942424,3,PERCENT,0.5,9.064814814814815,0.008160877028875304,6,False
21,9,Carlos Penavega,9.0,0.013066195123306003,Eliminated,11.0,0.1771999337221364,5,PERCENT,0.5,8.722214814814814,0.013066195123306003,6,False
21,9,Nick Carter,9.166666666666666,0.003189858593906595,RunnerUp,11.0,0.17036311087049313,6,PERCENT,0.5,9.018518518518519,0.003189858593906595,6,True
21,9,Tamar Braxton,8.166666666666666,0.6535674656679474,Withdrew,,0.8025036358779972,1,PERCENT,0.5,8.537037037037036,0.6535674656679474,6,False
21,10,Alek Skarlatos,9.5,0.14174597919138365,Finalist,11.0,0.38225230829921897,3,PERCENT,0.5,8.1,0.14174597919138365,4,False
21,10,Bindi Irwin,10.5,0.5287761582881556,Winner,11.0,0.7945989430915525,1,PERCENT,0.5,9.208333333333332,0.5287761582881556,4,False
21,10,Carlos Penavega,10.5,0.22923296078640132,Eliminated,11.0,0.49505574558979826,2,PERCENT,0.5,8.899993333333333,0.22923296078640132,4,False
21,10,Nick Carter,9.0,0.10024490173405483,RunnerUp,11.0,0.3280930029941093,4,PERCENT,0.5,9.016666666666667,0.10024490173405483,4,True
21,11,Alek Skarlatos,9.3333,0.6514004574381508,Finalist,11.0,0.8886879466588038,1,PERCENT,0.5,8.212118181818182,0.6514004574381508,4,False
21,11,Bindi Irwin,10.0,0.2215834742469915,Winner,11.0,0.4758209778316326,2,PERCENT,0.5,9.28030303030303,0.2215834742469915,4,False
21,11,Carlos Penavega,10.0,0.03060042996658619,Eliminated,11.0,0.2848379335512273,4,PERCENT,0.5,8.999993939393939,0.03060042996658619,4,True
21,11,Nick Carter,10.0,0.09641563834826593,RunnerUp,11.0,0.35065314193290703,3,PERCENT,0.5,9.106060606060607,0.09641563834826593,4,False
22,1,Antonio Brown,7.0,0.04659114303687528,Eliminated,9.0,-10.0,6,RANK,0.5,7.0,0.04659114303687528,12,False
22,1,Doug Flutie,5.0,0.0747247028719945,Eliminated,6.0,-14.0,7,RANK,0.5,5.0,0.0747247028719945,12,False
22,1,Geraldo Rivera,4.333333333333333,0.02813208183224791,Eliminated,2.0,-21.0,12,RANK,0.5,4.333333333333333,0.02813208183224791,12,True
22,1,Ginger Zee,7.666666666666667,0.06791295502073136,Finalist,9.0,-6.0,3,RANK,0.5,7.666666666666667,0.06791295502073136,12,False
22,1,Jodie Sweetin,6.666666666666667,0.020461431100390337,Eliminated,8.0,-20.0,11,RANK,0.5,6.666666666666667,0.020461431100390337,12,False
22,1,Kim Fields,6.666666666666667,0.022896562567965784,Eliminated,7.0,-19.0,10,RANK,0.5,6.666666666666667,0.022896562567965784,12,False
22,1,Marla Maples,7.0,0.025202997341606123,Eliminated,4.0,-14.0,7,RANK,0.5,7.0,0.025202997341606123,12,False
22,1,Mischa Barton,5.333333333333333,0.033159721646688275,Eliminated,3.0,-18.0,9,RANK,0.5,5.333333333333333,0.033159721646688275,12,False
22,1,Nyle Dimarco,7.666666666666667,0.07062053833669814,Winner,9.0,-5.0,1,RANK,0.5,7.666666666666667,0.07062053833669814,12,False
22,1,Paige Vanzant,7.0,0.17123504298597955,RunnerUp,9.0,-6.0,3,RANK,0.5,7.0,0.17123504298597955,12,False
22,1,Von Miller,7.0,0.3934944223148556,Eliminated,7.0,-5.0,1,RANK,0.5,7.0,0.3934944223148556,12,False
22,1,Wanya Morris,7.666666666666667,0.045568400943964686,Eliminated,9.0,-8.0,5,RANK,0.5,7.666666666666667,0.045568400943964686,12,False
22,2,Antonio Brown,6.333333333333333,0.0013074791026570917,Eliminated,9.0,-16.0,9,RANK,0.5,6.666666666666666,0.0013074791026570917,10,False
22,2,Doug Flutie,6.666666666666667,0.002990453706898681,Eliminated,6.0,-9.0,6,RANK,0.5,5.833333333333334,0.002990453706898681,10,False
22,2,Geraldo Rivera,4.333333333333333,0.0009169589098755179,Eliminated,2.0,-20.0,10,RANK,0.5,4.333333333333333,0.0009169589098755179,10,True
22,2,Ginger Zee,7.0,0.001621031918769776,Finalist,9.0,-8.0,5,RANK,0.5,7.333333333333334,0.001621031918769776,10,False
22,2,Jodie Sweetin,7.0,0.000580090154711028,Eliminated,8.0,-15.0,7,RANK,0.5,6.833333333333334,0.000580090154711028,10,False
22,2,Kim Fields,6.333333333333333,0.0006423092621789733,Eliminated,7.0,-20.0,10,RANK,0.5,6.5,0.0006423092621789733,10,True
22,2,Marla Maples,6.666666666666667,0.000722525871009418,Eliminated,4.0,-15.0,7,RANK,0.5,6.833333333333334,0.000722525871009418,10,False
22,2,Mischa Barton,5.0,0.0008133852361973561,Eliminated,3.0,-20.0,10,RANK,0.5,5.166666666666666,0.0008133852361973561,10,True
22,2,Nyle Dimarco,6.666666666666667,0.9746183508051272,Winner,9.0,-6.0,2,RANK,0.5,7.166666666666667,0.9746183508051272,10,False
22,2,Paige Vanzant,8.0,0.0032302997142647895,RunnerUp,9.0,-4.0,1,RANK,0.5,7.5,0.0032302997142647895,10,False
22,2,Von Miller,6.666666666666667,0.011135948908501565,Eliminated,7.0,-7.0,3,RANK,0.5,6.833333333333334,0.011135948908501565,10,False
22,2,Wanya Morris,8.0,0.0014211664098095784,Eliminated,9.0,-7.0,3,RANK,0.5,7.833333333333334,0.0014211664098095784,10,False
22,3,Antonio Brown,6.666666666666667,0.0753307501680172,Eliminated,9.0,-12.0,6,RANK,0.5,6.666666666666667,0.0753307501680172,11,False
22,3,Doug Flutie,6.666666666666667,0.04634135568789607,Eliminated,6.0,-14.0,7,RANK,0.5,6.111111111111112,0.04634135568789607,11,False
22,3,Ginger Zee,7.0,0.057598609088575746,Finalist,9.0,-11.0,5,RANK,0.5,7.222222222222222,0.057598609088575746,11,False
22,3,Jodie Sweetin,7.666666666666667,0.02274726129122169,Eliminated,8.0,-14.0,7,RANK,0.5,7.111111111111112,0.02274726129122169,11,False
22,3,Kim Fields,7.333333333333333,0.028484262527137233,Eliminated,7.0,-14.0,7,RANK,0.5,6.777777777777778,0.028484262527137233,11,False
22,3,Marla Maples,7.0,0.025420879794555075,Eliminated,4.0,-16.0,10,RANK,0.5,6.888888888888889,0.025420879794555075,11,False
22,3,Mischa Barton,6.0,0.032914847328872496,Eliminated,3.0,-19.0,11,RANK,0.5,5.444444444444444,0.032914847328872496,11,True
22,3,Nyle Dimarco,8.333333333333334,0.17193571043602934,Winner,9.0,-3.0,1,RANK,0.5,7.555555555555556,0.17193571043602934,11,False
22,3,Paige Vanzant,7.666666666666667,0.10609717015270206,RunnerUp,9.0,-6.0,2,RANK,0.5,7.555555555555556,0.10609717015270206,11,False
22,3,Von Miller,6.666666666666667,0.3947787035306906,Eliminated,7.0,-9.0,3,RANK,0.5,6.777777777777779,0.3947787035306906,11,False
22,3,Wanya Morris,8.0,0.038350449994303606,Eliminated,9.0,-9.0,3,RANK,0.5,7.888888888888889,0.038350449994303606,11,False
22,4,Antonio Brown,8.75,0.004297253802440775,Eliminated,9.0,-8.0,3,RANK,0.5,7.1875,0.004297253802440775,10,False
22,4,Doug Flutie,6.0,0.6311849240120084,Eliminated,6.0,-11.0,6,RANK,0.5,6.083333333333334,0.6311849240120084,10,False
22,4,Ginger Zee,9.0,0.0041153885309398895,Finalist,9.0,-8.0,3,RANK,0.5,7.666666666666667,0.0041153885309398895,10,False
22,4,Jodie Sweetin,6.75,0.004176855728910818,Eliminated,8.0,-15.0,8,RANK,0.5,7.020833333333334,0.004176855728910818,10,False
22,4,Kim Fields,8.0,0.0018742265536033093,Eliminated,7.0,-15.0,8,RANK,0.5,7.083333333333333,0.0018742265536033093,10,False
22,4,Marla Maples,7.0,0.0006037952662098965,Eliminated,4.0,-18.0,10,RANK,0.5,6.916666666666667,0.0006037952662098965,10,True
22,4,Nyle Dimarco,8.5,0.32117248086917305,Winner,9.0,-7.0,2,RANK,0.5,7.791666666666667,0.32117248086917305,10,False
22,4,Paige Vanzant,9.0,0.00656739759093396,RunnerUp,9.0,-5.0,1,RANK,0.5,7.916666666666667,0.00656739759093396,10,False
22,4,Von Miller,8.0,0.022700877758806734,Eliminated,7.0,-9.0,5,RANK,0.5,7.083333333333334,0.022700877758806734,10,False
22,4,Wanya Morris,8.75,0.0033067998869724057,Eliminated,9.0,-11.0,6,RANK,0.5,8.104166666666668,0.0033067998869724057,10,False
22,5,Antonio Brown,6.5,0.04007359824985726,Eliminated,9.0,-16.0,8,RANK,0.5,7.05,0.04007359824985726,8,True
22,5,Doug Flutie,7.0,0.1811326508342911,Eliminated,6.0,-9.0,5,RANK,0.5,6.2666666666666675,0.1811326508342911,8,False
22,5,Ginger Zee,8.0,0.06066168159209843,Finalist,9.0,-8.0,4,RANK,0.5,7.733333333333334,0.06066168159209843,8,False
22,5,Jodie Sweetin,8.75,0.03472449353358061,Eliminated,8.0,-10.0,6,RANK,0.5,7.366666666666667,0.03472449353358061,8,False
22,5,Kim Fields,7.0,0.030260497790483638,Eliminated,7.0,-16.0,8,RANK,0.5,7.0666666666666655,0.030260497790483638,8,True
22,5,Nyle Dimarco,9.25,0.07928837379243217,Winner,9.0,-5.0,1,RANK,0.5,8.083333333333334,0.07928837379243217,8,False
22,5,Paige Vanzant,7.75,0.11133025131184283,RunnerUp,9.0,-7.0,2,RANK,0.5,7.883333333333335,0.11133025131184283,8,False
22,5,Von Miller,7.25,0.4138929621201163,Eliminated,7.0,-7.0,2,RANK,0.5,7.116666666666667,0.4138929621201163,8,False
22,5,Wanya Morris,7.5,0.04863549077530014,Eliminated,9.0,-11.0,7,RANK,0.5,7.983333333333334,0.04863549077530014,8,False
22,6,Antonio Brown,9.0,0.005320452565742069,Eliminated,9.0,-7.0,3,RANK,0.5,7.375,0.005320452565742069,9,False
22,6,Doug Flutie,7.0,0.002346165522064241,Eliminated,6.0,-15.0,9,RANK,0.5,6.388888888888889,0.002346165522064241,9,True
22,6,Ginger Zee,8.0,0.002927832823451895,Finalist,9.0,-11.0,6,RANK,0.5,7.777777777777779,0.002927832823451895,9,False
22,6,Jodie Sweetin,8.333333333333334,0.0014451643740873465,Eliminated,8.0,-13.0,7,RANK,0.5,7.527777777777779,0.0014451643740873465,9,False
22,6,Kim Fields,8.0,0.0016607252671741427,Eliminated,7.0,-14.0,8,RANK,0.5,7.222222222222221,0.0016607252671741427,9,False
22,6,Nyle Dimarco,8.333333333333334,0.9565023773903834,Winner,9.0,-5.0,1,RANK,0.5,8.125,0.9565023773903834,9,False
22,6,Paige Vanzant,9.333333333333334,0.0077670331654285845,RunnerUp,9.0,-5.0,1,RANK,0.5,8.125,0.0077670331654285845,9,False
22,6,Von Miller,8.0,0.020005148288534797,Eliminated,7.0,-8.0,4,RANK,0.5,7.263888888888889,0.020005148288534797,9,False
22,6,Wanya Morris,9.666666666666666,0.0020251006031354827,Eliminated,9.0,-8.0,4,RANK,0.5,8.26388888888889,0.0020251006031354827,9,False
22,7,Antonio Brown,8.666666666666666,0.055813754961067615,Eliminated,9.0,-11.0,7,RANK,0.5,7.559523809523809,0.055813754961067615,8,False
22,7,Ginger Zee,9.166666666666666,0.16068934612996136,Finalist,9.0,-5.0,1,RANK,0.5,7.976190476190476,0.16068934612996136,8,False
22,7,Jodie Sweetin,8.5,0.1678332998285095,Eliminated,8.0,-10.0,6,RANK,0.5,7.666666666666667,0.1678332998285095,8,False
22,7,Kim Fields,8.666666666666666,0.018603441202264967,Eliminated,7.0,-13.0,8,RANK,0.5,7.428571428571429,0.018603441202264967,8,True
22,7,Nyle Dimarco,9.333333333333334,0.1024188138509953,Winner,9.0,-5.0,1,RANK,0.5,8.297619047619047,0.1024188138509953,8,False
22,7,Paige Vanzant,9.166666666666666,0.07166550903655729,RunnerUp,9.0,-7.0,4,RANK,0.5,8.273809523809524,0.07166550903655729,8,False
22,7,Von Miller,8.666666666666666,0.37863012913564326,Eliminated,7.0,-6.0,3,RANK,0.5,7.464285714285714,0.37863012913564326,8,False
22,7,Wanya Morris,9.166666666666666,0.04434570585499846,Eliminated,9.0,-9.0,5,RANK,0.5,8.392857142857142,0.04434570585499846,8,False
22,8,Antonio Brown,9.0,0.13500869397213477,Eliminated,9.0,-7.0,3,RANK,0.5,7.739583333333333,0.13500869397213477,6,False
22,8,Ginger Zee,10.0,0.00823731906859883,Finalist,9.0,-6.0,1,RANK,0.5,8.229166666666666,0.00823731906859883,6,False
22,8,Jodie Sweetin,10.0,0.0002944422341684154,Eliminated,8.0,-7.0,3,RANK,0.5,7.958333333333334,0.0002944422341684154,6,False
22,8,Nyle Dimarco,9.666666666666666,0.05190066671931735,Winner,9.0,-6.0,1,RANK,0.5,8.46875,0.05190066671931735,6,False
22,8,Paige Vanzant,9.333333333333334,0.017906440647775065,RunnerUp,9.0,-8.0,6,RANK,0.5,8.40625,0.017906440647775065,6,True
22,8,Wanya Morris,8.333333333333334,0.7866524373579994,Eliminated,9.0,-7.0,3,RANK,0.5,8.385416666666666,0.7866524373579994,6,False
22,9,Antonio Brown,9.166666666666666,0.05323535251964333,Eliminated,9.0,-10.0,5,RANK,0.5,7.898148148148148,0.05323535251964333,5,True
22,9,Ginger Zee,9.333333333333334,0.07450136064738905,Finalist,9.0,-8.0,4,RANK,0.5,8.351851851851853,0.07450136064738905,5,False
22,9,Nyle Dimarco,9.5,0.6086539506964976,Winner,9.0,-4.0,2,RANK,0.5,8.583333333333334,0.6086539506964976,5,False
22,9,Paige Vanzant,9.833333333333334,0.12129791917431798,RunnerUp,9.0,-5.0,3,RANK,0.5,8.564814814814817,0.12129791917431798,5,False
22,9,Wanya Morris,10.0,0.14231141696215202,Eliminated,9.0,-3.0,1,RANK,0.5,8.564814814814815,0.14231141696215202,5,False
22,1,Antonio Brown,7.0,0.04659114303687528,Eliminated,9.0,0.1351987379724625,7,PERCENT,0.5,7.0,0.04659114303687528,12,False
22,1,Doug Flutie,5.0,0.0747247028719945,Eliminated,6.0,0.13801584211169965,6,PERCENT,0.5,5.0,0.0747247028719945,12,False
22,1,Geraldo Rivera,4.333333333333333,0.02813208183224791,Eliminated,2.0,0.08298440250665906,12,PERCENT,0.5,4.333333333333333,0.02813208183224791,12,True
22,1,Ginger Zee,7.666666666666667,0.06791295502073136,Finalist,9.0,0.16495936852161264,4,PERCENT,0.5,7.666666666666667,0.06791295502073136,12,False
22,1,Jodie Sweetin,6.666666666666667,0.020461431100390337,Eliminated,8.0,0.10484961675333057,10,PERCENT,0.5,6.666666666666667,0.020461431100390337,12,False
22,1,Kim Fields,6.666666666666667,0.022896562567965784,Eliminated,7.0,0.10728474822090601,9,PERCENT,0.5,6.666666666666667,0.022896562567965784,12,False
22,1,Marla Maples,7.0,0.025202997341606123,Eliminated,4.0,0.11381059227719337,8,PERCENT,0.5,7.0,0.025202997341606123,12,False
22,1,Mischa Barton,5.333333333333333,0.033159721646688275,Eliminated,3.0,0.10067027016904045,11,PERCENT,0.5,5.333333333333333,0.033159721646688275,12,False
22,1,Nyle Dimarco,7.666666666666667,0.07062053833669814,Winner,9.0,0.1676669518375794,3,PERCENT,0.5,7.666666666666667,0.07062053833669814,12,False
22,1,Paige Vanzant,7.0,0.17123504298597955,RunnerUp,9.0,0.2598426379215668,2,PERCENT,0.5,7.0,0.17123504298597955,12,False
22,1,Von Miller,7.0,0.3934944223148556,Eliminated,7.0,0.4821020172504428,1,PERCENT,0.5,7.0,0.3934944223148556,12,False
22,1,Wanya Morris,7.666666666666667,0.045568400943964686,Eliminated,9.0,0.14261481444484594,5,PERCENT,0.5,7.666666666666667,0.045568400943964686,12,False
22,2,Antonio Brown,6.333333333333333,0.0013074791026570917,Eliminated,9.0,0.08181595367790487,9,PERCENT,0.5,6.666666666666666,0.0013074791026570917,12,False
22,2,Doug Flutie,6.666666666666667,0.002990453706898681,Eliminated,6.0,0.08773621641768582,7,PERCENT,0.5,5.833333333333334,0.002990453706898681,12,False
22,2,Geraldo Rivera,4.333333333333333,0.0009169589098755179,Eliminated,2.0,0.05600170467188715,12,PERCENT,0.5,4.333333333333333,0.0009169589098755179,12,True
22,2,Ginger Zee,7.0,0.001621031918769776,Finalist,9.0,0.09060408276509627,5,PERCENT,0.5,7.333333333333334,0.001621031918769776,12,False
22,2,Jodie Sweetin,7.0,0.000580090154711028,Eliminated,8.0,0.08956314100103752,6,PERCENT,0.5,6.833333333333334,0.000580090154711028,12,False
22,2,Kim Fields,6.333333333333333,0.0006423092621789733,Eliminated,7.0,0.08115078383742674,10,PERCENT,0.5,6.5,0.0006423092621789733,12,False
22,2,Marla Maples,6.666666666666667,0.000722525871009418,Eliminated,4.0,0.08546828858179656,8,PERCENT,0.5,6.833333333333334,0.000722525871009418,12,False
22,2,Mischa Barton,5.0,0.0008133852361973561,Eliminated,3.0,0.0643727072692877,11,PERCENT,0.5,5.166666666666666,0.0008133852361973561,12,False
22,2,Nyle Dimarco,6.666666666666667,0.9746183508051272,Winner,9.0,1.0593641135159142,1,PERCENT,0.5,7.166666666666667,0.9746183508051272,12,False
22,2,Paige Vanzant,8.0,0.0032302997142647895,RunnerUp,9.0,0.10492521496720936,2,PERCENT,0.5,7.5,0.0032302997142647895,12,False
22,2,Von Miller,6.666666666666667,0.011135948908501565,Eliminated,7.0,0.09588171161928871,4,PERCENT,0.5,6.833333333333334,0.011135948908501565,12,False
22,2,Wanya Morris,8.0,0.0014211664098095784,Eliminated,9.0,0.10311608166275414,3,PERCENT,0.5,7.833333333333334,0.0014211664098095784,12,False
22,3,Antonio Brown,6.666666666666667,0.0753307501680172,Eliminated,9.0,0.15971893582095742,4,PERCENT,0.5,6.666666666666667,0.0753307501680172,11,False
22,3,Doug Flutie,6.666666666666667,0.04634135568789607,Eliminated,6.0,0.1307295413408363,7,PERCENT,0.5,6.111111111111112,0.04634135568789607,11,False
22,3,Ginger Zee,7.0,0.057598609088575746,Finalist,9.0,0.14620620402416298,5,PERCENT,0.5,7.222222222222222,0.057598609088575746,11,False
22,3,Jodie Sweetin,7.666666666666667,0.02274726129122169,Eliminated,8.0,0.11979367479210296,9,PERCENT,0.5,7.111111111111112,0.02274726129122169,11,False
22,3,Kim Fields,7.333333333333333,0.028484262527137233,Eliminated,7.0,0.12131126674537149,8,PERCENT,0.5,6.777777777777778,0.028484262527137233,11,False
22,3,Marla Maples,7.0,0.025420879794555075,Eliminated,4.0,0.11402847473014233,10,PERCENT,0.5,6.888888888888889,0.025420879794555075,11,False
22,3,Mischa Barton,6.0,0.032914847328872496,Eliminated,3.0,0.10886421441651871,11,PERCENT,0.5,5.444444444444444,0.032914847328872496,11,True
22,3,Nyle Dimarco,8.333333333333334,0.17193571043602934,Winner,9.0,0.2774209425022046,2,PERCENT,0.5,7.555555555555556,0.17193571043602934,11,False
22,3,Paige Vanzant,7.666666666666667,0.10609717015270206,RunnerUp,9.0,0.20314358365358332,3,PERCENT,0.5,7.555555555555556,0.10609717015270206,11,False
22,3,Von Miller,6.666666666666667,0.3947787035306906,Eliminated,7.0,0.4791668891836308,1,PERCENT,0.5,6.777777777777779,0.3947787035306906,11,False
22,3,Wanya Morris,8.0,0.038350449994303606,Eliminated,9.0,0.1396162727778319,6,PERCENT,0.5,7.888888888888889,0.038350449994303606,11,False
22,4,Antonio Brown,8.75,0.004297253802440775,Eliminated,9.0,0.114015122139623,6,PERCENT,0.5,7.1875,0.004297253802440775,10,False
22,4,Doug Flutie,6.0,0.6311849240120084,Eliminated,6.0,0.7064200337289334,1,PERCENT,0.5,6.083333333333334,0.6311849240120084,10,False
22,4,Ginger Zee,9.0,0.0041153885309398895,Finalist,9.0,0.11696805310632731,5,PERCENT,0.5,7.666666666666667,0.0041153885309398895,10,False
22,4,Jodie Sweetin,6.75,0.004176855728910818,Eliminated,8.0,0.08881635416045137,9,PERCENT,0.5,7.020833333333334,0.004176855728910818,10,False
22,4,Kim Fields,8.0,0.0018742265536033093,Eliminated,7.0,0.1021877061761699,8,PERCENT,0.5,7.083333333333333,0.0018742265536033093,10,False
22,4,Marla Maples,7.0,0.0006037952662098965,Eliminated,4.0,0.08837808993595567,10,PERCENT,0.5,6.916666666666667,0.0006037952662098965,10,True
22,4,Nyle Dimarco,8.5,0.32117248086917305,Winner,9.0,0.42775555296815004,2,PERCENT,0.5,7.791666666666667,0.32117248086917305,10,False
22,4,Paige Vanzant,9.0,0.00656739759093396,RunnerUp,9.0,0.11942006216632138,4,PERCENT,0.5,7.916666666666667,0.00656739759093396,10,False
22,4,Von Miller,8.0,0.022700877758806734,Eliminated,7.0,0.12301435738137333,3,PERCENT,0.5,7.083333333333334,0.022700877758806734,10,False
22,4,Wanya Morris,8.75,0.0033067998869724057,Eliminated,9.0,0.11302466822415463,7,PERCENT,0.5,8.104166666666668,0.0033067998869724057,10,False
22,5,Antonio Brown,6.5,0.04007359824985726,Eliminated,9.0,0.13427649679921663,8,PERCENT,0.5,7.05,0.04007359824985726,9,False
22,5,Doug Flutie,7.0,0.1811326508342911,Eliminated,6.0,0.28258192619513967,2,PERCENT,0.5,6.2666666666666675,0.1811326508342911,9,False
22,5,Ginger Zee,8.0,0.06066168159209843,Finalist,9.0,0.17660371057592536,5,PERCENT,0.5,7.733333333333334,0.06066168159209843,9,False
22,5,Jodie Sweetin,8.75,0.03472449353358061,Eliminated,8.0,0.16153608773464131,6,PERCENT,0.5,7.366666666666667,0.03472449353358061,9,False
22,5,Kim Fields,7.0,0.030260497790483638,Eliminated,7.0,0.1317097731513322,9,PERCENT,0.5,7.0666666666666655,0.030260497790483638,9,True
22,5,Nyle Dimarco,9.25,0.07928837379243217,Winner,9.0,0.21334634480498205,4,PERCENT,0.5,8.083333333333334,0.07928837379243217,9,False
22,5,Paige Vanzant,7.75,0.11133025131184283,RunnerUp,9.0,0.22364909188992516,3,PERCENT,0.5,7.883333333333335,0.11133025131184283,9,False
22,5,Von Miller,7.25,0.4138929621201163,Eliminated,7.0,0.5189654258867095,1,PERCENT,0.5,7.116666666666667,0.4138929621201163,9,False
22,5,Wanya Morris,7.5,0.04863549077530014,Eliminated,9.0,0.1573311429476379,7,PERCENT,0.5,7.983333333333334,0.04863549077530014,9,False
22,6,Antonio Brown,9.0,0.005320452565742069,Eliminated,9.0,0.12426318384170316,5,PERCENT,0.5,7.375,0.005320452565742069,9,False
22,6,Doug Flutie,7.0,0.002346165522064241,Eliminated,6.0,0.09485717873670065,9,PERCENT,0.5,6.388888888888889,0.002346165522064241,9,True
22,6,Ginger Zee,8.0,0.002927832823451895,Finalist,9.0,0.10865470506875065,7,PERCENT,0.5,7.777777777777779,0.002927832823451895,9,False
22,6,Jodie Sweetin,8.333333333333334,0.0014451643740873465,Eliminated,8.0,0.11157732296294022,6,PERCENT,0.5,7.527777777777779,0.0014451643740873465,9,False
22,6,Kim Fields,8.0,0.0016607252671741427,Eliminated,7.0,0.1073875975124729,8,PERCENT,0.5,7.222222222222221,0.0016607252671741427,9,False
22,6,Nyle Dimarco,8.333333333333334,0.9565023773903834,Winner,9.0,1.0666345359792362,1,PERCENT,0.5,8.125,0.9565023773903834,9,False
22,6,Paige Vanzant,9.333333333333334,0.0077670331654285845,RunnerUp,9.0,0.13111505078494382,2,PERCENT,0.5,8.125,0.0077670331654285845,9,False
22,6,Von Miller,8.0,0.020005148288534797,Eliminated,7.0,0.12573202053383356,4,PERCENT,0.5,7.263888888888889,0.020005148288534797,9,False
22,6,Wanya Morris,9.666666666666666,0.0020251006031354827,Eliminated,9.0,0.12977840456620482,3,PERCENT,0.5,8.26388888888889,0.0020251006031354827,9,False
22,7,Antonio Brown,8.666666666666666,0.055813754961067615,Eliminated,9.0,0.17730908206216814,6,PERCENT,0.5,7.559523809523809,0.055813754961067615,8,False
22,7,Ginger Zee,9.166666666666666,0.16068934612996136,Finalist,9.0,0.28919401902535613,2,PERCENT,0.5,7.976190476190476,0.16068934612996136,8,False
22,7,Jodie Sweetin,8.5,0.1678332998285095,Eliminated,8.0,0.2869921783315119,3,PERCENT,0.5,7.666666666666667,0.1678332998285095,8,False
22,7,Kim Fields,8.666666666666666,0.018603441202264967,Eliminated,7.0,0.14009876830336548,8,PERCENT,0.5,7.428571428571429,0.018603441202264967,8,True
22,7,Nyle Dimarco,9.333333333333334,0.1024188138509953,Winner,9.0,0.2332599353444882,4,PERCENT,0.5,8.297619047619047,0.1024188138509953,8,False
22,7,Paige Vanzant,9.166666666666666,0.07166550903655729,RunnerUp,9.0,0.20017018193195207,5,PERCENT,0.5,8.273809523809524,0.07166550903655729,8,False
22,7,Von Miller,8.666666666666666,0.37863012913564326,Eliminated,7.0,0.5001254562367438,1,PERCENT,0.5,7.464285714285714,0.37863012913564326,8,False
22,7,Wanya Morris,9.166666666666666,0.04434570585499846,Eliminated,9.0,0.17285037875039327,7,PERCENT,0.5,8.392857142857142,0.04434570585499846,8,False
22,8,Antonio Brown,9.0,0.13500869397213477,Eliminated,9.0,0.2947720075787662,2,PERCENT,0.5,7.739583333333333,0.13500869397213477,6,False
22,8,Ginger Zee,10.0,0.00823731906859883,Finalist,9.0,0.18575211196485597,4,PERCENT,0.5,8.229166666666666,0.00823731906859883,6,False
22,8,Jodie Sweetin,10.0,0.0002944422341684154,Eliminated,8.0,0.17780923513042554,6,PERCENT,0.5,7.958333333333334,0.0002944422341684154,6,True
22,8,Nyle Dimarco,9.666666666666666,0.05190066671931735,Winner,9.0,0.22349829985236588,3,PERCENT,0.5,8.46875,0.05190066671931735,6,False
22,8,Paige Vanzant,9.333333333333334,0.017906440647775065,RunnerUp,9.0,0.18358691401761507,5,PERCENT,0.5,8.40625,0.017906440647775065,6,False
22,8,Wanya Morris,8.333333333333334,0.7866524373579994,Eliminated,9.0,0.9345814314382137,1,PERCENT,0.5,8.385416666666666,0.7866524373579994,6,False
22,9,Antonio Brown,9.166666666666666,0.05323535251964333,Eliminated,9.0,0.24487298317765788,5,PERCENT,0.5,7.898148148148148,0.05323535251964333,5,True
22,9,Ginger Zee,9.333333333333334,0.07450136064738905,Finalist,9.0,0.26962331186282207,4,PERCENT,0.5,8.351851851851853,0.07450136064738905,5,False
22,9,Nyle Dimarco,9.5,0.6086539506964976,Winner,9.0,0.807260222469349,1,PERCENT,0.5,8.583333333333334,0.6086539506964976,5,False
22,9,Paige Vanzant,9.833333333333334,0.12129791917431798,RunnerUp,9.0,0.32687283206200635,3,PERCENT,0.5,8.564814814814817,0.12129791917431798,5,False
22,9,Wanya Morris,10.0,0.14231141696215202,Eliminated,9.0,0.3513706504072588,2,PERCENT,0.5,8.564814814814815,0.14231141696215202,5,False
23,1,Amber Rose,6.0,0.052091181060854495,Eliminated,6.0,-14.0,7,RANK,0.5,6.0,0.052091181060854495,13,False
23,1,Babyface,6.5,0.03014817210032898,Eliminated,4.0,-13.0,5,RANK,0.5,6.5,0.03014817210032898,13,False
23,1,Calvin Johnson Jr.,6.5,0.15505332681727502,Finalist,11.0,-8.0,3,RANK,0.5,6.5,0.15505332681727502,13,False
23,1,Jake T. Austin,5.5,0.04183424805300374,Eliminated,2.0,-17.0,10,RANK,0.5,5.5,0.04183424805300374,13,False
23,1,James Hinchcliffe,7.75,0.025523368774873805,RunnerUp,11.0,-10.0,4,RANK,0.5,7.75,0.025523368774873805,13,False
23,1,Jana Kramer,6.75,0.018435487961667295,Eliminated,11.0,-15.0,9,RANK,0.5,6.75,0.018435487961667295,13,False
23,1,Laurie Hernandez,7.75,0.1560559660826066,Winner,11.0,-3.0,1,RANK,0.5,7.75,0.1560559660826066,13,False
23,1,Marilu Henner,6.75,0.35734230967993563,Eliminated,9.0,-4.0,2,RANK,0.5,6.75,0.35734230967993563,13,False
23,1,Maureen Mccormick,5.5,0.02072227200041702,Eliminated,7.0,-22.0,12,RANK,0.5,5.5,0.02072227200041702,13,False
23,1,Rick Perry,5.0,0.01674417619402571,Eliminated,3.0,-26.0,13,RANK,0.5,5.0,0.01674417619402571,13,True
23,1,Ryan Lochte,6.0,0.06837443262767687,Eliminated,8.0,-13.0,5,RANK,0.5,6.0,0.06837443262767687,13,False
23,1,Terra Jole,6.25,0.022860128053885646,Eliminated,10.0,-17.0,10,RANK,0.5,6.25,0.022860128053885646,13,False
23,1,Vanilla Ice,6.25,0.034814930593448194,Eliminated,4.0,-14.0,7,RANK,0.5,6.25,0.034814930593448194,13,False
23,2,Amber Rose,6.0,0.015801170069125542,Eliminated,6.0,-19.0,12,RANK,0.5,6.0,0.015801170069125542,13,False
23,2,Babyface,7.5,0.03050889569969441,Eliminated,4.0,-9.0,2,RANK,0.5,7.0,0.03050889569969441,13,False
23,2,Calvin Johnson Jr.,7.0,0.0906031119665457,Finalist,11.0,-9.0,2,RANK,0.5,6.75,0.0906031119665457,13,False
23,2,Jake T. Austin,6.0,0.011384248789972198,Eliminated,2.0,-22.0,13,RANK,0.5,5.75,0.011384248789972198,13,True
23,2,James Hinchcliffe,7.25,0.00947444090285539,RunnerUp,11.0,-17.0,10,RANK,0.5,7.5,0.00947444090285539,13,False
23,2,Jana Kramer,7.25,0.012081276463431982,Eliminated,11.0,-15.0,7,RANK,0.5,7.0,0.012081276463431982,13,False
23,2,Laurie Hernandez,8.0,0.05606811769245475,Winner,11.0,-5.0,1,RANK,0.5,7.875,0.05606811769245475,13,False
23,2,Marilu Henner,6.75,0.2088695536703801,Eliminated,9.0,-9.0,2,RANK,0.5,6.75,0.2088695536703801,13,False
23,2,Maureen Mccormick,6.5,0.013413230018192163,Eliminated,7.0,-18.0,11,RANK,0.5,6.0,0.013413230018192163,13,False
23,2,Rick Perry,5.5,0.47451350476442256,Eliminated,3.0,-14.0,6,RANK,0.5,5.25,0.47451350476442256,13,False
23,2,Ryan Lochte,6.0,0.039615528177582855,Eliminated,8.0,-15.0,7,RANK,0.5,6.0,0.039615528177582855,13,False
23,2,Terra Jole,7.75,0.020376079465436812,Eliminated,10.0,-9.0,2,RANK,0.5,7.0,0.020376079465436812,13,False
23,2,Vanilla Ice,6.5,0.017290842319907004,Eliminated,4.0,-16.0,9,RANK,0.5,6.375,0.017290842319907004,13,False
23,3,Amber Rose,6.25,0.04660862394845815,Eliminated,6.0,-13.0,8,RANK,0.5,6.083333333333333,0.04660862394845815,12,False
23,3,Babyface,6.25,0.017939991340701907,Eliminated,4.0,-19.0,9,RANK,0.5,6.75,0.017939991340701907,12,False
23,3,Calvin Johnson Jr.,8.0,0.07444492339430496,Finalist,11.0,-5.0,2,RANK,0.5,7.166666666666667,0.07444492339430496,12,False
23,3,James Hinchcliffe,7.25,0.031142168933803477,RunnerUp,11.0,-11.0,4,RANK,0.5,7.416666666666667,0.031142168933803477,12,False
23,3,Jana Kramer,6.5,0.016576429602631552,Eliminated,11.0,-19.0,9,RANK,0.5,6.833333333333333,0.016576429602631552,12,False
23,3,Laurie Hernandez,7.75,0.30690893128619323,Winner,11.0,-4.0,1,RANK,0.5,7.833333333333333,0.30690893128619323,12,False
23,3,Marilu Henner,7.0,0.31763482861188014,Eliminated,9.0,-6.0,3,RANK,0.5,6.833333333333333,0.31763482861188014,12,False
23,3,Maureen Mccormick,7.0,0.037705971308004675,Eliminated,7.0,-11.0,4,RANK,0.5,6.333333333333333,0.037705971308004675,12,False
23,3,Rick Perry,5.75,0.01794352091208126,Eliminated,3.0,-21.0,12,RANK,0.5,5.416666666666667,0.01794352091208126,12,True
23,3,Ryan Lochte,6.25,0.08453709195984563,Eliminated,8.0,-11.0,4,RANK,0.5,6.083333333333333,0.08453709195984563,12,False
23,3,Terra Jole,7.5,0.020008483456405365,Eliminated,10.0,-12.0,7,RANK,0.5,7.166666666666667,0.020008483456405365,12,False
23,3,Vanilla Ice,5.75,0.028549035245684334,Eliminated,4.0,-19.0,9,RANK,0.5,6.166666666666667,0.028549035245684334,12,False
23,4,Amber Rose,8.0,0.07519214436287781,Eliminated,6.0,-8.0,2,RANK,0.5,6.5625,0.07519214436287781,11,False
23,4,Babyface,6.0,0.022530476339798565,Eliminated,4.0,-22.0,11,RANK,0.5,6.5625,0.022530476339798565,11,True
23,4,Calvin Johnson Jr.,7.666666666666667,0.03838983447959725,Finalist,11.0,-13.0,9,RANK,0.5,7.291666666666667,0.03838983447959725,11,False
23,4,James Hinchcliffe,9.333333333333334,0.046361361667193575,RunnerUp,11.0,-8.0,2,RANK,0.5,7.895833333333334,0.046361361667193575,11,False
23,4,Jana Kramer,7.666666666666667,0.02523370922057976,Eliminated,11.0,-16.0,10,RANK,0.5,7.041666666666667,0.02523370922057976,11,False
23,4,Laurie Hernandez,10.0,0.39504866424962254,Winner,11.0,-2.0,1,RANK,0.5,8.375,0.39504866424962254,11,False
23,4,Marilu Henner,7.0,0.17222801878531901,Eliminated,9.0,-12.0,5,RANK,0.5,6.875,0.17222801878531901,11,False
23,4,Maureen Mccormick,8.0,0.03299334754791846,Eliminated,7.0,-12.0,5,RANK,0.5,6.75,0.03299334754791846,11,False
23,4,Ryan Lochte,7.333333333333333,0.10613216240059599,Eliminated,8.0,-12.0,5,RANK,0.5,6.395833333333333,0.10613216240059599,11,False
23,4,Terra Jole,8.333333333333334,0.02846546731649863,Eliminated,10.0,-12.0,5,RANK,0.5,7.458333333333334,0.02846546731649863,11,False
23,4,Vanilla Ice,7.666666666666667,0.057424813630003464,Eliminated,4.0,-11.0,4,RANK,0.5,6.541666666666667,0.057424813630003464,11,False
23,5,Amber Rose,8.0,0.004219506265543747,Eliminated,6.0,-11.0,7,RANK,0.5,6.85,0.004219506265543747,9,False
23,5,Calvin Johnson Jr.,8.0,0.006024493034098505,Finalist,11.0,-10.0,5,RANK,0.5,7.433333333333333,0.006024493034098505,9,False
23,5,James Hinchcliffe,9.666666666666666,0.0013104824720561953,RunnerUp,11.0,-10.0,5,RANK,0.5,8.25,0.0013104824720561953,9,False
23,5,Jana Kramer,8.666666666666666,0.0018564653906246189,Eliminated,11.0,-11.0,7,RANK,0.5,7.366666666666665,0.0018564653906246189,9,False
23,5,Laurie Hernandez,8.333333333333334,0.9505749200577562,Winner,11.0,-6.0,2,RANK,0.5,8.366666666666667,0.9505749200577562,9,False
23,5,Marilu Henner,9.0,0.02238393454458612,Eliminated,9.0,-4.0,1,RANK,0.5,7.3,0.02238393454458612,9,False
23,5,Maureen Mccormick,8.0,0.0016457906863894668,Eliminated,7.0,-14.0,9,RANK,0.5,7.0,0.0016457906863894668,9,True
23,5,Ryan Lochte,8.0,0.00977532692986439,Eliminated,8.0,-9.0,4,RANK,0.5,6.716666666666666,0.00977532692986439,9,False
23,5,Terra Jole,9.0,0.0022090806190815677,Eliminated,10.0,-8.0,3,RANK,0.5,7.7666666666666675,0.0022090806190815677,9,False
23,6,Amber Rose,7.0,0.016430127602864608,Eliminated,6.0,-14.0,8,RANK,0.5,6.875,0.016430127602864608,9,False
23,6,Calvin Johnson Jr.,9.25,0.06235424329423209,Finalist,11.0,-6.0,2,RANK,0.5,7.736111111111112,0.06235424329423209,9,False
23,6,James Hinchcliffe,9.5,0.013998893851544642,RunnerUp,11.0,-8.0,4,RANK,0.5,8.458333333333334,0.013998893851544642,9,False
23,6,Jana Kramer,10.0,0.01057458293069394,Eliminated,11.0,-9.0,5,RANK,0.5,7.8055555555555545,0.01057458293069394,9,False
23,6,Laurie Hernandez,9.25,0.7040674530926202,Winner,11.0,-4.0,1,RANK,0.5,8.51388888888889,0.7040674530926202,9,False
23,6,Marilu Henner,8.5,0.14295452841705544,Eliminated,9.0,-7.0,3,RANK,0.5,7.5,0.14295452841705544,9,False
23,6,Maureen Mccormick,7.75,0.011990859569416236,Eliminated,7.0,-13.0,7,RANK,0.5,7.125,0.011990859569416236,9,False
23,6,Ryan Lochte,7.5,0.027163957920832066,Eliminated,8.0,-11.0,6,RANK,0.5,6.847222222222221,0.027163957920832066,9,False
23,6,Terra Jole,7.5,0.010465353320737603,Eliminated,10.0,-16.0,9,RANK,0.5,7.722222222222222,0.010465353320737603,9,True
23,7,Calvin Johnson Jr.,9.25,0.024347898447189487,Finalist,11.0,-5.0,2,RANK,0.5,7.952380952380953,0.024347898447189487,8,False
23,7,James Hinchcliffe,9.25,0.01024088359282252,RunnerUp,11.0,-9.0,4,RANK,0.5,8.571428571428571,0.01024088359282252,8,False
23,7,Jana Kramer,8.625,0.012338175455681753,Eliminated,11.0,-9.0,4,RANK,0.5,7.922619047619047,0.012338175455681753,8,False
23,7,Laurie Hernandez,8.625,0.614507857474366,Winner,11.0,-4.0,1,RANK,0.5,8.529761904761905,0.614507857474366,8,False
23,7,Marilu Henner,8.0,0.2402844687008159,Eliminated,9.0,-10.0,7,RANK,0.5,7.571428571428571,0.2402844687008159,8,False
23,7,Maureen Mccormick,8.25,0.012200942619012915,Eliminated,7.0,-13.0,8,RANK,0.5,7.285714285714286,0.012200942619012915,8,True
23,7,Ryan Lochte,8.25,0.06451292756727217,Eliminated,8.0,-9.0,4,RANK,0.5,7.047619047619047,0.06451292756727217,8,False
23,7,Terra Jole,8.625,0.021566846142840497,Eliminated,10.0,-8.0,3,RANK,0.5,7.851190476190476,0.021566846142840497,8,False
23,8,Calvin Johnson Jr.,10.0,0.0053294823060657135,Finalist,11.0,-7.0,2,RANK,0.5,8.208333333333334,0.0053294823060657135,7,False
23,8,James Hinchcliffe,11.6666,0.0014912800501287596,RunnerUp,11.0,-7.0,2,RANK,0.5,8.958325,0.0014912800501287596,7,False
23,8,Jana Kramer,10.0,0.002360932385436162,Eliminated,11.0,-8.0,4,RANK,0.5,8.182291666666666,0.002360932385436162,7,False
23,8,Laurie Hernandez,11.0,0.24045135000153445,Winner,11.0,-4.0,1,RANK,0.5,8.838541666666666,0.24045135000153445,7,False
23,8,Marilu Henner,7.666666666666667,0.5433335855243894,Eliminated,9.0,-8.0,4,RANK,0.5,7.583333333333333,0.5433335855243894,7,False
23,8,Ryan Lochte,8.666666666666666,0.001270085942350495,Eliminated,8.0,-12.0,7,RANK,0.5,7.25,0.001270085942350495,7,True
23,8,Terra Jole,8.0,0.20576328379009398,Eliminated,10.0,-9.0,6,RANK,0.5,7.869791666666667,0.20576328379009398,7,False
23,9,Calvin Johnson Jr.,9.25,0.20807506362789785,Finalist,11.0,-7.0,3,RANK,0.5,8.324074074074074,0.20807506362789785,6,False
23,9,James Hinchcliffe,9.0,0.24712448094222197,RunnerUp,11.0,-7.0,3,RANK,0.5,8.962955555555556,0.24712448094222197,6,False
23,9,Jana Kramer,10.0,0.0633296564164445,Eliminated,11.0,-7.0,3,RANK,0.5,8.38425925925926,0.0633296564164445,6,False
23,9,Laurie Hernandez,10.0,0.13259822589819906,Winner,11.0,-5.0,1,RANK,0.5,8.967592592592592,0.13259822589819906,6,False
23,9,Marilu Henner,9.0,0.2572416617737594,Eliminated,9.0,-6.0,2,RANK,0.5,7.740740740740741,0.2572416617737594,6,False
23,9,Terra Jole,9.5,0.09163091134147748,Eliminated,10.0,-8.0,6,RANK,0.5,8.050925925925926,0.09163091134147748,6,True
23,10,Calvin Johnson Jr.,9.333333333333334,0.595396826991265,Finalist,11.0,-6.0,2,RANK,0.5,8.425,0.595396826991265,2,True
23,10,James Hinchcliffe,9.833333333333334,0.1021683918596769,RunnerUp,11.0,-6.0,2,RANK,0.5,9.049993333333333,0.1021683918596769,2,True
23,10,Jana Kramer,9.666666666666666,0.24984211896790604,Eliminated,11.0,-6.0,2,RANK,0.5,8.5125,0.24984211896790604,2,True
23,10,Laurie Hernandez,10.0,0.0468057090354828,Winner,11.0,-5.0,1,RANK,0.5,9.070833333333333,0.0468057090354828,2,False
23,10,Terra Jole,10.0,0.005786953145679413,Eliminated,10.0,-6.0,2,RANK,0.5,8.245833333333334,0.005786953145679413,2,True
23,11,Calvin Johnson Jr.,9.583275,0.46858079217847337,Finalist,11.0,-4.0,2,RANK,0.5,8.530297727272727,0.46858079217847337,4,False
23,11,James Hinchcliffe,9.74995,0.14696064740998208,RunnerUp,11.0,-5.0,3,RANK,0.5,9.113625757575758,0.14696064740998208,4,False
23,11,Jana Kramer,8.875,0.1054070108288821,Eliminated,11.0,-8.0,4,RANK,0.5,8.545454545454545,0.1054070108288821,4,True
23,11,Laurie Hernandez,9.833300000000001,0.2790515495826642,Winner,11.0,-3.0,1,RANK,0.5,9.140148484848485,0.2790515495826642,4,False
23,1,Amber Rose,6.0,0.052091181060854495,Eliminated,6.0,0.12481845378724568,5,PERCENT,0.5,6.0,0.052091181060854495,13,False
23,1,Babyface,6.5,0.03014817210032898,Eliminated,4.0,0.10893605088725276,8,PERCENT,0.5,6.5,0.03014817210032898,13,False
23,1,Calvin Johnson Jr.,6.5,0.15505332681727502,Finalist,11.0,0.2338412056041988,3,PERCENT,0.5,6.5,0.15505332681727502,13,False
23,1,Jake T. Austin,5.5,0.04183424805300374,Eliminated,2.0,0.1085009147188623,9,PERCENT,0.5,5.5,0.04183424805300374,13,False
23,1,James Hinchcliffe,7.75,0.025523368774873805,RunnerUp,11.0,0.11946276271312908,6,PERCENT,0.5,7.75,0.025523368774873805,13,False
23,1,Jana Kramer,6.75,0.018435487961667295,Eliminated,11.0,0.10025366977885738,10,PERCENT,0.5,6.75,0.018435487961667295,13,False
23,1,Laurie Hernandez,7.75,0.1560559660826066,Winner,11.0,0.24999536002086187,2,PERCENT,0.5,7.75,0.1560559660826066,13,False
23,1,Marilu Henner,6.75,0.35734230967993563,Eliminated,9.0,0.4391604914971257,1,PERCENT,0.5,6.75,0.35734230967993563,13,False
23,1,Maureen Mccormick,5.5,0.02072227200041702,Eliminated,7.0,0.08738893866627559,12,PERCENT,0.5,5.5,0.02072227200041702,13,False
23,1,Rick Perry,5.0,0.01674417619402571,Eliminated,3.0,0.0773502367993517,13,PERCENT,0.5,5.0,0.01674417619402571,13,True
23,1,Ryan Lochte,6.0,0.06837443262767687,Eliminated,8.0,0.14110170535406805,4,PERCENT,0.5,6.0,0.06837443262767687,13,False
23,1,Terra Jole,6.25,0.022860128053885646,Eliminated,10.0,0.09861770381054313,11,PERCENT,0.5,6.25,0.022860128053885646,13,False
23,1,Vanilla Ice,6.25,0.034814930593448194,Eliminated,4.0,0.11057250635010568,7,PERCENT,0.5,6.25,0.034814930593448194,13,False
23,2,Amber Rose,6.0,0.015801170069125542,Eliminated,6.0,0.08398298825016892,12,PERCENT,0.5,6.0,0.015801170069125542,13,False
23,2,Babyface,7.5,0.03050889569969441,Eliminated,4.0,0.11573616842599864,5,PERCENT,0.5,7.0,0.03050889569969441,13,False
23,2,Calvin Johnson Jr.,7.0,0.0906031119665457,Finalist,11.0,0.17014856651109633,3,PERCENT,0.5,6.75,0.0906031119665457,13,False
23,2,Jake T. Austin,6.0,0.011384248789972198,Eliminated,2.0,0.07956606697101558,13,PERCENT,0.5,5.75,0.011384248789972198,13,True
23,2,James Hinchcliffe,7.25,0.00947444090285539,RunnerUp,11.0,0.09186080453828281,9,PERCENT,0.5,7.5,0.00947444090285539,13,False
23,2,Jana Kramer,7.25,0.012081276463431982,Eliminated,11.0,0.09446764009885941,8,PERCENT,0.5,7.0,0.012081276463431982,13,False
23,2,Laurie Hernandez,8.0,0.05606811769245475,Winner,11.0,0.1469772086005126,4,PERCENT,0.5,7.875,0.05606811769245475,13,False
23,2,Marilu Henner,6.75,0.2088695536703801,Eliminated,9.0,0.2855740991240539,2,PERCENT,0.5,6.75,0.2088695536703801,13,False
23,2,Maureen Mccormick,6.5,0.013413230018192163,Eliminated,7.0,0.08727686638098917,11,PERCENT,0.5,6.0,0.013413230018192163,13,False
23,2,Rick Perry,5.5,0.47451350476442256,Eliminated,3.0,0.5370135047637123,1,PERCENT,0.5,5.25,0.47451350476442256,13,False
23,2,Ryan Lochte,6.0,0.039615528177582855,Eliminated,8.0,0.10779734635862623,7,PERCENT,0.5,6.0,0.039615528177582855,13,False
23,2,Terra Jole,7.75,0.020376079465436812,Eliminated,10.0,0.10844426128261786,6,PERCENT,0.5,7.0,0.020376079465436812,13,False
23,2,Vanilla Ice,6.5,0.017290842319907004,Eliminated,4.0,0.091154478682704,10,PERCENT,0.5,6.375,0.017290842319907004,13,False
23,3,Amber Rose,6.25,0.04660862394845815,Eliminated,6.0,0.12353170087058832,6,PERCENT,0.5,6.083333333333333,0.04660862394845815,12,False
23,3,Babyface,6.25,0.017939991340701907,Eliminated,4.0,0.09486306826283208,11,PERCENT,0.5,6.75,0.017939991340701907,12,False
23,3,Calvin Johnson Jr.,8.0,0.07444492339430496,Finalist,11.0,0.1729064618546316,3,PERCENT,0.5,7.166666666666667,0.07444492339430496,12,False
23,3,James Hinchcliffe,7.25,0.031142168933803477,RunnerUp,11.0,0.12037293816347448,7,PERCENT,0.5,7.416666666666667,0.031142168933803477,12,False
23,3,Jana Kramer,6.5,0.016576429602631552,Eliminated,11.0,0.09657642960164695,10,PERCENT,0.5,6.833333333333333,0.016576429602631552,12,False
23,3,Laurie Hernandez,7.75,0.30690893128619323,Winner,11.0,0.4022935466696346,2,PERCENT,0.5,7.833333333333333,0.30690893128619323,12,False
23,3,Marilu Henner,7.0,0.31763482861188014,Eliminated,9.0,0.40378867476466596,1,PERCENT,0.5,6.833333333333333,0.31763482861188014,12,False
23,3,Maureen Mccormick,7.0,0.037705971308004675,Eliminated,7.0,0.12385981746079047,5,PERCENT,0.5,6.333333333333333,0.037705971308004675,12,False
23,3,Rick Perry,5.75,0.01794352091208126,Eliminated,3.0,0.08871275168044102,12,PERCENT,0.5,5.416666666666667,0.01794352091208126,12,True
23,3,Ryan Lochte,6.25,0.08453709195984563,Eliminated,8.0,0.16146016888197579,4,PERCENT,0.5,6.083333333333333,0.08453709195984563,12,False
23,3,Terra Jole,7.5,0.020008483456405365,Eliminated,10.0,0.11231617576296157,8,PERCENT,0.5,7.166666666666667,0.020008483456405365,12,False
23,3,Vanilla Ice,5.75,0.028549035245684334,Eliminated,4.0,0.09931826601404409,9,PERCENT,0.5,6.166666666666667,0.028549035245684334,12,False
23,4,Amber Rose,8.0,0.07519214436287781,Eliminated,6.0,0.1671461673503266,4,PERCENT,0.5,6.5625,0.07519214436287781,11,False
23,4,Babyface,6.0,0.022530476339798565,Eliminated,4.0,0.09149599358038515,11,PERCENT,0.5,6.5625,0.022530476339798565,11,True
23,4,Calvin Johnson Jr.,7.666666666666667,0.03838983447959725,Finalist,11.0,0.12651243984256902,7,PERCENT,0.5,7.291666666666667,0.03838983447959725,11,False
23,4,James Hinchcliffe,9.333333333333334,0.046361361667193575,RunnerUp,11.0,0.15364105515255053,5,PERCENT,0.5,7.895833333333334,0.046361361667193575,11,False
23,4,Jana Kramer,7.666666666666667,0.02523370922057976,Eliminated,11.0,0.11335631458355153,10,PERCENT,0.5,7.041666666666667,0.02523370922057976,11,False
23,4,Laurie Hernandez,10.0,0.39504866424962254,Winner,11.0,0.5099911929839336,1,PERCENT,0.5,8.375,0.39504866424962254,11,False
23,4,Marilu Henner,7.0,0.17222801878531901,Eliminated,9.0,0.25268778889933674,2,PERCENT,0.5,6.875,0.17222801878531901,11,False
23,4,Maureen Mccormick,8.0,0.03299334754791846,Eliminated,7.0,0.12494737053536725,8,PERCENT,0.5,6.75,0.03299334754791846,11,False
23,4,Ryan Lochte,7.333333333333333,0.10613216240059599,Eliminated,8.0,0.19042335013909073,3,PERCENT,0.5,6.395833333333333,0.10613216240059599,11,False
23,4,Terra Jole,8.333333333333334,0.02846546731649863,Eliminated,10.0,0.12425090792842447,9,PERCENT,0.5,7.458333333333334,0.02846546731649863,11,False
23,4,Vanilla Ice,7.666666666666667,0.057424813630003464,Eliminated,4.0,0.14554741899297524,6,PERCENT,0.5,6.541666666666667,0.057424813630003464,11,False
23,5,Amber Rose,8.0,0.004219506265543747,Eliminated,6.0,0.10856733235113922,8,PERCENT,0.5,6.85,0.004219506265543747,9,False
23,5,Calvin Johnson Jr.,8.0,0.006024493034098505,Finalist,11.0,0.11037231911969397,7,PERCENT,0.5,7.433333333333333,0.006024493034098505,9,False
23,5,James Hinchcliffe,9.666666666666666,0.0013104824720561953,RunnerUp,11.0,0.12739743899215072,3,PERCENT,0.5,8.25,0.0013104824720561953,9,False
23,5,Jana Kramer,8.666666666666666,0.0018564653906246189,Eliminated,11.0,0.11489994365001971,5,PERCENT,0.5,7.366666666666665,0.0018564653906246189,9,False
23,5,Laurie Hernandez,8.333333333333334,0.9505749200577562,Winner,11.0,1.0592705722302516,1,PERCENT,0.5,8.366666666666667,0.9505749200577562,9,False
23,5,Marilu Henner,9.0,0.02238393454458612,Eliminated,9.0,0.13977523889088103,2,PERCENT,0.5,7.3,0.02238393454458612,9,False
23,5,Maureen Mccormick,8.0,0.0016457906863894668,Eliminated,7.0,0.10599361677198493,9,PERCENT,0.5,7.0,0.0016457906863894668,9,True
23,5,Ryan Lochte,8.0,0.00977532692986439,Eliminated,8.0,0.11412315301545986,6,PERCENT,0.5,6.716666666666666,0.00977532692986439,9,False
23,5,Terra Jole,9.0,0.0022090806190815677,Eliminated,10.0,0.11960038496537648,4,PERCENT,0.5,7.7666666666666675,0.0022090806190815677,9,False
23,6,Amber Rose,7.0,0.016430127602864608,Eliminated,6.0,0.10823340629018521,9,PERCENT,0.5,6.875,0.016430127602864608,9,True
23,6,Calvin Johnson Jr.,9.25,0.06235424329423209,Finalist,11.0,0.18366571870247717,3,PERCENT,0.5,7.736111111111112,0.06235424329423209,9,False
23,6,James Hinchcliffe,9.5,0.013998893851544642,RunnerUp,11.0,0.1385890577843369,5,PERCENT,0.5,8.458333333333334,0.013998893851544642,9,False
23,6,Jana Kramer,10.0,0.01057458293069394,Eliminated,11.0,0.14172212391258052,4,PERCENT,0.5,7.8055555555555545,0.01057458293069394,9,False
23,6,Laurie Hernandez,9.25,0.7040674530926202,Winner,11.0,0.8253789285008652,1,PERCENT,0.5,8.51388888888889,0.7040674530926202,9,False
23,6,Marilu Henner,8.5,0.14295452841705544,Eliminated,9.0,0.25442993825165905,2,PERCENT,0.5,7.5,0.14295452841705544,9,False
23,6,Maureen Mccormick,7.75,0.011990859569416236,Eliminated,7.0,0.11363020383037833,7,PERCENT,0.5,7.125,0.011990859569416236,9,False
23,6,Ryan Lochte,7.5,0.027163957920832066,Eliminated,8.0,0.125524613657247,6,PERCENT,0.5,6.847222222222221,0.027163957920832066,9,False
23,6,Terra Jole,7.5,0.010465353320737603,Eliminated,10.0,0.10882600905715253,8,PERCENT,0.5,7.722222222222222,0.010465353320737603,9,False
23,7,Calvin Johnson Jr.,9.25,0.024347898447189487,Finalist,11.0,0.15864916886266242,4,PERCENT,0.5,7.952380952380953,0.024347898447189487,8,False
23,7,James Hinchcliffe,9.25,0.01024088359282252,RunnerUp,11.0,0.14454215400829545,6,PERCENT,0.5,8.571428571428571,0.01024088359282252,8,False
23,7,Jana Kramer,8.625,0.012338175455681753,Eliminated,11.0,0.13756503570794706,7,PERCENT,0.5,7.922619047619047,0.012338175455681753,8,False
23,7,Laurie Hernandez,8.625,0.614507857474366,Winner,11.0,0.7397347177266314,1,PERCENT,0.5,8.529761904761905,0.614507857474366,8,False
23,7,Marilu Henner,8.0,0.2402844687008159,Eliminated,9.0,0.3564369187898736,2,PERCENT,0.5,7.571428571428571,0.2402844687008159,8,False
23,7,Maureen Mccormick,8.25,0.012200942619012915,Eliminated,7.0,0.13198315677335362,8,PERCENT,0.5,7.285714285714286,0.012200942619012915,8,True
23,7,Ryan Lochte,8.25,0.06451292756727217,Eliminated,8.0,0.18429514172161288,3,PERCENT,0.5,7.047619047619047,0.06451292756727217,8,False
23,7,Terra Jole,8.625,0.021566846142840497,Eliminated,10.0,0.1467937063951058,5,PERCENT,0.5,7.851190476190476,0.021566846142840497,8,False
23,8,Calvin Johnson Jr.,10.0,0.0053294823060657135,Finalist,11.0,0.15458336215844487,5,PERCENT,0.5,8.208333333333334,0.0053294823060657135,7,False
23,8,James Hinchcliffe,11.6666,0.0014912800501287596,RunnerUp,11.0,0.1756198115187054,4,PERCENT,0.5,8.958325,0.0014912800501287596,7,False
23,8,Jana Kramer,10.0,0.002360932385436162,Eliminated,11.0,0.1516148122378153,6,PERCENT,0.5,8.182291666666666,0.002360932385436162,7,False
23,8,Laurie Hernandez,11.0,0.24045135000153445,Winner,11.0,0.4046306178391515,2,PERCENT,0.5,8.838541666666666,0.24045135000153445,7,False
23,8,Marilu Henner,7.666666666666667,0.5433335855243894,Eliminated,9.0,0.6577615600778801,1,PERCENT,0.5,7.583333333333333,0.5433335855243894,7,False
23,8,Ryan Lochte,8.666666666666666,0.001270085942350495,Eliminated,8.0,0.1306234484810791,7,PERCENT,0.5,7.25,0.001270085942350495,7,True
23,8,Terra Jole,8.0,0.20576328379009398,Eliminated,10.0,0.3251663876719973,3,PERCENT,0.5,7.869791666666667,0.20576328379009398,7,False
23,9,Calvin Johnson Jr.,9.25,0.20807506362789785,Finalist,11.0,0.3710706583386821,3,PERCENT,0.5,8.324074074074074,0.20807506362789785,6,False
23,9,James Hinchcliffe,9.0,0.24712448094222197,RunnerUp,11.0,0.40571478930947147,2,PERCENT,0.5,8.962955555555556,0.24712448094222197,6,False
23,9,Jana Kramer,10.0,0.0633296564164445,Eliminated,11.0,0.23954111015783286,6,PERCENT,0.5,8.38425925925926,0.0633296564164445,6,True
23,9,Laurie Hernandez,10.0,0.13259822589819906,Winner,11.0,0.3088096796395874,4,PERCENT,0.5,8.967592592592592,0.13259822589819906,6,False
23,9,Marilu Henner,9.0,0.2572416617737594,Eliminated,9.0,0.4158319701410089,1,PERCENT,0.5,7.740740740740741,0.2572416617737594,6,False
23,9,Terra Jole,9.5,0.09163091134147748,Eliminated,10.0,0.25903179239579643,5,PERCENT,0.5,8.050925925925926,0.09163091134147748,6,False
23,10,Calvin Johnson Jr.,9.333333333333334,0.595396826991265,Finalist,11.0,0.7865231068508324,1,PERCENT,0.5,8.425,0.595396826991265,5,False
23,10,James Hinchcliffe,9.833333333333334,0.1021683918596769,RunnerUp,11.0,0.30353357956886395,3,PERCENT,0.5,9.049993333333333,0.1021683918596769,5,False
23,10,Jana Kramer,9.666666666666666,0.24984211896790604,Eliminated,11.0,0.4477943373938865,2,PERCENT,0.5,8.5125,0.24984211896790604,5,False
23,10,Laurie Hernandez,10.0,0.0468057090354828,Winner,11.0,0.2515838660278764,4,PERCENT,0.5,9.070833333333333,0.0468057090354828,5,False
23,10,Terra Jole,10.0,0.005786953145679413,Eliminated,10.0,0.21056511013807305,5,PERCENT,0.5,8.245833333333334,0.005786953145679413,5,True
23,11,Calvin Johnson Jr.,9.583275,0.46858079217847337,Finalist,11.0,0.7204969548388316,1,PERCENT,0.5,8.530297727272727,0.46858079217847337,4,False
23,11,James Hinchcliffe,9.74995,0.14696064740998208,RunnerUp,11.0,0.4032582064522051,3,PERCENT,0.5,9.113625757575758,0.14696064740998208,4,False
23,11,Jana Kramer,8.875,0.1054070108288821,Eliminated,11.0,0.33870470327855917,4,PERCENT,0.5,8.545454545454545,0.1054070108288821,4,True
23,11,Laurie Hernandez,9.833300000000001,0.2790515495826642,Winner,11.0,0.5375401354041189,2,PERCENT,0.5,9.140148484848485,0.2790515495826642,4,False
24,1,Bonner Bolton,5.5,0.08221681222743225,Eliminated,8.0,-13.0,6,RANK,0.5,5.5,0.08221681222743225,12,False
24,1,Charo,5.25,0.016032491063025237,Eliminated,3.0,-22.0,12,RANK,0.5,5.25,0.016032491063025237,12,True
24,1,Chris Kattan,4.25,0.025441968801080468,Eliminated,2.0,-20.0,11,RANK,0.5,4.25,0.025441968801080468,12,False
24,1,David Ross,7.0,0.30638371457206415,RunnerUp,9.0,-4.0,1,RANK,0.5,7.0,0.30638371457206415,12,False
24,1,Erika Jayne,6.0,0.01751259205223046,Eliminated,5.0,-18.0,10,RANK,0.5,6.0,0.01751259205223046,12,False
24,1,Heather Morris,7.0,0.03027944507677802,Eliminated,6.0,-10.0,4,RANK,0.5,7.0,0.03027944507677802,12,False
24,1,Mr. T,5.0,0.058645062924499766,Eliminated,4.0,-16.0,9,RANK,0.5,5.0,0.058645062924499766,12,False
24,1,Nancy Kerrigan,7.0,0.022007741598809333,Eliminated,7.0,-13.0,6,RANK,0.5,7.0,0.022007741598809333,12,False
24,1,Nick Viall,6.0,0.03599479425852976,Eliminated,7.0,-13.0,6,RANK,0.5,6.0,0.03599479425852976,12,False
24,1,Normani,6.75,0.13346932096348801,Finalist,9.0,-9.0,3,RANK,0.5,6.75,0.13346932096348801,12,False
24,1,Rashad Jennings,7.75,0.24946710219540144,Winner,9.0,-4.0,1,RANK,0.5,7.75,0.24946710219540144,12,False
24,1,Simone Biles,8.0,0.022548954266661127,Eliminated,9.0,-10.0,4,RANK,0.5,8.0,0.022548954266661127,12,False
24,2,Bonner Bolton,7.0,0.1750837253409851,Eliminated,8.0,-8.0,3,RANK,0.5,6.25,0.1750837253409851,12,False
24,2,Charo,6.25,0.020299889571059868,Eliminated,3.0,-21.0,12,RANK,0.5,5.75,0.020299889571059868,12,True
24,2,Chris Kattan,5.5,0.04833472871520159,Eliminated,2.0,-17.0,10,RANK,0.5,4.875,0.04833472871520159,12,False
24,2,David Ross,6.75,0.10758929513247065,RunnerUp,9.0,-12.0,5,RANK,0.5,6.875,0.10758929513247065,12,False
24,2,Erika Jayne,7.0,0.033163663118753,Eliminated,5.0,-14.0,6,RANK,0.5,6.5,0.033163663118753,12,False
24,2,Heather Morris,7.5,0.04761504240739974,Eliminated,6.0,-10.0,4,RANK,0.5,7.25,0.04761504240739974,12,False
24,2,Mr. T,5.5,0.08353102197609352,Eliminated,4.0,-16.0,9,RANK,0.5,5.25,0.08353102197609352,12,False
24,2,Nancy Kerrigan,7.0,0.0293840716933442,Eliminated,7.0,-15.0,7,RANK,0.5,7.0,0.0293840716933442,12,False
24,2,Nick Viall,6.25,0.0395821664949104,Eliminated,7.0,-17.0,10,RANK,0.5,6.125,0.0395821664949104,12,False
24,2,Normani,8.0,0.2034244775819619,Finalist,9.0,-2.0,1,RANK,0.5,7.375,0.2034244775819619,12,False
24,2,Rashad Jennings,8.0,0.1894532543520983,Winner,9.0,-3.0,2,RANK,0.5,7.875,0.1894532543520983,12,False
24,2,Simone Biles,7.25,0.02253866361572171,Eliminated,9.0,-15.0,7,RANK,0.5,7.625,0.02253866361572171,12,False
24,3,Bonner Bolton,6.0,0.0006421062287672286,Eliminated,8.0,-18.0,10,RANK,0.5,6.166666666666667,0.0006421062287672286,11,False
24,3,Charo,6.0,0.0004314944213437164,Eliminated,3.0,-20.0,11,RANK,0.5,5.833333333333333,0.0004314944213437164,11,True
24,3,David Ross,7.75,0.007645612239854365,RunnerUp,9.0,-7.0,2,RANK,0.5,7.166666666666667,0.007645612239854365,11,False
24,3,Erika Jayne,6.5,0.0005523657913515206,Eliminated,5.0,-17.0,9,RANK,0.5,6.5,0.0005523657913515206,11,False
24,3,Heather Morris,8.25,0.0008890789116401807,Eliminated,6.0,-8.0,4,RANK,0.5,7.583333333333333,0.0008890789116401807,11,False
24,3,Mr. T,6.0,0.0020439263529100906,Eliminated,4.0,-13.0,7,RANK,0.5,5.5,0.0020439263529100906,11,False
24,3,Nancy Kerrigan,8.25,0.0007173253561186493,Eliminated,7.0,-10.0,6,RANK,0.5,7.416666666666667,0.0007173253561186493,11,False
24,3,Nick Viall,6.5,0.0007500449455121297,Eliminated,7.0,-14.0,8,RANK,0.5,6.25,0.0007500449455121297,11,False
24,3,Normani,8.5,0.0022418438995980713,Finalist,9.0,-4.0,1,RANK,0.5,7.75,0.0022418438995980713,11,False
24,3,Rashad Jennings,7.0,0.9826616201387393,Winner,9.0,-7.0,2,RANK,0.5,7.583333333333333,0.9826616201387393,11,False
24,3,Simone Biles,8.0,0.0014245817141649664,Eliminated,9.0,-9.0,5,RANK,0.5,7.75,0.0014245817141649664,11,False
24,4,Bonner Bolton,8.0,0.17586554245817057,Eliminated,8.0,-7.0,2,RANK,0.5,6.625,0.17586554245817057,10,False
24,4,David Ross,7.75,0.4039927150769131,RunnerUp,9.0,-8.0,3,RANK,0.5,7.3125,0.4039927150769131,10,False
24,4,Erika Jayne,7.5,0.02921645263720501,Eliminated,5.0,-17.0,10,RANK,0.5,6.75,0.02921645263720501,10,True
24,4,Heather Morris,8.75,0.033634672384474845,Eliminated,6.0,-11.0,6,RANK,0.5,7.875,0.033634672384474845,10,False
24,4,Mr. T,7.0,0.10833234603372849,Eliminated,4.0,-13.0,7,RANK,0.5,5.875,0.10833234603372849,10,False
24,4,Nancy Kerrigan,8.25,0.02599209517126612,Eliminated,7.0,-14.0,8,RANK,0.5,7.625,0.02599209517126612,10,False
24,4,Nick Viall,7.5,0.04740705708169723,Eliminated,7.0,-14.0,8,RANK,0.5,6.5625,0.04740705708169723,10,False
24,4,Normani,8.0,0.07709911540059848,Finalist,9.0,-9.0,4,RANK,0.5,7.8125,0.07709911540059848,10,False
24,4,Rashad Jennings,9.75,0.058838366231696665,Winner,9.0,-6.0,1,RANK,0.5,8.125,0.058838366231696665,10,False
24,4,Simone Biles,9.0,0.03962163752425139,Eliminated,9.0,-9.0,4,RANK,0.5,8.0625,0.03962163752425139,10,False
24,5,Bonner Bolton,7.5,0.0020110528050484733,Eliminated,8.0,-12.0,8,RANK,0.5,6.8,0.0020110528050484733,9,False
24,5,David Ross,7.25,0.006667050001354725,RunnerUp,9.0,-11.0,6,RANK,0.5,7.3,0.006667050001354725,9,False
24,5,Erika Jayne,8.0,0.0002829908752041331,Eliminated,5.0,-15.0,9,RANK,0.5,7.0,0.0002829908752041331,9,True
24,5,Heather Morris,8.5,0.0007780394125762618,Eliminated,6.0,-10.0,5,RANK,0.5,8.0,0.0007780394125762618,9,False
24,5,Nancy Kerrigan,9.0,0.0006386539522880973,Eliminated,7.0,-11.0,6,RANK,0.5,7.9,0.0006386539522880973,9,False
24,5,Nick Viall,8.5,0.0017764598165463219,Eliminated,7.0,-9.0,3,RANK,0.5,6.95,0.0017764598165463219,9,False
24,5,Normani,9.75,0.004153793422215925,Finalist,9.0,-4.0,1,RANK,0.5,8.2,0.004153793422215925,9,False
24,5,Rashad Jennings,8.0,0.9830025956378388,Winner,9.0,-7.0,2,RANK,0.5,8.1,0.9830025956378388,9,False
24,5,Simone Biles,9.5,0.0006893640769244903,Eliminated,9.0,-9.0,3,RANK,0.5,8.35,0.0006893640769244903,9,False
24,6,Bonner Bolton,7.875,0.19890945673422447,Eliminated,8.0,-9.0,2,RANK,0.5,6.979166666666667,0.19890945673422447,7,False
24,6,David Ross,7.75,0.33215354699694993,RunnerUp,9.0,-9.0,2,RANK,0.5,7.375,0.33215354699694993,7,False
24,6,Heather Morris,9.25,0.00032444622983131,Eliminated,6.0,-9.0,2,RANK,0.5,8.208333333333334,0.00032444622983131,7,False
24,6,Nancy Kerrigan,8.375,0.0023383950013770214,Eliminated,7.0,-10.0,7,RANK,0.5,7.979166666666667,0.0023383950013770214,7,True
24,6,Nick Viall,7.625,0.43293752040645195,Eliminated,7.0,-9.0,2,RANK,0.5,7.0625,0.43293752040645195,7,False
24,6,Normani,9.0,0.0014512762887001864,Finalist,9.0,-9.0,2,RANK,0.5,8.333333333333334,0.0014512762887001864,7,False
24,6,Rashad Jennings,8.75,0.03036462909660121,Winner,9.0,-7.0,1,RANK,0.5,8.208333333333334,0.03036462909660121,7,False
24,6,Simone Biles,8.625,0.0015207292458661909,Eliminated,9.0,-10.0,7,RANK,0.5,8.395833333333334,0.0015207292458661909,7,True
24,7,Bonner Bolton,7.75,0.5692721319255883,Eliminated,8.0,-8.0,3,RANK,0.5,7.089285714285714,0.5692721319255883,7,False
24,7,David Ross,8.0,0.32850667381786686,RunnerUp,9.0,-8.0,3,RANK,0.5,7.464285714285714,0.32850667381786686,7,False
24,7,Nancy Kerrigan,9.0,0.00036118238357344426,Eliminated,7.0,-11.0,7,RANK,0.5,8.125,0.00036118238357344426,7,True
24,7,Nick Viall,8.5,0.009096980773755866,Eliminated,7.0,-9.0,6,RANK,0.5,7.267857142857143,0.009096980773755866,7,False
24,7,Normani,10.5,0.006815872737521277,Finalist,9.0,-6.0,2,RANK,0.5,8.642857142857142,0.006815872737521277,7,False
24,7,Rashad Jennings,9.75,0.08233202781656124,Winner,9.0,-5.0,1,RANK,0.5,8.428571428571429,0.08233202781656124,7,False
24,7,Simone Biles,9.75,0.0036151305451357614,Eliminated,9.0,-8.0,3,RANK,0.5,8.589285714285714,0.0036151305451357614,7,False
24,8,Bonner Bolton,7.25,0.07502155644214475,Eliminated,8.0,-8.0,4,RANK,0.5,7.109375,0.07502155644214475,4,True
24,8,David Ross,8.125,0.27970504305314003,RunnerUp,9.0,-6.0,3,RANK,0.5,7.546875,0.27970504305314003,4,False
24,8,Normani,9.875,0.06259388790036523,Finalist,9.0,-5.0,2,RANK,0.5,8.796875,0.06259388790036523,4,False
24,8,Rashad Jennings,9.375,0.529486664215726,Winner,9.0,-3.0,1,RANK,0.5,8.546875,0.529486664215726,4,False
24,8,Simone Biles,9.0,0.05319284838862533,Eliminated,9.0,-8.0,4,RANK,0.5,8.640625,0.05319284838862533,4,True
24,9,David Ross,8.75,0.7878948365558366,RunnerUp,9.0,-5.0,2,RANK,0.5,7.680555555555555,0.7878948365558366,4,False
24,9,Normani,9.5,0.06510865321111588,Finalist,9.0,-6.0,4,RANK,0.5,8.875,0.06510865321111588,4,True
24,9,Rashad Jennings,9.625,0.1444043412953774,Winner,9.0,-4.0,1,RANK,0.5,8.666666666666666,0.1444043412953774,4,False
24,9,Simone Biles,10.0,0.0025921689376676065,Eliminated,9.0,-5.0,2,RANK,0.5,8.791666666666666,0.0025921689376676065,4,False
24,1,Bonner Bolton,5.5,0.08221681222743225,Eliminated,8.0,0.15506449434567268,4,PERCENT,0.5,5.5,0.08221681222743225,12,False
24,1,Charo,5.25,0.016032491063025237,Eliminated,3.0,0.08556891490316382,11,PERCENT,0.5,5.25,0.016032491063025237,12,False
24,1,Chris Kattan,4.25,0.025441968801080468,Eliminated,2.0,0.08173335952881171,12,PERCENT,0.5,4.25,0.025441968801080468,12,True
24,1,David Ross,7.0,0.30638371457206415,RunnerUp,9.0,0.39909894635891563,1,PERCENT,0.5,7.0,0.30638371457206415,12,False
24,1,Erika Jayne,6.0,0.01751259205223046,Eliminated,5.0,0.09698279072667457,10,PERCENT,0.5,6.0,0.01751259205223046,12,False
24,1,Heather Morris,7.0,0.03027944507677802,Eliminated,6.0,0.12299467686362947,7,PERCENT,0.5,7.0,0.03027944507677802,12,False
24,1,Mr. T,5.0,0.058645062924499766,Eliminated,4.0,0.12487022848653652,6,PERCENT,0.5,5.0,0.058645062924499766,12,False
24,1,Nancy Kerrigan,7.0,0.022007741598809333,Eliminated,7.0,0.11472297338566079,9,PERCENT,0.5,7.0,0.022007741598809333,12,False
24,1,Nick Viall,6.0,0.03599479425852976,Eliminated,7.0,0.11546499293297385,8,PERCENT,0.5,6.0,0.03599479425852976,12,False
24,1,Normani,6.75,0.13346932096348801,Finalist,9.0,0.22287329447223764,3,PERCENT,0.5,6.75,0.13346932096348801,12,False
24,1,Rashad Jennings,7.75,0.24946710219540144,Winner,9.0,0.3521161088165584,2,PERCENT,0.5,7.75,0.24946710219540144,12,False
24,1,Simone Biles,8.0,0.022548954266661127,Eliminated,9.0,0.12850921916591992,5,PERCENT,0.5,8.0,0.022548954266661127,12,False
24,2,Bonner Bolton,7.0,0.1750837253409851,Eliminated,8.0,0.26044957899848065,3,PERCENT,0.5,6.25,0.1750837253409851,12,False
24,2,Charo,6.25,0.020299889571059868,Eliminated,3.0,0.09651940176525231,12,PERCENT,0.5,5.75,0.020299889571059868,12,True
24,2,Chris Kattan,5.5,0.04833472871520159,Eliminated,2.0,0.11540789944609095,9,PERCENT,0.5,4.875,0.04833472871520159,12,False
24,2,David Ross,6.75,0.10758929513247065,RunnerUp,9.0,0.18990636830219848,4,PERCENT,0.5,6.875,0.10758929513247065,12,False
24,2,Erika Jayne,7.0,0.033163663118753,Eliminated,5.0,0.11852951677624854,7,PERCENT,0.5,6.5,0.033163663118753,12,False
24,2,Heather Morris,7.5,0.04761504240739974,Eliminated,6.0,0.13907845704043068,6,PERCENT,0.5,7.25,0.04761504240739974,12,False
24,2,Mr. T,5.5,0.08353102197609352,Eliminated,4.0,0.1506041927069829,5,PERCENT,0.5,5.25,0.08353102197609352,12,False
24,2,Nancy Kerrigan,7.0,0.0293840716933442,Eliminated,7.0,0.11474992535083973,10,PERCENT,0.5,7.0,0.0293840716933442,12,False
24,2,Nick Viall,6.25,0.0395821664949104,Eliminated,7.0,0.11580167868910285,8,PERCENT,0.5,6.125,0.0395821664949104,12,False
24,2,Normani,8.0,0.2034244775819619,Finalist,9.0,0.3009854531905282,1,PERCENT,0.5,7.375,0.2034244775819619,12,False
24,2,Rashad Jennings,8.0,0.1894532543520983,Winner,9.0,0.2870142299606646,2,PERCENT,0.5,7.875,0.1894532543520983,12,False
24,2,Simone Biles,7.25,0.02253866361572171,Eliminated,9.0,0.11095329776098495,11,PERCENT,0.5,7.625,0.02253866361572171,12,False
24,3,Bonner Bolton,6.0,0.0006421062287672286,Eliminated,8.0,0.07683258241827592,10,PERCENT,0.5,6.166666666666667,0.0006421062287672286,11,False
24,3,Charo,6.0,0.0004314944213437164,Eliminated,3.0,0.07662197061085241,11,PERCENT,0.5,5.833333333333333,0.0004314944213437164,11,True
24,3,David Ross,7.75,0.007645612239854365,RunnerUp,9.0,0.1060583106513031,3,PERCENT,0.5,7.166666666666667,0.007645612239854365,11,False
24,3,Erika Jayne,6.5,0.0005523657913515206,Eliminated,5.0,0.08309204832998594,8,PERCENT,0.5,6.5,0.0005523657913515206,11,False
24,3,Heather Morris,8.25,0.0008890789116401807,Eliminated,6.0,0.10565098367221464,4,PERCENT,0.5,7.583333333333333,0.0008890789116401807,11,False
24,3,Mr. T,6.0,0.0020439263529100906,Eliminated,4.0,0.07823440254241878,9,PERCENT,0.5,5.5,0.0020439263529100906,11,False
24,3,Nancy Kerrigan,8.25,0.0007173253561186493,Eliminated,7.0,0.1054792301166931,5,PERCENT,0.5,7.416666666666667,0.0007173253561186493,11,False
24,3,Nick Viall,6.5,0.0007500449455121297,Eliminated,7.0,0.08328972748414655,7,PERCENT,0.5,6.25,0.0007500449455121297,11,False
24,3,Normani,8.5,0.0022418438995980713,Finalist,9.0,0.11017835183473539,2,PERCENT,0.5,7.75,0.0022418438995980713,11,False
24,3,Rashad Jennings,7.0,0.9826616201387393,Winner,9.0,1.0715505090264994,1,PERCENT,0.5,7.583333333333333,0.9826616201387393,11,False
24,3,Simone Biles,8.0,0.0014245817141649664,Eliminated,9.0,0.10301188330017656,6,PERCENT,0.5,7.75,0.0014245817141649664,11,False
24,4,Bonner Bolton,8.0,0.17586554245817057,Eliminated,8.0,0.27402505165942015,2,PERCENT,0.5,6.625,0.17586554245817057,10,False
24,4,David Ross,7.75,0.4039927150769131,RunnerUp,9.0,0.4990847396156236,1,PERCENT,0.5,7.3125,0.4039927150769131,10,False
24,4,Erika Jayne,7.5,0.02921645263720501,Eliminated,5.0,0.12124099251337649,10,PERCENT,0.5,6.75,0.02921645263720501,10,True
24,4,Heather Morris,8.75,0.033634672384474845,Eliminated,6.0,0.14099663557334158,7,PERCENT,0.5,7.875,0.033634672384474845,10,False
24,4,Mr. T,7.0,0.10833234603372849,Eliminated,4.0,0.19422191658482185,3,PERCENT,0.5,5.875,0.10833234603372849,10,False
24,4,Nancy Kerrigan,8.25,0.02599209517126612,Eliminated,7.0,0.12721908903505474,9,PERCENT,0.5,7.625,0.02599209517126612,10,False
24,4,Nick Viall,7.5,0.04740705708169723,Eliminated,7.0,0.1394315969578687,8,PERCENT,0.5,6.5625,0.04740705708169723,10,False
24,4,Normani,8.0,0.07709911540059848,Finalist,9.0,0.17525862460184805,5,PERCENT,0.5,7.8125,0.07709911540059848,10,False
24,4,Rashad Jennings,9.75,0.058838366231696665,Winner,9.0,0.17847026807071958,4,PERCENT,0.5,8.125,0.058838366231696665,10,False
24,4,Simone Biles,9.0,0.03962163752425139,Eliminated,9.0,0.15005108537565714,6,PERCENT,0.5,8.0625,0.03962163752425139,10,False
24,5,Bonner Bolton,7.5,0.0020110528050484733,Eliminated,8.0,0.10069526333006577,9,PERCENT,0.5,6.8,0.0020110528050484733,9,True
24,5,David Ross,7.25,0.006667050001354725,RunnerUp,9.0,0.1020617868422048,8,PERCENT,0.5,7.3,0.006667050001354725,9,False
24,5,Erika Jayne,8.0,0.0002829908752041331,Eliminated,5.0,0.10554614876855592,7,PERCENT,0.5,7.0,0.0002829908752041331,9,False
24,5,Heather Morris,8.5,0.0007780394125762618,Eliminated,6.0,0.11262014467426254,6,PERCENT,0.5,8.0,0.0007780394125762618,9,False
24,5,Nancy Kerrigan,9.0,0.0006386539522880973,Eliminated,7.0,0.11905970658230887,4,PERCENT,0.5,7.9,0.0006386539522880973,9,False
24,5,Nick Viall,8.5,0.0017764598165463219,Eliminated,7.0,0.1136185650782326,5,PERCENT,0.5,6.95,0.0017764598165463219,9,False
24,5,Normani,9.75,0.004153793422215925,Finalist,9.0,0.13244326710473842,2,PERCENT,0.5,8.2,0.004153793422215925,9,False
24,5,Rashad Jennings,8.0,0.9830025956378388,Winner,9.0,1.0882657535311906,1,PERCENT,0.5,8.1,0.9830025956378388,9,False
24,5,Simone Biles,9.5,0.0006893640769244903,Eliminated,9.0,0.12568936407527975,3,PERCENT,0.5,8.35,0.0006893640769244903,9,False
24,6,Bonner Bolton,7.875,0.19890945673422447,Eliminated,8.0,0.3160098284796951,3,PERCENT,0.5,6.979166666666667,0.19890945673422447,8,False
24,6,David Ross,7.75,0.33215354699694993,RunnerUp,9.0,0.44739518268296863,2,PERCENT,0.5,7.375,0.33215354699694993,8,False
24,6,Heather Morris,9.25,0.00032444622983131,Eliminated,6.0,0.13787091462927298,5,PERCENT,0.5,8.208333333333334,0.00032444622983131,8,False
24,6,Nancy Kerrigan,8.375,0.0023383950013770214,Eliminated,7.0,0.1268737109846553,8,PERCENT,0.5,7.979166666666667,0.0023383950013770214,8,True
24,6,Nick Viall,7.625,0.43293752040645195,Eliminated,7.0,0.5463204200330187,1,PERCENT,0.5,7.0625,0.43293752040645195,8,False
24,6,Normani,9.0,0.0014512762887001864,Finalist,9.0,0.13528027256923802,6,PERCENT,0.5,8.333333333333334,0.0014512762887001864,8,False
24,6,Rashad Jennings,8.75,0.03036462909660121,Winner,9.0,0.16047615325823522,4,PERCENT,0.5,8.208333333333334,0.03036462909660121,8,False
24,6,Simone Biles,8.625,0.0015207292458661909,Eliminated,9.0,0.1297735173480483,7,PERCENT,0.5,8.395833333333334,0.0015207292458661909,8,False
24,7,Bonner Bolton,7.75,0.5692721319255883,Eliminated,8.0,0.6918017761924258,1,PERCENT,0.5,7.089285714285714,0.5692721319255883,7,False
24,7,David Ross,8.0,0.32850667381786686,RunnerUp,9.0,0.4549888872546023,2,PERCENT,0.5,7.464285714285714,0.32850667381786686,7,False
24,7,Nancy Kerrigan,9.0,0.00036118238357344426,Eliminated,7.0,0.14265367249990082,7,PERCENT,0.5,8.125,0.00036118238357344426,7,True
24,7,Nick Viall,8.5,0.009096980773755866,Eliminated,7.0,0.1434843325502873,6,PERCENT,0.5,7.267857142857143,0.009096980773755866,7,False
24,7,Normani,10.5,0.006815872737521277,Finalist,9.0,0.17282377787323658,4,PERCENT,0.5,8.642857142857142,0.006815872737521277,7,False
24,7,Rashad Jennings,9.75,0.08233202781656124,Winner,9.0,0.2364822254425826,3,PERCENT,0.5,8.428571428571429,0.08233202781656124,7,False
24,7,Simone Biles,9.75,0.0036151305451357614,Eliminated,9.0,0.15776532817115713,5,PERCENT,0.5,8.589285714285714,0.0036151305451357614,7,False
24,8,Bonner Bolton,7.25,0.07502155644214475,Eliminated,8.0,0.24121066818618628,5,PERCENT,0.5,7.109375,0.07502155644214475,5,True
24,8,David Ross,8.125,0.27970504305314003,RunnerUp,9.0,0.4659514613869797,2,PERCENT,0.5,7.546875,0.27970504305314003,5,False
24,8,Normani,9.875,0.06259388790036523,Finalist,9.0,0.2889549194138011,3,PERCENT,0.5,8.796875,0.06259388790036523,5,False
24,8,Rashad Jennings,9.375,0.529486664215726,Winner,9.0,0.7443863776778487,1,PERCENT,0.5,8.546875,0.529486664215726,5,False
24,8,Simone Biles,9.0,0.05319284838862533,Eliminated,9.0,0.25949657331226306,4,PERCENT,0.5,8.640625,0.05319284838862533,5,False
24,9,David Ross,8.75,0.7878948365558366,RunnerUp,9.0,1.018917938859968,1,PERCENT,0.5,7.680555555555555,0.7878948365558366,4,False
24,9,Normani,9.5,0.06510865321111588,Finalist,9.0,0.31593373571274425,3,PERCENT,0.5,8.875,0.06510865321111588,4,False
24,9,Rashad Jennings,9.625,0.1444043412953774,Winner,9.0,0.39852975382992195,2,PERCENT,0.5,8.666666666666666,0.1444043412953774,4,False
24,9,Simone Biles,10.0,0.0025921689376676065,Eliminated,9.0,0.2666185715709607,4,PERCENT,0.5,8.791666666666666,0.0025921689376676065,4,True
25,1,Barbara Corcoran,4.666666666666667,0.01784395536803511,Eliminated,2.0,-26.0,13,RANK,0.5,4.666666666666667,0.01784395536803511,13,True
25,1,Debbie Gibson,5.666666666666667,0.05557523275743827,Eliminated,2.0,-15.0,8,RANK,0.5,5.666666666666667,0.05557523275743827,13,False
25,1,Derek Fisher,6.0,0.07180244509372777,Eliminated,4.0,-11.0,4,RANK,0.5,6.0,0.07180244509372777,13,False
25,1,Drew Scott,5.333333333333333,0.01975069701337222,Eliminated,10.0,-23.0,12,RANK,0.5,5.333333333333333,0.01975069701337222,13,False
25,1,Frankie Muniz,6.333333333333333,0.024281313283032305,Finalist,10.0,-15.0,8,RANK,0.5,6.333333333333333,0.024281313283032305,13,False
25,1,Jordan Fisher,7.333333333333333,0.1664631880602059,Winner,10.0,-3.0,1,RANK,0.5,7.333333333333333,0.1664631880602059,13,False
25,1,Lindsey Stirling,7.333333333333333,0.043823909643049025,RunnerUp,10.0,-7.0,3,RANK,0.5,7.333333333333333,0.043823909643049025,13,False
25,1,Nick Lachey,6.0,0.03726213935955624,Eliminated,6.0,-14.0,7,RANK,0.5,6.0,0.03726213935955624,13,False
25,1,Nikki Bella,6.666666666666667,0.027507732162476754,Eliminated,7.0,-13.0,6,RANK,0.5,6.666666666666667,0.027507732162476754,13,False
25,1,Sasha Pieterse,6.0,0.021861390879935456,Eliminated,5.0,-18.0,11,RANK,0.5,6.0,0.021861390879935456,13,False
25,1,Terrell Owens,5.0,0.10227901626487433,Eliminated,8.0,-15.0,8,RANK,0.5,5.0,0.10227901626487433,13,False
25,1,Vanessa Lachey,7.0,0.03166681974404675,Eliminated,7.0,-11.0,4,RANK,0.5,7.0,0.03166681974404675,13,False
25,1,Victoria Arlen,6.333333333333333,0.3798821603702501,Eliminated,9.0,-6.0,2,RANK,0.5,6.333333333333333,0.3798821603702501,13,False
25,2,Barbara Corcoran,5.666666666666667,0.01795705969882006,Eliminated,2.0,-26.0,13,RANK,0.5,5.166666666666667,0.01795705969882006,13,True
25,2,Debbie Gibson,6.833333333333333,0.07235543589118489,Eliminated,2.0,-11.0,5,RANK,0.5,6.25,0.07235543589118489,13,False
25,2,Derek Fisher,6.333333333333333,0.055374667287091714,Eliminated,4.0,-16.0,9,RANK,0.5,6.166666666666666,0.055374667287091714,13,False
25,2,Drew Scott,6.833333333333333,0.027829486544398943,Eliminated,10.0,-16.0,9,RANK,0.5,6.083333333333333,0.027829486544398943,13,False
25,2,Frankie Muniz,8.0,0.040611984600391074,Finalist,10.0,-7.0,2,RANK,0.5,7.166666666666666,0.040611984600391074,13,False
25,2,Jordan Fisher,8.0,0.10480730514715245,Winner,10.0,-4.0,1,RANK,0.5,7.666666666666666,0.10480730514715245,13,False
25,2,Lindsey Stirling,7.5,0.02181177994221802,RunnerUp,10.0,-15.0,8,RANK,0.5,7.416666666666666,0.02181177994221802,13,False
25,2,Nick Lachey,6.333333333333333,0.024281814638011,Eliminated,6.0,-21.0,11,RANK,0.5,6.166666666666666,0.024281814638011,13,False
25,2,Nikki Bella,6.5,0.01978970741790598,Eliminated,7.0,-21.0,11,RANK,0.5,6.583333333333334,0.01978970741790598,13,False
25,2,Sasha Pieterse,7.5,0.031491018483863056,Eliminated,5.0,-12.0,7,RANK,0.5,6.75,0.031491018483863056,13,False
25,2,Terrell Owens,6.5,0.1663042113055958,Eliminated,8.0,-11.0,5,RANK,0.5,5.75,0.1663042113055958,13,False
25,2,Vanessa Lachey,7.833333333333333,0.03713088087828164,Eliminated,7.0,-10.0,4,RANK,0.5,7.416666666666666,0.03713088087828164,13,False
25,2,Victoria Arlen,7.333333333333333,0.3802546481650835,Eliminated,9.0,-7.0,2,RANK,0.5,6.833333333333333,0.3802546481650835,13,False
25,3,Derek Fisher,7.0,0.043173520751275,Eliminated,4.0,-10.0,5,RANK,0.5,6.444444444444444,0.043173520751275,11,False
25,3,Drew Scott,7.666666666666667,0.016358380999475747,Eliminated,10.0,-12.0,8,RANK,0.5,6.611111111111111,0.016358380999475747,11,False
25,3,Frankie Muniz,7.0,0.014417365198703585,Finalist,10.0,-16.0,10,RANK,0.5,7.111111111111111,0.014417365198703585,11,False
25,3,Jordan Fisher,8.333333333333334,0.6649227518936934,Winner,10.0,-3.0,1,RANK,0.5,7.888888888888889,0.6649227518936934,11,False
25,3,Lindsey Stirling,9.0,0.01963219473442517,RunnerUp,10.0,-8.0,3,RANK,0.5,7.944444444444444,0.01963219473442517,11,False
25,3,Nick Lachey,7.0,0.026797751929765173,Eliminated,6.0,-11.0,6,RANK,0.5,6.444444444444444,0.026797751929765173,11,False
25,3,Nikki Bella,7.0,0.022554422091133376,Eliminated,7.0,-12.0,8,RANK,0.5,6.722222222222222,0.022554422091133376,11,False
25,3,Sasha Pieterse,6.333333333333333,0.0132750248507118,Eliminated,5.0,-22.0,11,RANK,0.5,6.611111111111111,0.0132750248507118,11,True
25,3,Terrell Owens,7.0,0.06114522860089527,Eliminated,8.0,-9.0,4,RANK,0.5,6.166666666666667,0.06114522860089527,11,False
25,3,Vanessa Lachey,7.666666666666667,0.018635905248305773,Eliminated,7.0,-11.0,6,RANK,0.5,7.5,0.018635905248305773,11,False
25,3,Victoria Arlen,7.333333333333333,0.0990874537016145,Eliminated,9.0,-7.0,2,RANK,0.5,7.0,0.0990874537016145,11,False
25,4,Derek Fisher,7.666666666666667,0.027604374797903765,Eliminated,4.0,-17.0,11,RANK,0.5,6.75,0.027604374797903765,11,True
25,4,Drew Scott,8.0,0.016098588874298263,Eliminated,10.0,-15.0,10,RANK,0.5,6.958333333333333,0.016098588874298263,11,False
25,4,Frankie Muniz,8.0,0.023412265007093053,Finalist,10.0,-12.0,6,RANK,0.5,7.333333333333333,0.023412265007093053,11,False
25,4,Jordan Fisher,9.666666666666666,0.12407725822872565,Winner,10.0,-4.0,1,RANK,0.5,8.333333333333334,0.12407725822872565,11,False
25,4,Lindsey Stirling,8.666666666666666,0.018355157601270888,RunnerUp,10.0,-13.0,8,RANK,0.5,8.125,0.018355157601270888,11,False
25,4,Nick Lachey,7.333333333333333,0.33525330470734976,Eliminated,6.0,-12.0,6,RANK,0.5,6.666666666666666,0.33525330470734976,11,False
25,4,Nikki Bella,8.0,0.04159817521834835,Eliminated,7.0,-9.0,4,RANK,0.5,7.041666666666667,0.04159817521834835,11,False
25,4,Sasha Pieterse,8.0,0.03348059932198101,Eliminated,5.0,-10.0,5,RANK,0.5,6.958333333333333,0.03348059932198101,11,False
25,4,Terrell Owens,8.0,0.07658503095316385,Eliminated,8.0,-8.0,3,RANK,0.5,6.625,0.07658503095316385,11,False
25,4,Vanessa Lachey,8.0,0.020090431709681573,Eliminated,7.0,-13.0,8,RANK,0.5,7.625,0.020090431709681573,11,False
25,4,Victoria Arlen,9.0,0.28344481358018525,Eliminated,9.0,-4.0,1,RANK,0.5,7.5,0.28344481358018525,11,False
25,5,Drew Scott,8.333333333333334,0.011449167612495528,Eliminated,10.0,-15.0,8,RANK,0.5,7.2333333333333325,0.011449167612495528,10,False
25,5,Frankie Muniz,9.666666666666666,0.030815544320710566,Finalist,10.0,-7.0,2,RANK,0.5,7.8,0.030815544320710566,10,False
25,5,Jordan Fisher,10.0,0.16147218781271183,Winner,10.0,-3.0,1,RANK,0.5,8.666666666666668,0.16147218781271183,10,False
25,5,Lindsey Stirling,9.333333333333334,0.02349085797894323,RunnerUp,10.0,-9.0,4,RANK,0.5,8.366666666666665,0.02349085797894323,10,False
25,5,Nick Lachey,7.333333333333333,0.6215140542615198,Eliminated,6.0,-11.0,6,RANK,0.5,6.8,0.6215140542615198,10,False
25,5,Nikki Bella,9.0,0.018772304102007115,Eliminated,7.0,-11.0,6,RANK,0.5,7.4333333333333345,0.018772304102007115,10,False
25,5,Sasha Pieterse,8.0,0.005198574429389322,Eliminated,5.0,-18.0,10,RANK,0.5,7.166666666666666,0.005198574429389322,10,True
25,5,Terrell Owens,8.333333333333334,0.04332717822066927,Eliminated,8.0,-10.0,5,RANK,0.5,6.966666666666667,0.04332717822066927,10,False
25,5,Vanessa Lachey,8.0,0.013612845346147298,Eliminated,7.0,-16.0,9,RANK,0.5,7.7,0.013612845346147298,10,False
25,5,Victoria Arlen,9.0,0.0703472859154069,Eliminated,9.0,-7.0,2,RANK,0.5,7.8,0.0703472859154069,10,False
25,6,Drew Scott,7.5,0.030461442335827784,Eliminated,10.0,-16.0,8,RANK,0.5,7.277777777777778,0.030461442335827784,8,True
25,6,Frankie Muniz,7.75,0.026955047023458273,Finalist,10.0,-15.0,7,RANK,0.5,7.791666666666667,0.026955047023458273,8,False
25,6,Jordan Fisher,9.75,0.29688629795163035,Winner,10.0,-4.0,1,RANK,0.5,8.847222222222223,0.29688629795163035,8,False
25,6,Lindsey Stirling,10.0,0.04598580982026655,RunnerUp,10.0,-6.0,3,RANK,0.5,8.638888888888888,0.04598580982026655,8,False
25,6,Nick Lachey,6.5,0.036040874408132556,Eliminated,6.0,-16.0,8,RANK,0.5,6.75,0.036040874408132556,8,True
25,6,Nikki Bella,9.0,0.04315490940334817,Eliminated,7.0,-10.0,6,RANK,0.5,7.6944444444444455,0.04315490940334817,8,False
25,6,Terrell Owens,9.25,0.36832936011049455,Eliminated,8.0,-4.0,1,RANK,0.5,7.347222222222222,0.36832936011049455,8,False
25,6,Vanessa Lachey,9.0,0.053404971579681486,Eliminated,7.0,-8.0,4,RANK,0.5,7.916666666666667,0.053404971579681486,8,False
25,6,Victoria Arlen,7.75,0.09878128736716241,Eliminated,9.0,-9.0,5,RANK,0.5,7.791666666666667,0.09878128736716241,8,False
25,7,Drew Scott,9.5,0.007870729624250922,Eliminated,10.0,-7.0,3,RANK,0.5,7.595238095238095,0.007870729624250922,8,False
25,7,Frankie Muniz,10.0,0.006423035331694061,Finalist,10.0,-8.0,4,RANK,0.5,8.107142857142858,0.006423035331694061,8,False
25,7,Jordan Fisher,9.0,0.8789154549410197,Winner,10.0,-5.0,2,RANK,0.5,8.869047619047619,0.8789154549410197,8,False
25,7,Lindsey Stirling,8.5,0.006565939901961438,RunnerUp,10.0,-12.0,7,RANK,0.5,8.619047619047619,0.006565939901961438,8,False
25,7,Nikki Bella,8.0,0.005597818463298896,Eliminated,7.0,-16.0,8,RANK,0.5,7.738095238095239,0.005597818463298896,8,True
25,7,Terrell Owens,8.166666666666666,0.017982531387897044,Eliminated,8.0,-10.0,6,RANK,0.5,7.464285714285714,0.017982531387897044,8,False
25,7,Vanessa Lachey,9.0,0.009773702613041798,Eliminated,7.0,-8.0,4,RANK,0.5,8.071428571428571,0.009773702613041798,8,False
25,7,Victoria Arlen,9.5,0.06687078773683006,Eliminated,9.0,-4.0,1,RANK,0.5,8.035714285714286,0.06687078773683006,8,False
25,8,Drew Scott,7.833333333333333,0.5321902546554812,Eliminated,10.0,-7.0,3,RANK,0.5,7.625,0.5321902546554812,5,False
25,8,Frankie Muniz,8.833333333333334,0.009601649465393072,Finalist,10.0,-9.0,5,RANK,0.5,8.197916666666666,0.009601649465393072,5,True
25,8,Jordan Fisher,10.0,0.0658313369457255,Winner,10.0,-4.0,1,RANK,0.5,9.010416666666666,0.0658313369457255,5,False
25,8,Lindsey Stirling,9.0,0.012438491113202041,RunnerUp,10.0,-6.0,2,RANK,0.5,8.666666666666666,0.012438491113202041,5,False
25,8,Terrell Owens,8.5,0.009718529089582694,Eliminated,8.0,-9.0,5,RANK,0.5,7.59375,0.009718529089582694,5,True
25,8,Victoria Arlen,8.0,0.37021973873061903,Eliminated,9.0,-7.0,3,RANK,0.5,8.03125,0.37021973873061903,5,False
25,9,Drew Scott,8.0,0.7399942472197173,Eliminated,10.0,-6.0,2,RANK,0.5,7.666666666666667,0.7399942472197173,4,False
25,9,Frankie Muniz,8.5,0.24236495194397162,Finalist,10.0,-6.0,2,RANK,0.5,8.231481481481481,0.24236495194397162,4,False
25,9,Jordan Fisher,9.666666666666666,0.007396484768700259,Winner,10.0,-4.0,1,RANK,0.5,9.083333333333334,0.007396484768700259,4,False
25,9,Lindsey Stirling,9.5,0.004561807091145317,RunnerUp,10.0,-7.0,4,RANK,0.5,8.75925925925926,0.004561807091145317,4,True
25,9,Victoria Arlen,9.333333333333334,0.005682508976462315,Eliminated,9.0,-7.0,4,RANK,0.5,8.175925925925926,0.005682508976462315,4,True
25,10,Drew Scott,9.375,0.14152439650020815,Eliminated,10.0,-7.0,4,RANK,0.5,7.8375,0.14152439650020815,4,True
25,10,Frankie Muniz,9.722175,0.22995971009497249,Finalist,10.0,-5.0,2,RANK,0.5,8.380550833333334,0.22995971009497249,4,False
25,10,Jordan Fisher,10.0,0.5282343237614671,Winner,10.0,-2.0,1,RANK,0.5,9.175,0.5282343237614671,4,False
25,10,Lindsey Stirling,10.0,0.10028156964335928,RunnerUp,10.0,-5.0,2,RANK,0.5,8.883333333333333,0.10028156964335928,4,False
25,1,Barbara Corcoran,4.666666666666667,0.01784395536803511,Eliminated,2.0,0.07642136122504042,13,PERCENT,0.5,4.666666666666667,0.01784395536803511,13,True
25,1,Debbie Gibson,5.666666666666667,0.05557523275743827,Eliminated,2.0,0.12670493986951614,6,PERCENT,0.5,5.666666666666667,0.05557523275743827,13,False
25,1,Derek Fisher,6.0,0.07180244509372777,Eliminated,4.0,0.14711625262416317,4,PERCENT,0.5,6.0,0.07180244509372777,13,False
25,1,Drew Scott,5.333333333333333,0.01975069701337222,Eliminated,10.0,0.08669630370709257,12,PERCENT,0.5,5.333333333333333,0.01975069701337222,13,False
25,1,Frankie Muniz,6.333333333333333,0.024281313283032305,Finalist,10.0,0.10377922123182522,10,PERCENT,0.5,6.333333333333333,0.024281313283032305,13,False
25,1,Jordan Fisher,7.333333333333333,0.1664631880602059,Winner,10.0,0.2585133972640714,2,PERCENT,0.5,7.333333333333333,0.1664631880602059,13,False
25,1,Lindsey Stirling,7.333333333333333,0.043823909643049025,RunnerUp,10.0,0.13587411884691453,5,PERCENT,0.5,7.333333333333333,0.043823909643049025,13,False
25,1,Nick Lachey,6.0,0.03726213935955624,Eliminated,6.0,0.11257594688999165,8,PERCENT,0.5,6.0,0.03726213935955624,13,False
25,1,Nikki Bella,6.666666666666667,0.027507732162476754,Eliminated,7.0,0.11118974052962721,9,PERCENT,0.5,6.666666666666667,0.027507732162476754,13,False
25,1,Sasha Pieterse,6.0,0.021861390879935456,Eliminated,5.0,0.09717519841037085,11,PERCENT,0.5,6.0,0.021861390879935456,13,False
25,1,Terrell Owens,5.0,0.10227901626487433,Eliminated,8.0,0.16504052254023716,3,PERCENT,0.5,5.0,0.10227901626487433,13,False
25,1,Vanessa Lachey,7.0,0.03166681974404675,Eliminated,7.0,0.11953292852955472,7,PERCENT,0.5,7.0,0.03166681974404675,13,False
25,1,Victoria Arlen,6.333333333333333,0.3798821603702501,Eliminated,9.0,0.459380068319043,1,PERCENT,0.5,6.333333333333333,0.3798821603702501,13,False
25,2,Barbara Corcoran,5.666666666666667,0.01795705969882006,Eliminated,2.0,0.08011428090471961,13,PERCENT,0.5,5.166666666666667,0.01795705969882006,13,True
25,2,Debbie Gibson,6.833333333333333,0.07235543589118489,Eliminated,2.0,0.14730973205124023,4,PERCENT,0.5,6.25,0.07235543589118489,13,False
25,2,Derek Fisher,6.333333333333333,0.055374667287091714,Eliminated,4.0,0.12484450275250887,6,PERCENT,0.5,6.166666666666666,0.055374667287091714,13,False
25,2,Drew Scott,6.833333333333333,0.027829486544398943,Eliminated,10.0,0.10278378270445429,10,PERCENT,0.5,6.083333333333333,0.027829486544398943,13,False
25,2,Frankie Muniz,8.0,0.040611984600391074,Finalist,10.0,0.12836335571460222,5,PERCENT,0.5,7.166666666666666,0.040611984600391074,13,False
25,2,Jordan Fisher,8.0,0.10480730514715245,Winner,10.0,0.19255867626136358,3,PERCENT,0.5,7.666666666666666,0.10480730514715245,13,False
25,2,Lindsey Stirling,7.5,0.02181177994221802,RunnerUp,10.0,0.10407869036179096,9,PERCENT,0.5,7.416666666666666,0.02181177994221802,13,False
25,2,Nick Lachey,6.333333333333333,0.024281814638011,Eliminated,6.0,0.09375165010342816,11,PERCENT,0.5,6.166666666666666,0.024281814638011,13,False
25,2,Nikki Bella,6.5,0.01978970741790598,Eliminated,7.0,0.09108769644820253,12,PERCENT,0.5,6.583333333333334,0.01978970741790598,13,False
25,2,Sasha Pieterse,7.5,0.031491018483863056,Eliminated,5.0,0.113757928903436,8,PERCENT,0.5,6.75,0.031491018483863056,13,False
25,2,Terrell Owens,6.5,0.1663042113055958,Eliminated,8.0,0.23760220033589236,2,PERCENT,0.5,5.75,0.1663042113055958,13,False
25,2,Vanessa Lachey,7.833333333333333,0.03713088087828164,Eliminated,7.0,0.12305409842761339,7,PERCENT,0.5,7.416666666666666,0.03713088087828164,13,False
25,2,Victoria Arlen,7.333333333333333,0.3802546481650835,Eliminated,9.0,0.460693405019777,1,PERCENT,0.5,6.833333333333333,0.3802546481650835,13,False
25,3,Derek Fisher,7.0,0.043173520751275,Eliminated,4.0,0.12923909452070861,5,PERCENT,0.5,6.444444444444444,0.043173520751275,11,False
25,3,Drew Scott,7.666666666666667,0.016358380999475747,Eliminated,10.0,0.110620676080284,8,PERCENT,0.5,6.611111111111111,0.016358380999475747,11,False
25,3,Frankie Muniz,7.0,0.014417365198703585,Finalist,10.0,0.1004829389681372,10,PERCENT,0.5,7.111111111111111,0.014417365198703585,11,False
25,3,Jordan Fisher,8.333333333333334,0.6649227518936934,Winner,10.0,0.7673817682858763,1,PERCENT,0.5,7.888888888888889,0.6649227518936934,11,False
25,3,Lindsey Stirling,9.0,0.01963219473442517,RunnerUp,10.0,0.13028793243798267,4,PERCENT,0.5,7.944444444444444,0.01963219473442517,11,False
25,3,Nick Lachey,7.0,0.026797751929765173,Eliminated,6.0,0.1128633256991988,7,PERCENT,0.5,6.444444444444444,0.026797751929765173,11,False
25,3,Nikki Bella,7.0,0.022554422091133376,Eliminated,7.0,0.108619995860567,9,PERCENT,0.5,6.722222222222222,0.022554422091133376,11,False
25,3,Sasha Pieterse,6.333333333333333,0.0132750248507118,Eliminated,5.0,0.09114387730877078,11,PERCENT,0.5,6.611111111111111,0.0132750248507118,11,True
25,3,Terrell Owens,7.0,0.06114522860089527,Eliminated,8.0,0.14721080237032888,3,PERCENT,0.5,6.166666666666667,0.06114522860089527,11,False
25,3,Vanessa Lachey,7.666666666666667,0.018635905248305773,Eliminated,7.0,0.11289820032911403,6,PERCENT,0.5,7.5,0.018635905248305773,11,False
25,3,Victoria Arlen,7.333333333333333,0.0990874537016145,Eliminated,9.0,0.18925138812673542,2,PERCENT,0.5,7.0,0.0990874537016145,11,False
25,4,Derek Fisher,7.666666666666667,0.027604374797903765,Eliminated,4.0,0.11247522350545133,8,PERCENT,0.5,6.75,0.027604374797903765,11,False
25,4,Drew Scott,8.0,0.016098588874298263,Eliminated,10.0,0.10465947448217397,11,PERCENT,0.5,6.958333333333333,0.016098588874298263,11,True
25,4,Frankie Muniz,8.0,0.023412265007093053,Finalist,10.0,0.11197315061496876,9,PERCENT,0.5,7.333333333333333,0.023412265007093053,11,False
25,4,Jordan Fisher,9.666666666666666,0.12407725822872565,Winner,10.0,0.2310883283382421,3,PERCENT,0.5,8.333333333333334,0.12407725822872565,11,False
25,4,Lindsey Stirling,8.666666666666666,0.018355157601270888,RunnerUp,10.0,0.11429611700980291,7,PERCENT,0.5,8.125,0.018355157601270888,11,False
25,4,Nick Lachey,7.333333333333333,0.33525330470734976,Eliminated,6.0,0.4164341165145692,1,PERCENT,0.5,6.666666666666666,0.33525330470734976,11,False
25,4,Nikki Bella,8.0,0.04159817521834835,Eliminated,7.0,0.13015906082622405,5,PERCENT,0.5,7.041666666666667,0.04159817521834835,11,False
25,4,Sasha Pieterse,8.0,0.03348059932198101,Eliminated,5.0,0.12204148492985673,6,PERCENT,0.5,6.958333333333333,0.03348059932198101,11,False
25,4,Terrell Owens,8.0,0.07658503095316385,Eliminated,8.0,0.16514591656103955,4,PERCENT,0.5,6.625,0.07658503095316385,11,False
25,4,Vanessa Lachey,8.0,0.020090431709681573,Eliminated,7.0,0.10865131731755728,10,PERCENT,0.5,7.625,0.020090431709681573,11,False
25,4,Victoria Arlen,9.0,0.28344481358018525,Eliminated,9.0,0.38307580988904544,2,PERCENT,0.5,7.5,0.28344481358018525,11,False
25,5,Drew Scott,8.333333333333334,0.011449167612495528,Eliminated,10.0,0.10723460822442137,8,PERCENT,0.5,7.2333333333333325,0.011449167612495528,10,False
25,5,Frankie Muniz,9.666666666666666,0.030815544320710566,Finalist,10.0,0.14192665543054453,4,PERCENT,0.5,7.8,0.030815544320710566,10,False
25,5,Jordan Fisher,10.0,0.16147218781271183,Winner,10.0,0.2764147165470228,2,PERCENT,0.5,8.666666666666668,0.16147218781271183,10,False
25,5,Lindsey Stirling,9.333333333333334,0.02349085797894323,RunnerUp,10.0,0.13077055146430017,6,PERCENT,0.5,8.366666666666665,0.02349085797894323,10,False
25,5,Nick Lachey,7.333333333333333,0.6215140542615198,Eliminated,6.0,0.7058052420000146,1,PERCENT,0.5,6.8,0.6215140542615198,10,False
25,5,Nikki Bella,9.0,0.018772304102007115,Eliminated,7.0,0.12222057996288702,7,PERCENT,0.5,7.4333333333333345,0.018772304102007115,10,False
25,5,Sasha Pieterse,8.0,0.005198574429389322,Eliminated,5.0,0.09715259741683813,10,PERCENT,0.5,7.166666666666666,0.005198574429389322,10,True
25,5,Terrell Owens,8.333333333333334,0.04332717822066927,Eliminated,8.0,0.13911261883259513,5,PERCENT,0.5,6.966666666666667,0.04332717822066927,10,False
25,5,Vanessa Lachey,8.0,0.013612845346147298,Eliminated,7.0,0.1055668683335961,9,PERCENT,0.5,7.7,0.013612845346147298,10,False
25,5,Victoria Arlen,9.0,0.0703472859154069,Eliminated,9.0,0.1737955617762868,3,PERCENT,0.5,7.8,0.0703472859154069,10,False
25,6,Drew Scott,7.5,0.030461442335827784,Eliminated,10.0,0.12850065802082072,7,PERCENT,0.5,7.277777777777778,0.030461442335827784,9,False
25,6,Frankie Muniz,7.75,0.026955047023458273,Finalist,10.0,0.12826223656461766,8,PERCENT,0.5,7.791666666666667,0.026955047023458273,9,False
25,6,Jordan Fisher,9.75,0.29688629795163035,Winner,10.0,0.4243372783421212,2,PERCENT,0.5,8.847222222222223,0.29688629795163035,9,False
25,6,Lindsey Stirling,10.0,0.04598580982026655,RunnerUp,10.0,0.17670476406692381,4,PERCENT,0.5,8.638888888888888,0.04598580982026655,9,False
25,6,Nick Lachey,6.5,0.036040874408132556,Eliminated,6.0,0.12100819466845977,9,PERCENT,0.5,6.75,0.036040874408132556,9,True
25,6,Nikki Bella,9.0,0.04315490940334817,Eliminated,7.0,0.1608019682253397,6,PERCENT,0.5,7.6944444444444455,0.04315490940334817,9,False
25,6,Terrell Owens,9.25,0.36832936011049455,Eliminated,8.0,0.4892443927886525,1,PERCENT,0.5,7.347222222222222,0.36832936011049455,9,False
25,6,Vanessa Lachey,9.0,0.053404971579681486,Eliminated,7.0,0.17105203040167302,5,PERCENT,0.5,7.916666666666667,0.053404971579681486,9,False
25,6,Victoria Arlen,7.75,0.09878128736716241,Eliminated,9.0,0.20008847690832177,3,PERCENT,0.5,7.791666666666667,0.09878128736716241,9,False
25,7,Drew Scott,9.5,0.007870729624250922,Eliminated,10.0,0.140428869157285,4,PERCENT,0.5,7.595238095238095,0.007870729624250922,8,False
25,7,Frankie Muniz,10.0,0.006423035331694061,Finalist,10.0,0.1459579190506773,3,PERCENT,0.5,8.107142857142858,0.006423035331694061,8,False
25,7,Jordan Fisher,9.0,0.8789154549410197,Winner,10.0,1.0044968502881046,1,PERCENT,0.5,8.869047619047619,0.8789154549410197,8,False
25,7,Lindsey Stirling,8.5,0.006565939901961438,RunnerUp,10.0,0.1251705910630972,7,PERCENT,0.5,8.619047619047619,0.006565939901961438,8,False
25,7,Nikki Bella,8.0,0.005597818463298896,Eliminated,7.0,0.11722572543848549,8,PERCENT,0.5,7.738095238095239,0.005597818463298896,8,True
25,7,Terrell Owens,8.166666666666666,0.017982531387897044,Eliminated,8.0,0.13193601975840002,6,PERCENT,0.5,7.464285714285714,0.017982531387897044,8,False
25,7,Vanessa Lachey,9.0,0.009773702613041798,Eliminated,7.0,0.13535509796012674,5,PERCENT,0.5,8.071428571428571,0.009773702613041798,8,False
25,7,Victoria Arlen,9.5,0.06687078773683006,Eliminated,9.0,0.19942892726986414,2,PERCENT,0.5,8.035714285714286,0.06687078773683006,8,False
25,8,Drew Scott,7.833333333333333,0.5321902546554812,Eliminated,10.0,0.6823499990615485,1,PERCENT,0.5,7.625,0.5321902546554812,6,False
25,8,Frankie Muniz,8.833333333333334,0.009601649465393072,Finalist,10.0,0.17893072294457527,5,PERCENT,0.5,8.197916666666666,0.009601649465393072,6,False
25,8,Jordan Fisher,10.0,0.0658313369457255,Winner,10.0,0.2575246276768752,3,PERCENT,0.5,9.010416666666666,0.0658313369457255,6,False
25,8,Lindsey Stirling,9.0,0.012438491113202041,RunnerUp,10.0,0.18496245277123674,4,PERCENT,0.5,8.666666666666666,0.012438491113202041,6,False
25,8,Terrell Owens,8.5,0.009718529089582694,Eliminated,8.0,0.1726578262110599,6,PERCENT,0.5,7.59375,0.009718529089582694,6,True
25,8,Victoria Arlen,8.0,0.37021973873061903,Eliminated,9.0,0.5235743713155387,2,PERCENT,0.5,8.03125,0.37021973873061903,6,False
25,9,Drew Scott,8.0,0.7399942472197173,Eliminated,10.0,0.9177720249935445,1,PERCENT,0.5,7.666666666666667,0.7399942472197173,5,False
25,9,Frankie Muniz,8.5,0.24236495194397162,Finalist,10.0,0.431253840828663,2,PERCENT,0.5,8.231481481481481,0.24236495194397162,5,False
25,9,Jordan Fisher,9.666666666666666,0.007396484768700259,Winner,10.0,0.22221129957874142,3,PERCENT,0.5,9.083333333333334,0.007396484768700259,5,False
25,9,Lindsey Stirling,9.5,0.004561807091145317,RunnerUp,10.0,0.2156729181975651,4,PERCENT,0.5,8.75925925925926,0.004561807091145317,5,False
25,9,Victoria Arlen,9.333333333333334,0.005682508976462315,Eliminated,9.0,0.2130899163792607,5,PERCENT,0.5,8.175925925925926,0.005682508976462315,5,True
25,10,Drew Scott,9.375,0.14152439650020815,Eliminated,10.0,0.38131154224053887,3,PERCENT,0.5,7.8375,0.14152439650020815,4,False
25,10,Frankie Muniz,9.722175,0.22995971009497249,Finalist,10.0,0.4786266534163591,2,PERCENT,0.5,8.380550833333334,0.22995971009497249,4,False
25,10,Jordan Fisher,10.0,0.5282343237614671,Winner,10.0,0.7840072792178199,1,PERCENT,0.5,9.175,0.5282343237614671,4,False
25,10,Lindsey Stirling,10.0,0.10028156964335928,RunnerUp,10.0,0.356054525099712,4,PERCENT,0.5,8.883333333333333,0.10028156964335928,4,True
26,1,Adam Rippon,8.0,0.007109355878466707,Winner,3.0,-10.0,4,RANK,0.5,8.0,0.007109355878466707,10,False
26,1,Arike Ogunbowale,6.666666666666667,0.010466326712816653,Eliminated,2.0,-13.0,9,RANK,0.5,6.666666666666667,0.010466326712816653,10,False
26,1,Chris Mazdzer,7.0,0.028330398997386763,Eliminated,3.0,-9.0,3,RANK,0.5,7.0,0.028330398997386763,10,False
26,1,Jamie Anderson,6.333333333333333,0.004490392019345348,Eliminated,1.0,-18.0,10,RANK,0.5,6.333333333333333,0.004490392019345348,10,True
26,1,Jennie Finch Daigle,7.0,0.0088371457907738,Eliminated,3.0,-12.0,8,RANK,0.5,7.0,0.0088371457907738,10,False
26,1,Johnny Damon,6.0,0.26318072347372473,Eliminated,1.0,-11.0,5,RANK,0.5,6.0,0.26318072347372473,10,False
26,1,Josh Norman,8.0,0.017278771326151965,RunnerUp,3.0,-6.0,1,RANK,0.5,8.0,0.017278771326151965,10,False
26,1,Kareem Abdul-Jabbar,5.666666666666667,0.6064436033875208,Eliminated,2.0,-11.0,5,RANK,0.5,5.666666666666667,0.6064436033875208,10,False
26,1,Mirai Nagasu,7.666666666666667,0.007746995441563039,Eliminated,3.0,-11.0,5,RANK,0.5,7.666666666666667,0.007746995441563039,10,False
26,1,Tonya Harding,7.666666666666667,0.046116286972253645,Finalist,3.0,-6.0,1,RANK,0.5,7.666666666666667,0.046116286972253645,10,False
26,2,Adam Rippon,9.25,0.0012128724023642028,Winner,3.0,-8.0,2,RANK,0.5,8.625,0.0012128724023642028,8,False
26,2,Arike Ogunbowale,8.75,0.001008847800249887,Eliminated,2.0,-11.0,8,RANK,0.5,7.708333333333334,0.001008847800249887,8,True
26,2,Chris Mazdzer,8.25,0.010203524045830975,Eliminated,3.0,-8.0,2,RANK,0.5,7.625,0.010203524045830975,8,False
26,2,Jennie Finch Daigle,7.875,0.1552758809045103,Eliminated,3.0,-9.0,5,RANK,0.5,7.4375,0.1552758809045103,8,False
26,2,Josh Norman,7.875,0.15730971356536302,RunnerUp,3.0,-8.0,2,RANK,0.5,7.9375,0.15730971356536302,8,False
26,2,Kareem Abdul-Jabbar,7.375,0.6658983245136606,Eliminated,2.0,-9.0,5,RANK,0.5,6.520833333333334,0.6658983245136606,8,False
26,2,Mirai Nagasu,9.25,0.001793217858687838,Eliminated,3.0,-7.0,1,RANK,0.5,8.458333333333334,0.001793217858687838,8,False
26,2,Tonya Harding,8.25,0.007297618909338314,Finalist,3.0,-9.0,5,RANK,0.5,7.958333333333334,0.007297618909338314,8,False
26,3,Adam Rippon,10.25,0.01304783432936327,Winner,3.0,-5.0,2,RANK,0.5,9.166666666666666,0.01304783432936327,6,False
26,3,Chris Mazdzer,8.25,0.009225859026671588,Eliminated,3.0,-10.0,6,RANK,0.5,7.833333333333333,0.009225859026671588,6,True
26,3,Jennie Finch Daigle,7.25,0.8711848755047468,Eliminated,3.0,-7.0,4,RANK,0.5,7.375,0.8711848755047468,6,False
26,3,Josh Norman,9.5,0.06857496078709005,RunnerUp,3.0,-4.0,1,RANK,0.5,8.458333333333334,0.06857496078709005,6,False
26,3,Mirai Nagasu,8.75,0.00804405839658172,Eliminated,3.0,-9.0,5,RANK,0.5,8.555555555555555,0.00804405839658172,6,False
26,3,Tonya Harding,8.75,0.029922411955539855,Finalist,3.0,-6.0,3,RANK,0.5,8.222222222222223,0.029922411955539855,6,False
26,1,Adam Rippon,8.0,0.007109355878466707,Winner,3.0,0.12139507016254833,6,PERCENT,0.5,8.0,0.007109355878466707,10,False
26,1,Arike Ogunbowale,6.666666666666667,0.010466326712816653,Eliminated,2.0,0.10570442194955135,9,PERCENT,0.5,6.666666666666667,0.010466326712816653,10,False
26,1,Chris Mazdzer,7.0,0.028330398997386763,Eliminated,3.0,0.1283303989959582,5,PERCENT,0.5,7.0,0.028330398997386763,10,False
26,1,Jamie Anderson,6.333333333333333,0.004490392019345348,Eliminated,1.0,0.0949665824942433,10,PERCENT,0.5,6.333333333333333,0.004490392019345348,10,True
26,1,Jennie Finch Daigle,7.0,0.0088371457907738,Eliminated,3.0,0.10883714578934522,8,PERCENT,0.5,7.0,0.0088371457907738,10,False
26,1,Johnny Damon,6.0,0.26318072347372473,Eliminated,1.0,0.34889500918678595,2,PERCENT,0.5,6.0,0.26318072347372473,10,False
26,1,Josh Norman,8.0,0.017278771326151965,RunnerUp,3.0,0.1315644856102336,4,PERCENT,0.5,8.0,0.017278771326151965,10,False
26,1,Kareem Abdul-Jabbar,5.666666666666667,0.6064436033875208,Eliminated,2.0,0.6873959843387453,1,PERCENT,0.5,5.666666666666667,0.6064436033875208,10,False
26,1,Mirai Nagasu,7.666666666666667,0.007746995441563039,Eliminated,3.0,0.11727080496380794,7,PERCENT,0.5,7.666666666666667,0.007746995441563039,10,False
26,1,Tonya Harding,7.666666666666667,0.046116286972253645,Finalist,3.0,0.15564009649449856,3,PERCENT,0.5,7.666666666666667,0.046116286972253645,10,False
26,2,Adam Rippon,9.25,0.0012128724023642028,Winner,3.0,0.1395306294096417,5,PERCENT,0.5,8.625,0.0012128724023642028,8,False
26,2,Arike Ogunbowale,8.75,0.001008847800249887,Eliminated,2.0,0.13184996929362047,7,PERCENT,0.5,7.708333333333334,0.001008847800249887,8,False
26,2,Chris Mazdzer,8.25,0.010203524045830975,Eliminated,3.0,0.13356801002529467,6,PERCENT,0.5,7.625,0.010203524045830975,8,False
26,2,Jennie Finch Daigle,7.875,0.1552758809045103,Eliminated,3.0,0.2730328902485438,3,PERCENT,0.5,7.4375,0.1552758809045103,8,False
26,2,Josh Norman,7.875,0.15730971356536302,RunnerUp,3.0,0.27506672290939654,2,PERCENT,0.5,7.9375,0.15730971356536302,8,False
26,2,Kareem Abdul-Jabbar,7.375,0.6658983245136606,Eliminated,2.0,0.7761786983437873,1,PERCENT,0.5,6.520833333333334,0.6658983245136606,8,False
26,2,Mirai Nagasu,9.25,0.001793217858687838,Eliminated,3.0,0.14011097486596533,4,PERCENT,0.5,8.458333333333334,0.001793217858687838,8,False
26,2,Tonya Harding,8.25,0.007297618909338314,Finalist,3.0,0.130662104888802,8,PERCENT,0.5,7.958333333333334,0.007297618909338314,8,True
26,3,Adam Rippon,10.25,0.01304783432936327,Winner,3.0,0.20736063053421044,3,PERCENT,0.5,9.166666666666666,0.01304783432936327,6,False
26,3,Chris Mazdzer,8.25,0.009225859026671588,Eliminated,3.0,0.16562396328910955,6,PERCENT,0.5,7.833333333333333,0.009225859026671588,6,True
26,3,Jennie Finch Daigle,7.25,0.8711848755047468,Eliminated,3.0,1.00862563379598,1,PERCENT,0.5,7.375,0.8711848755047468,6,False
26,3,Josh Norman,9.5,0.06857496078709005,RunnerUp,3.0,0.24866974751353377,2,PERCENT,0.5,8.458333333333334,0.06857496078709005,6,False
26,3,Mirai Nagasu,8.75,0.00804405839658172,Eliminated,3.0,0.173920835644622,5,PERCENT,0.5,8.555555555555555,0.00804405839658172,6,False
26,3,Tonya Harding,8.75,0.029922411955539855,Finalist,3.0,0.1957991892035801,4,PERCENT,0.5,8.222222222222223,0.029922411955539855,6,False
27,1,Alexis Ren,7.333333333333333,0.0005538246744697544,Active,,-14.0,8,RANK,0.5,7.333333333333333,0.0005538246744697544,13,False
27,1,Bobby Bones,6.666666666666667,0.6314366588333117,Winner,8.0,-6.0,2,RANK,0.5,6.666666666666667,0.6314366588333117,13,False
27,1,Danelle Umstead,6.0,0.0007743146695037995,Eliminated,2.0,-18.0,10,RANK,0.5,6.0,0.0007743146695037995,13,False
27,1,Demarcus Ware,7.666666666666667,0.006633567770897462,Eliminated,7.0,-4.0,1,RANK,0.5,7.666666666666667,0.006633567770897462,13,False
27,1,Evanna Lynch,6.0,0.0004206258259613883,Finalist,8.0,-21.0,12,RANK,0.5,6.0,0.0004206258259613883,13,False
27,1,Joe Amabile,4.666666666666667,0.3489358610275615,Eliminated,8.0,-15.0,9,RANK,0.5,4.666666666666667,0.3489358610275615,13,False
27,1,John Schneider,6.0,0.0006222519303272589,Eliminated,7.0,-19.0,11,RANK,0.5,6.0,0.0006222519303272589,13,False
27,1,Juan Pablo Di Pace,7.333333333333333,0.001329758907771887,Eliminated,8.0,-9.0,4,RANK,0.5,7.333333333333333,0.001329758907771887,13,False
27,1,Mary Lou Retton,6.666666666666667,0.0026129170431541033,Eliminated,6.0,-10.0,5,RANK,0.5,6.666666666666667,0.0026129170431541033,13,False
27,1,Milo Manheim,6.666666666666667,0.0009448463436225474,RunnerUp,8.0,-13.0,7,RANK,0.5,6.666666666666667,0.0009448463436225474,13,False
27,1,Nancy Mckeon,6.5,0.004200550047204681,Eliminated,3.0,-12.0,6,RANK,0.5,6.5,0.004200550047204681,13,False
27,1,Nikki Glaser,5.833333333333333,0.0002736802503796072,Eliminated,1.0,-25.0,13,RANK,0.5,5.833333333333333,0.0002736802503796072,13,True
27,1,Tinashe,7.666666666666667,0.0012611426758337655,Eliminated,4.0,-8.0,3,RANK,0.5,7.666666666666667,0.0012611426758337655,13,False
27,2,Alexis Ren,8.166666666666666,7.262536556439076e-05,Active,,-16.0,8,RANK,0.5,7.75,7.262536556439076e-05,12,False
27,2,Bobby Bones,6.5,0.9963840660960885,Winner,8.0,-11.0,6,RANK,0.5,6.583333333333334,0.9963840660960885,12,False
27,2,Danelle Umstead,6.166666666666667,9.290602511688579e-05,Eliminated,2.0,-22.0,12,RANK,0.5,6.083333333333334,9.290602511688579e-05,12,True
27,2,Demarcus Ware,7.833333333333333,0.0014559258903689056,Eliminated,7.0,-8.0,4,RANK,0.5,7.75,0.0014559258903689056,12,False
27,2,Evanna Lynch,8.0,0.00010190121899016513,Finalist,8.0,-15.0,7,RANK,0.5,7.0,0.00010190121899016513,12,False
27,2,Joe Amabile,5.833333333333333,0.00016347360492645894,Eliminated,8.0,-20.0,11,RANK,0.5,5.25,0.00016347360492645894,12,False
27,2,John Schneider,7.166666666666667,0.00012980701436411958,Eliminated,7.0,-17.0,10,RANK,0.5,6.583333333333334,0.00012980701436411958,12,False
27,2,Juan Pablo Di Pace,8.666666666666666,0.00033952502502769885,Eliminated,8.0,-5.0,1,RANK,0.5,8.0,0.00033952502502769885,12,False
27,2,Mary Lou Retton,7.666666666666667,0.0006530324592955457,Eliminated,6.0,-10.0,5,RANK,0.5,7.166666666666667,0.0006530324592955457,12,False
27,2,Milo Manheim,8.666666666666666,0.0001840179732587673,RunnerUp,8.0,-7.0,3,RANK,0.5,7.666666666666666,0.0001840179732587673,12,False
27,2,Nancy Mckeon,6.833333333333333,0.0001808381429004971,Eliminated,3.0,-16.0,8,RANK,0.5,6.666666666666666,0.0001808381429004971,12,False
27,2,Tinashe,8.666666666666666,0.00024188118409587396,Eliminated,4.0,-6.0,2,RANK,0.5,8.166666666666666,0.00024188118409587396,12,False
27,3,Alexis Ren,8.666666666666666,0.00028817719978036475,Active,,-14.0,8,RANK,0.5,8.055555555555555,0.00028817719978036475,11,False
27,3,Bobby Bones,7.666666666666667,0.9924885263545874,Winner,8.0,-9.0,3,RANK,0.5,6.9444444444444455,0.9924885263545874,11,False
27,3,Demarcus Ware,8.666666666666666,0.003428615979410126,Eliminated,7.0,-7.0,2,RANK,0.5,8.055555555555555,0.003428615979410126,11,False
27,3,Evanna Lynch,9.0,0.0001913126920269476,Finalist,8.0,-13.0,7,RANK,0.5,7.666666666666667,0.0001913126920269476,11,False
27,3,Joe Amabile,6.0,0.0005661053134834312,Eliminated,8.0,-16.0,10,RANK,0.5,5.5,0.0005661053134834312,11,False
27,3,John Schneider,7.0,0.00023234062609445172,Eliminated,7.0,-20.0,11,RANK,0.5,6.722222222222222,0.00023234062609445172,11,True
27,3,Juan Pablo Di Pace,10.0,0.0009626837987754305,Eliminated,8.0,-4.0,1,RANK,0.5,8.666666666666666,0.0009626837987754305,11,False
27,3,Mary Lou Retton,8.0,0.0006562988250556375,Eliminated,6.0,-11.0,6,RANK,0.5,7.4444444444444455,0.0006562988250556375,11,False
27,3,Milo Manheim,9.0,0.0002929135361581294,RunnerUp,8.0,-10.0,5,RANK,0.5,8.111111111111112,0.0002929135361581294,11,False
27,3,Nancy Mckeon,7.333333333333333,0.0005428064295761397,Eliminated,3.0,-15.0,9,RANK,0.5,6.888888888888888,0.0005428064295761397,11,False
27,3,Tinashe,9.0,0.0003502192450531088,Eliminated,4.0,-9.0,3,RANK,0.5,8.444444444444445,0.0003502192450531088,11,False
27,4,Alexis Ren,8.333333333333334,0.00010393699024985998,Active,,-13.0,7,RANK,0.5,8.125,0.00010393699024985998,10,False
27,4,Bobby Bones,6.666666666666667,0.9967299080085139,Winner,8.0,-10.0,4,RANK,0.5,6.875,0.9967299080085139,10,False
27,4,Demarcus Ware,7.333333333333333,0.001675695566435922,Eliminated,7.0,-9.0,3,RANK,0.5,7.875,0.001675695566435922,10,False
27,4,Evanna Lynch,8.0,8.866200694595893e-05,Finalist,8.0,-15.0,10,RANK,0.5,7.75,8.866200694595893e-05,10,True
27,4,Joe Amabile,5.0,0.00022711423337265418,Eliminated,8.0,-14.0,9,RANK,0.5,5.375,0.00022711423337265418,10,False
27,4,John Schneider,7.0,0.00021114535152454337,Eliminated,7.0,-13.0,7,RANK,0.5,6.791666666666667,0.00021114535152454337,10,False
27,4,Juan Pablo Di Pace,8.0,0.0001362307803195566,Eliminated,8.0,-12.0,6,RANK,0.5,8.5,0.0001362307803195566,10,False
27,4,Mary Lou Retton,8.666666666666666,0.0005000946442831039,Eliminated,6.0,-5.0,1,RANK,0.5,7.75,0.0005000946442831039,10,False
27,4,Milo Manheim,9.666666666666666,0.00019182521774143365,RunnerUp,8.0,-7.0,2,RANK,0.5,8.5,0.00019182521774143365,10,False
27,4,Tinashe,8.666666666666666,0.00013538720061185425,Eliminated,4.0,-10.0,4,RANK,0.5,8.5,0.00013538720061185425,10,False
27,5,Alexis Ren,9.666666666666666,0.0001773986541722712,Active,,-7.0,3,RANK,0.5,8.433333333333334,0.0001773986541722712,9,False
27,5,Bobby Bones,7.0,0.9968709208257308,Winner,8.0,-9.0,4,RANK,0.5,6.9,0.9968709208257308,9,False
27,5,Demarcus Ware,8.666666666666666,0.0014325153014280595,Eliminated,7.0,-6.0,2,RANK,0.5,8.033333333333333,0.0014325153014280595,9,False
27,5,Evanna Lynch,8.0,0.00011652145145759919,Finalist,8.0,-14.0,8,RANK,0.5,7.8,0.00011652145145759919,9,False
27,5,Joe Amabile,5.666666666666667,0.00015669406943283988,Eliminated,8.0,-16.0,9,RANK,0.5,5.433333333333334,0.00015669406943283988,9,True
27,5,John Schneider,8.0,0.00019009572308967352,Eliminated,7.0,-11.0,6,RANK,0.5,7.033333333333333,0.00019009572308967352,9,False
27,5,Juan Pablo Di Pace,9.666666666666666,0.0005361196508729196,Eliminated,8.0,-4.0,1,RANK,0.5,8.733333333333333,0.0005361196508729196,9,False
27,5,Mary Lou Retton,8.333333333333334,0.0004063613411049291,Eliminated,6.0,-9.0,4,RANK,0.5,7.866666666666667,0.0004063613411049291,9,False
27,5,Milo Manheim,9.0,0.0001133729827119463,RunnerUp,8.0,-12.0,7,RANK,0.5,8.6,0.0001133729827119463,9,False
27,6,Alexis Ren,9.0,0.00011190196609198309,Active,,-13.0,8,RANK,0.5,8.527777777777777,0.00011190196609198309,9,False
27,6,Bobby Bones,7.333333333333333,0.9969146800001454,Winner,8.0,-8.0,4,RANK,0.5,6.972222222222222,0.9969146800001454,9,False
27,6,Demarcus Ware,8.666666666666666,0.001435755004134041,Eliminated,7.0,-7.0,2,RANK,0.5,8.138888888888888,0.001435755004134041,9,False
27,6,Evanna Lynch,9.666666666666666,0.00011904570929708158,Finalist,8.0,-11.0,6,RANK,0.5,8.11111111111111,0.00011904570929708158,9,False
27,6,Joe Amabile,7.333333333333333,0.00025239954616402806,Eliminated,8.0,-12.0,7,RANK,0.5,5.75,0.00025239954616402806,9,False
27,6,John Schneider,6.333333333333333,0.00015792138656297764,Eliminated,7.0,-16.0,9,RANK,0.5,6.916666666666667,0.00015792138656297764,9,True
27,6,Juan Pablo Di Pace,10.0,0.00031425101346705243,Eliminated,8.0,-5.0,1,RANK,0.5,8.944444444444445,0.00031425101346705243,9,False
27,6,Mary Lou Retton,8.0,0.00047105090483933696,Eliminated,6.0,-9.0,5,RANK,0.5,7.888888888888889,0.00047105090483933696,9,False
27,6,Milo Manheim,10.0,0.00022299446929857527,RunnerUp,8.0,-7.0,2,RANK,0.5,8.833333333333334,0.00022299446929857527,9,False
27,7,Alexis Ren,9.166666666666666,0.0013935344792036322,Active,,-10.0,7,RANK,0.5,8.619047619047619,0.0013935344792036322,7,True
27,7,Bobby Bones,8.833333333333334,0.6048759613230597,Winner,8.0,-7.0,1,RANK,0.5,7.238095238095239,0.6048759613230597,7,False
27,7,Demarcus Ware,8.833333333333334,0.007073180596208643,Eliminated,7.0,-9.0,3,RANK,0.5,8.238095238095237,0.007073180596208643,7,False
27,7,Evanna Lynch,9.833333333333334,0.0007346669376010537,Finalist,8.0,-9.0,3,RANK,0.5,8.357142857142858,0.0007346669376010537,7,False
27,7,Joe Amabile,7.833333333333333,0.37828898352224394,Eliminated,8.0,-10.0,7,RANK,0.5,6.047619047619048,0.37828898352224394,7,True
27,7,John Schneider,9.0,0.0037856656112017213,Eliminated,7.0,-9.0,3,RANK,0.5,7.214285714285714,0.0037856656112017213,7,False
27,7,Juan Pablo Di Pace,9.333333333333334,0.002654631001360563,Eliminated,8.0,-8.0,2,RANK,0.5,9.0,0.002654631001360563,7,False
27,7,Milo Manheim,9.666666666666666,0.0011933765291233067,RunnerUp,8.0,-9.0,3,RANK,0.5,8.952380952380953,0.0011933765291233067,7,False
27,8,Alexis Ren,9.666666666666666,0.0003228237766922761,Active,,-7.0,2,RANK,0.5,8.75,0.0003228237766922761,6,False
27,8,Bobby Bones,7.5,0.9964880112535335,Winner,8.0,-7.0,2,RANK,0.5,7.270833333333334,0.9964880112535335,6,False
27,8,Evanna Lynch,9.666666666666666,0.00019885031807077247,Finalist,8.0,-8.0,5,RANK,0.5,8.520833333333334,0.00019885031807077247,6,False
27,8,Joe Amabile,7.666666666666667,0.0005748613260563577,Eliminated,8.0,-9.0,6,RANK,0.5,6.25,0.0005748613260563577,6,True
27,8,Juan Pablo Di Pace,10.0,0.00160436058056081,Eliminated,8.0,-3.0,1,RANK,0.5,9.125,0.00160436058056081,6,False
27,8,Milo Manheim,9.166666666666666,0.0008110927450827722,RunnerUp,8.0,-7.0,2,RANK,0.5,8.979166666666666,0.0008110927450827722,6,False
27,1,Alexis Ren,7.333333333333333,0.0005538246744697544,Active,,0.08682833447737633,6,PERCENT,0.5,7.333333333333333,0.0005538246744697544,13,False
27,1,Bobby Bones,6.666666666666667,0.6314366588333117,Winner,8.0,0.7098680313814085,1,PERCENT,0.5,6.666666666666667,0.6314366588333117,13,False
27,1,Danelle Umstead,6.0,0.0007743146695037995,Eliminated,2.0,0.071362549962791,10,PERCENT,0.5,6.0,0.0007743146695037995,13,False
27,1,Demarcus Ware,7.666666666666667,0.006633567770897462,Eliminated,7.0,0.09682964620120889,3,PERCENT,0.5,7.666666666666667,0.006633567770897462,13,False
27,1,Evanna Lynch,6.0,0.0004206258259613883,Finalist,8.0,0.07100886111924859,12,PERCENT,0.5,6.0,0.0004206258259613883,13,False
27,1,Joe Amabile,4.666666666666667,0.3489358610275615,Eliminated,8.0,0.40383782181122935,2,PERCENT,0.5,4.666666666666667,0.3489358610275615,13,False
27,1,John Schneider,6.0,0.0006222519303272589,Eliminated,7.0,0.07121048722361446,11,PERCENT,0.5,6.0,0.0006222519303272589,13,False
27,1,Juan Pablo Di Pace,7.333333333333333,0.001329758907771887,Eliminated,8.0,0.08760426871067846,5,PERCENT,0.5,7.333333333333333,0.001329758907771887,13,False
27,1,Mary Lou Retton,6.666666666666667,0.0026129170431541033,Eliminated,6.0,0.08104428959125098,7,PERCENT,0.5,6.666666666666667,0.0026129170431541033,13,False
27,1,Milo Manheim,6.666666666666667,0.0009448463436225474,RunnerUp,8.0,0.07937621889171943,9,PERCENT,0.5,6.666666666666667,0.0009448463436225474,13,False
27,1,Nancy Mckeon,6.5,0.004200550047204681,Eliminated,3.0,0.08067113828159914,8,PERCENT,0.5,6.5,0.004200550047204681,13,False
27,1,Nikki Glaser,5.833333333333333,0.0002736802503796072,Eliminated,1.0,0.06890113122996437,13,PERCENT,0.5,5.833333333333333,0.0002736802503796072,13,True
27,1,Tinashe,7.666666666666667,0.0012611426758337655,Eliminated,4.0,0.0914572211061452,4,PERCENT,0.5,7.666666666666667,0.0012611426758337655,13,False
27,2,Alexis Ren,8.166666666666666,7.262536556439076e-05,Active,,0.09064563830356172,5,PERCENT,0.5,7.75,7.262536556439076e-05,12,False
27,2,Bobby Bones,6.5,0.9963840660960885,Winner,8.0,1.0684727906793925,1,PERCENT,0.5,6.583333333333334,0.9963840660960885,12,False
27,2,Danelle Umstead,6.166666666666667,9.290602511688579e-05,Eliminated,2.0,0.06848477293748222,11,PERCENT,0.5,6.083333333333334,9.290602511688579e-05,12,False
27,2,Demarcus Ware,7.833333333333333,0.0014559258903689056,Eliminated,7.0,0.08833208115742756,7,PERCENT,0.5,7.75,0.0014559258903689056,12,False
27,2,Evanna Lynch,8.0,0.00010190121899016513,Finalist,8.0,0.08882648532151816,6,PERCENT,0.5,7.0,0.00010190121899016513,12,False
27,2,Joe Amabile,5.833333333333333,0.00016347360492645894,Eliminated,8.0,0.06485848284635312,12,PERCENT,0.5,5.25,0.00016347360492645894,12,True
27,2,John Schneider,7.166666666666667,0.00012980701436411958,Eliminated,7.0,0.07961224693954545,9,PERCENT,0.5,6.583333333333334,0.00012980701436411958,12,False
27,2,Juan Pablo Di Pace,8.666666666666666,0.00033952502502769885,Eliminated,8.0,0.09645782446943302,2,PERCENT,0.5,8.0,0.00033952502502769885,12,False
27,2,Mary Lou Retton,7.666666666666667,0.0006530324592955457,Eliminated,6.0,0.08568075889088488,8,PERCENT,0.5,7.166666666666667,0.0006530324592955457,12,False
27,2,Milo Manheim,8.666666666666666,0.0001840179732587673,RunnerUp,8.0,0.0963023174176641,4,PERCENT,0.5,7.666666666666666,0.0001840179732587673,12,False
27,2,Nancy Mckeon,6.833333333333333,0.0001808381429004971,Eliminated,3.0,0.07596642039714316,10,PERCENT,0.5,6.666666666666666,0.0001808381429004971,12,False
27,2,Tinashe,8.666666666666666,0.00024188118409587396,Eliminated,4.0,0.0963601806285012,3,PERCENT,0.5,8.166666666666666,0.00024188118409587396,12,False
27,3,Alexis Ren,8.666666666666666,0.00028817719978036475,Active,,0.09622913660831238,7,PERCENT,0.5,8.055555555555555,0.00028817719978036475,11,False
27,3,Bobby Bones,7.666666666666667,0.9924885263545874,Winner,8.0,1.0773593750621349,1,PERCENT,0.5,6.9444444444444455,0.9924885263545874,11,False
27,3,Demarcus Ware,8.666666666666666,0.003428615979410126,Eliminated,7.0,0.09936957538794215,6,PERCENT,0.5,8.055555555555555,0.003428615979410126,11,False
27,3,Evanna Lynch,9.0,0.0001913126920269476,Finalist,8.0,0.09982230900088712,5,PERCENT,0.5,7.666666666666667,0.0001913126920269476,11,False
27,3,Joe Amabile,6.0,0.0005661053134834312,Eliminated,8.0,0.06698676951939021,11,PERCENT,0.5,5.5,0.0005661053134834312,11,True
27,3,John Schneider,7.0,0.00023234062609445172,Eliminated,7.0,0.07772311553298569,10,PERCENT,0.5,6.722222222222222,0.00023234062609445172,11,False
27,3,Juan Pablo Di Pace,10.0,0.0009626837987754305,Eliminated,8.0,0.11166379080862006,2,PERCENT,0.5,8.666666666666666,0.0009626837987754305,11,False
27,3,Mary Lou Retton,8.0,0.0006562988250556375,Eliminated,6.0,0.08921718443293135,8,PERCENT,0.5,7.4444444444444455,0.0006562988250556375,11,False
27,3,Milo Manheim,9.0,0.0002929135361581294,RunnerUp,8.0,0.0999239098450183,4,PERCENT,0.5,8.111111111111112,0.0002929135361581294,11,False
27,3,Nancy Mckeon,7.333333333333333,0.0005428064295761397,Eliminated,3.0,0.08172361823679554,9,PERCENT,0.5,6.888888888888888,0.0005428064295761397,11,False
27,3,Tinashe,9.0,0.0003502192450531088,Eliminated,4.0,0.09998121555391329,3,PERCENT,0.5,8.444444444444445,0.0003502192450531088,11,False
27,4,Alexis Ren,8.333333333333334,0.00010393699024985998,Active,,0.10786255767851158,5,PERCENT,0.5,8.125,0.00010393699024985998,10,False
27,4,Bobby Bones,6.666666666666667,0.9967299080085139,Winner,8.0,1.0829368045591232,1,PERCENT,0.5,6.875,0.9967299080085139,10,False
27,4,Demarcus Ware,7.333333333333333,0.001675695566435922,Eliminated,7.0,0.09650328177210624,8,PERCENT,0.5,7.875,0.001675695566435922,10,False
27,4,Evanna Lynch,8.0,8.866200694595893e-05,Finalist,8.0,0.10353693786767722,7,PERCENT,0.5,7.75,8.866200694595893e-05,10,False
27,4,Joe Amabile,5.0,0.00022711423337265418,Eliminated,8.0,0.0648822866463297,10,PERCENT,0.5,5.375,0.00022711423337265418,10,True
27,4,John Schneider,7.0,0.00021114535152454337,Eliminated,7.0,0.09072838672966439,9,PERCENT,0.5,6.791666666666667,0.00021114535152454337,10,False
27,4,Juan Pablo Di Pace,8.0,0.0001362307803195566,Eliminated,8.0,0.10358450664105082,6,PERCENT,0.5,8.5,0.0001362307803195566,10,False
27,4,Mary Lou Retton,8.666666666666666,0.0005000946442831039,Eliminated,6.0,0.11256906016007528,3,PERCENT,0.5,7.75,0.0005000946442831039,10,False
27,4,Milo Manheim,9.666666666666666,0.00019182521774143365,RunnerUp,8.0,0.12519182521612504,2,PERCENT,0.5,8.5,0.00019182521774143365,10,False
27,4,Tinashe,8.666666666666666,0.00013538720061185425,Eliminated,4.0,0.11220435271640404,4,PERCENT,0.5,8.5,0.00013538720061185425,10,False
27,5,Alexis Ren,9.666666666666666,0.0001773986541722712,Active,,0.1308080292830376,3,PERCENT,0.5,8.433333333333334,0.0001773986541722712,9,False
27,5,Bobby Bones,7.0,0.9968709208257308,Winner,8.0,1.0914655154190471,1,PERCENT,0.5,6.9,0.9968709208257308,9,False
27,5,Demarcus Ware,8.666666666666666,0.0014325153014280595,Eliminated,7.0,0.1185496324169625,5,PERCENT,0.5,8.033333333333333,0.0014325153014280595,9,False
27,5,Evanna Lynch,8.0,0.00011652145145759919,Finalist,8.0,0.10822462955810479,8,PERCENT,0.5,7.8,0.00011652145145759919,9,False
27,5,Joe Amabile,5.666666666666667,0.00015669406943283988,Eliminated,8.0,0.0767332706449746,9,PERCENT,0.5,5.433333333333334,0.00015669406943283988,9,True
27,5,John Schneider,8.0,0.00019009572308967352,Eliminated,7.0,0.10829820382973686,7,PERCENT,0.5,7.033333333333333,0.00019009572308967352,9,False
27,5,Juan Pablo Di Pace,9.666666666666666,0.0005361196508729196,Eliminated,8.0,0.13116675027973826,2,PERCENT,0.5,8.733333333333333,0.0005361196508729196,9,False
27,5,Mary Lou Retton,8.333333333333334,0.0004063613411049291,Eliminated,6.0,0.11301897395219575,6,PERCENT,0.5,7.866666666666667,0.0004063613411049291,9,False
27,5,Milo Manheim,9.0,0.0001133729827119463,RunnerUp,8.0,0.12173499460269002,4,PERCENT,0.5,8.6,0.0001133729827119463,9,False
27,6,Alexis Ren,9.0,0.00011190196609198309,Active,,0.11801583209555176,5,PERCENT,0.5,8.527777777777777,0.00011190196609198309,9,False
27,6,Bobby Bones,7.333333333333333,0.9969146800001454,Winner,8.0,1.09298454899452,1,PERCENT,0.5,6.972222222222222,0.9969146800001454,9,False
27,6,Demarcus Ware,8.666666666666666,0.001435755004134041,Eliminated,7.0,0.11497287290657678,6,PERCENT,0.5,8.138888888888888,0.001435755004134041,9,False
27,6,Evanna Lynch,9.666666666666666,0.00011904570929708158,Finalist,8.0,0.1267566002927909,4,PERCENT,0.5,8.11111111111111,0.00011904570929708158,9,False
27,6,Joe Amabile,7.333333333333333,0.00025239954616402806,Eliminated,8.0,0.09632226854053866,8,PERCENT,0.5,5.75,0.00025239954616402806,9,False
27,6,John Schneider,6.333333333333333,0.00015792138656297764,Eliminated,7.0,0.08312735369988652,9,PERCENT,0.5,6.916666666666667,0.00015792138656297764,9,True
27,6,Juan Pablo Di Pace,10.0,0.00031425101346705243,Eliminated,8.0,0.1313186178239779,2,PERCENT,0.5,8.944444444444445,0.00031425101346705243,9,False
27,6,Mary Lou Retton,8.0,0.00047105090483933696,Eliminated,6.0,0.10527454435324803,7,PERCENT,0.5,7.888888888888889,0.00047105090483933696,9,False
27,6,Milo Manheim,10.0,0.00022299446929857527,RunnerUp,8.0,0.13122736127980944,3,PERCENT,0.5,8.833333333333334,0.00022299446929857527,9,False
27,7,Alexis Ren,9.166666666666666,0.0013935344792036322,Active,,0.12783031608665504,8,PERCENT,0.5,8.619047619047619,0.0013935344792036322,8,True
27,7,Bobby Bones,8.833333333333334,0.6048759613230597,Winner,8.0,0.7267150417811492,1,PERCENT,0.5,7.238095238095239,0.6048759613230597,8,False
27,7,Demarcus Ware,8.833333333333334,0.007073180596208643,Eliminated,7.0,0.12891226105429823,6,PERCENT,0.5,8.238095238095237,0.007073180596208643,8,False
27,7,Evanna Lynch,9.833333333333334,0.0007346669376010537,Finalist,8.0,0.13636685084377623,3,PERCENT,0.5,8.357142857142858,0.0007346669376010537,8,False
27,7,Joe Amabile,7.833333333333333,0.37828898352224394,Eliminated,8.0,0.4863349605322479,2,PERCENT,0.5,6.047619047619048,0.37828898352224394,8,False
27,7,John Schneider,9.0,0.0037856656112017213,Eliminated,7.0,0.1279235966439722,7,PERCENT,0.5,7.214285714285714,0.0037856656112017213,8,False
27,7,Juan Pablo Di Pace,9.333333333333334,0.002654631001360563,Eliminated,8.0,0.13139026318349295,5,PERCENT,0.5,9.0,0.002654631001360563,8,False
27,7,Milo Manheim,9.666666666666666,0.0011933765291233067,RunnerUp,8.0,0.13452670986061754,4,PERCENT,0.5,8.952380952380953,0.0011933765291233067,8,False
27,8,Alexis Ren,9.666666666666666,0.0003228237766922761,Active,,0.18044704737582043,3,PERCENT,0.5,8.75,0.0003228237766922761,6,False
27,8,Bobby Bones,7.5,0.9964880112535335,Winner,8.0,1.1362395640459604,1,PERCENT,0.5,7.270833333333334,0.9964880112535335,6,False
27,8,Evanna Lynch,9.666666666666666,0.00019885031807077247,Finalist,8.0,0.18032307391719893,4,PERCENT,0.5,8.520833333333334,0.00019885031807077247,6,False
27,8,Joe Amabile,7.666666666666667,0.0005748613260563577,Eliminated,8.0,0.1434320041805373,6,PERCENT,0.5,6.25,0.0005748613260563577,6,True
27,8,Juan Pablo Di Pace,10.0,0.00160436058056081,Eliminated,8.0,0.18793976430379686,2,PERCENT,0.5,9.125,0.00160436058056081,6,False
27,8,Milo Manheim,9.166666666666666,0.0008110927450827722,RunnerUp,8.0,0.1716185461580491,5,PERCENT,0.5,8.979166666666666,0.0008110927450827722,6,False
28,1,Ally Brooke,5.333333333333333,0.0374265589261839,Finalist,10.0,-15.0,10,RANK,0.5,5.333333333333333,0.0374265589261839,12,False
28,1,Hannah Brown,6.666666666666667,0.08822819854824758,Winner,10.0,-6.0,1,RANK,0.5,6.666666666666667,0.08822819854824758,12,False
28,1,James Van Der Beek,7.0,0.018895941082567754,Eliminated,10.0,-13.0,4,RANK,0.5,7.0,0.018895941082567754,12,False
28,1,Karamo Brown,5.666666666666667,0.03176999524289677,Eliminated,7.0,-14.0,6,RANK,0.5,5.666666666666667,0.03176999524289677,12,False
28,1,Kate Flannery,5.0,0.07353060764573448,Eliminated,8.0,-14.0,6,RANK,0.5,5.0,0.07353060764573448,12,False
28,1,Kel Mitchell,5.333333333333333,0.045239569300711574,RunnerUp,10.0,-14.0,6,RANK,0.5,5.333333333333333,0.045239569300711574,12,False
28,1,Lamar Odom,3.6666666666666665,0.05596657403294483,Eliminated,4.0,-18.0,12,RANK,0.5,3.6666666666666665,0.05596657403294483,12,True
28,1,Lauren Alaina,6.333333333333333,0.020879654085663158,Active,,-13.0,4,RANK,0.5,6.333333333333333,0.020879654085663158,12,False
28,1,Mary Wilson,5.666666666666667,0.020164135340871886,Eliminated,2.0,-16.0,11,RANK,0.5,5.666666666666667,0.020164135340871886,12,False
28,1,Ray Lewis,5.0,0.3912558375313387,Withdrew,,-10.0,3,RANK,0.5,5.0,0.3912558375313387,12,False
28,1,Sailor Brinkley-Cook,6.0,0.11166731278237234,Eliminated,6.0,-6.0,1,RANK,0.5,6.0,0.11166731278237234,12,False
28,1,Sean Spicer,4.0,0.10497561548047522,Eliminated,9.0,-14.0,6,RANK,0.5,4.0,0.10497561548047522,12,False
28,2,Ally Brooke,6.666666666666667,0.03629325311123136,Finalist,10.0,-12.0,4,RANK,0.5,6.0,0.03629325311123136,12,False
28,2,Hannah Brown,8.0,0.19704460490915537,Winner,10.0,-3.0,1,RANK,0.5,7.333333333333334,0.19704460490915537,12,False
28,2,James Van Der Beek,6.666666666666667,0.02158481877091777,Eliminated,10.0,-15.0,9,RANK,0.5,6.833333333333334,0.02158481877091777,12,False
28,2,Karamo Brown,6.333333333333333,0.024741005436554317,Eliminated,7.0,-16.0,10,RANK,0.5,6.0,0.024741005436554317,12,False
28,2,Kate Flannery,7.0,0.2300826820382035,Eliminated,8.0,-3.0,1,RANK,0.5,6.0,0.2300826820382035,12,False
28,2,Kel Mitchell,6.666666666666667,0.05197428417426902,RunnerUp,10.0,-10.0,3,RANK,0.5,6.0,0.05197428417426902,12,False
28,2,Lamar Odom,4.0,0.04012811633601672,Eliminated,4.0,-20.0,11,RANK,0.5,3.833333333333333,0.04012811633601672,12,False
28,2,Lauren Alaina,6.333333333333333,0.0626339513728775,Active,,-12.0,4,RANK,0.5,6.333333333333333,0.0626339513728775,12,False
28,2,Mary Wilson,5.0,0.02321487113931759,Eliminated,2.0,-21.0,12,RANK,0.5,5.333333333333334,0.02321487113931759,12,True
28,2,Ray Lewis,5.0,0.09590945942643138,Withdrew,,-14.0,8,RANK,0.5,5.0,0.09590945942643138,12,False
28,2,Sailor Brinkley-Cook,6.0,0.06332179324064176,Eliminated,6.0,-13.0,7,RANK,0.5,6.0,0.06332179324064176,12,False
28,2,Sean Spicer,5.333333333333333,0.15307116004438673,Eliminated,9.0,-12.0,4,RANK,0.5,4.666666666666666,0.15307116004438673,12,False
28,3,Ally Brooke,8.0,0.05773588657932322,Finalist,10.0,-8.0,4,RANK,0.5,6.666666666666667,0.05773588657932322,10,False
28,3,Hannah Brown,7.0,0.2702949437730518,Winner,10.0,-6.0,2,RANK,0.5,7.222222222222222,0.2702949437730518,10,False
28,3,James Van Der Beek,7.666666666666667,0.04748744318412513,Eliminated,10.0,-11.0,5,RANK,0.5,7.111111111111112,0.04748744318412513,10,False
28,3,Karamo Brown,5.333333333333333,0.04104204749969411,Eliminated,7.0,-17.0,10,RANK,0.5,5.777777777777778,0.04104204749969411,10,True
28,3,Kate Flannery,8.0,0.09361333545120083,Eliminated,8.0,-6.0,2,RANK,0.5,6.666666666666667,0.09361333545120083,10,False
28,3,Kel Mitchell,6.666666666666667,0.059779170757932716,RunnerUp,10.0,-12.0,6,RANK,0.5,6.222222222222222,0.059779170757932716,10,False
28,3,Lamar Odom,4.0,0.09710872501352324,Eliminated,4.0,-14.0,8,RANK,0.5,3.888888888888889,0.09710872501352324,10,False
28,3,Lauren Alaina,6.666666666666667,0.031185386165385034,Active,,-16.0,9,RANK,0.5,6.444444444444444,0.031185386165385034,10,False
28,3,Sailor Brinkley-Cook,7.666666666666667,0.16722679976820304,Eliminated,6.0,-5.0,1,RANK,0.5,6.555555555555556,0.16722679976820304,10,False
28,3,Sean Spicer,5.0,0.13452626180756486,Eliminated,9.0,-12.0,6,RANK,0.5,4.777777777777778,0.13452626180756486,10,False
28,4,Ally Brooke,8.0,0.028768822392483635,Finalist,10.0,-9.0,4,RANK,0.5,7.0,0.028768822392483635,9,False
28,4,Hannah Brown,8.0,0.10041018115475242,Winner,10.0,-4.0,1,RANK,0.5,7.416666666666667,0.10041018115475242,9,False
28,4,James Van Der Beek,7.0,0.02676873033152208,Eliminated,10.0,-15.0,9,RANK,0.5,7.083333333333334,0.02676873033152208,9,True
28,4,Karamo Brown,7.0,0.05918157311116529,Eliminated,7.0,-11.0,6,RANK,0.5,6.083333333333333,0.05918157311116529,9,False
28,4,Kate Flannery,6.5,0.04994516476139254,Eliminated,8.0,-15.0,9,RANK,0.5,6.625,0.04994516476139254,9,True
28,4,Kel Mitchell,8.0,0.057634011512957425,RunnerUp,10.0,-7.0,2,RANK,0.5,6.666666666666667,0.057634011512957425,9,False
28,4,Lamar Odom,5.0,0.08844610392316182,Eliminated,4.0,-14.0,8,RANK,0.5,4.166666666666666,0.08844610392316182,9,False
28,4,Lauren Alaina,8.0,0.026387297839995123,Active,,-11.0,6,RANK,0.5,6.833333333333333,0.026387297839995123,9,False
28,4,Sailor Brinkley-Cook,7.75,0.1464931841768847,Eliminated,6.0,-7.0,2,RANK,0.5,6.854166666666667,0.1464931841768847,9,False
28,4,Sean Spicer,5.25,0.4159649307956868,Eliminated,9.0,-10.0,5,RANK,0.5,4.895833333333333,0.4159649307956868,9,False
28,5,Ally Brooke,9.0,0.04263569413173131,Finalist,10.0,-8.0,4,RANK,0.5,7.4,0.04263569413173131,8,False
28,5,Hannah Brown,8.333333333333334,0.2078342365463597,Winner,10.0,-6.0,1,RANK,0.5,7.6,0.2078342365463597,8,False
28,5,James Van Der Beek,8.666666666666666,0.043590240178074224,Eliminated,10.0,-8.0,4,RANK,0.5,7.4,0.043590240178074224,8,False
28,5,Karamo Brown,7.0,0.03167954672178,Eliminated,7.0,-16.0,8,RANK,0.5,6.266666666666667,0.03167954672178,8,True
28,5,Kate Flannery,8.0,0.3326745132695936,Eliminated,8.0,-6.0,1,RANK,0.5,6.9,0.3326745132695936,8,False
28,5,Kel Mitchell,8.666666666666666,0.06633959802571018,RunnerUp,10.0,-7.0,3,RANK,0.5,7.0666666666666655,0.06633959802571018,8,False
28,5,Lauren Alaina,7.666666666666667,0.028259446362852374,Active,,-16.0,8,RANK,0.5,7.0,0.028259446362852374,8,True
28,5,Sailor Brinkley-Cook,8.0,0.09561068823167646,Eliminated,6.0,-9.0,6,RANK,0.5,7.083333333333333,0.09561068823167646,8,False
28,5,Sean Spicer,6.333333333333333,0.15137603653221754,Eliminated,9.0,-12.0,7,RANK,0.5,5.183333333333333,0.15137603653221754,8,False
28,6,Ally Brooke,8.333333333333334,0.11711071649785915,Finalist,10.0,-10.0,6,RANK,0.5,7.555555555555556,0.11711071649785915,9,False
28,6,Hannah Brown,8.0,0.3169717913076077,Winner,10.0,-9.0,2,RANK,0.5,7.666666666666667,0.3169717913076077,9,False
28,6,James Van Der Beek,9.0,0.028167666461640265,Eliminated,10.0,-10.0,6,RANK,0.5,7.666666666666667,0.028167666461640265,9,False
28,6,Karamo Brown,8.333333333333334,0.12847920049236344,Eliminated,7.0,-9.0,2,RANK,0.5,6.611111111111112,0.12847920049236344,9,False
28,6,Kate Flannery,9.0,0.030741290041850753,Eliminated,8.0,-9.0,2,RANK,0.5,7.25,0.030741290041850753,9,False
28,6,Kel Mitchell,8.666666666666666,0.09834655713290189,RunnerUp,10.0,-9.0,2,RANK,0.5,7.333333333333333,0.09834655713290189,9,False
28,6,Lauren Alaina,8.666666666666666,0.09748167724305493,Active,,-10.0,6,RANK,0.5,7.277777777777778,0.09748167724305493,9,False
28,6,Sailor Brinkley-Cook,9.0,0.033513482658279074,Eliminated,6.0,-8.0,1,RANK,0.5,7.402777777777779,0.033513482658279074,9,False
28,6,Sean Spicer,7.0,0.14918761816444173,Eliminated,9.0,-11.0,9,RANK,0.5,5.486111111111111,0.14918761816444173,9,True
28,7,Ally Brooke,9.0,0.08754603180598929,Finalist,10.0,-5.0,1,RANK,0.5,7.761904761904762,0.08754603180598929,7,False
28,7,Hannah Brown,8.666666666666666,0.21298367001202406,Winner,10.0,-6.0,2,RANK,0.5,7.80952380952381,0.21298367001202406,7,False
28,7,James Van Der Beek,9.0,0.04123052687958672,Eliminated,10.0,-8.0,3,RANK,0.5,7.857142857142857,0.04123052687958672,7,False
28,7,Karamo Brown,8.166666666666666,0.05935307513177151,Eliminated,7.0,-12.0,7,RANK,0.5,6.833333333333334,0.05935307513177151,7,True
28,7,Kate Flannery,8.0,0.0691577638510719,Eliminated,8.0,-12.0,7,RANK,0.5,7.357142857142857,0.0691577638510719,7,True
28,7,Kel Mitchell,8.5,0.08755579519879143,RunnerUp,10.0,-8.0,3,RANK,0.5,7.5,0.08755579519879143,7,False
28,7,Lauren Alaina,9.0,0.034741949390878164,Active,,-9.0,5,RANK,0.5,7.523809523809524,0.034741949390878164,7,False
28,7,Sean Spicer,7.0,0.4074311877298817,Eliminated,9.0,-9.0,5,RANK,0.5,5.702380952380952,0.4074311877298817,7,False
28,8,Ally Brooke,10.0,0.05566675311193918,Finalist,10.0,-8.0,5,RANK,0.5,8.041666666666666,0.05566675311193918,7,False
28,8,Hannah Brown,10.333266666666667,0.12781095528062777,Winner,10.0,-5.0,1,RANK,0.5,8.124991666666666,0.12781095528062777,7,False
28,8,James Van Der Beek,10.6666,0.05074792378671291,Eliminated,10.0,-7.0,4,RANK,0.5,8.208325,0.05074792378671291,7,False
28,8,Kate Flannery,8.6666,0.44678943011538536,Eliminated,8.0,-6.0,2,RANK,0.5,7.520825,0.44678943011538536,7,False
28,8,Kel Mitchell,9.999933333333333,0.16692584771248864,RunnerUp,10.0,-6.0,2,RANK,0.5,7.812491666666666,0.16692584771248864,7,False
28,8,Lauren Alaina,8.0,0.04215728124428593,Active,,-13.0,7,RANK,0.5,7.583333333333333,0.04215728124428593,7,True
28,8,Sean Spicer,6.666666666666667,0.1099018087485623,Eliminated,9.0,-11.0,6,RANK,0.5,5.822916666666667,0.1099018087485623,7,False
28,9,Ally Brooke,10.0,0.0821841997115659,Finalist,10.0,-7.0,4,RANK,0.5,8.25925925925926,0.0821841997115659,6,False
28,9,Hannah Brown,8.875,0.2916896595529898,Winner,10.0,-6.0,1,RANK,0.5,8.208325925925926,0.2916896595529898,6,False
28,9,James Van Der Beek,9.0,0.11725042200915216,Eliminated,10.0,-6.0,1,RANK,0.5,8.296288888888888,0.11725042200915216,6,False
28,9,Kel Mitchell,9.25,0.1086340435824943,RunnerUp,10.0,-6.0,1,RANK,0.5,7.972214814814815,0.1086340435824943,6,False
28,9,Lauren Alaina,8.75,0.10668319930393116,Active,,-10.0,6,RANK,0.5,7.712962962962962,0.10668319930393116,6,True
28,9,Sean Spicer,6.25,0.29355847583986544,Eliminated,9.0,-7.0,4,RANK,0.5,5.87037037037037,0.29355847583986544,6,False
28,10,Ally Brooke,9.833333333333334,0.11742545082781021,Finalist,10.0,-6.0,3,RANK,0.5,8.416666666666668,0.11742545082781021,5,False
28,10,Hannah Brown,9.0,0.3777354613810048,Winner,10.0,-4.0,1,RANK,0.5,8.287493333333334,0.3777354613810048,5,False
28,10,James Van Der Beek,8.5,0.11841045466142698,Eliminated,10.0,-9.0,5,RANK,0.5,8.31666,0.11841045466142698,5,True
28,10,Kel Mitchell,9.5,0.2069049974717356,RunnerUp,10.0,-4.0,1,RANK,0.5,8.124993333333332,0.2069049974717356,5,False
28,10,Lauren Alaina,9.0,0.1795236356580214,Active,,-6.0,3,RANK,0.5,7.841666666666666,0.1795236356580214,5,False
28,1,Ally Brooke,5.333333333333333,0.0374265589261839,Finalist,10.0,0.11864483303662221,8,PERCENT,0.5,5.333333333333333,0.0374265589261839,12,False
28,1,Hannah Brown,6.666666666666667,0.08822819854824758,Winner,10.0,0.1897510411862955,3,PERCENT,0.5,6.666666666666667,0.08822819854824758,12,False
28,1,James Van Der Beek,7.0,0.018895941082567754,Eliminated,10.0,0.12549492585251804,7,PERCENT,0.5,7.0,0.018895941082567754,12,False
28,1,Karamo Brown,5.666666666666667,0.03176999524289677,Eliminated,7.0,0.11806441148523747,9,PERCENT,0.5,5.666666666666667,0.03176999524289677,12,False
28,1,Kate Flannery,5.0,0.07353060764573448,Eliminated,8.0,0.14967273962427038,5,PERCENT,0.5,5.0,0.07353060764573448,12,False
28,1,Kel Mitchell,5.333333333333333,0.045239569300711574,RunnerUp,10.0,0.12645784341114988,6,PERCENT,0.5,5.333333333333333,0.045239569300711574,12,False
28,1,Lamar Odom,3.6666666666666665,0.05596657403294483,Eliminated,4.0,0.11180413748387116,11,PERCENT,0.5,3.6666666666666665,0.05596657403294483,12,False
28,1,Lauren Alaina,6.333333333333333,0.020879654085663158,Active,,0.11732635459180864,10,PERCENT,0.5,6.333333333333333,0.020879654085663158,12,False
28,1,Mary Wilson,5.666666666666667,0.020164135340871886,Eliminated,2.0,0.10645855158321259,12,PERCENT,0.5,5.666666666666667,0.020164135340871886,12,True
28,1,Ray Lewis,5.0,0.3912558375313387,Withdrew,,0.4673979695098746,1,PERCENT,0.5,5.0,0.3912558375313387,12,False
28,1,Sailor Brinkley-Cook,6.0,0.11166731278237234,Eliminated,6.0,0.20303787115661542,2,PERCENT,0.5,6.0,0.11166731278237234,12,False
28,1,Sean Spicer,4.0,0.10497561548047522,Eliminated,9.0,0.16588932106330395,4,PERCENT,0.5,4.0,0.10497561548047522,12,False
28,2,Ally Brooke,6.666666666666667,0.03629325311123136,Finalist,10.0,0.12761745402322236,8,PERCENT,0.5,6.0,0.03629325311123136,12,False
28,2,Hannah Brown,8.0,0.19704460490915537,Winner,10.0,0.3066336460035446,2,PERCENT,0.5,7.333333333333334,0.19704460490915537,12,False
28,2,James Van Der Beek,6.666666666666667,0.02158481877091777,Eliminated,10.0,0.11290901968290876,9,PERCENT,0.5,6.833333333333334,0.02158481877091777,12,False
28,2,Karamo Brown,6.333333333333333,0.024741005436554317,Eliminated,7.0,0.11149899630294575,10,PERCENT,0.5,6.0,0.024741005436554317,12,False
28,2,Kate Flannery,7.0,0.2300826820382035,Eliminated,8.0,0.325973092995794,1,PERCENT,0.5,6.0,0.2300826820382035,12,False
28,2,Kel Mitchell,6.666666666666667,0.05197428417426902,RunnerUp,10.0,0.14329848508626,7,PERCENT,0.5,6.0,0.05197428417426902,12,False
28,2,Lamar Odom,4.0,0.04012811633601672,Eliminated,4.0,0.09492263688321131,11,PERCENT,0.5,3.833333333333333,0.04012811633601672,12,False
28,2,Lauren Alaina,6.333333333333333,0.0626339513728775,Active,,0.14939194223926894,5,PERCENT,0.5,6.333333333333333,0.0626339513728775,12,False
28,2,Mary Wilson,5.0,0.02321487113931759,Eliminated,2.0,0.09170802182331084,12,PERCENT,0.5,5.333333333333334,0.02321487113931759,12,True
28,2,Ray Lewis,5.0,0.09590945942643138,Withdrew,,0.16440261011042462,4,PERCENT,0.5,5.0,0.09590945942643138,12,False
28,2,Sailor Brinkley-Cook,6.0,0.06332179324064176,Eliminated,6.0,0.14551357406143364,6,PERCENT,0.5,6.0,0.06332179324064176,12,False
28,2,Sean Spicer,5.333333333333333,0.15307116004438673,Eliminated,9.0,0.22613052077397952,3,PERCENT,0.5,4.666666666666666,0.15307116004438673,12,False
28,3,Ally Brooke,8.0,0.05773588657932322,Finalist,10.0,0.17894800778960787,5,PERCENT,0.5,6.666666666666667,0.05773588657932322,10,False
28,3,Hannah Brown,7.0,0.2702949437730518,Winner,10.0,0.3763555498320509,1,PERCENT,0.5,7.222222222222222,0.2702949437730518,10,False
28,3,James Van Der Beek,7.666666666666667,0.04748744318412513,Eliminated,10.0,0.16364905934398127,6,PERCENT,0.5,7.111111111111112,0.04748744318412513,10,False
28,3,Karamo Brown,5.333333333333333,0.04104204749969411,Eliminated,7.0,0.12185012830655054,10,PERCENT,0.5,5.777777777777778,0.04104204749969411,10,True
28,3,Kate Flannery,8.0,0.09361333545120083,Eliminated,8.0,0.2148254566614855,3,PERCENT,0.5,6.666666666666667,0.09361333545120083,10,False
28,3,Kel Mitchell,6.666666666666667,0.059779170757932716,RunnerUp,10.0,0.16078927176650326,7,PERCENT,0.5,6.222222222222222,0.059779170757932716,10,False
28,3,Lamar Odom,4.0,0.09710872501352324,Eliminated,4.0,0.1577147856186656,8,PERCENT,0.5,3.888888888888889,0.09710872501352324,10,False
28,3,Lauren Alaina,6.666666666666667,0.031185386165385034,Active,,0.13219548717395557,9,PERCENT,0.5,6.444444444444444,0.031185386165385034,10,False
28,3,Sailor Brinkley-Cook,7.666666666666667,0.16722679976820304,Eliminated,6.0,0.2833884159280592,2,PERCENT,0.5,6.555555555555556,0.16722679976820304,10,False
28,3,Sean Spicer,5.0,0.13452626180756486,Eliminated,9.0,0.21028383756399277,4,PERCENT,0.5,4.777777777777778,0.13452626180756486,10,False
28,4,Ally Brooke,8.0,0.028768822392483635,Finalist,10.0,0.1422439996958386,7,PERCENT,0.5,7.0,0.028768822392483635,10,False
28,4,Hannah Brown,8.0,0.10041018115475242,Winner,10.0,0.21388535845810738,3,PERCENT,0.5,7.416666666666667,0.10041018115475242,10,False
28,4,James Van Der Beek,7.0,0.02676873033152208,Eliminated,10.0,0.12605951047195768,10,PERCENT,0.5,7.083333333333334,0.02676873033152208,10,True
28,4,Karamo Brown,7.0,0.05918157311116529,Eliminated,7.0,0.1584723532516009,6,PERCENT,0.5,6.083333333333333,0.05918157311116529,10,False
28,4,Kate Flannery,6.5,0.04994516476139254,Eliminated,8.0,0.14214374632036844,8,PERCENT,0.5,6.625,0.04994516476139254,10,False
28,4,Kel Mitchell,8.0,0.057634011512957425,RunnerUp,10.0,0.17110918881631237,4,PERCENT,0.5,6.666666666666667,0.057634011512957425,10,False
28,4,Lamar Odom,5.0,0.08844610392316182,Eliminated,4.0,0.15936808973775868,5,PERCENT,0.5,4.166666666666666,0.08844610392316182,10,False
28,4,Lauren Alaina,8.0,0.026387297839995123,Active,,0.1398624751433501,9,PERCENT,0.5,6.833333333333333,0.026387297839995123,10,False
28,4,Sailor Brinkley-Cook,7.75,0.1464931841768847,Eliminated,6.0,0.2564222621895098,2,PERCENT,0.5,6.854166666666667,0.1464931841768847,10,False
28,4,Sean Spicer,5.25,0.4159649307956868,Eliminated,9.0,0.4904330159010135,1,PERCENT,0.5,4.895833333333333,0.4159649307956868,10,False
28,5,Ally Brooke,9.0,0.04263569413173131,Finalist,10.0,0.16821708947881625,6,PERCENT,0.5,7.4,0.04263569413173131,9,False
28,5,Hannah Brown,8.333333333333334,0.2078342365463597,Winner,10.0,0.3241133063121791,2,PERCENT,0.5,7.6,0.2078342365463597,9,False
28,5,James Van Der Beek,8.666666666666666,0.043590240178074224,Eliminated,10.0,0.16452047273452636,7,PERCENT,0.5,7.4,0.043590240178074224,9,False
28,5,Karamo Brown,7.0,0.03167954672178,Eliminated,7.0,0.12935396532506827,9,PERCENT,0.5,6.266666666666667,0.03167954672178,9,True
28,5,Kate Flannery,8.0,0.3326745132695936,Eliminated,8.0,0.44430242024478017,1,PERCENT,0.5,6.9,0.3326745132695936,9,False
28,5,Kel Mitchell,8.666666666666666,0.06633959802571018,RunnerUp,10.0,0.18726983058216232,5,PERCENT,0.5,7.0666666666666655,0.06633959802571018,9,False
28,5,Lauren Alaina,7.666666666666667,0.028259446362852374,Active,,0.1352361905474062,8,PERCENT,0.5,7.0,0.028259446362852374,9,False
28,5,Sailor Brinkley-Cook,8.0,0.09561068823167646,Eliminated,6.0,0.20723859520686305,4,PERCENT,0.5,7.083333333333333,0.09561068823167646,9,False
28,5,Sean Spicer,6.333333333333333,0.15137603653221754,Eliminated,9.0,0.23974812955424024,3,PERCENT,0.5,5.183333333333333,0.15137603653221754,9,False
28,6,Ally Brooke,8.333333333333334,0.11711071649785915,Finalist,10.0,0.22675983930343394,4,PERCENT,0.5,7.555555555555556,0.11711071649785915,9,False
28,6,Hannah Brown,8.0,0.3169717913076077,Winner,10.0,0.4222349492009595,1,PERCENT,0.5,7.666666666666667,0.3169717913076077,9,False
28,6,James Van Der Beek,9.0,0.028167666461640265,Eliminated,10.0,0.14658871909166105,9,PERCENT,0.5,7.666666666666667,0.028167666461640265,9,True
28,6,Karamo Brown,8.333333333333334,0.12847920049236344,Eliminated,7.0,0.23812832329793823,3,PERCENT,0.5,6.611111111111112,0.12847920049236344,9,False
28,6,Kate Flannery,9.0,0.030741290041850753,Eliminated,8.0,0.14916234267187153,8,PERCENT,0.5,7.25,0.030741290041850753,9,False
28,6,Kel Mitchell,8.666666666666666,0.09834655713290189,RunnerUp,10.0,0.21238164485069966,5,PERCENT,0.5,7.333333333333333,0.09834655713290189,9,False
28,6,Lauren Alaina,8.666666666666666,0.09748167724305493,Active,,0.2115167649608527,6,PERCENT,0.5,7.277777777777778,0.09748167724305493,9,False
28,6,Sailor Brinkley-Cook,9.0,0.033513482658279074,Eliminated,6.0,0.15193453528829984,7,PERCENT,0.5,7.402777777777779,0.033513482658279074,9,False
28,6,Sean Spicer,7.0,0.14918761816444173,Eliminated,9.0,0.24129288132112456,2,PERCENT,0.5,5.486111111111111,0.14918761816444173,9,False
28,7,Ally Brooke,9.0,0.08754603180598929,Finalist,10.0,0.22120939814063784,3,PERCENT,0.5,7.761904761904762,0.08754603180598929,8,False
28,7,Hannah Brown,8.666666666666666,0.21298367001202406,Winner,10.0,0.3416965412972412,2,PERCENT,0.5,7.80952380952381,0.21298367001202406,8,False
28,7,James Van Der Beek,9.0,0.04123052687958672,Eliminated,10.0,0.1748938932142353,7,PERCENT,0.5,7.857142857142857,0.04123052687958672,8,False
28,7,Karamo Brown,8.166666666666666,0.05935307513177151,Eliminated,7.0,0.1806402038428415,6,PERCENT,0.5,6.833333333333334,0.05935307513177151,8,False
28,7,Kate Flannery,8.0,0.0691577638510719,Eliminated,8.0,0.1879696450374262,5,PERCENT,0.5,7.357142857142857,0.0691577638510719,8,False
28,7,Kel Mitchell,8.5,0.08755579519879143,RunnerUp,10.0,0.21379341895929288,4,PERCENT,0.5,7.5,0.08755579519879143,8,False
28,7,Lauren Alaina,9.0,0.034741949390878164,Active,,0.16840531572552672,8,PERCENT,0.5,7.523809523809524,0.034741949390878164,8,True
28,7,Sean Spicer,7.0,0.4074311877298817,Eliminated,9.0,0.5113915837679417,1,PERCENT,0.5,5.702380952380952,0.4074311877298817,8,False
28,8,Ally Brooke,10.0,0.05566675311193918,Finalist,10.0,0.21110781193256473,6,PERCENT,0.5,8.041666666666666,0.05566675311193918,7,False
28,8,Hannah Brown,10.333266666666667,0.12781095528062777,Winner,10.0,0.288432346454882,3,PERCENT,0.5,8.124991666666666,0.12781095528062777,7,False
28,8,James Van Der Beek,10.6666,0.05074792378671291,Eliminated,10.0,0.21655068358832139,4,PERCENT,0.5,8.208325,0.05074792378671291,7,False
28,8,Kate Flannery,8.6666,0.44678943011538536,Eliminated,8.0,0.5815039781528687,1,PERCENT,0.5,7.520825,0.44678943011538536,7,False
28,8,Kel Mitchell,9.999933333333333,0.16692584771248864,RunnerUp,10.0,0.3223658702593887,2,PERCENT,0.5,7.812491666666666,0.16692584771248864,7,False
28,8,Lauren Alaina,8.0,0.04215728124428593,Active,,0.16651012830078638,7,PERCENT,0.5,7.583333333333333,0.04215728124428593,7,True
28,8,Sean Spicer,6.666666666666667,0.1099018087485623,Eliminated,9.0,0.21352918129564602,5,PERCENT,0.5,5.822916666666667,0.1099018087485623,7,False
28,9,Ally Brooke,10.0,0.0821841997115659,Finalist,10.0,0.27403072248966,6,PERCENT,0.5,8.25925925925926,0.0821841997115659,6,True
28,9,Hannah Brown,8.875,0.2916896595529898,Winner,10.0,0.4619534485185483,1,PERCENT,0.5,8.208325925925926,0.2916896595529898,6,False
28,9,James Van Der Beek,9.0,0.11725042200915216,Eliminated,10.0,0.28991229250943684,3,PERCENT,0.5,8.296288888888888,0.11725042200915216,6,False
28,9,Kel Mitchell,9.25,0.1086340435824943,RunnerUp,10.0,0.28609207715223134,4,PERCENT,0.5,7.972214814814815,0.1086340435824943,6,False
28,9,Lauren Alaina,8.75,0.10668319930393116,Active,,0.2745489067347635,5,PERCENT,0.5,7.712962962962962,0.10668319930393116,6,False
28,9,Sean Spicer,6.25,0.29355847583986544,Eliminated,9.0,0.41346255257617426,2,PERCENT,0.5,5.87037037037037,0.29355847583986544,6,False
28,10,Ally Brooke,9.833333333333334,0.11742545082781021,Finalist,10.0,0.33197090536858376,4,PERCENT,0.5,8.416666666666668,0.11742545082781021,5,False
28,10,Hannah Brown,9.0,0.3777354613810048,Winner,10.0,0.5740990977403568,1,PERCENT,0.5,8.287493333333334,0.3777354613810048,5,False
28,10,James Van Der Beek,8.5,0.11841045466142698,Eliminated,10.0,0.30386500011192613,5,PERCENT,0.5,8.31666,0.11841045466142698,5,True
28,10,Kel Mitchell,9.5,0.2069049974717356,RunnerUp,10.0,0.4141777247399406,2,PERCENT,0.5,8.124993333333332,0.2069049974717356,5,False
28,10,Lauren Alaina,9.0,0.1795236356580214,Active,,0.3758872720173735,3,PERCENT,0.5,7.841666666666666,0.1795236356580214,5,False
29,1,Aj Mclean,6.0,0.04043013933345726,Eliminated,9.0,-13.0,6,RANK,0.5,6.0,0.04043013933345726,14,False
29,1,Anne Heche,6.0,0.014882256236681659,Eliminated,4.0,-20.0,11,RANK,0.5,6.0,0.014882256236681659,14,False
29,1,Carole Baskin,3.6666666666666665,0.022124217184887437,Eliminated,3.0,-26.0,14,RANK,0.5,3.6666666666666665,0.022124217184887437,14,True
29,1,Charles Oakley,4.0,0.02564052524307652,Eliminated,2.0,-23.0,13,RANK,0.5,4.0,0.02564052524307652,14,False
29,1,Chrishell Stause,4.333333333333333,0.018207935086941483,Eliminated,8.0,-26.0,14,RANK,0.5,4.333333333333333,0.018207935086941483,14,True
29,1,Jeannie Mai,6.0,0.014137415236039277,Withdrew,,-21.0,12,RANK,0.5,6.0,0.014137415236039277,14,False
29,1,Jesse Metcalfe,6.0,0.033539843109685906,Eliminated,5.0,-14.0,7,RANK,0.5,6.0,0.033539843109685906,14,False
29,1,Johnny Weir,6.0,0.34841149175437347,Eliminated,10.0,-7.0,3,RANK,0.5,6.0,0.34841149175437347,14,False
29,1,Justina Machado,7.0,0.02493528922072451,Active,,-11.0,5,RANK,0.5,7.0,0.02493528922072451,14,False
29,1,Kaitlyn Bristowe,6.666666666666667,0.11818287913494147,Winner,10.0,-6.0,1,RANK,0.5,6.666666666666667,0.11818287913494147,14,False
29,1,Monica Aldama,6.333333333333333,0.06304238521947045,Eliminated,7.0,-9.0,4,RANK,0.5,6.333333333333333,0.06304238521947045,14,False
29,1,Nelly,5.333333333333333,0.15060509825625418,Finalist,10.0,-14.0,7,RANK,0.5,5.333333333333333,0.15060509825625418,14,False
29,1,Nev Schulman,6.666666666666667,0.02129819413081935,RunnerUp,10.0,-15.0,9,RANK,0.5,6.666666666666667,0.02129819413081935,14,False
29,1,Skai Jackson,7.0,0.05440173788715685,Eliminated,10.0,-6.0,1,RANK,0.5,7.0,0.05440173788715685,14,False
29,1,Veron Davis,5.666666666666667,0.05016059296549051,Eliminated,6.0,-17.0,10,RANK,0.5,5.666666666666667,0.05016059296549051,14,False
29,2,Aj Mclean,6.333333333333333,0.04896546888478847,Eliminated,9.0,-11.0,6,RANK,0.5,6.166666666666666,0.04896546888478847,15,False
29,2,Anne Heche,6.0,0.016478953247040427,Eliminated,4.0,-20.0,10,RANK,0.5,6.0,0.016478953247040427,15,False
29,2,Carole Baskin,5.333333333333333,0.025360095454702417,Eliminated,3.0,-22.0,14,RANK,0.5,4.5,0.025360095454702417,15,False
29,2,Charles Oakley,5.0,0.047254073562635765,Eliminated,2.0,-21.0,12,RANK,0.5,4.5,0.047254073562635765,15,False
29,2,Chrishell Stause,6.0,0.01915390263171032,Eliminated,8.0,-19.0,9,RANK,0.5,5.166666666666666,0.01915390263171032,15,False
29,2,Jeannie Mai,6.0,0.014774850860801755,Withdrew,,-21.0,12,RANK,0.5,6.0,0.014774850860801755,15,False
29,2,Jesse Metcalfe,6.666666666666667,0.05506189119083345,Eliminated,5.0,-9.0,4,RANK,0.5,6.333333333333334,0.05506189119083345,15,False
29,2,Johnny Weir,6.0,0.36046753591821273,Eliminated,10.0,-7.0,2,RANK,0.5,6.0,0.36046753591821273,15,False
29,2,Justina Machado,7.0,0.027860437564911526,Active,,-11.0,6,RANK,0.5,7.0,0.027860437564911526,15,False
29,2,Kaitlyn Bristowe,7.333333333333333,0.05908489609714453,Winner,10.0,-5.0,1,RANK,0.5,7.0,0.05908489609714453,15,False
29,2,Monica Aldama,5.333333333333333,0.028585181302546038,Eliminated,7.0,-20.0,10,RANK,0.5,5.833333333333333,0.028585181302546038,15,False
29,2,Nelly,6.0,0.1634791874984195,Finalist,10.0,-8.0,3,RANK,0.5,5.666666666666666,0.1634791874984195,15,False
29,2,Nev Schulman,7.0,0.019652659742160513,RunnerUp,10.0,-13.0,8,RANK,0.5,6.833333333333334,0.019652659742160513,15,False
29,2,Skai Jackson,5.0,0.019493550053069398,Eliminated,10.0,-26.0,15,RANK,0.5,6.0,0.019493550053069398,15,True
29,2,Veron Davis,6.0,0.09432731599102466,Eliminated,6.0,-9.0,4,RANK,0.5,5.833333333333334,0.09432731599102466,15,False
29,3,Aj Mclean,7.0,0.045765671925356854,Eliminated,9.0,-14.0,6,RANK,0.5,6.444444444444444,0.045765671925356854,14,False
29,3,Anne Heche,5.0,0.016888051999070976,Eliminated,4.0,-27.0,14,RANK,0.5,5.666666666666667,0.016888051999070976,14,True
29,3,Carole Baskin,4.0,0.023845105583193055,Eliminated,3.0,-26.0,13,RANK,0.5,4.333333333333333,0.023845105583193055,14,False
29,3,Chrishell Stause,7.333333333333333,0.025798441726728363,Eliminated,8.0,-15.0,7,RANK,0.5,5.888888888888888,0.025798441726728363,14,False
29,3,Jeannie Mai,7.333333333333333,0.016951742283466974,Withdrew,,-17.0,9,RANK,0.5,6.444444444444444,0.016951742283466974,14,False
29,3,Jesse Metcalfe,6.666666666666667,0.038167337849559,Eliminated,5.0,-17.0,9,RANK,0.5,6.4444444444444455,0.038167337849559,14,False
29,3,Johnny Weir,8.0,0.1466623408130727,Eliminated,10.0,-4.0,1,RANK,0.5,6.666666666666667,0.1466623408130727,14,False
29,3,Justina Machado,6.333333333333333,0.03328251757574456,Active,,-19.0,12,RANK,0.5,6.777777777777778,0.03328251757574456,14,False
29,3,Kaitlyn Bristowe,7.666666666666667,0.21962544766351919,Winner,10.0,-4.0,1,RANK,0.5,7.222222222222222,0.21962544766351919,14,False
29,3,Monica Aldama,7.0,0.1643764815665897,Eliminated,7.0,-9.0,4,RANK,0.5,6.222222222222221,0.1643764815665897,14,False
29,3,Nelly,6.0,0.06055151636119206,Finalist,10.0,-17.0,9,RANK,0.5,5.777777777777778,0.06055151636119206,14,False
29,3,Nev Schulman,8.0,0.027927454466510317,RunnerUp,10.0,-11.0,5,RANK,0.5,7.222222222222222,0.027927454466510317,14,False
29,3,Skai Jackson,6.0,0.07489697235771166,Eliminated,10.0,-16.0,8,RANK,0.5,6.0,0.07489697235771166,14,False
29,3,Veron Davis,7.333333333333333,0.10526091782828588,Eliminated,6.0,-8.0,3,RANK,0.5,6.333333333333333,0.10526091782828588,14,False
29,4,Aj Mclean,8.0,0.047516245104704986,Eliminated,9.0,-11.0,6,RANK,0.5,6.833333333333333,0.047516245104704986,13,False
29,4,Anne Heche,7.0,0.05872361609989166,Eliminated,4.0,-16.0,9,RANK,0.5,6.0,0.05872361609989166,13,False
29,4,Chrishell Stause,7.333333333333333,0.01829074951165178,Eliminated,8.0,-20.0,12,RANK,0.5,6.25,0.01829074951165178,13,False
29,4,Jeannie Mai,7.0,0.01804671112410905,Withdrew,,-23.0,13,RANK,0.5,6.583333333333333,0.01804671112410905,13,True
29,4,Jesse Metcalfe,7.0,0.03974260731613536,Eliminated,5.0,-19.0,11,RANK,0.5,6.583333333333334,0.03974260731613536,13,False
29,4,Johnny Weir,8.0,0.16274981305007413,Eliminated,10.0,-5.0,3,RANK,0.5,7.0,0.16274981305007413,13,False
29,4,Justina Machado,8.0,0.048253879220621104,Active,,-10.0,5,RANK,0.5,7.083333333333333,0.048253879220621104,13,False
29,4,Kaitlyn Bristowe,8.333333333333334,0.2103755706420562,Winner,10.0,-3.0,1,RANK,0.5,7.5,0.2103755706420562,13,False
29,4,Monica Aldama,8.0,0.06308980987697256,Eliminated,7.0,-8.0,4,RANK,0.5,6.666666666666666,0.06308980987697256,13,False
29,4,Nelly,7.0,0.11342598482903375,Finalist,10.0,-14.0,7,RANK,0.5,6.083333333333333,0.11342598482903375,13,False
29,4,Nev Schulman,8.0,0.029453836684251805,RunnerUp,10.0,-14.0,7,RANK,0.5,7.416666666666667,0.029453836684251805,13,False
29,4,Skai Jackson,9.333333333333334,0.15527931683865745,Eliminated,10.0,-4.0,2,RANK,0.5,6.833333333333334,0.15527931683865745,13,False
29,4,Veron Davis,7.333333333333333,0.0350518597018412,Eliminated,6.0,-18.0,10,RANK,0.5,6.583333333333333,0.0350518597018412,13,False
29,5,Aj Mclean,8.0,0.07817317023067434,Eliminated,9.0,-10.0,5,RANK,0.5,7.0666666666666655,0.07817317023067434,12,False
29,5,Chrishell Stause,6.333333333333333,0.02886421170270847,Eliminated,8.0,-22.0,12,RANK,0.5,6.266666666666667,0.02886421170270847,12,True
29,5,Jeannie Mai,8.0,0.026658761278604334,Withdrew,,-17.0,9,RANK,0.5,6.866666666666665,0.026658761278604334,12,False
29,5,Jesse Metcalfe,6.333333333333333,0.07081485151550937,Eliminated,5.0,-17.0,9,RANK,0.5,6.533333333333333,0.07081485151550937,12,False
29,5,Johnny Weir,9.666666666666666,0.15172613809144297,Eliminated,10.0,-4.0,2,RANK,0.5,7.533333333333333,0.15172613809144297,12,False
29,5,Justina Machado,8.0,0.05132279092542452,Active,,-13.0,6,RANK,0.5,7.266666666666666,0.05132279092542452,12,False
29,5,Kaitlyn Bristowe,9.0,0.20698955344670847,Winner,10.0,-3.0,1,RANK,0.5,7.8,0.20698955344670847,12,False
29,5,Monica Aldama,8.666666666666666,0.1037595084782096,Eliminated,7.0,-7.0,3,RANK,0.5,7.0666666666666655,0.1037595084782096,12,False
29,5,Nelly,8.0,0.1629824939713038,Finalist,10.0,-7.0,3,RANK,0.5,6.466666666666666,0.1629824939713038,12,False
29,5,Nev Schulman,8.666666666666666,0.02889476312189561,RunnerUp,10.0,-13.0,6,RANK,0.5,7.666666666666666,0.02889476312189561,12,False
29,5,Skai Jackson,8.0,0.03507319538355126,Eliminated,10.0,-14.0,8,RANK,0.5,7.066666666666667,0.03507319538355126,12,False
29,5,Veron Davis,7.0,0.054740561853965544,Eliminated,6.0,-17.0,9,RANK,0.5,6.666666666666667,0.054740561853965544,12,False
29,6,Aj Mclean,9.0,0.10078767043854578,Eliminated,9.0,-4.0,2,RANK,0.5,7.388888888888888,0.10078767043854578,11,False
29,6,Chrishell Stause,8.0,0.030828384642659388,Eliminated,8.0,-16.0,8,RANK,0.5,6.5555555555555545,0.030828384642659388,11,False
29,6,Jeannie Mai,8.333333333333334,0.02098710812702758,Withdrew,,-17.0,9,RANK,0.5,7.111111111111111,0.02098710812702758,11,False
29,6,Johnny Weir,7.333333333333333,0.07868075287531738,Eliminated,10.0,-14.0,6,RANK,0.5,7.5,0.07868075287531738,11,False
29,6,Justina Machado,9.0,0.05270613365156408,Active,,-7.0,4,RANK,0.5,7.5555555555555545,0.05270613365156408,11,False
29,6,Kaitlyn Bristowe,9.0,0.12696946666457323,Winner,10.0,-3.0,1,RANK,0.5,8.0,0.12696946666457323,11,False
29,6,Monica Aldama,9.0,0.08022059401939614,Eliminated,7.0,-5.0,3,RANK,0.5,7.388888888888888,0.08022059401939614,11,False
29,6,Nelly,8.0,0.3965356639267763,Finalist,10.0,-8.0,5,RANK,0.5,6.722222222222221,0.3965356639267763,11,False
29,6,Nev Schulman,8.666666666666666,0.030625710511601928,RunnerUp,10.0,-15.0,7,RANK,0.5,7.833333333333333,0.030625710511601928,11,False
29,6,Skai Jackson,6.0,0.037895425475514555,Eliminated,10.0,-19.0,11,RANK,0.5,6.888888888888889,0.037895425475514555,11,True
29,6,Veron Davis,7.0,0.04376308966702237,Eliminated,6.0,-17.0,9,RANK,0.5,6.722222222222222,0.04376308966702237,11,False
29,7,Aj Mclean,8.666666666666666,0.08054981953730347,Eliminated,9.0,-9.0,2,RANK,0.5,7.571428571428571,0.08054981953730347,10,False
29,7,Chrishell Stause,8.666666666666666,0.07915146955295312,Eliminated,8.0,-10.0,4,RANK,0.5,6.857142857142857,0.07915146955295312,10,False
29,7,Jeannie Mai,8.333333333333334,0.0783881847975026,Withdrew,,-14.0,10,RANK,0.5,7.285714285714286,0.0783881847975026,10,True
29,7,Johnny Weir,9.0,0.0358240945653034,Eliminated,10.0,-9.0,2,RANK,0.5,7.714285714285714,0.0358240945653034,10,False
29,7,Justina Machado,8.666666666666666,0.085695672771982,Active,,-8.0,1,RANK,0.5,7.714285714285714,0.085695672771982,10,False
29,7,Kaitlyn Bristowe,8.0,0.40398490763408146,Winner,10.0,-10.0,4,RANK,0.5,8.0,0.40398490763408146,10,False
29,7,Monica Aldama,7.333333333333333,0.1685423526148527,Eliminated,7.0,-12.0,9,RANK,0.5,7.3809523809523805,0.1685423526148527,10,False
29,7,Nelly,9.0,0.03273397941064977,Finalist,10.0,-11.0,7,RANK,0.5,7.047619047619047,0.03273397941064977,10,False
29,7,Nev Schulman,10.0,6.188397950780175e-05,RunnerUp,10.0,-11.0,7,RANK,0.5,8.142857142857142,6.188397950780175e-05,10,False
29,7,Skai Jackson,9.0,0.035067635135862495,Eliminated,10.0,-10.0,4,RANK,0.5,7.190476190476191,0.035067635135862495,10,False
29,8,Aj Mclean,9.0,0.10932222946411545,Eliminated,9.0,-10.0,5,RANK,0.5,7.75,0.10932222946411545,8,False
29,8,Chrishell Stause,9.0,0.045615556481776155,Eliminated,8.0,-13.0,7,RANK,0.5,7.125,0.045615556481776155,8,False
29,8,Johnny Weir,10.0,0.1349159226824795,Eliminated,10.0,-4.0,1,RANK,0.5,8.0,0.1349159226824795,8,False
29,8,Justina Machado,9.6666,0.16661114295733834,Active,,-5.0,2,RANK,0.5,7.958325,0.16661114295733834,8,False
29,8,Kaitlyn Bristowe,9.333333333333334,0.2751548559004831,Winner,10.0,-5.0,2,RANK,0.5,8.166666666666666,0.2751548559004831,8,False
29,8,Nelly,8.0,0.07860808924233928,Finalist,10.0,-14.0,8,RANK,0.5,7.166666666666666,0.07860808924233928,8,True
29,8,Nev Schulman,10.0,0.05584630015291775,RunnerUp,10.0,-8.0,4,RANK,0.5,8.375,0.05584630015291775,8,False
29,8,Skai Jackson,8.999933333333333,0.13392590311855238,Eliminated,10.0,-11.0,6,RANK,0.5,7.416658333333333,0.13392590311855238,8,False
29,9,Aj Mclean,8.333266666666667,0.06994203152319035,Eliminated,9.0,-12.0,7,RANK,0.5,7.8148074074074065,0.06994203152319035,7,True
29,9,Johnny Weir,10.0,0.23894693785489565,Eliminated,10.0,-3.0,2,RANK,0.5,8.222222222222221,0.23894693785489565,7,False
29,9,Justina Machado,8.6666,0.07008921280596155,Active,,-10.0,4,RANK,0.5,8.037022222222223,0.07008921280596155,7,False
29,9,Kaitlyn Bristowe,10.0,0.2601380377673665,Winner,10.0,-2.0,1,RANK,0.5,8.37037037037037,0.2601380377673665,7,False
29,9,Nelly,8.0,0.12304537466618358,Finalist,10.0,-11.0,6,RANK,0.5,7.259259259259259,0.12304537466618358,7,False
29,9,Nev Schulman,9.6666,0.043479549854580544,RunnerUp,10.0,-10.0,4,RANK,0.5,8.518511111111112,0.043479549854580544,7,False
29,9,Skai Jackson,9.6666,0.1943588555278212,Eliminated,10.0,-6.0,3,RANK,0.5,7.666651851851851,0.1943588555278212,7,False
29,10,Johnny Weir,9.5,0.16519789607148316,Eliminated,10.0,-6.0,1,RANK,0.5,8.35,0.16519789607148316,6,False
29,10,Justina Machado,9.666666666666666,0.12143907414440205,Active,,-6.0,1,RANK,0.5,8.199986666666666,0.12143907414440205,6,False
29,10,Kaitlyn Bristowe,10.0,0.08879799450906471,Winner,10.0,-6.0,1,RANK,0.5,8.533333333333333,0.08879799450906471,6,False
29,10,Nelly,9.333333333333334,0.4808971585633286,Finalist,10.0,-7.0,4,RANK,0.5,7.466666666666667,0.4808971585633286,6,False
29,10,Nev Schulman,10.0,0.04809802549488787,RunnerUp,10.0,-7.0,4,RANK,0.5,8.66666,0.04809802549488787,6,False
29,10,Skai Jackson,9.5,0.0955698512168327,Eliminated,10.0,-8.0,6,RANK,0.5,7.849986666666666,0.0955698512168327,6,True
29,1,Aj Mclean,6.0,0.04043013933345726,Eliminated,9.0,0.10966090856342767,7,PERCENT,0.5,6.0,0.04043013933345726,15,False
29,1,Anne Heche,6.0,0.014882256236681659,Eliminated,4.0,0.08411302546665206,11,PERCENT,0.5,6.0,0.014882256236681659,15,False
29,1,Carole Baskin,3.6666666666666665,0.022124217184887437,Eliminated,3.0,0.06443190949209157,15,PERCENT,0.5,3.6666666666666665,0.022124217184887437,15,True
29,1,Charles Oakley,4.0,0.02564052524307652,Eliminated,2.0,0.07179437139639012,13,PERCENT,0.5,4.0,0.02564052524307652,15,False
29,1,Chrishell Stause,4.333333333333333,0.018207935086941483,Eliminated,8.0,0.06820793508636455,14,PERCENT,0.5,4.333333333333333,0.018207935086941483,15,False
29,1,Jeannie Mai,6.0,0.014137415236039277,Withdrew,,0.08336818446600967,12,PERCENT,0.5,6.0,0.014137415236039277,15,False
29,1,Jesse Metcalfe,6.0,0.033539843109685906,Eliminated,5.0,0.10277061233965631,9,PERCENT,0.5,6.0,0.033539843109685906,15,False
29,1,Johnny Weir,6.0,0.34841149175437347,Eliminated,10.0,0.41764226098434387,1,PERCENT,0.5,6.0,0.34841149175437347,15,False
29,1,Justina Machado,7.0,0.02493528922072451,Active,,0.10570451998902332,8,PERCENT,0.5,7.0,0.02493528922072451,15,False
29,1,Kaitlyn Bristowe,6.666666666666667,0.11818287913494147,Winner,10.0,0.19510595605713082,3,PERCENT,0.5,6.666666666666667,0.11818287913494147,15,False
29,1,Monica Aldama,6.333333333333333,0.06304238521947045,Eliminated,7.0,0.1361193082955503,4,PERCENT,0.5,6.333333333333333,0.06304238521947045,15,False
29,1,Nelly,5.333333333333333,0.15060509825625418,Finalist,10.0,0.21214355979400565,2,PERCENT,0.5,5.333333333333333,0.15060509825625418,15,False
29,1,Nev Schulman,6.666666666666667,0.02129819413081935,RunnerUp,10.0,0.0982212710530087,10,PERCENT,0.5,6.666666666666667,0.02129819413081935,15,False
29,1,Skai Jackson,7.0,0.05440173788715685,Eliminated,10.0,0.13517096865545566,5,PERCENT,0.5,7.0,0.05440173788715685,15,False
29,1,Veron Davis,5.666666666666667,0.05016059296549051,Eliminated,6.0,0.11554520834935146,6,PERCENT,0.5,5.666666666666667,0.05016059296549051,15,False
29,2,Aj Mclean,6.333333333333333,0.04896546888478847,Eliminated,9.0,0.11856253848109327,6,PERCENT,0.5,6.166666666666666,0.04896546888478847,15,False
29,2,Anne Heche,6.0,0.016478953247040427,Eliminated,4.0,0.0824130191803818,13,PERCENT,0.5,6.0,0.016478953247040427,15,False
29,2,Carole Baskin,5.333333333333333,0.025360095454702417,Eliminated,3.0,0.08396815406211698,12,PERCENT,0.5,4.5,0.025360095454702417,15,False
29,2,Charles Oakley,5.0,0.047254073562635765,Eliminated,2.0,0.10219912850708691,8,PERCENT,0.5,4.5,0.047254073562635765,15,False
29,2,Chrishell Stause,6.0,0.01915390263171032,Eliminated,8.0,0.0850879685650517,11,PERCENT,0.5,5.166666666666666,0.01915390263171032,15,False
29,2,Jeannie Mai,6.0,0.014774850860801755,Withdrew,,0.08070891679414313,14,PERCENT,0.5,6.0,0.014774850860801755,15,False
29,2,Jesse Metcalfe,6.666666666666667,0.05506189119083345,Eliminated,5.0,0.12832196445010163,5,PERCENT,0.5,6.333333333333334,0.05506189119083345,15,False
29,2,Johnny Weir,6.0,0.36046753591821273,Eliminated,10.0,0.4264016018515541,1,PERCENT,0.5,6.0,0.36046753591821273,15,False
29,2,Justina Machado,7.0,0.027860437564911526,Active,,0.10478351448714314,7,PERCENT,0.5,7.0,0.027860437564911526,15,False
29,2,Kaitlyn Bristowe,7.333333333333333,0.05908489609714453,Winner,10.0,0.13967097668233955,4,PERCENT,0.5,7.0,0.05908489609714453,15,False
29,2,Monica Aldama,5.333333333333333,0.028585181302546038,Eliminated,7.0,0.0871932399099606,10,PERCENT,0.5,5.833333333333333,0.028585181302546038,15,False
29,2,Nelly,6.0,0.1634791874984195,Finalist,10.0,0.2294132534317609,2,PERCENT,0.5,5.666666666666666,0.1634791874984195,15,False
29,2,Nev Schulman,7.0,0.019652659742160513,RunnerUp,10.0,0.09657573666439213,9,PERCENT,0.5,6.833333333333334,0.019652659742160513,15,False
29,2,Skai Jackson,5.0,0.019493550053069398,Eliminated,10.0,0.07443860499752054,15,PERCENT,0.5,6.0,0.019493550053069398,15,True
29,2,Veron Davis,6.0,0.09432731599102466,Eliminated,6.0,0.16026138192436604,3,PERCENT,0.5,5.833333333333334,0.09432731599102466,15,False
29,3,Aj Mclean,7.0,0.045765671925356854,Eliminated,9.0,0.12049876800996825,7,PERCENT,0.5,6.444444444444444,0.045765671925356854,14,False
29,3,Anne Heche,5.0,0.016888051999070976,Eliminated,4.0,0.07026883491665055,13,PERCENT,0.5,5.666666666666667,0.016888051999070976,14,False
29,3,Carole Baskin,4.0,0.023845105583193055,Eliminated,3.0,0.06654973191725672,14,PERCENT,0.5,4.333333333333333,0.023845105583193055,14,True
29,3,Chrishell Stause,7.333333333333333,0.025798441726728363,Eliminated,8.0,0.10409025667251173,10,PERCENT,0.5,5.888888888888888,0.025798441726728363,14,False
29,3,Jeannie Mai,7.333333333333333,0.016951742283466974,Withdrew,,0.09524355722925035,12,PERCENT,0.5,6.444444444444444,0.016951742283466974,14,False
29,3,Jesse Metcalfe,6.666666666666667,0.038167337849559,Eliminated,5.0,0.10934171507299843,9,PERCENT,0.5,6.4444444444444455,0.038167337849559,14,False
29,3,Johnny Weir,8.0,0.1466623408130727,Eliminated,10.0,0.2320715934812,3,PERCENT,0.5,6.666666666666667,0.1466623408130727,14,False
29,3,Justina Machado,6.333333333333333,0.03328251757574456,Active,,0.10089817593801201,11,PERCENT,0.5,6.777777777777778,0.03328251757574456,14,False
29,3,Kaitlyn Bristowe,7.666666666666667,0.21962544766351919,Winner,10.0,0.3014759814704745,1,PERCENT,0.5,7.222222222222222,0.21962544766351919,14,False
29,3,Monica Aldama,7.0,0.1643764815665897,Eliminated,7.0,0.2391095776512011,2,PERCENT,0.5,6.222222222222221,0.1643764815665897,14,False
29,3,Nelly,6.0,0.06055151636119206,Finalist,10.0,0.12460845586228754,6,PERCENT,0.5,5.777777777777778,0.06055151636119206,14,False
29,3,Nev Schulman,8.0,0.027927454466510317,RunnerUp,10.0,0.11333670713463763,8,PERCENT,0.5,7.222222222222222,0.027927454466510317,14,False
29,3,Skai Jackson,6.0,0.07489697235771166,Eliminated,10.0,0.13895391185880712,5,PERCENT,0.5,6.0,0.07489697235771166,14,False
29,3,Veron Davis,7.333333333333333,0.10526091782828588,Eliminated,6.0,0.18355273277406925,4,PERCENT,0.5,6.333333333333333,0.10526091782828588,14,False
29,4,Aj Mclean,8.0,0.047516245104704986,Eliminated,9.0,0.1272504643730133,8,PERCENT,0.5,6.833333333333333,0.047516245104704986,13,False
29,4,Anne Heche,7.0,0.05872361609989166,Eliminated,4.0,0.12849105795966143,6,PERCENT,0.5,6.0,0.05872361609989166,13,False
29,4,Chrishell Stause,7.333333333333333,0.01829074951165178,Eliminated,8.0,0.09138045050760105,12,PERCENT,0.5,6.25,0.01829074951165178,13,False
29,4,Jeannie Mai,7.0,0.01804671112410905,Withdrew,,0.0878141529838788,13,PERCENT,0.5,6.583333333333333,0.01804671112410905,13,True
29,4,Jesse Metcalfe,7.0,0.03974260731613536,Eliminated,5.0,0.10951004917590512,9,PERCENT,0.5,6.583333333333334,0.03974260731613536,13,False
29,4,Johnny Weir,8.0,0.16274981305007413,Eliminated,10.0,0.24248403231838245,3,PERCENT,0.5,7.0,0.16274981305007413,13,False
29,4,Justina Machado,8.0,0.048253879220621104,Active,,0.1279880984889294,7,PERCENT,0.5,7.083333333333333,0.048253879220621104,13,False
29,4,Kaitlyn Bristowe,8.333333333333334,0.2103755706420562,Winner,10.0,0.293432049046544,1,PERCENT,0.5,7.5,0.2103755706420562,13,False
29,4,Monica Aldama,8.0,0.06308980987697256,Eliminated,7.0,0.14282402914528086,5,PERCENT,0.5,6.666666666666666,0.06308980987697256,13,False
29,4,Nelly,7.0,0.11342598482903375,Finalist,10.0,0.1831934266888035,4,PERCENT,0.5,6.083333333333333,0.11342598482903375,13,False
29,4,Nev Schulman,8.0,0.029453836684251805,RunnerUp,10.0,0.1091880559525601,10,PERCENT,0.5,7.416666666666667,0.029453836684251805,13,False
29,4,Skai Jackson,9.333333333333334,0.15527931683865745,Eliminated,10.0,0.24830257265168382,2,PERCENT,0.5,6.833333333333334,0.15527931683865745,13,False
29,4,Veron Davis,7.333333333333333,0.0350518597018412,Eliminated,6.0,0.10814156069779048,11,PERCENT,0.5,6.583333333333333,0.0350518597018412,13,False
29,5,Aj Mclean,8.0,0.07817317023067434,Eliminated,9.0,0.16179686360959117,5,PERCENT,0.5,7.0666666666666655,0.07817317023067434,12,False
29,5,Chrishell Stause,6.333333333333333,0.02886421170270847,Eliminated,8.0,0.09506630229435095,12,PERCENT,0.5,6.266666666666667,0.02886421170270847,12,True
29,5,Jeannie Mai,8.0,0.026658761278604334,Withdrew,,0.11028245465752115,11,PERCENT,0.5,6.866666666666665,0.026658761278604334,12,False
29,5,Jesse Metcalfe,6.333333333333333,0.07081485151550937,Eliminated,5.0,0.13701694210715185,6,PERCENT,0.5,6.533333333333333,0.07081485151550937,12,False
29,5,Johnny Weir,9.666666666666666,0.15172613809144297,Eliminated,10.0,0.25277143425763415,2,PERCENT,0.5,7.533333333333333,0.15172613809144297,12,False
29,5,Justina Machado,8.0,0.05132279092542452,Active,,0.13494648430434134,7,PERCENT,0.5,7.266666666666666,0.05132279092542452,12,False
29,5,Kaitlyn Bristowe,9.0,0.20698955344670847,Winner,10.0,0.3010662084979899,1,PERCENT,0.5,7.8,0.20698955344670847,12,False
29,5,Monica Aldama,8.666666666666666,0.1037595084782096,Eliminated,7.0,0.19435184297203614,4,PERCENT,0.5,7.0666666666666655,0.1037595084782096,12,False
29,5,Nelly,8.0,0.1629824939713038,Finalist,10.0,0.2466061873502206,3,PERCENT,0.5,6.466666666666666,0.1629824939713038,12,False
29,5,Nev Schulman,8.666666666666666,0.02889476312189561,RunnerUp,10.0,0.11948709761572215,9,PERCENT,0.5,7.666666666666666,0.02889476312189561,12,False
29,5,Skai Jackson,8.0,0.03507319538355126,Eliminated,10.0,0.11869688876246808,10,PERCENT,0.5,7.066666666666667,0.03507319538355126,12,False
29,5,Veron Davis,7.0,0.054740561853965544,Eliminated,6.0,0.12791129356051778,8,PERCENT,0.5,6.666666666666667,0.054740561853965544,12,False
29,6,Aj Mclean,9.0,0.10078767043854578,Eliminated,9.0,0.20153393909413442,3,PERCENT,0.5,7.388888888888888,0.10078767043854578,11,False
29,6,Chrishell Stause,8.0,0.030828384642659388,Eliminated,8.0,0.12038062344762707,9,PERCENT,0.5,6.5555555555555545,0.030828384642659388,11,False
29,6,Jeannie Mai,8.333333333333334,0.02098710812702758,Withdrew,,0.1142706902155356,10,PERCENT,0.5,7.111111111111111,0.02098710812702758,11,False
29,6,Johnny Weir,7.333333333333333,0.07868075287531738,Eliminated,10.0,0.16077030511320442,5,PERCENT,0.5,7.5,0.07868075287531738,11,False
29,6,Justina Machado,9.0,0.05270613365156408,Active,,0.15345240230715274,6,PERCENT,0.5,7.5555555555555545,0.05270613365156408,11,False
29,6,Kaitlyn Bristowe,9.0,0.12696946666457323,Winner,10.0,0.22771573532016187,2,PERCENT,0.5,8.0,0.12696946666457323,11,False
29,6,Monica Aldama,9.0,0.08022059401939614,Eliminated,7.0,0.1809668626749848,4,PERCENT,0.5,7.388888888888888,0.08022059401939614,11,False
29,6,Nelly,8.0,0.3965356639267763,Finalist,10.0,0.48608790273174396,1,PERCENT,0.5,6.722222222222221,0.3965356639267763,11,False
29,6,Nev Schulman,8.666666666666666,0.030625710511601928,RunnerUp,10.0,0.12764063588365027,7,PERCENT,0.5,7.833333333333333,0.030625710511601928,11,False
29,6,Skai Jackson,6.0,0.037895425475514555,Eliminated,10.0,0.10505960457924032,11,PERCENT,0.5,6.888888888888889,0.037895425475514555,11,True
29,6,Veron Davis,7.0,0.04376308966702237,Eliminated,6.0,0.1221212986213691,8,PERCENT,0.5,6.722222222222222,0.04376308966702237,11,False
29,7,Aj Mclean,8.666666666666666,0.08054981953730347,Eliminated,9.0,0.18054981953614962,4,PERCENT,0.5,7.571428571428571,0.08054981953730347,10,False
29,7,Chrishell Stause,8.666666666666666,0.07915146955295312,Eliminated,8.0,0.17915146955179925,5,PERCENT,0.5,6.857142857142857,0.07915146955295312,10,False
29,7,Jeannie Mai,8.333333333333334,0.0783881847975026,Withdrew,,0.1745420309502393,6,PERCENT,0.5,7.285714285714286,0.0783881847975026,10,False
29,7,Johnny Weir,9.0,0.0358240945653034,Eliminated,10.0,0.13967024841025902,7,PERCENT,0.5,7.714285714285714,0.0358240945653034,10,False
29,7,Justina Machado,8.666666666666666,0.085695672771982,Active,,0.18569567277082816,3,PERCENT,0.5,7.714285714285714,0.085695672771982,10,False
29,7,Kaitlyn Bristowe,8.0,0.40398490763408146,Winner,10.0,0.4962925999407087,1,PERCENT,0.5,8.0,0.40398490763408146,10,False
29,7,Monica Aldama,7.333333333333333,0.1685423526148527,Eliminated,7.0,0.253157737229261,2,PERCENT,0.5,7.3809523809523805,0.1685423526148527,10,False
29,7,Nelly,9.0,0.03273397941064977,Finalist,10.0,0.1365801332556054,9,PERCENT,0.5,7.047619047619047,0.03273397941064977,10,False
29,7,Nev Schulman,10.0,6.188397950780175e-05,RunnerUp,10.0,0.11544649936279182,10,PERCENT,0.5,8.142857142857142,6.188397950780175e-05,10,True
29,7,Skai Jackson,9.0,0.035067635135862495,Eliminated,10.0,0.1389137889808181,8,PERCENT,0.5,7.190476190476191,0.035067635135862495,10,False
29,8,Aj Mclean,9.0,0.10932222946411545,Eliminated,9.0,0.23094407022254534,5,PERCENT,0.5,7.75,0.10932222946411545,8,False
29,8,Chrishell Stause,9.0,0.045615556481776155,Eliminated,8.0,0.16723739724020606,8,PERCENT,0.5,7.125,0.045615556481776155,8,True
29,8,Johnny Weir,10.0,0.1349159226824795,Eliminated,10.0,0.2700513013029572,3,PERCENT,0.5,8.0,0.1349159226824795,8,False
29,8,Justina Machado,9.6666,0.16661114295733834,Active,,0.2972411080546093,2,PERCENT,0.5,7.958325,0.16661114295733834,8,False
29,8,Kaitlyn Bristowe,9.333333333333334,0.2751548559004831,Winner,10.0,0.4012812092795956,1,PERCENT,0.5,8.166666666666666,0.2751548559004831,8,False
29,8,Nelly,8.0,0.07860808924233928,Finalist,10.0,0.18671639213872143,7,PERCENT,0.5,7.166666666666666,0.07860808924233928,8,False
29,8,Nev Schulman,10.0,0.05584630015291775,RunnerUp,10.0,0.19098167877339542,6,PERCENT,0.5,8.375,0.05584630015291775,8,False
29,8,Skai Jackson,8.999933333333333,0.13392590311855238,Eliminated,10.0,0.2555468429744581,4,PERCENT,0.5,7.416658333333333,0.13392590311855238,8,False
29,9,Aj Mclean,8.333266666666667,0.06994203152319035,Eliminated,9.0,0.1994752109333195,6,PERCENT,0.5,7.8148074074074065,0.06994203152319035,7,False
29,9,Johnny Weir,10.0,0.23894693785489565,Eliminated,10.0,0.3943879966755212,2,PERCENT,0.5,8.222222222222221,0.23894693785489565,7,False
29,9,Justina Machado,8.6666,0.07008921280596155,Active,,0.20480376084344487,5,PERCENT,0.5,8.037022222222223,0.07008921280596155,7,False
29,9,Kaitlyn Bristowe,10.0,0.2601380377673665,Winner,10.0,0.4155790965879921,1,PERCENT,0.5,8.37037037037037,0.2601380377673665,7,False
29,9,Nelly,8.0,0.12304537466618358,Finalist,10.0,0.24739822172268403,4,PERCENT,0.5,7.259259259259259,0.12304537466618358,7,False
29,9,Nev Schulman,9.6666,0.043479549854580544,RunnerUp,10.0,0.19373820377412646,7,PERCENT,0.5,8.518511111111112,0.043479549854580544,7,True
29,9,Skai Jackson,9.6666,0.1943588555278212,Eliminated,10.0,0.34461750944736713,3,PERCENT,0.5,7.666651851851851,0.1943588555278212,7,False
29,10,Johnny Weir,9.5,0.16519789607148316,Eliminated,10.0,0.328990999516935,2,PERCENT,0.5,8.35,0.16519789607148316,6,False
29,10,Justina Machado,9.666666666666666,0.12143907414440205,Active,,0.2881057408081952,3,PERCENT,0.5,8.199986666666666,0.12143907414440205,6,False
29,10,Kaitlyn Bristowe,10.0,0.08879799450906471,Winner,10.0,0.26121178760954034,4,PERCENT,0.5,8.533333333333333,0.08879799450906471,6,False
29,10,Nelly,9.333333333333334,0.4808971585633286,Finalist,10.0,0.6418166987904392,1,PERCENT,0.5,7.466666666666667,0.4808971585633286,6,False
29,10,Nev Schulman,10.0,0.04809802549488787,RunnerUp,10.0,0.2205118185953635,6,PERCENT,0.5,8.66666,0.04809802549488787,6,True
29,10,Skai Jackson,9.5,0.0955698512168327,Eliminated,10.0,0.25936295466228454,5,PERCENT,0.5,7.849986666666666,0.0955698512168327,6,False
30,1,Amanda Kloots,7.0,4.169034877146173e-05,Active,,-16.0,8,RANK,0.5,7.0,4.169034877146173e-05,15,False
30,1,Brian Austin Green,6.0,0.07513443813008322,Eliminated,4.0,-16.0,8,RANK,0.5,6.0,0.07513443813008322,15,False
30,1,Christine Chiu,6.25,0.06621531321262984,Eliminated,3.0,-15.0,4,RANK,0.5,6.25,0.06621531321262984,15,False
30,1,Cody Rigsby,6.0,0.08560692293266682,Finalist,9.0,-13.0,3,RANK,0.5,6.0,0.08560692293266682,15,False
30,1,Iman Shumpert,5.25,0.29859869785672843,Winner,9.0,-15.0,4,RANK,0.5,5.25,0.29859869785672843,15,False
30,1,Jimmie Allen,5.5,0.08027110788145869,Eliminated,8.0,-19.0,14,RANK,0.5,5.5,0.08027110788145869,15,False
30,1,Jojo Siwa,7.25,1.2201662224384798e-05,RunnerUp,9.0,-16.0,8,RANK,0.5,7.25,1.2201662224384798e-05,15,False
30,1,Kenya Moore,6.5,0.03239513893610064,Eliminated,6.0,-16.0,8,RANK,0.5,6.5,0.03239513893610064,15,False
30,1,Martin Kove,3.25,0.0830144254934657,Eliminated,2.0,-20.0,15,RANK,0.5,3.25,0.0830144254934657,15,True
30,1,Matt James,6.0,0.08576568505306031,Eliminated,4.0,-11.0,1,RANK,0.5,6.0,0.08576568505306031,15,False
30,1,Melanie C,6.75,0.010490320052835527,Eliminated,5.0,-16.0,8,RANK,0.5,6.75,0.010490320052835527,15,False
30,1,Melora Hardin,6.5,0.03411525563424723,Eliminated,9.0,-15.0,4,RANK,0.5,6.5,0.03411525563424723,15,False
30,1,"Mike ""The Miz"" Mizanin",6.0,0.08565582858700027,Eliminated,7.0,-12.0,2,RANK,0.5,6.0,0.08565582858700027,15,False
30,1,Olivia Jade,6.25,0.06264000228360907,Eliminated,8.0,-16.0,8,RANK,0.5,6.25,0.06264000228360907,15,False
30,1,Suni Lee,7.0,4.297193512196699e-05,Eliminated,9.0,-15.0,4,RANK,0.5,7.0,4.297193512196699e-05,15,False
30,2,Amanda Kloots,8.0,0.025600281041288954,Active,,-10.0,2,RANK,0.5,7.5,0.025600281041288954,15,False
30,2,Brian Austin Green,5.75,0.024527568400413185,Eliminated,4.0,-23.0,13,RANK,0.5,5.875,0.024527568400413185,15,False
30,2,Christine Chiu,6.0,0.020159410872001897,Eliminated,3.0,-24.0,14,RANK,0.5,6.125,0.020159410872001897,15,False
30,2,Cody Rigsby,6.0,0.029335501513894142,Finalist,9.0,-18.0,10,RANK,0.5,6.0,0.029335501513894142,15,False
30,2,Iman Shumpert,6.25,0.3948243498924832,Winner,9.0,-10.0,2,RANK,0.5,5.75,0.3948243498924832,15,False
30,2,Jimmie Allen,6.75,0.05266371385195487,Eliminated,8.0,-10.0,2,RANK,0.5,6.125,0.05266371385195487,15,False
30,2,Jojo Siwa,7.75,0.02263395139215475,RunnerUp,9.0,-14.0,7,RANK,0.5,7.5,0.02263395139215475,15,False
30,2,Kenya Moore,6.0,0.017010772729943717,Eliminated,6.0,-25.0,15,RANK,0.5,6.25,0.017010772729943717,15,True
30,2,Martin Kove,3.75,0.04494025678768145,Eliminated,2.0,-21.0,12,RANK,0.5,3.5,0.04494025678768145,15,False
30,2,Matt James,5.5,0.06273435198359094,Eliminated,4.0,-17.0,9,RANK,0.5,5.75,0.06273435198359094,15,False
30,2,Melanie C,7.5,0.023700752286065215,Eliminated,5.0,-14.0,7,RANK,0.5,7.125,0.023700752286065215,15,False
30,2,Melora Hardin,6.75,0.021517997100531323,Eliminated,9.0,-18.0,10,RANK,0.5,6.625,0.021517997100531323,15,False
30,2,"Mike ""The Miz"" Mizanin",6.5,0.16067157119781425,Eliminated,7.0,-10.0,2,RANK,0.5,6.25,0.16067157119781425,15,False
30,2,Olivia Jade,6.75,0.04284509345074796,Eliminated,8.0,-12.0,6,RANK,0.5,6.5,0.04284509345074796,15,False
30,2,Suni Lee,7.0,0.056834427499436076,Eliminated,9.0,-8.0,1,RANK,0.5,7.0,0.056834427499436076,15,False
30,3,Amanda Kloots,8.0,8.082232912463046e-05,Active,,-14.0,6,RANK,0.5,7.666666666666667,8.082232912463046e-05,14,False
30,3,Brian Austin Green,6.333333333333333,0.07909077633635835,Eliminated,4.0,-17.0,13,RANK,0.5,6.027777777777778,0.07909077633635835,14,False
30,3,Christine Chiu,7.0,0.07260798562384889,Eliminated,3.0,-13.0,2,RANK,0.5,6.416666666666667,0.07260798562384889,14,False
30,3,Cody Rigsby,6.0,0.09487989981652455,Finalist,9.0,-16.0,12,RANK,0.5,6.0,0.09487989981652455,14,False
30,3,Iman Shumpert,6.333333333333333,0.325317634803875,Winner,9.0,-13.0,2,RANK,0.5,5.944444444444444,0.325317634803875,14,False
30,3,Jimmie Allen,6.666666666666667,0.07044543299969205,Eliminated,8.0,-18.0,14,RANK,0.5,6.305555555555556,0.07044543299969205,14,True
30,3,Jojo Siwa,8.0,6.842104602861068e-05,RunnerUp,9.0,-15.0,9,RANK,0.5,7.666666666666667,6.842104602861068e-05,14,False
30,3,Kenya Moore,7.0,0.07225668883305016,Eliminated,6.0,-14.0,6,RANK,0.5,6.5,0.07225668883305016,14,False
30,3,Matt James,6.666666666666667,0.08450260237711173,Eliminated,4.0,-13.0,2,RANK,0.5,6.055555555555556,0.08450260237711173,14,False
30,3,Melanie C,7.333333333333333,0.04597103813569711,Eliminated,5.0,-15.0,9,RANK,0.5,7.194444444444444,0.04597103813569711,14,False
30,3,Melora Hardin,7.666666666666667,0.022805355065807095,Eliminated,9.0,-15.0,9,RANK,0.5,6.972222222222222,0.022805355065807095,14,False
30,3,"Mike ""The Miz"" Mizanin",7.333333333333333,0.05017130100696682,Eliminated,7.0,-14.0,6,RANK,0.5,6.611111111111111,0.05017130100696682,14,False
30,3,Olivia Jade,8.0,8.434435392675627e-05,Eliminated,8.0,-13.0,2,RANK,0.5,7.0,8.434435392675627e-05,14,False
30,3,Suni Lee,7.0,0.08171769727198887,Eliminated,9.0,-11.0,1,RANK,0.5,7.0,0.08171769727198887,14,False
30,4,Amanda Kloots,8.5,0.035199066411463475,Active,,-11.0,4,RANK,0.5,7.875,0.035199066411463475,13,False
30,4,Brian Austin Green,6.5,0.02879580529439354,Eliminated,4.0,-23.0,13,RANK,0.5,6.145833333333333,0.02879580529439354,13,True
30,4,Cody Rigsby,7.25,0.07590245624077037,Finalist,9.0,-16.0,11,RANK,0.5,6.3125,0.07590245624077037,13,False
30,4,Iman Shumpert,7.875,0.4027575275136121,Winner,9.0,-10.0,3,RANK,0.5,6.427083333333333,0.4027575275136121,13,False
30,4,Jimmie Allen,8.125,0.0510974793951299,Eliminated,8.0,-13.0,5,RANK,0.5,6.760416666666667,0.0510974793951299,13,False
30,4,Jojo Siwa,8.75,0.021076299022768485,RunnerUp,9.0,-14.0,7,RANK,0.5,7.9375,0.021076299022768485,13,False
30,4,Kenya Moore,7.375,0.02898655929921524,Eliminated,6.0,-19.0,12,RANK,0.5,6.71875,0.02898655929921524,13,False
30,4,Matt James,7.125,0.09555864424409313,Eliminated,4.0,-15.0,10,RANK,0.5,6.322916666666667,0.09555864424409313,13,False
30,4,Melanie C,8.25,0.029563354294198287,Eliminated,5.0,-14.0,7,RANK,0.5,7.458333333333333,0.029563354294198287,13,False
30,4,Melora Hardin,9.125,0.012645006864627967,Eliminated,9.0,-14.0,7,RANK,0.5,7.510416666666667,0.012645006864627967,13,False
30,4,"Mike ""The Miz"" Mizanin",8.125,0.1184017808285463,Eliminated,7.0,-9.0,2,RANK,0.5,6.989583333333333,0.1184017808285463,13,False
30,4,Olivia Jade,8.75,0.023936471408853275,Eliminated,8.0,-13.0,5,RANK,0.5,7.4375,0.023936471408853275,13,False
30,4,Suni Lee,8.5,0.0760795491823271,Eliminated,9.0,-8.0,1,RANK,0.5,7.375,0.0760795491823271,13,False
30,5,Amanda Kloots,9.75,0.00012095151739738752,Active,,-12.0,6,RANK,0.5,8.25,0.00012095151739738752,6,True
30,5,Cody Rigsby,8.0,0.12681927221174827,Finalist,9.0,-12.0,6,RANK,0.5,6.65,0.12681927221174827,6,True
30,5,Iman Shumpert,7.0,0.348926239947836,Winner,9.0,-12.0,6,RANK,0.5,6.541666666666667,0.348926239947836,6,True
30,5,Jimmie Allen,8.5,0.12486671449785336,Eliminated,8.0,-12.0,6,RANK,0.5,7.108333333333334,0.12486671449785336,6,True
30,5,Jojo Siwa,10.0,3.47139165042925e-05,RunnerUp,9.0,-12.0,6,RANK,0.5,8.35,3.47139165042925e-05,6,True
30,5,Kenya Moore,9.0,0.04791612877954856,Eliminated,6.0,-12.0,6,RANK,0.5,7.175,0.04791612877954856,6,True
30,5,Melanie C,9.0,0.05577463312458332,Eliminated,5.0,-9.0,2,RANK,0.5,7.766666666666666,0.05577463312458332,6,False
30,5,Melora Hardin,9.0,0.04859190987203562,Eliminated,9.0,-11.0,4,RANK,0.5,7.8083333333333345,0.04859190987203562,6,False
30,5,"Mike ""The Miz"" Mizanin",8.0,0.13947244178500395,Eliminated,7.0,-11.0,4,RANK,0.5,7.1916666666666655,0.13947244178500395,6,False
30,5,Olivia Jade,9.0,0.0511291189597373,Eliminated,8.0,-10.0,3,RANK,0.5,7.75,0.0511291189597373,6,False
30,5,Suni Lee,9.0,0.05634787538775261,Eliminated,9.0,-8.0,1,RANK,0.5,7.7,0.05634787538775261,6,False
30,6,Amanda Kloots,9.5,0.05879090615735271,Active,,-8.0,2,RANK,0.5,8.458333333333334,0.05879090615735271,10,False
30,6,Cody Rigsby,9.0,0.07686936952996334,Finalist,9.0,-9.0,5,RANK,0.5,7.041666666666667,0.07686936952996334,10,False
30,6,Iman Shumpert,10.0,0.4041484014099435,Winner,9.0,-2.0,1,RANK,0.5,7.1180555555555545,0.4041484014099435,10,False
30,6,Jimmie Allen,9.5,0.03374619371447698,Eliminated,8.0,-11.0,7,RANK,0.5,7.5069444444444455,0.03374619371447698,10,False
30,6,Jojo Siwa,10.0,0.03964916788180368,RunnerUp,9.0,-8.0,2,RANK,0.5,8.625,0.03964916788180368,10,False
30,6,Kenya Moore,8.0,0.02598509778651891,Eliminated,6.0,-20.0,10,RANK,0.5,7.3125,0.02598509778651891,10,True
30,6,Melora Hardin,8.5,0.029394767174457857,Eliminated,9.0,-17.0,9,RANK,0.5,7.923611111111112,0.029394767174457857,10,False
30,6,"Mike ""The Miz"" Mizanin",8.5,0.17584825356336525,Eliminated,7.0,-10.0,6,RANK,0.5,7.409722222222221,0.17584825356336525,10,False
30,6,Olivia Jade,9.0,0.047351701553016955,Eliminated,8.0,-11.0,7,RANK,0.5,7.958333333333333,0.047351701553016955,10,False
30,6,Suni Lee,9.0,0.10821614122910046,Eliminated,9.0,-8.0,2,RANK,0.5,7.916666666666667,0.10821614122910046,10,False
30,7,Amanda Kloots,8.5,0.07611792848811835,Active,,-11.0,8,RANK,0.5,8.464285714285714,0.07611792848811835,8,True
30,7,Cody Rigsby,9.0,0.0963500988830011,Finalist,9.0,-9.0,2,RANK,0.5,7.321428571428571,0.0963500988830011,8,False
30,7,Iman Shumpert,8.5,0.3864039065999011,Winner,9.0,-7.0,1,RANK,0.5,7.31547619047619,0.3864039065999011,8,False
30,7,Jimmie Allen,9.5,0.056655409708140765,Eliminated,8.0,-10.0,5,RANK,0.5,7.791666666666667,0.056655409708140765,8,False
30,7,Jojo Siwa,9.75,0.0403152541784976,RunnerUp,9.0,-10.0,5,RANK,0.5,8.785714285714286,0.0403152541784976,8,False
30,7,Melora Hardin,9.5,0.0691998848853947,Eliminated,9.0,-9.0,2,RANK,0.5,8.148809523809524,0.0691998848853947,8,False
30,7,"Mike ""The Miz"" Mizanin",8.0,0.12846105507442152,Eliminated,7.0,-11.0,8,RANK,0.5,7.494047619047619,0.12846105507442152,8,True
30,7,Olivia Jade,10.5,0.02685939206507962,Eliminated,8.0,-10.0,5,RANK,0.5,8.321428571428571,0.02685939206507962,8,False
30,7,Suni Lee,8.5,0.1196370701174473,Eliminated,9.0,-9.0,2,RANK,0.5,8.0,0.1196370701174473,8,False
30,8,Amanda Kloots,10.5,0.04281063995992727,Active,,-8.0,3,RANK,0.5,8.71875,0.04281063995992727,8,False
30,8,Cody Rigsby,9.5,0.12638836114059718,Finalist,9.0,-7.0,1,RANK,0.5,7.59375,0.12638836114059718,8,False
30,8,Iman Shumpert,8.75,0.4100545538849461,Winner,9.0,-8.0,3,RANK,0.5,7.494791666666666,0.4100545538849461,8,False
30,8,Jimmie Allen,8.0,0.12010253193246034,Eliminated,8.0,-12.0,8,RANK,0.5,7.817708333333334,0.12010253193246034,8,True
30,8,Jojo Siwa,10.25,0.0946208812634837,RunnerUp,9.0,-9.0,5,RANK,0.5,8.96875,0.0946208812634837,8,False
30,8,Melora Hardin,10.5,0.037053431527706134,Eliminated,9.0,-9.0,5,RANK,0.5,8.442708333333334,0.037053431527706134,8,False
30,8,Olivia Jade,9.0,0.12403396644783742,Eliminated,8.0,-9.0,5,RANK,0.5,8.40625,0.12403396644783742,8,False
30,8,Suni Lee,10.5,0.044935633843038454,Eliminated,9.0,-7.0,1,RANK,0.5,8.3125,0.044935633843038454,8,False
30,9,Amanda Kloots,9.875,0.11911469768703381,Active,,-5.0,2,RANK,0.5,8.847222222222221,0.11911469768703381,5,False
30,9,Cody Rigsby,8.875,0.06954338228375372,Finalist,9.0,-11.0,5,RANK,0.5,7.736111111111111,0.06954338228375372,5,True
30,9,Iman Shumpert,9.375,0.4699124418064239,Winner,9.0,-4.0,1,RANK,0.5,7.703703703703703,0.4699124418064239,5,False
30,9,Jojo Siwa,10.0,0.07866020808729049,RunnerUp,9.0,-5.0,2,RANK,0.5,9.083333333333334,0.07866020808729049,5,False
30,9,Melora Hardin,9.0,0.05574221789951479,Eliminated,9.0,-11.0,5,RANK,0.5,8.50462962962963,0.05574221789951479,5,True
30,9,Suni Lee,9.375,0.2070270522359831,Eliminated,9.0,-5.0,2,RANK,0.5,8.430555555555555,0.2070270522359831,5,False
30,1,Amanda Kloots,7.0,4.169034877146173e-05,Active,,0.07654442258837253,15,PERCENT,0.5,7.0,4.169034877146173e-05,15,True
30,1,Brian Austin Green,6.0,0.07513443813008322,Eliminated,4.0,0.14070820862116984,5,PERCENT,0.5,6.0,0.07513443813008322,15,False
30,1,Christine Chiu,6.25,0.06621531321262984,Eliminated,3.0,0.13452132414084506,7,PERCENT,0.5,6.25,0.06621531321262984,15,False
30,1,Cody Rigsby,6.0,0.08560692293266682,Finalist,9.0,0.15118069342375345,4,PERCENT,0.5,6.0,0.08560692293266682,15,False
30,1,Iman Shumpert,5.25,0.29859869785672843,Winner,9.0,0.3559757470364292,1,PERCENT,0.5,5.25,0.29859869785672843,15,False
30,1,Jimmie Allen,5.5,0.08027110788145869,Eliminated,8.0,0.1403803974982881,6,PERCENT,0.5,5.5,0.08027110788145869,15,False
30,1,Jojo Siwa,7.25,1.2201662224384798e-05,RunnerUp,9.0,0.07924717433895406,13,PERCENT,0.5,7.25,1.2201662224384798e-05,15,False
30,1,Kenya Moore,6.5,0.03239513893610064,Eliminated,6.0,0.10343339030144447,11,PERCENT,0.5,6.5,0.03239513893610064,15,False
30,1,Martin Kove,3.25,0.0830144254934657,Eliminated,2.0,0.11853355117613762,9,PERCENT,0.5,3.25,0.0830144254934657,15,False
30,1,Matt James,6.0,0.08576568505306031,Eliminated,4.0,0.15133945554414693,2,PERCENT,0.5,6.0,0.08576568505306031,15,False
30,1,Melanie C,6.75,0.010490320052835527,Eliminated,5.0,0.08426081185530798,12,PERCENT,0.5,6.75,0.010490320052835527,15,False
30,1,Melora Hardin,6.5,0.03411525563424723,Eliminated,9.0,0.10515350699959106,10,PERCENT,0.5,6.5,0.03411525563424723,15,False
30,1,"Mike ""The Miz"" Mizanin",6.0,0.08565582858700027,Eliminated,7.0,0.1512295990780869,3,PERCENT,0.5,6.0,0.08565582858700027,15,False
30,1,Olivia Jade,6.25,0.06264000228360907,Eliminated,8.0,0.1309460132118243,8,PERCENT,0.5,6.25,0.06264000228360907,15,False
30,1,Suni Lee,7.0,4.297193512196699e-05,Eliminated,9.0,0.07654570417472303,14,PERCENT,0.5,7.0,4.297193512196699e-05,15,False
30,2,Amanda Kloots,8.0,0.025600281041288954,Active,,0.1087171641573085,7,PERCENT,0.5,7.5,0.025600281041288954,15,False
30,2,Brian Austin Green,5.75,0.024527568400413185,Eliminated,4.0,0.08426782814005225,12,PERCENT,0.5,5.875,0.024527568400413185,15,False
30,2,Christine Chiu,6.0,0.020159410872001897,Eliminated,3.0,0.08249707320901656,14,PERCENT,0.5,6.125,0.020159410872001897,15,False
30,2,Cody Rigsby,6.0,0.029335501513894142,Finalist,9.0,0.09167316385090882,10,PERCENT,0.5,6.0,0.029335501513894142,15,False
30,2,Iman Shumpert,6.25,0.3948243498924832,Winner,9.0,0.4597594148268735,1,PERCENT,0.5,5.75,0.3948243498924832,15,False
30,2,Jimmie Allen,6.75,0.05266371385195487,Eliminated,8.0,0.12279358398109637,4,PERCENT,0.5,6.125,0.05266371385195487,15,False
30,2,Jojo Siwa,7.75,0.02263395139215475,RunnerUp,9.0,0.1031534319107987,8,PERCENT,0.5,7.5,0.02263395139215475,15,False
30,2,Kenya Moore,6.0,0.017010772729943717,Eliminated,6.0,0.07934843506695838,15,PERCENT,0.5,6.25,0.017010772729943717,15,True
30,2,Martin Kove,3.75,0.04494025678768145,Eliminated,2.0,0.08390129574831562,13,PERCENT,0.5,3.5,0.04494025678768145,15,False
30,2,Matt James,5.5,0.06273435198359094,Eliminated,4.0,0.1198772091258544,5,PERCENT,0.5,5.75,0.06273435198359094,15,False
30,2,Melanie C,7.5,0.023700752286065215,Eliminated,5.0,0.10162283020733356,9,PERCENT,0.5,7.125,0.023700752286065215,15,False
30,2,Melora Hardin,6.75,0.021517997100531323,Eliminated,9.0,0.09164786722967283,11,PERCENT,0.5,6.625,0.021517997100531323,15,False
30,2,"Mike ""The Miz"" Mizanin",6.5,0.16067157119781425,Eliminated,7.0,0.22820403872958014,2,PERCENT,0.5,6.25,0.16067157119781425,15,False
30,2,Olivia Jade,6.75,0.04284509345074796,Eliminated,8.0,0.11297496357988945,6,PERCENT,0.5,6.5,0.04284509345074796,15,False
30,2,Suni Lee,7.0,0.056834427499436076,Eliminated,9.0,0.1295617002259532,3,PERCENT,0.5,7.0,0.056834427499436076,15,False
30,3,Amanda Kloots,8.0,8.082232912463046e-05,Active,,0.0806177350799917,13,PERCENT,0.5,7.666666666666667,8.082232912463046e-05,14,False
30,3,Brian Austin Green,6.333333333333333,0.07909077633635835,Eliminated,4.0,0.14284916559746144,6,PERCENT,0.5,6.027777777777778,0.07909077633635835,14,False
30,3,Christine Chiu,7.0,0.07260798562384889,Eliminated,3.0,0.1430777842808576,5,PERCENT,0.5,6.416666666666667,0.07260798562384889,14,False
30,3,Cody Rigsby,6.0,0.09487989981652455,Finalist,9.0,0.15528258437967485,2,PERCENT,0.5,6.0,0.09487989981652455,14,False
30,3,Iman Shumpert,6.333333333333333,0.325317634803875,Winner,9.0,0.3890760240649781,1,PERCENT,0.5,5.944444444444444,0.325317634803875,14,False
30,3,Jimmie Allen,6.666666666666667,0.07044543299969205,Eliminated,8.0,0.13755952695874796,8,PERCENT,0.5,6.305555555555556,0.07044543299969205,14,False
30,3,Jojo Siwa,8.0,6.842104602861068e-05,RunnerUp,9.0,0.08060533379689569,14,PERCENT,0.5,7.666666666666667,6.842104602861068e-05,14,True
30,3,Kenya Moore,7.0,0.07225668883305016,Eliminated,6.0,0.14272648749005884,7,PERCENT,0.5,6.5,0.07225668883305016,14,False
30,3,Matt James,6.666666666666667,0.08450260237711173,Eliminated,4.0,0.15161669633616764,4,PERCENT,0.5,6.055555555555556,0.08450260237711173,14,False
30,3,Melanie C,7.333333333333333,0.04597103813569711,Eliminated,5.0,0.1197965414906586,10,PERCENT,0.5,7.194444444444444,0.04597103813569711,14,False
30,3,Melora Hardin,7.666666666666667,0.022805355065807095,Eliminated,9.0,0.09998656311872138,11,PERCENT,0.5,6.972222222222222,0.022805355065807095,14,False
30,3,"Mike ""The Miz"" Mizanin",7.333333333333333,0.05017130100696682,Eliminated,7.0,0.12399680436192831,9,PERCENT,0.5,6.611111111111111,0.05017130100696682,14,False
30,3,Olivia Jade,8.0,8.434435392675627e-05,Eliminated,8.0,0.08062125710479384,12,PERCENT,0.5,7.0,8.434435392675627e-05,14,False
30,3,Suni Lee,7.0,0.08171769727198887,Eliminated,9.0,0.15218749592899755,3,PERCENT,0.5,7.0,0.08171769727198887,14,False
30,4,Amanda Kloots,8.5,0.035199066411463475,Active,,0.11673383859293555,7,PERCENT,0.5,7.875,0.035199066411463475,13,False
30,4,Brian Austin Green,6.5,0.02879580529439354,Eliminated,4.0,0.0911459251978722,13,PERCENT,0.5,6.145833333333333,0.02879580529439354,13,True
30,4,Cody Rigsby,7.25,0.07590245624077037,Finalist,9.0,0.14544682074849657,5,PERCENT,0.5,6.3125,0.07590245624077037,13,False
30,4,Iman Shumpert,7.875,0.4027575275136121,Winner,9.0,0.47829709585821123,1,PERCENT,0.5,6.427083333333333,0.4027575275136121,13,False
30,4,Jimmie Allen,8.125,0.0510974793951299,Eliminated,8.0,0.12903512927447822,6,PERCENT,0.5,6.760416666666667,0.0510974793951299,13,False
30,4,Jojo Siwa,8.75,0.021076299022768485,RunnerUp,9.0,0.10500915273898975,10,PERCENT,0.5,7.9375,0.021076299022768485,13,False
30,4,Kenya Moore,7.375,0.02898655929921524,Eliminated,6.0,0.09972996457431603,12,PERCENT,0.5,6.71875,0.02898655929921524,13,False
30,4,Matt James,7.125,0.09555864424409313,Eliminated,4.0,0.16390396798444473,3,PERCENT,0.5,6.322916666666667,0.09555864424409313,13,False
30,4,Melanie C,8.25,0.029563354294198287,Eliminated,5.0,0.1087000449409212,8,PERCENT,0.5,7.458333333333333,0.029563354294198287,13,False
30,4,Melora Hardin,9.125,0.012645006864627967,Eliminated,9.0,0.100174982882973,11,PERCENT,0.5,7.510416666666667,0.012645006864627967,13,False
30,4,"Mike ""The Miz"" Mizanin",8.125,0.1184017808285463,Eliminated,7.0,0.1963394307078946,2,PERCENT,0.5,6.989583333333333,0.1184017808285463,13,False
30,4,Olivia Jade,8.75,0.023936471408853275,Eliminated,8.0,0.10786932512507454,9,PERCENT,0.5,7.4375,0.023936471408853275,13,False
30,4,Suni Lee,8.5,0.0760795491823271,Eliminated,9.0,0.15761432136379916,4,PERCENT,0.5,7.375,0.0760795491823271,13,False
30,5,Amanda Kloots,9.75,0.00012095151739738752,Active,,0.10141965281504622,11,PERCENT,0.5,8.25,0.00012095151739738752,11,True
30,5,Cody Rigsby,8.0,0.12681927221174827,Finalist,9.0,0.20993615532776783,4,PERCENT,0.5,6.65,0.12681927221174827,11,False
30,5,Iman Shumpert,7.0,0.348926239947836,Winner,9.0,0.42165351267435314,1,PERCENT,0.5,6.541666666666667,0.348926239947836,11,False
30,5,Jimmie Allen,8.5,0.12486671449785336,Eliminated,8.0,0.21317840280862416,3,PERCENT,0.5,7.108333333333334,0.12486671449785336,11,False
30,5,Jojo Siwa,10.0,3.47139165042925e-05,RunnerUp,9.0,0.10393081781152874,10,PERCENT,0.5,8.35,3.47139165042925e-05,11,False
30,5,Kenya Moore,9.0,0.04791612877954856,Eliminated,6.0,0.14142262228507058,9,PERCENT,0.5,7.175,0.04791612877954856,11,False
30,5,Melanie C,9.0,0.05577463312458332,Eliminated,5.0,0.14928112663010534,6,PERCENT,0.5,7.766666666666666,0.05577463312458332,11,False
30,5,Melora Hardin,9.0,0.04859190987203562,Eliminated,9.0,0.14209840337755764,8,PERCENT,0.5,7.8083333333333345,0.04859190987203562,11,False
30,5,"Mike ""The Miz"" Mizanin",8.0,0.13947244178500395,Eliminated,7.0,0.2225893249010235,2,PERCENT,0.5,7.1916666666666655,0.13947244178500395,11,False
30,5,Olivia Jade,9.0,0.0511291189597373,Eliminated,8.0,0.1446356124652593,7,PERCENT,0.5,7.75,0.0511291189597373,11,False
30,5,Suni Lee,9.0,0.05634787538775261,Eliminated,9.0,0.14985436889327464,5,PERCENT,0.5,7.7,0.05634787538775261,11,False
30,6,Amanda Kloots,9.5,0.05879090615735271,Active,,0.1631865105518099,5,PERCENT,0.5,8.458333333333334,0.05879090615735271,10,False
30,6,Cody Rigsby,9.0,0.07686936952996334,Finalist,9.0,0.1757704684299754,4,PERCENT,0.5,7.041666666666667,0.07686936952996334,10,False
30,6,Iman Shumpert,10.0,0.4041484014099435,Winner,9.0,0.5140385112988458,1,PERCENT,0.5,7.1180555555555545,0.4041484014099435,10,False
30,6,Jimmie Allen,9.5,0.03374619371447698,Eliminated,8.0,0.13814179810893418,8,PERCENT,0.5,7.5069444444444455,0.03374619371447698,10,False
30,6,Jojo Siwa,10.0,0.03964916788180368,RunnerUp,9.0,0.14953927777070597,6,PERCENT,0.5,8.625,0.03964916788180368,10,False
30,6,Kenya Moore,8.0,0.02598509778651891,Eliminated,6.0,0.11389718569764076,10,PERCENT,0.5,7.3125,0.02598509778651891,10,True
30,6,Melora Hardin,8.5,0.029394767174457857,Eliminated,9.0,0.1228013605800248,9,PERCENT,0.5,7.923611111111112,0.029394767174457857,10,False
30,6,"Mike ""The Miz"" Mizanin",8.5,0.17584825356336525,Eliminated,7.0,0.2692548469689322,2,PERCENT,0.5,7.409722222222221,0.17584825356336525,10,False
30,6,Olivia Jade,9.0,0.047351701553016955,Eliminated,8.0,0.14625280045302902,7,PERCENT,0.5,7.958333333333333,0.047351701553016955,10,False
30,6,Suni Lee,9.0,0.10821614122910046,Eliminated,9.0,0.20711724012911253,3,PERCENT,0.5,7.916666666666667,0.10821614122910046,10,False
30,7,Amanda Kloots,8.5,0.07611792848811835,Active,,0.1800934636550422,6,PERCENT,0.5,8.464285714285714,0.07611792848811835,9,False
30,7,Cody Rigsby,9.0,0.0963500988830011,Finalist,9.0,0.20644184200092047,4,PERCENT,0.5,7.321428571428571,0.0963500988830011,9,False
30,7,Iman Shumpert,8.5,0.3864039065999011,Winner,9.0,0.4903794417668249,1,PERCENT,0.5,7.31547619047619,0.3864039065999011,9,False
30,7,Jimmie Allen,9.5,0.056655409708140765,Eliminated,8.0,0.17286336077705564,7,PERCENT,0.5,7.791666666666667,0.056655409708140765,9,False
30,7,Jojo Siwa,9.75,0.0403152541784976,RunnerUp,9.0,0.15958130922291025,8,PERCENT,0.5,8.785714285714286,0.0403152541784976,9,False
30,7,Melora Hardin,9.5,0.0691998848853947,Eliminated,9.0,0.1854078359543096,5,PERCENT,0.5,8.148809523809524,0.0691998848853947,9,False
30,7,"Mike ""The Miz"" Mizanin",8.0,0.12846105507442152,Eliminated,7.0,0.22632038229034984,2,PERCENT,0.5,7.494047619047619,0.12846105507442152,9,False
30,7,Olivia Jade,10.5,0.02685939206507962,Eliminated,8.0,0.15529975903598553,9,PERCENT,0.5,8.321428571428571,0.02685939206507962,9,True
30,7,Suni Lee,8.5,0.1196370701174473,Eliminated,9.0,0.22361260528437116,3,PERCENT,0.5,8.0,0.1196370701174473,9,False
30,8,Amanda Kloots,10.5,0.04281063995992727,Active,,0.17917427632179267,7,PERCENT,0.5,8.71875,0.04281063995992727,8,False
30,8,Cody Rigsby,9.5,0.12638836114059718,Finalist,9.0,0.24976498451561824,2,PERCENT,0.5,7.59375,0.12638836114059718,8,False
30,8,Iman Shumpert,8.75,0.4100545538849461,Winner,9.0,0.523690917519834,1,PERCENT,0.5,7.494791666666666,0.4100545538849461,8,False
30,8,Jimmie Allen,8.0,0.12010253193246034,Eliminated,8.0,0.22399863582721494,5,PERCENT,0.5,7.817708333333334,0.12010253193246034,8,False
30,8,Jojo Siwa,10.25,0.0946208812634837,RunnerUp,9.0,0.22773776437863802,4,PERCENT,0.5,8.96875,0.0946208812634837,8,False
30,8,Melora Hardin,10.5,0.037053431527706134,Eliminated,9.0,0.17341706788957154,8,PERCENT,0.5,8.442708333333334,0.037053431527706134,8,True
30,8,Olivia Jade,9.0,0.12403396644783742,Eliminated,8.0,0.24091708332943634,3,PERCENT,0.5,8.40625,0.12403396644783742,8,False
30,8,Suni Lee,10.5,0.044935633843038454,Eliminated,9.0,0.18129927020490386,6,PERCENT,0.5,8.3125,0.044935633843038454,8,False
30,9,Amanda Kloots,9.875,0.11911469768703381,Active,,0.2938934587458873,3,PERCENT,0.5,8.847222222222221,0.11911469768703381,6,False
30,9,Cody Rigsby,8.875,0.06954338228375372,Finalist,9.0,0.22662302829867265,5,PERCENT,0.5,7.736111111111111,0.06954338228375372,6,False
30,9,Iman Shumpert,9.375,0.4699124418064239,Winner,9.0,0.6358416453433101,1,PERCENT,0.5,7.703703703703703,0.4699124418064239,6,False
30,9,Jojo Siwa,10.0,0.07866020808729049,RunnerUp,9.0,0.2556513585266358,4,PERCENT,0.5,9.083333333333334,0.07866020808729049,6,False
30,9,Melora Hardin,9.0,0.05574221789951479,Eliminated,9.0,0.21503425329492554,6,PERCENT,0.5,8.50462962962963,0.05574221789951479,6,True
30,9,Suni Lee,9.375,0.2070270522359831,Eliminated,9.0,0.37295625577286934,2,PERCENT,0.5,8.430555555555555,0.2070270522359831,6,False
31,1,Charli D'Amelio,8.0,0.07713167470645668,Winner,9.0,-5.0,1,RANK,0.5,8.0,0.07713167470645668,16,False
31,1,Cheryl Ladd,5.25,0.02483883551275534,Eliminated,3.0,-19.0,11,RANK,0.5,5.25,0.02483883551275534,16,False
31,1,Daniel Durant,6.75,0.01366206474888399,Eliminated,9.0,-21.0,12,RANK,0.5,6.75,0.01366206474888399,16,False
31,1,Gabby Windey,7.0,0.032250338384023775,RunnerUp,9.0,-10.0,3,RANK,0.5,7.0,0.032250338384023775,16,False
31,1,Heidi D'Amelio,6.0,0.019566875018625564,Eliminated,8.0,-18.0,8,RANK,0.5,6.0,0.019566875018625564,16,False
31,1,Jason Lewis,4.5,0.01849318508593254,Eliminated,1.0,-26.0,15,RANK,0.5,4.5,0.01849318508593254,16,False
31,1,Jessie James Decker,5.0,0.15003283630608846,Eliminated,6.0,-15.0,6,RANK,0.5,5.0,0.15003283630608846,16,False
31,1,Jordin Sparks,6.5,0.014682545292004403,Eliminated,7.0,-21.0,12,RANK,0.5,6.5,0.014682545292004403,16,False
31,1,Joseph Baena,5.75,0.3414773207931799,Eliminated,5.0,-10.0,3,RANK,0.5,5.75,0.3414773207931799,16,False
31,1,Sam Champion,5.0,0.04048533029490371,Eliminated,4.0,-18.0,8,RANK,0.5,5.0,0.04048533029490371,16,False
31,1,Selma Blair,7.0,0.04674696799943069,Withdrew,,-8.0,2,RANK,0.5,7.0,0.04674696799943069,16,False
31,1,Shangela,7.0,0.015601560843142905,Active,,-16.0,7,RANK,0.5,7.0,0.015601560843142905,16,False
31,1,Teresa Giudice,5.0,0.012218636265382417,Eliminated,2.0,-28.0,16,RANK,0.5,5.0,0.012218636265382417,16,True
31,1,Trevor Donovan,5.25,0.016840198879720457,Eliminated,9.0,-22.0,14,RANK,0.5,5.25,0.016840198879720457,16,False
31,1,Vinny Guadagnino,4.25,0.15032202717664303,Eliminated,8.0,-18.0,8,RANK,0.5,4.25,0.15032202717664303,16,False
31,1,Wayne Brady,7.25,0.02564960269282981,Finalist,9.0,-10.0,3,RANK,0.5,7.25,0.02564960269282981,16,False
31,2,Charli D'Amelio,8.0,0.0689908449830982,Winner,9.0,-6.0,1,RANK,0.5,8.0,0.0689908449830982,15,False
31,2,Cheryl Ladd,5.25,0.021252840244660662,Eliminated,3.0,-27.0,15,RANK,0.5,5.25,0.021252840244660662,15,True
31,2,Daniel Durant,7.25,0.016614421793518967,Eliminated,9.0,-18.0,10,RANK,0.5,7.0,0.016614421793518967,15,False
31,2,Gabby Windey,8.0,0.02998613056788994,RunnerUp,9.0,-9.0,3,RANK,0.5,7.5,0.02998613056788994,15,False
31,2,Heidi D'Amelio,7.0,0.03091077882608889,Eliminated,8.0,-13.0,6,RANK,0.5,6.5,0.03091077882608889,15,False
31,2,Jessie James Decker,6.25,0.0557977426074005,Eliminated,6.0,-18.0,10,RANK,0.5,5.625,0.0557977426074005,15,False
31,2,Jordin Sparks,6.75,0.015302156520660904,Eliminated,7.0,-23.0,13,RANK,0.5,6.625,0.015302156520660904,15,False
31,2,Joseph Baena,6.0,0.3717584914296998,Eliminated,5.0,-14.0,7,RANK,0.5,5.875,0.3717584914296998,15,False
31,2,Sam Champion,6.5,0.06994303715813271,Eliminated,4.0,-15.0,8,RANK,0.5,5.75,0.06994303715813271,15,False
31,2,Selma Blair,7.0,0.02238329270796133,Withdrew,,-16.0,9,RANK,0.5,7.0,0.02238329270796133,15,False
31,2,Shangela,7.0,0.014257808538617526,Active,,-21.0,12,RANK,0.5,7.0,0.014257808538617526,15,False
31,2,Teresa Giudice,5.75,0.022087168383175,Eliminated,2.0,-25.0,14,RANK,0.5,5.375,0.022087168383175,15,False
31,2,Trevor Donovan,7.5,0.07087287206874225,Eliminated,9.0,-7.0,2,RANK,0.5,6.375,0.07087287206874225,15,False
31,2,Vinny Guadagnino,6.75,0.1624701704281078,Eliminated,8.0,-11.0,5,RANK,0.5,5.5,0.1624701704281078,15,False
31,2,Wayne Brady,8.0,0.02737224374225095,Finalist,9.0,-10.0,4,RANK,0.5,7.625,0.02737224374225095,15,False
31,3,Charli D'Amelio,8.25,0.09950440612860514,Winner,9.0,-4.0,1,RANK,0.5,8.083333333333334,0.09950440612860514,14,False
31,3,Cheryl Ladd,6.0,0.15292378509532703,Eliminated,3.0,-15.0,6,RANK,0.5,5.5,0.15292378509532703,14,False
31,3,Daniel Durant,7.75,0.01576244437795202,Eliminated,9.0,-19.0,10,RANK,0.5,7.25,0.01576244437795202,14,False
31,3,Gabby Windey,8.25,0.04166174312772895,RunnerUp,9.0,-7.0,2,RANK,0.5,7.75,0.04166174312772895,14,False
31,3,Heidi D'Amelio,8.0,0.07581105736640723,Eliminated,8.0,-9.0,5,RANK,0.5,7.0,0.07581105736640723,14,False
31,3,Jessie James Decker,6.5,0.07908232371733072,Eliminated,6.0,-15.0,6,RANK,0.5,5.916666666666667,0.07908232371733072,14,False
31,3,Jordin Sparks,7.25,0.016126574245991024,Eliminated,7.0,-20.0,11,RANK,0.5,6.833333333333333,0.016126574245991024,14,False
31,3,Joseph Baena,7.25,0.3668580299524969,Eliminated,5.0,-8.0,3,RANK,0.5,6.333333333333333,0.3668580299524969,14,False
31,3,Sam Champion,6.25,0.02437338294042997,Eliminated,4.0,-22.0,12,RANK,0.5,5.916666666666667,0.02437338294042997,14,False
31,3,Selma Blair,7.0,0.03092598904201579,Withdrew,,-17.0,9,RANK,0.5,7.0,0.03092598904201579,14,False
31,3,Shangela,7.5,0.024534757482428927,Active,,-15.0,6,RANK,0.5,7.166666666666667,0.024534757482428927,14,False
31,3,Trevor Donovan,6.75,0.019301072481215084,Eliminated,9.0,-22.0,12,RANK,0.5,6.5,0.019301072481215084,14,False
31,3,Vinny Guadagnino,5.75,0.019630065924907705,Eliminated,8.0,-25.0,14,RANK,0.5,5.583333333333333,0.019630065924907705,14,True
31,3,Wayne Brady,8.25,0.033504368117159726,Finalist,9.0,-8.0,3,RANK,0.5,7.833333333333333,0.033504368117159726,14,False
31,4,Charli D'Amelio,9.0,0.07642712081932503,Winner,9.0,-5.0,1,RANK,0.5,8.3125,0.07642712081932503,12,False
31,4,Daniel Durant,7.25,0.018123326971607054,Eliminated,9.0,-22.0,11,RANK,0.5,7.25,0.018123326971607054,12,False
31,4,Gabby Windey,9.0,0.033123952440537036,RunnerUp,9.0,-7.0,2,RANK,0.5,8.0625,0.033123952440537036,12,False
31,4,Heidi D'Amelio,8.5,0.026990944326319415,Eliminated,8.0,-13.0,9,RANK,0.5,7.375,0.026990944326319415,12,False
31,4,Jessie James Decker,7.75,0.10180004735385667,Eliminated,6.0,-11.0,4,RANK,0.5,6.375,0.10180004735385667,12,False
31,4,Jordin Sparks,8.5,0.030931234159310036,Eliminated,7.0,-11.0,4,RANK,0.5,7.25,0.030931234159310036,12,False
31,4,Joseph Baena,7.0,0.3814404126060296,Eliminated,5.0,-12.0,8,RANK,0.5,6.5,0.3814404126060296,12,False
31,4,Sam Champion,6.25,0.022368248959084833,Eliminated,4.0,-23.0,12,RANK,0.5,6.0,0.022368248959084833,12,True
31,4,Selma Blair,8.0,0.0714423288389095,Withdrew,,-11.0,4,RANK,0.5,7.25,0.0714423288389095,12,False
31,4,Shangela,8.0,0.02179463063780484,Active,,-17.0,10,RANK,0.5,7.375,0.02179463063780484,12,False
31,4,Trevor Donovan,7.0,0.019969515657005967,Eliminated,9.0,-23.0,12,RANK,0.5,6.625,0.019969515657005967,12,True
31,4,Vinny Guadagnino,7.25,0.16649749537829145,Eliminated,8.0,-11.0,4,RANK,0.5,6.0,0.16649749537829145,12,False
31,4,Wayne Brady,9.0,0.029090741851916877,Finalist,9.0,-9.0,3,RANK,0.5,8.125,0.029090741851916877,12,False
31,5,Charli D'Amelio,10.5,0.10015332281820842,Winner,9.0,-5.0,1,RANK,0.5,8.75,0.10015332281820842,12,False
31,5,Daniel Durant,8.375,0.024926445290009803,Eliminated,9.0,-21.0,10,RANK,0.5,7.475,0.024926445290009803,12,False
31,5,Gabby Windey,10.25,0.038842378228850845,RunnerUp,9.0,-8.0,3,RANK,0.5,8.5,0.038842378228850845,12,False
31,5,Heidi D'Amelio,9.75,0.03152367371577096,Eliminated,8.0,-13.0,8,RANK,0.5,7.85,0.03152367371577096,12,False
31,5,Jessie James Decker,9.0,0.058394657059684205,Eliminated,6.0,-12.0,7,RANK,0.5,6.9,0.058394657059684205,12,False
31,5,Jordin Sparks,8.875,0.0189866764030668,Eliminated,7.0,-21.0,10,RANK,0.5,7.575,0.0189866764030668,12,False
31,5,Joseph Baena,8.75,0.3880288984943791,Eliminated,5.0,-11.0,5,RANK,0.5,6.95,0.3880288984943791,12,False
31,5,Selma Blair,10.0,0.13953711058822638,Withdrew,,-6.0,2,RANK,0.5,7.8,0.13953711058822638,12,False
31,5,Shangela,9.625,0.036631403463324434,Active,,-13.0,8,RANK,0.5,7.825,0.036631403463324434,12,False
31,5,Trevor Donovan,9.0,0.11500969265111079,Eliminated,9.0,-10.0,4,RANK,0.5,7.1,0.11500969265111079,12,False
31,5,Vinny Guadagnino,7.75,0.020189082947790798,Eliminated,8.0,-23.0,12,RANK,0.5,6.35,0.020189082947790798,12,True
31,5,Wayne Brady,10.25,0.027776658339574017,Finalist,9.0,-11.0,5,RANK,0.5,8.55,0.027776658339574017,12,False
31,6,Charli D'Amelio,10.0,0.17647771313857255,Winner,9.0,-3.0,1,RANK,0.5,8.958333333333334,0.17647771313857255,10,False
31,6,Daniel Durant,8.5,0.035139787250176094,Eliminated,9.0,-13.0,9,RANK,0.5,7.645833333333333,0.035139787250176094,10,False
31,6,Gabby Windey,9.25,0.07614191587227827,RunnerUp,9.0,-6.0,2,RANK,0.5,8.625,0.07614191587227827,10,False
31,6,Heidi D'Amelio,9.0,0.04072224261642062,Eliminated,8.0,-10.0,3,RANK,0.5,8.041666666666666,0.04072224261642062,10,False
31,6,Jessie James Decker,8.0,0.11144809093244097,Eliminated,6.0,-12.0,7,RANK,0.5,7.083333333333333,0.11144809093244097,10,False
31,6,Jordin Sparks,8.5,0.025951435693814733,Eliminated,7.0,-15.0,10,RANK,0.5,7.729166666666667,0.025951435693814733,10,True
31,6,Shangela,9.0,0.030055039182962984,Active,,-12.0,7,RANK,0.5,8.020833333333334,0.030055039182962984,10,False
31,6,Trevor Donovan,8.5,0.04940407925310686,Eliminated,9.0,-11.0,5,RANK,0.5,7.333333333333333,0.04940407925310686,10,False
31,6,Vinny Guadagnino,7.0,0.39587395736488384,Eliminated,8.0,-11.0,5,RANK,0.5,6.458333333333333,0.39587395736488384,10,False
31,6,Wayne Brady,8.5,0.05878573869534381,Finalist,9.0,-10.0,3,RANK,0.5,8.541666666666666,0.05878573869534381,10,False
31,7,Charli D'Amelio,9.75,0.14646030810100447,Winner,9.0,-4.0,1,RANK,0.5,9.071428571428571,0.14646030810100447,9,False
31,7,Daniel Durant,9.125,0.03471809558294632,Eliminated,9.0,-12.0,7,RANK,0.5,7.857142857142857,0.03471809558294632,9,False
31,7,Gabby Windey,8.875,0.05892896026797014,RunnerUp,9.0,-11.0,6,RANK,0.5,8.660714285714286,0.05892896026797014,9,False
31,7,Heidi D'Amelio,8.75,0.03993503742343103,Eliminated,8.0,-14.0,8,RANK,0.5,8.142857142857142,0.03993503742343103,9,False
31,7,Jordin Sparks,8.625,0.03158566121260592,Eliminated,7.0,-17.0,9,RANK,0.5,7.857142857142857,0.03158566121260592,9,True
31,7,Shangela,9.125,0.047546601171051035,Active,,-10.0,4,RANK,0.5,8.178571428571429,0.047546601171051035,9,False
31,7,Trevor Donovan,9.75,0.06955276630018926,Eliminated,9.0,-5.0,2,RANK,0.5,7.678571428571429,0.06955276630018926,9,False
31,7,Vinny Guadagnino,7.875,0.4164565021874159,Eliminated,8.0,-10.0,4,RANK,0.5,6.660714285714286,0.4164565021874159,9,False
31,7,Wayne Brady,9.5,0.1548160677533907,Finalist,9.0,-5.0,2,RANK,0.5,8.678571428571429,0.1548160677533907,9,False
31,8,Charli D'Amelio,11.25,0.428711345094964,Winner,9.0,-2.0,1,RANK,0.5,9.34375,0.428711345094964,7,False
31,8,Daniel Durant,9.75,0.03579216416420123,Eliminated,9.0,-13.0,7,RANK,0.5,8.09375,0.03579216416420123,7,True
31,8,Gabby Windey,10.0,0.11205110439466745,RunnerUp,9.0,-7.0,3,RANK,0.5,8.828125,0.11205110439466745,7,False
31,8,Heidi D'Amelio,8.75,0.04964566078548256,Eliminated,8.0,-13.0,7,RANK,0.5,8.21875,0.04964566078548256,7,True
31,8,Shangela,10.5,0.06324497264701605,Active,,-8.0,4,RANK,0.5,8.46875,0.06324497264701605,7,False
31,8,Trevor Donovan,9.75,0.04376607892825961,Eliminated,9.0,-12.0,5,RANK,0.5,7.9375,0.04376607892825961,7,False
31,8,Vinny Guadagnino,7.25,0.08291982576375154,Eliminated,8.0,-12.0,5,RANK,0.5,6.734375,0.08291982576375154,7,False
31,8,Wayne Brady,11.25,0.1838688482216669,Finalist,9.0,-3.0,2,RANK,0.5,9.0,0.1838688482216669,7,False
31,9,Charli D'Amelio,10.0,0.35233833874496157,Winner,9.0,-2.0,1,RANK,0.5,9.416666666666666,0.35233833874496157,6,False
31,9,Daniel Durant,8.625,0.052442715528217256,Eliminated,9.0,-11.0,6,RANK,0.5,8.152777777777779,0.052442715528217256,6,True
31,9,Gabby Windey,10.0,0.31447833714430967,RunnerUp,9.0,-3.0,2,RANK,0.5,8.958333333333334,0.31447833714430967,6,False
31,9,Shangela,9.125,0.06781625500741849,Active,,-8.0,4,RANK,0.5,8.541666666666666,0.06781625500741849,6,False
31,9,Trevor Donovan,8.125,0.08828387375828234,Eliminated,9.0,-10.0,5,RANK,0.5,7.958333333333333,0.08828387375828234,6,False
31,9,Wayne Brady,9.125,0.12464047981681178,Finalist,9.0,-6.0,3,RANK,0.5,9.01388888888889,0.12464047981681178,6,False
31,1,Charli D'Amelio,8.0,0.07713167470645668,Winner,9.0,0.1609013082134329,4,PERCENT,0.5,8.0,0.07713167470645668,16,False
31,1,Cheryl Ladd,5.25,0.02483883551275534,Eliminated,3.0,0.07981265750170849,13,PERCENT,0.5,5.25,0.02483883551275534,16,False
31,1,Daniel Durant,6.75,0.01366206474888399,Eliminated,9.0,0.08434269302039518,10,PERCENT,0.5,6.75,0.01366206474888399,16,False
31,1,Gabby Windey,7.0,0.032250338384023775,RunnerUp,9.0,0.10554876770262797,6,PERCENT,0.5,7.0,0.032250338384023775,16,False
31,1,Heidi D'Amelio,6.0,0.019566875018625564,Eliminated,8.0,0.08239410014885773,12,PERCENT,0.5,6.0,0.019566875018625564,16,False
31,1,Jason Lewis,4.5,0.01849318508593254,Eliminated,1.0,0.06561360393360667,15,PERCENT,0.5,4.5,0.01849318508593254,16,False
31,1,Jessie James Decker,5.0,0.15003283630608846,Eliminated,6.0,0.2023888572479486,2,PERCENT,0.5,5.0,0.15003283630608846,16,False
31,1,Jordin Sparks,6.5,0.014682545292004403,Eliminated,7.0,0.08274537251642258,11,PERCENT,0.5,6.5,0.014682545292004403,16,False
31,1,Joseph Baena,5.75,0.3414773207931799,Eliminated,5.0,0.40168674487631906,1,PERCENT,0.5,5.75,0.3414773207931799,16,False
31,1,Sam Champion,5.0,0.04048533029490371,Eliminated,4.0,0.09284135123676385,8,PERCENT,0.5,5.0,0.04048533029490371,16,False
31,1,Selma Blair,7.0,0.04674696799943069,Withdrew,,0.12004539731803489,5,PERCENT,0.5,7.0,0.04674696799943069,16,False
31,1,Shangela,7.0,0.015601560843142905,Active,,0.0888999901617471,9,PERCENT,0.5,7.0,0.015601560843142905,16,False
31,1,Teresa Giudice,5.0,0.012218636265382417,Eliminated,2.0,0.06457465720724256,16,PERCENT,0.5,5.0,0.012218636265382417,16,True
31,1,Trevor Donovan,5.25,0.016840198879720457,Eliminated,9.0,0.07181402086867361,14,PERCENT,0.5,5.25,0.016840198879720457,16,False
31,1,Vinny Guadagnino,4.25,0.15032202717664303,Eliminated,8.0,0.19482464497722415,3,PERCENT,0.5,4.25,0.15032202717664303,16,False
31,1,Wayne Brady,7.25,0.02564960269282981,Finalist,9.0,0.10156583305852702,7,PERCENT,0.5,7.25,0.02564960269282981,16,False
31,2,Charli D'Amelio,8.0,0.0689908449830982,Winner,9.0,0.14666074789496547,3,PERCENT,0.5,8.0,0.0689908449830982,15,False
31,2,Cheryl Ladd,5.25,0.021252840244660662,Eliminated,3.0,0.07222371403057357,15,PERCENT,0.5,5.25,0.021252840244660662,15,True
31,2,Daniel Durant,7.25,0.016614421793518967,Eliminated,9.0,0.08700277130739868,11,PERCENT,0.5,7.0,0.016614421793518967,15,False
31,2,Gabby Windey,8.0,0.02998613056788994,RunnerUp,9.0,0.10765603347975722,7,PERCENT,0.5,7.5,0.02998613056788994,15,False
31,2,Heidi D'Amelio,7.0,0.03091077882608889,Eliminated,8.0,0.09887194387397276,9,PERCENT,0.5,6.5,0.03091077882608889,15,False
31,2,Jessie James Decker,6.25,0.0557977426074005,Eliminated,6.0,0.11647735425729681,6,PERCENT,0.5,5.625,0.0557977426074005,15,False
31,2,Jordin Sparks,6.75,0.015302156520660904,Eliminated,7.0,0.08083613710254892,13,PERCENT,0.5,6.625,0.015302156520660904,15,False
31,2,Joseph Baena,6.0,0.3717584914296998,Eliminated,5.0,0.43001091861360025,1,PERCENT,0.5,5.875,0.3717584914296998,15,False
31,2,Sam Champion,6.5,0.06994303715813271,Eliminated,4.0,0.13304983327402486,5,PERCENT,0.5,5.75,0.06994303715813271,15,False
31,2,Selma Blair,7.0,0.02238329270796133,Withdrew,,0.0903444577558452,10,PERCENT,0.5,7.0,0.02238329270796133,15,False
31,2,Shangela,7.0,0.014257808538617526,Active,,0.08221897358650139,12,PERCENT,0.5,7.0,0.014257808538617526,15,False
31,2,Teresa Giudice,5.75,0.022087168383175,Eliminated,2.0,0.0779124111010796,14,PERCENT,0.5,5.375,0.022087168383175,15,False
31,2,Trevor Donovan,7.5,0.07087287206874225,Eliminated,9.0,0.14368840604861782,4,PERCENT,0.5,6.375,0.07087287206874225,15,False
31,2,Vinny Guadagnino,6.75,0.1624701704281078,Eliminated,8.0,0.22800415100999583,2,PERCENT,0.5,5.5,0.1624701704281078,15,False
31,2,Wayne Brady,8.0,0.02737224374225095,Finalist,9.0,0.10504214665411822,8,PERCENT,0.5,7.625,0.02737224374225095,15,False
31,3,Charli D'Amelio,8.25,0.09950440612860514,Winner,9.0,0.18139026220719684,3,PERCENT,0.5,8.083333333333334,0.09950440612860514,14,False
31,3,Cheryl Ladd,6.0,0.15292378509532703,Eliminated,3.0,0.21247713497066645,2,PERCENT,0.5,5.5,0.15292378509532703,14,False
31,3,Daniel Durant,7.75,0.01576244437795202,Eliminated,9.0,0.09268552130026543,10,PERCENT,0.5,7.25,0.01576244437795202,14,False
31,3,Gabby Windey,8.25,0.04166174312772895,RunnerUp,9.0,0.12354759920632064,6,PERCENT,0.5,7.75,0.04166174312772895,14,False
31,3,Heidi D'Amelio,8.0,0.07581105736640723,Eliminated,8.0,0.15521552386685977,4,PERCENT,0.5,7.0,0.07581105736640723,14,False
31,3,Jessie James Decker,6.5,0.07908232371733072,Eliminated,6.0,0.14359845274894842,5,PERCENT,0.5,5.916666666666667,0.07908232371733072,14,False
31,3,Jordin Sparks,7.25,0.016126574245991024,Eliminated,7.0,0.08808687201202615,11,PERCENT,0.5,6.833333333333333,0.016126574245991024,14,False
31,3,Joseph Baena,7.25,0.3668580299524969,Eliminated,5.0,0.438818327718532,1,PERCENT,0.5,6.333333333333333,0.3668580299524969,14,False
31,3,Sam Champion,6.25,0.02437338294042997,Eliminated,4.0,0.08640812239390852,12,PERCENT,0.5,5.916666666666667,0.02437338294042997,14,False
31,3,Selma Blair,7.0,0.03092598904201579,Withdrew,,0.10040489722991178,8,PERCENT,0.5,7.0,0.03092598904201579,14,False
31,3,Shangela,7.5,0.024534757482428927,Active,,0.0989764448266032,9,PERCENT,0.5,7.166666666666667,0.024534757482428927,14,False
31,3,Trevor Donovan,6.75,0.019301072481215084,Eliminated,9.0,0.08629859109097193,13,PERCENT,0.5,6.5,0.019301072481215084,14,False
31,3,Vinny Guadagnino,5.75,0.019630065924907705,Eliminated,8.0,0.07670202622210798,14,PERCENT,0.5,5.583333333333333,0.019630065924907705,14,True
31,3,Wayne Brady,8.25,0.033504368117159726,Finalist,9.0,0.11539022419575143,7,PERCENT,0.5,7.833333333333333,0.033504368117159726,14,False
31,4,Charli D'Amelio,9.0,0.07642712081932503,Winner,9.0,0.16423199886724887,4,PERCENT,0.5,8.3125,0.07642712081932503,13,False
31,4,Daniel Durant,7.25,0.018123326971607054,Eliminated,9.0,0.08885503428799016,11,PERCENT,0.5,7.25,0.018123326971607054,13,False
31,4,Gabby Windey,9.0,0.033123952440537036,RunnerUp,9.0,0.12092883048846088,6,PERCENT,0.5,8.0625,0.033123952440537036,13,False
31,4,Heidi D'Amelio,8.5,0.026990944326319415,Eliminated,8.0,0.10991777359380306,9,PERCENT,0.5,7.375,0.026990944326319415,13,False
31,4,Jessie James Decker,7.75,0.10180004735385667,Eliminated,6.0,0.17740980345067997,3,PERCENT,0.5,6.375,0.10180004735385667,13,False
31,4,Jordin Sparks,8.5,0.030931234159310036,Eliminated,7.0,0.11385806342679368,8,PERCENT,0.5,7.25,0.030931234159310036,13,False
31,4,Joseph Baena,7.0,0.3814404126060296,Eliminated,5.0,0.44973309553219265,1,PERCENT,0.5,6.5,0.3814404126060296,13,False
31,4,Sam Champion,6.25,0.022368248959084833,Eliminated,4.0,0.08334385871458751,13,PERCENT,0.5,6.0,0.022368248959084833,13,True
31,4,Selma Blair,8.0,0.0714423288389095,Withdrew,,0.14949110932595291,5,PERCENT,0.5,7.25,0.0714423288389095,13,False
31,4,Shangela,8.0,0.02179463063780484,Active,,0.09984341112484826,10,PERCENT,0.5,7.375,0.02179463063780484,13,False
31,4,Trevor Donovan,7.0,0.019969515657005967,Eliminated,9.0,0.08826219858316897,12,PERCENT,0.5,6.625,0.019969515657005967,13,False
31,4,Vinny Guadagnino,7.25,0.16649749537829145,Eliminated,8.0,0.23722920269467457,2,PERCENT,0.5,6.0,0.16649749537829145,13,False
31,4,Wayne Brady,9.0,0.029090741851916877,Finalist,9.0,0.11689561989984072,7,PERCENT,0.5,8.125,0.029090741851916877,13,False
31,5,Charli D'Amelio,10.5,0.10015332281820842,Winner,9.0,0.193798807767206,4,PERCENT,0.5,8.75,0.10015332281820842,12,False
31,5,Daniel Durant,8.375,0.024926445290009803,Eliminated,9.0,0.09961986780885311,10,PERCENT,0.5,7.475,0.024926445290009803,12,False
31,5,Gabby Windey,10.25,0.038842378228850845,RunnerUp,9.0,0.13025820877430086,6,PERCENT,0.5,8.5,0.038842378228850845,12,False
31,5,Heidi D'Amelio,9.75,0.03152367371577096,Eliminated,8.0,0.11848019545412586,9,PERCENT,0.5,7.85,0.03152367371577096,12,False
31,5,Jessie James Decker,9.0,0.058394657059684205,Eliminated,6.0,0.13866221558739641,5,PERCENT,0.5,6.9,0.058394657059684205,12,False
31,5,Jordin Sparks,8.875,0.0189866764030668,Eliminated,7.0,0.09813940772900523,11,PERCENT,0.5,7.575,0.0189866764030668,12,False
31,5,Joseph Baena,8.75,0.3880288984943791,Eliminated,5.0,0.4660668026185438,1,PERCENT,0.5,6.95,0.3880288984943791,12,False
31,5,Selma Blair,10.0,0.13953711058822638,Withdrew,,0.22872328673012884,2,PERCENT,0.5,7.8,0.13953711058822638,12,False
31,5,Shangela,9.625,0.036631403463324434,Active,,0.12247309799990555,7,PERCENT,0.5,7.825,0.036631403463324434,12,False
31,5,Trevor Donovan,9.0,0.11500969265111079,Eliminated,9.0,0.195277251178823,3,PERCENT,0.5,7.1,0.11500969265111079,12,False
31,5,Vinny Guadagnino,7.75,0.020189082947790798,Eliminated,8.0,0.08930836945776521,12,PERCENT,0.5,6.35,0.020189082947790798,12,True
31,5,Wayne Brady,10.25,0.027776658339574017,Finalist,9.0,0.11919248888502404,8,PERCENT,0.5,8.55,0.027776658339574017,12,False
31,6,Charli D'Amelio,10.0,0.17647771313857255,Winner,9.0,0.2924197421227355,2,PERCENT,0.5,8.958333333333334,0.17647771313857255,10,False
31,6,Daniel Durant,8.5,0.035139787250176094,Eliminated,9.0,0.13369051188671463,9,PERCENT,0.5,7.645833333333333,0.035139787250176094,10,False
31,6,Gabby Windey,9.25,0.07614191587227827,RunnerUp,9.0,0.18338829268262902,4,PERCENT,0.5,8.625,0.07614191587227827,10,False
31,6,Heidi D'Amelio,9.0,0.04072224261642062,Eliminated,8.0,0.14507006870216732,7,PERCENT,0.5,8.041666666666666,0.04072224261642062,10,False
31,6,Jessie James Decker,8.0,0.11144809093244097,Eliminated,6.0,0.20420171411977137,3,PERCENT,0.5,7.083333333333333,0.11144809093244097,10,False
31,6,Jordin Sparks,8.5,0.025951435693814733,Eliminated,7.0,0.12450216033035327,10,PERCENT,0.5,7.729166666666667,0.025951435693814733,10,True
31,6,Shangela,9.0,0.030055039182962984,Active,,0.13440286526870968,8,PERCENT,0.5,8.020833333333334,0.030055039182962984,10,False
31,6,Trevor Donovan,8.5,0.04940407925310686,Eliminated,9.0,0.14795480388964538,6,PERCENT,0.5,7.333333333333333,0.04940407925310686,10,False
31,6,Vinny Guadagnino,7.0,0.39587395736488384,Eliminated,8.0,0.47703337765379794,1,PERCENT,0.5,6.458333333333333,0.39587395736488384,10,False
31,6,Wayne Brady,8.5,0.05878573869534381,Finalist,9.0,0.15733646333188234,5,PERCENT,0.5,8.541666666666666,0.05878573869534381,10,False
31,7,Charli D'Amelio,9.75,0.14646030810100447,Winner,9.0,0.26627597630229705,3,PERCENT,0.5,9.071428571428571,0.14646030810100447,9,False
31,7,Daniel Durant,9.125,0.03471809558294632,Eliminated,9.0,0.14685327223287398,8,PERCENT,0.5,7.857142857142857,0.03471809558294632,9,False
31,7,Gabby Windey,8.875,0.05892896026797014,RunnerUp,9.0,0.16799194029735184,5,PERCENT,0.5,8.660714285714286,0.05892896026797014,9,False
31,7,Heidi D'Amelio,8.75,0.03993503742343103,Eliminated,8.0,0.14746191914253975,7,PERCENT,0.5,8.142857142857142,0.03993503742343103,9,False
31,7,Jordin Sparks,8.625,0.03158566121260592,Eliminated,7.0,0.13757644462144167,9,PERCENT,0.5,7.857142857142857,0.03158566121260592,9,True
31,7,Shangela,9.125,0.047546601171051035,Active,,0.1596817778209787,6,PERCENT,0.5,8.178571428571429,0.047546601171051035,9,False
31,7,Trevor Donovan,9.75,0.06955276630018926,Eliminated,9.0,0.18936843450148183,4,PERCENT,0.5,7.678571428571429,0.06955276630018926,9,False
31,7,Vinny Guadagnino,7.875,0.4164565021874159,Eliminated,8.0,0.5132306957346138,1,PERCENT,0.5,6.660714285714286,0.4164565021874159,9,False
31,7,Wayne Brady,9.5,0.1548160677533907,Finalist,9.0,0.27155953933413735,2,PERCENT,0.5,8.678571428571429,0.1548160677533907,9,False
31,8,Charli D'Amelio,11.25,0.428711345094964,Winner,9.0,0.5720234470039665,1,PERCENT,0.5,9.34375,0.428711345094964,8,False
31,8,Daniel Durant,9.75,0.03579216416420123,Eliminated,9.0,0.15999598581866997,8,PERCENT,0.5,8.09375,0.03579216416420123,8,True
31,8,Gabby Windey,10.0,0.11205110439466745,RunnerUp,9.0,0.2394396394248918,3,PERCENT,0.5,8.828125,0.11205110439466745,8,False
31,8,Heidi D'Amelio,8.75,0.04964566078548256,Eliminated,8.0,0.16111062893692885,7,PERCENT,0.5,8.21875,0.04964566078548256,8,False
31,8,Shangela,10.5,0.06324497264701605,Active,,0.1970029344287516,4,PERCENT,0.5,8.46875,0.06324497264701605,8,False
31,8,Trevor Donovan,9.75,0.04376607892825961,Eliminated,9.0,0.16796990058272834,6,PERCENT,0.5,7.9375,0.04376607892825961,8,False
31,8,Vinny Guadagnino,7.25,0.08291982576375154,Eliminated,8.0,0.17527651366066418,5,PERCENT,0.5,6.734375,0.08291982576375154,8,False
31,8,Wayne Brady,11.25,0.1838688482216669,Finalist,9.0,0.3271809501306693,2,PERCENT,0.5,9.0,0.1838688482216669,8,False
31,9,Charli D'Amelio,10.0,0.35233833874496157,Winner,9.0,0.5341565205598376,1,PERCENT,0.5,9.416666666666666,0.35233833874496157,6,False
31,9,Daniel Durant,8.625,0.052442715528217256,Eliminated,9.0,0.20926089734354783,6,PERCENT,0.5,8.152777777777779,0.052442715528217256,6,True
31,9,Gabby Windey,10.0,0.31447833714430967,RunnerUp,9.0,0.4962965189591857,2,PERCENT,0.5,8.958333333333334,0.31447833714430967,6,False
31,9,Shangela,9.125,0.06781625500741849,Active,,0.23372534591349287,5,PERCENT,0.5,8.541666666666666,0.06781625500741849,6,False
31,9,Trevor Donovan,8.125,0.08828387375828234,Eliminated,9.0,0.23601114648286914,4,PERCENT,0.5,7.958333333333333,0.08828387375828234,6,False
31,9,Wayne Brady,9.125,0.12464047981681178,Finalist,9.0,0.2905495707228862,3,PERCENT,0.5,9.01388888888889,0.12464047981681178,6,False
32,1,Adrian Peterson,6.0,0.03505254043280168,Eliminated,4.0,-12.0,3,RANK,0.5,6.0,0.03505254043280168,14,False
32,1,Alyson Hannigan,4.333333333333333,0.04288042600606573,Active,,-17.0,10,RANK,0.5,4.333333333333333,0.04288042600606573,14,False
32,1,Ariana Madix,7.0,0.013037747001000913,Finalist,9.0,-16.0,8,RANK,0.5,7.0,0.013037747001000913,14,False
32,1,Barry Williams,5.333333333333333,0.026949236372694023,Eliminated,8.0,-17.0,10,RANK,0.5,5.333333333333333,0.026949236372694023,14,False
32,1,Charity Lawson,7.333333333333333,0.01616390626033135,Active,,-14.0,5,RANK,0.5,7.333333333333333,0.01616390626033135,14,False
32,1,Harry Jowsey,4.0,0.14610745321769758,Eliminated,9.0,-15.0,7,RANK,0.5,4.0,0.14610745321769758,14,False
32,1,Jamie Lynn Spears,5.0,0.05307281961068294,Eliminated,2.0,-14.0,5,RANK,0.5,5.0,0.05307281961068294,14,False
32,1,Jason Mraz,7.0,0.06694910093133669,RunnerUp,9.0,-6.0,1,RANK,0.5,7.0,0.06694910093133669,14,False
32,1,Lele Pons,6.333333333333333,0.01828149492047462,Eliminated,7.0,-16.0,8,RANK,0.5,6.333333333333333,0.01828149492047462,14,False
32,1,Matt Walsh,4.0,0.032326418212438826,Eliminated,1.0,-20.0,14,RANK,0.5,4.0,0.032326418212438826,14,True
32,1,Mauricio Umansky,5.0,0.025653415274770875,Eliminated,6.0,-19.0,13,RANK,0.5,5.0,0.025653415274770875,14,False
32,1,Mira Sorvino,5.666666666666667,0.018844984680425562,Eliminated,5.0,-18.0,12,RANK,0.5,5.666666666666667,0.018844984680425562,14,False
32,1,Tyson Beckford,4.0,0.33716978248077323,Eliminated,3.0,-13.0,4,RANK,0.5,4.0,0.33716978248077323,14,False
32,1,Xochitl Gomez,6.0,0.16751067459850755,Winner,9.0,-7.0,2,RANK,0.5,6.0,0.16751067459850755,14,False
32,2,Adrian Peterson,5.0,0.03261521168976278,Eliminated,4.0,-18.0,10,RANK,0.5,5.5,0.03261521168976278,13,False
32,2,Alyson Hannigan,6.333333333333333,0.048777285537199226,Active,,-12.0,4,RANK,0.5,5.333333333333333,0.048777285537199226,13,False
32,2,Ariana Madix,6.666666666666667,0.01612368804063134,Finalist,9.0,-18.0,10,RANK,0.5,6.833333333333334,0.01612368804063134,13,False
32,2,Barry Williams,5.0,0.032493678443227016,Eliminated,8.0,-19.0,12,RANK,0.5,5.166666666666666,0.032493678443227016,13,False
32,2,Charity Lawson,7.0,0.021406820322460624,Active,,-13.0,5,RANK,0.5,7.166666666666666,0.021406820322460624,13,False
32,2,Harry Jowsey,5.0,0.10170179425313061,Eliminated,9.0,-13.0,5,RANK,0.5,4.5,0.10170179425313061,13,False
32,2,Jamie Lynn Spears,5.333333333333333,0.05234457564926311,Eliminated,2.0,-14.0,7,RANK,0.5,5.166666666666666,0.05234457564926311,13,False
32,2,Jason Mraz,8.0,0.08677439988437292,RunnerUp,9.0,-5.0,2,RANK,0.5,7.5,0.08677439988437292,13,False
32,2,Lele Pons,7.0,0.019333270795858885,Eliminated,7.0,-15.0,9,RANK,0.5,6.666666666666666,0.019333270795858885,13,False
32,2,Mauricio Umansky,4.0,0.019664620056409537,Eliminated,6.0,-24.0,13,RANK,0.5,4.5,0.019664620056409537,13,True
32,2,Mira Sorvino,6.0,0.034006800707373205,Eliminated,5.0,-14.0,7,RANK,0.5,5.833333333333334,0.034006800707373205,13,False
32,2,Tyson Beckford,6.0,0.36768804472260147,Eliminated,3.0,-8.0,3,RANK,0.5,5.0,0.36768804472260147,13,False
32,2,Xochitl Gomez,8.0,0.16706980989771236,Winner,9.0,-3.0,1,RANK,0.5,7.0,0.16706980989771236,13,False
32,3,Adrian Peterson,5.5,0.04078002596199853,Eliminated,4.0,-18.0,12,RANK,0.5,5.5,0.04078002596199853,12,True
32,3,Alyson Hannigan,6.0,0.03458704092510277,Active,,-16.0,8,RANK,0.5,5.5555555555555545,0.03458704092510277,12,False
32,3,Ariana Madix,8.5,0.021001842279897348,Finalist,9.0,-13.0,5,RANK,0.5,7.388888888888889,0.021001842279897348,12,False
32,3,Barry Williams,6.25,0.04484046392028747,Eliminated,8.0,-13.0,5,RANK,0.5,5.527777777777778,0.04484046392028747,12,False
32,3,Charity Lawson,8.0,0.03178882026376015,Active,,-12.0,4,RANK,0.5,7.444444444444444,0.03178882026376015,12,False
32,3,Harry Jowsey,6.0,0.3847796149781183,Eliminated,9.0,-9.0,3,RANK,0.5,5.0,0.3847796149781183,12,False
32,3,Jason Mraz,8.5,0.08743472290167184,RunnerUp,9.0,-4.0,1,RANK,0.5,7.833333333333333,0.08743472290167184,12,False
32,3,Lele Pons,6.75,0.021281356154362205,Eliminated,7.0,-16.0,8,RANK,0.5,6.694444444444444,0.021281356154362205,12,False
32,3,Mauricio Umansky,5.75,0.05977949786818307,Eliminated,6.0,-15.0,7,RANK,0.5,4.916666666666667,0.05977949786818307,12,False
32,3,Mira Sorvino,6.5,0.02388212832547202,Eliminated,5.0,-16.0,8,RANK,0.5,6.055555555555556,0.02388212832547202,12,False
32,3,Tyson Beckford,5.0,0.06628726871300879,Eliminated,3.0,-16.0,8,RANK,0.5,5.0,0.06628726871300879,12,False
32,3,Xochitl Gomez,8.0,0.18355721770813746,Winner,9.0,-5.0,2,RANK,0.5,7.333333333333333,0.18355721770813746,12,False
32,4,Adrian Peterson,7.0,0.1276627931721945,Eliminated,4.0,-9.0,4,RANK,0.5,5.875,0.1276627931721945,11,False
32,4,Alyson Hannigan,6.0,0.06338454147972679,Active,,-15.0,8,RANK,0.5,5.666666666666666,0.06338454147972679,11,False
32,4,Ariana Madix,8.333333333333334,0.01843542744757292,Finalist,9.0,-13.0,6,RANK,0.5,7.625,0.01843542744757292,11,False
32,4,Barry Williams,6.0,0.02714163864383779,Eliminated,8.0,-19.0,11,RANK,0.5,5.645833333333333,0.02714163864383779,11,True
32,4,Charity Lawson,8.0,0.027720644523781413,Active,,-11.0,5,RANK,0.5,7.583333333333333,0.027720644523781413,11,False
32,4,Harry Jowsey,7.0,0.3934368726883078,Eliminated,9.0,-7.0,2,RANK,0.5,5.5,0.3934368726883078,11,False
32,4,Jason Mraz,8.0,0.06569320416309557,RunnerUp,9.0,-7.0,2,RANK,0.5,7.875,0.06569320416309557,11,False
32,4,Lele Pons,7.333333333333333,0.025695403265466748,Eliminated,7.0,-15.0,8,RANK,0.5,6.854166666666666,0.025695403265466748,11,False
32,4,Mauricio Umansky,6.333333333333333,0.04915333428322796,Eliminated,6.0,-15.0,8,RANK,0.5,5.270833333333333,0.04915333428322796,11,False
32,4,Mira Sorvino,7.0,0.038584589916230407,Eliminated,5.0,-13.0,6,RANK,0.5,6.291666666666667,0.038584589916230407,11,False
32,4,Xochitl Gomez,9.0,0.16309155041655815,Winner,9.0,-3.0,1,RANK,0.5,7.75,0.16309155041655815,11,False
32,5,Alyson Hannigan,7.0,0.10484224817748428,Active,,-12.0,6,RANK,0.5,5.933333333333333,0.10484224817748428,10,False
32,5,Ariana Madix,8.0,0.024233267637886725,Finalist,9.0,-14.0,8,RANK,0.5,7.7,0.024233267637886725,10,False
32,5,Barry Williams,8.0,0.07059691217006794,Eliminated,8.0,-8.0,3,RANK,0.5,6.116666666666666,0.07059691217006794,10,False
32,5,Charity Lawson,9.333333333333334,0.03734199301200377,Active,,-8.0,3,RANK,0.5,7.933333333333333,0.03734199301200377,10,False
32,5,Harry Jowsey,6.0,0.05594371050661763,Eliminated,9.0,-15.0,9,RANK,0.5,5.6,0.05594371050661763,10,False
32,5,Jason Mraz,9.0,0.3778822457414936,RunnerUp,9.0,-4.0,2,RANK,0.5,8.1,0.3778822457414936,10,False
32,5,Lele Pons,8.0,0.027869799788143867,Eliminated,7.0,-12.0,6,RANK,0.5,7.083333333333333,0.027869799788143867,10,False
32,5,Mauricio Umansky,8.0,0.04427843324220971,Eliminated,6.0,-10.0,5,RANK,0.5,5.816666666666666,0.04427843324220971,10,False
32,5,Mira Sorvino,7.333333333333333,0.0257615027898381,Eliminated,5.0,-17.0,10,RANK,0.5,6.5,0.0257615027898381,10,True
32,5,Xochitl Gomez,9.333333333333334,0.2312498869342572,Winner,9.0,-3.0,1,RANK,0.5,8.066666666666666,0.2312498869342572,10,False
32,6,Alyson Hannigan,7.75,0.09119642541649771,Active,,-12.0,5,RANK,0.5,6.236111111111111,0.09119642541649771,9,False
32,6,Ariana Madix,10.25,0.05381628081844364,Finalist,9.0,-7.0,3,RANK,0.5,8.125,0.05381628081844364,9,False
32,6,Barry Williams,8.0,0.0378762020378776,Eliminated,8.0,-15.0,9,RANK,0.5,6.4305555555555545,0.0378762020378776,9,True
32,6,Charity Lawson,9.5,0.023448155246605762,Active,,-13.0,8,RANK,0.5,8.194444444444445,0.023448155246605762,9,False
32,6,Harry Jowsey,7.25,0.4108625074478718,Eliminated,9.0,-10.0,4,RANK,0.5,5.875,0.4108625074478718,9,False
32,6,Jason Mraz,9.75,0.1537093384462675,RunnerUp,9.0,-5.0,2,RANK,0.5,8.375,0.1537093384462675,9,False
32,6,Lele Pons,9.25,0.04774601724277145,Eliminated,7.0,-12.0,5,RANK,0.5,7.444444444444444,0.04774601724277145,9,False
32,6,Mauricio Umansky,8.25,0.050905527473716135,Eliminated,6.0,-12.0,5,RANK,0.5,6.222222222222221,0.050905527473716135,9,False
32,6,Xochitl Gomez,10.5,0.13043954586994802,Winner,9.0,-4.0,1,RANK,0.5,8.472222222222223,0.13043954586994802,9,False
32,7,Alyson Hannigan,8.75,0.1874473506935355,Active,,-8.0,3,RANK,0.5,6.595238095238095,0.1874473506935355,8,False
32,7,Ariana Madix,9.25,0.02788795572758694,Finalist,9.0,-9.0,4,RANK,0.5,8.285714285714286,0.02788795572758694,8,False
32,7,Barry Williams,8.125,0.060774553740652645,Eliminated,8.0,-13.0,8,RANK,0.5,6.672619047619047,0.060774553740652645,8,True
32,7,Charity Lawson,9.0,0.067548593068401,Active,,-9.0,4,RANK,0.5,8.309523809523808,0.067548593068401,8,False
32,7,Harry Jowsey,8.0,0.42720721868195116,Eliminated,9.0,-9.0,4,RANK,0.5,6.178571428571429,0.42720721868195116,8,False
32,7,Jason Mraz,9.0,0.10828995719917169,RunnerUp,9.0,-7.0,2,RANK,0.5,8.464285714285714,0.10828995719917169,8,False
32,7,Lele Pons,9.125,0.036206181266200024,Eliminated,7.0,-10.0,7,RANK,0.5,7.684523809523809,0.036206181266200024,8,False
32,7,Xochitl Gomez,9.25,0.08463818962250108,Winner,9.0,-5.0,1,RANK,0.5,8.583333333333334,0.08463818962250108,8,False
32,8,Alyson Hannigan,9.0,0.11981292064951918,Active,,-7.0,2,RANK,0.5,6.895833333333333,0.11981292064951918,7,False
32,8,Ariana Madix,10.5,0.043253656489917774,Finalist,9.0,-8.0,3,RANK,0.5,8.5625,0.043253656489917774,7,False
32,8,Barry Williams,8.75,0.05660818976069635,Eliminated,8.0,-10.0,6,RANK,0.5,6.932291666666666,0.05660818976069635,7,False
32,8,Charity Lawson,9.75,0.05261563817544418,Active,,-9.0,5,RANK,0.5,8.489583333333334,0.05261563817544418,7,False
32,8,Harry Jowsey,7.0,0.08508538792773973,Eliminated,9.0,-11.0,7,RANK,0.5,6.28125,0.08508538792773973,7,True
32,8,Jason Mraz,8.25,0.19935724098593902,RunnerUp,9.0,-8.0,3,RANK,0.5,8.4375,0.19935724098593902,7,False
32,8,Xochitl Gomez,10.0,0.44326696601074117,Winner,9.0,-3.0,1,RANK,0.5,8.760416666666666,0.44326696601074117,7,False
32,9,Alyson Hannigan,8.0,0.10932402817548811,Active,,-9.0,3,RANK,0.5,7.018518518518518,0.10932402817548811,3,True
32,9,Ariana Madix,9.25,0.06687534736365006,Finalist,9.0,-9.0,3,RANK,0.5,8.63888888888889,0.06687534736365006,3,True
32,9,Charity Lawson,9.5,0.06535935915444478,Active,,-9.0,3,RANK,0.5,8.601851851851853,0.06535935915444478,3,True
32,9,Harry Jowsey,7.5,0.18930507106162567,Eliminated,9.0,-9.0,3,RANK,0.5,6.416666666666667,0.18930507106162567,3,True
32,9,Jason Mraz,10.75,0.23144813851487245,RunnerUp,9.0,-3.0,1,RANK,0.5,8.694444444444445,0.23144813851487245,3,False
32,9,Xochitl Gomez,10.25,0.3376880557299167,Winner,9.0,-3.0,1,RANK,0.5,8.925925925925926,0.3376880557299167,3,False
32,10,Alyson Hannigan,8.5,0.6963270183516702,Active,,-3.0,1,RANK,0.5,7.166666666666667,0.6963270183516702,1,True
32,10,Charity Lawson,9.833333333333334,0.3036729816483419,Active,,-3.0,1,RANK,0.5,8.725,0.3036729816483419,1,True
32,11,Alyson Hannigan,8.833333333333334,0.6963270183516702,Active,,-3.0,1,RANK,0.5,7.318181818181818,0.6963270183516702,1,True
32,11,Charity Lawson,9.833333333333334,0.3036729816483419,Active,,-3.0,1,RANK,0.5,8.825757575757576,0.3036729816483419,1,True
32,1,Adrian Peterson,6.0,0.03505254043280168,Eliminated,4.0,0.11297461835386763,6,PERCENT,0.5,6.0,0.03505254043280168,14,False
32,1,Alyson Hannigan,4.333333333333333,0.04288042600606573,Active,,0.09915748228239113,10,PERCENT,0.5,4.333333333333333,0.04288042600606573,14,False
32,1,Ariana Madix,7.0,0.013037747001000913,Finalist,9.0,0.10394683790891118,8,PERCENT,0.5,7.0,0.013037747001000913,14,False
32,1,Barry Williams,5.333333333333333,0.026949236372694023,Eliminated,8.0,0.09621330563586375,11,PERCENT,0.5,5.333333333333333,0.026949236372694023,14,False
32,1,Charity Lawson,7.333333333333333,0.01616390626033135,Active,,0.11140200149718972,7,PERCENT,0.5,7.333333333333333,0.01616390626033135,14,False
32,1,Harry Jowsey,4.0,0.14610745321769758,Eliminated,9.0,0.19805550516507486,3,PERCENT,0.5,4.0,0.14610745321769758,14,False
32,1,Jamie Lynn Spears,5.0,0.05307281961068294,Eliminated,2.0,0.11800788454490456,5,PERCENT,0.5,5.0,0.05307281961068294,14,False
32,1,Jason Mraz,7.0,0.06694910093133669,RunnerUp,9.0,0.15785819183924696,4,PERCENT,0.5,7.0,0.06694910093133669,14,False
32,1,Lele Pons,6.333333333333333,0.01828149492047462,Eliminated,7.0,0.10053257717048868,9,PERCENT,0.5,6.333333333333333,0.01828149492047462,14,False
32,1,Matt Walsh,4.0,0.032326418212438826,Eliminated,1.0,0.08427447015981612,14,PERCENT,0.5,4.0,0.032326418212438826,14,True
32,1,Mauricio Umansky,5.0,0.025653415274770875,Eliminated,6.0,0.09058848020899249,13,PERCENT,0.5,5.0,0.025653415274770875,14,False
32,1,Mira Sorvino,5.666666666666667,0.018844984680425562,Eliminated,5.0,0.0924380582725434,12,PERCENT,0.5,5.666666666666667,0.018844984680425562,14,False
32,1,Tyson Beckford,4.0,0.33716978248077323,Eliminated,3.0,0.3891178344281505,1,PERCENT,0.5,4.0,0.33716978248077323,14,False
32,1,Xochitl Gomez,6.0,0.16751067459850755,Winner,9.0,0.24543275251957347,2,PERCENT,0.5,6.0,0.16751067459850755,14,False
32,2,Adrian Peterson,5.0,0.03261521168976278,Eliminated,4.0,0.09564042177300196,11,PERCENT,0.5,5.5,0.03261521168976278,13,False
32,2,Alyson Hannigan,6.333333333333333,0.048777285537199226,Active,,0.1286092183093022,5,PERCENT,0.5,5.333333333333333,0.048777285537199226,13,False
32,2,Ariana Madix,6.666666666666667,0.01612368804063134,Finalist,9.0,0.10015730148495025,10,PERCENT,0.5,6.833333333333334,0.01612368804063134,13,False
32,2,Barry Williams,5.0,0.032493678443227016,Eliminated,8.0,0.0955188885264662,12,PERCENT,0.5,5.166666666666666,0.032493678443227016,13,False
32,2,Charity Lawson,7.0,0.021406820322460624,Active,,0.10964211443899548,7,PERCENT,0.5,7.166666666666666,0.021406820322460624,13,False
32,2,Harry Jowsey,5.0,0.10170179425313061,Eliminated,9.0,0.16472700433636978,4,PERCENT,0.5,4.5,0.10170179425313061,13,False
32,2,Jamie Lynn Spears,5.333333333333333,0.05234457564926311,Eliminated,2.0,0.11957146640471825,6,PERCENT,0.5,5.166666666666666,0.05234457564926311,13,False
32,2,Jason Mraz,8.0,0.08677439988437292,RunnerUp,9.0,0.18761473601755563,3,PERCENT,0.5,7.5,0.08677439988437292,13,False
32,2,Lele Pons,7.0,0.019333270795858885,Eliminated,7.0,0.10756856491239375,9,PERCENT,0.5,6.666666666666666,0.019333270795858885,13,False
32,2,Mauricio Umansky,4.0,0.019664620056409537,Eliminated,6.0,0.07008478812300088,13,PERCENT,0.5,4.5,0.019664620056409537,13,True
32,2,Mira Sorvino,6.0,0.034006800707373205,Eliminated,5.0,0.10963705280726022,8,PERCENT,0.5,5.833333333333334,0.034006800707373205,13,False
32,2,Tyson Beckford,6.0,0.36768804472260147,Eliminated,3.0,0.44331829682248847,1,PERCENT,0.5,5.0,0.36768804472260147,13,False
32,2,Xochitl Gomez,8.0,0.16706980989771236,Winner,9.0,0.267910146030895,2,PERCENT,0.5,7.0,0.16706980989771236,13,False
32,3,Adrian Peterson,5.5,0.04078002596199853,Eliminated,4.0,0.10889148106951418,9,PERCENT,0.5,5.5,0.04078002596199853,12,False
32,3,Alyson Hannigan,6.0,0.03458704092510277,Active,,0.10889044649693802,10,PERCENT,0.5,5.5555555555555545,0.03458704092510277,12,False
32,3,Ariana Madix,8.5,0.021001842279897348,Finalist,9.0,0.12626500017333062,7,PERCENT,0.5,7.388888888888889,0.021001842279897348,12,False
32,3,Barry Williams,6.25,0.04484046392028747,Eliminated,8.0,0.12223984472428252,8,PERCENT,0.5,5.527777777777778,0.04484046392028747,12,False
32,3,Charity Lawson,8.0,0.03178882026376015,Active,,0.1308600276928738,5,PERCENT,0.5,7.444444444444444,0.03178882026376015,12,False
32,3,Harry Jowsey,6.0,0.3847796149781183,Eliminated,9.0,0.45908302054995354,1,PERCENT,0.5,5.0,0.3847796149781183,12,False
32,3,Jason Mraz,8.5,0.08743472290167184,RunnerUp,9.0,0.1926978807951051,3,PERCENT,0.5,7.833333333333333,0.08743472290167184,12,False
32,3,Lele Pons,6.75,0.021281356154362205,Eliminated,7.0,0.10487268742267686,11,PERCENT,0.5,6.694444444444444,0.021281356154362205,12,False
32,3,Mauricio Umansky,5.75,0.05977949786818307,Eliminated,6.0,0.1309869282078585,4,PERCENT,0.5,4.916666666666667,0.05977949786818307,12,False
32,3,Mira Sorvino,6.5,0.02388212832547202,Eliminated,5.0,0.10437748436162686,12,PERCENT,0.5,6.055555555555556,0.02388212832547202,12,True
32,3,Tyson Beckford,5.0,0.06628726871300879,Eliminated,3.0,0.12820677335620484,6,PERCENT,0.5,5.0,0.06628726871300879,12,False
32,3,Xochitl Gomez,8.0,0.18355721770813746,Winner,9.0,0.2826284251372511,2,PERCENT,0.5,7.333333333333333,0.18355721770813746,12,False
32,4,Adrian Peterson,7.0,0.1276627931721945,Eliminated,4.0,0.21516279317110076,3,PERCENT,0.5,5.875,0.1276627931721945,11,False
32,4,Alyson Hannigan,6.0,0.06338454147972679,Active,,0.13838454147878929,5,PERCENT,0.5,5.666666666666666,0.06338454147972679,11,False
32,4,Ariana Madix,8.333333333333334,0.01843542744757292,Finalist,9.0,0.12260209411293752,9,PERCENT,0.5,7.625,0.01843542744757292,11,False
32,4,Barry Williams,6.0,0.02714163864383779,Eliminated,8.0,0.1021416386429003,11,PERCENT,0.5,5.645833333333333,0.02714163864383779,11,True
32,4,Charity Lawson,8.0,0.027720644523781413,Active,,0.1277206445225314,7,PERCENT,0.5,7.583333333333333,0.027720644523781413,11,False
32,4,Harry Jowsey,7.0,0.3934368726883078,Eliminated,9.0,0.480936872687214,1,PERCENT,0.5,5.5,0.3934368726883078,11,False
32,4,Jason Mraz,8.0,0.06569320416309557,RunnerUp,9.0,0.16569320416184558,4,PERCENT,0.5,7.875,0.06569320416309557,11,False
32,4,Lele Pons,7.333333333333333,0.025695403265466748,Eliminated,7.0,0.11736206993098758,10,PERCENT,0.5,6.854166666666666,0.025695403265466748,11,False
32,4,Mauricio Umansky,6.333333333333333,0.04915333428322796,Eliminated,6.0,0.12832000094890506,6,PERCENT,0.5,5.270833333333333,0.04915333428322796,11,False
32,4,Mira Sorvino,7.0,0.038584589916230407,Eliminated,5.0,0.12608458991513666,8,PERCENT,0.5,6.291666666666667,0.038584589916230407,11,False
32,4,Xochitl Gomez,9.0,0.16309155041655815,Winner,9.0,0.2755915504151519,2,PERCENT,0.5,7.75,0.16309155041655815,11,False
32,5,Alyson Hannigan,7.0,0.10484224817748428,Active,,0.1923422481763905,3,PERCENT,0.5,5.933333333333333,0.10484224817748428,10,False
32,5,Ariana Madix,8.0,0.024233267637886725,Finalist,9.0,0.12423326763663672,9,PERCENT,0.5,7.7,0.024233267637886725,10,False
32,5,Barry Williams,8.0,0.07059691217006794,Eliminated,8.0,0.17059691216881795,4,PERCENT,0.5,6.116666666666666,0.07059691217006794,10,False
32,5,Charity Lawson,9.333333333333334,0.03734199301200377,Active,,0.1540086596772121,5,PERCENT,0.5,7.933333333333333,0.03734199301200377,10,False
32,5,Harry Jowsey,6.0,0.05594371050661763,Eliminated,9.0,0.13094371050568013,7,PERCENT,0.5,5.6,0.05594371050661763,10,False
32,5,Jason Mraz,9.0,0.3778822457414936,RunnerUp,9.0,0.4903822457400873,1,PERCENT,0.5,8.1,0.3778822457414936,10,False
32,5,Lele Pons,8.0,0.027869799788143867,Eliminated,7.0,0.12786979978689386,8,PERCENT,0.5,7.083333333333333,0.027869799788143867,10,False
32,5,Mauricio Umansky,8.0,0.04427843324220971,Eliminated,6.0,0.1442784332409597,6,PERCENT,0.5,5.816666666666666,0.04427843324220971,10,False
32,5,Mira Sorvino,7.333333333333333,0.0257615027898381,Eliminated,5.0,0.11742816945535893,10,PERCENT,0.5,6.5,0.0257615027898381,10,True
32,5,Xochitl Gomez,9.333333333333334,0.2312498869342572,Winner,9.0,0.3479165535994655,2,PERCENT,0.5,8.066666666666666,0.2312498869342572,10,False
32,6,Alyson Hannigan,7.75,0.09119642541649771,Active,,0.18746971734076762,4,PERCENT,0.5,6.236111111111111,0.09119642541649771,9,False
32,6,Ariana Madix,10.25,0.05381628081844364,Finalist,9.0,0.18114547336344575,5,PERCENT,0.5,8.125,0.05381628081844364,9,False
32,6,Barry Williams,8.0,0.0378762020378776,Eliminated,8.0,0.1372550840242207,9,PERCENT,0.5,6.4305555555555545,0.0378762020378776,9,True
32,6,Charity Lawson,9.5,0.023448155246605762,Active,,0.14146057760538822,8,PERCENT,0.5,8.194444444444445,0.023448155246605762,9,False
32,6,Harry Jowsey,7.25,0.4108625074478718,Eliminated,9.0,0.5009246192479953,1,PERCENT,0.5,5.875,0.4108625074478718,9,False
32,6,Jason Mraz,9.75,0.1537093384462675,RunnerUp,9.0,0.2748273508671232,2,PERCENT,0.5,8.375,0.1537093384462675,9,False
32,6,Lele Pons,9.25,0.04774601724277145,Eliminated,7.0,0.16265284953948067,6,PERCENT,0.5,7.444444444444444,0.04774601724277145,9,False
32,6,Mauricio Umansky,8.25,0.050905527473716135,Eliminated,6.0,0.15338999952213248,7,PERCENT,0.5,6.222222222222221,0.050905527473716135,9,False
32,6,Xochitl Gomez,10.5,0.13043954586994802,Winner,9.0,0.26087432847702335,3,PERCENT,0.5,8.472222222222223,0.13043954586994802,9,False
32,7,Alyson Hannigan,8.75,0.1874473506935355,Active,,0.31156082586907996,2,PERCENT,0.5,6.595238095238095,0.1874473506935355,8,False
32,7,Ariana Madix,9.25,0.02788795572758694,Finalist,9.0,0.1590936294845911,8,PERCENT,0.5,8.285714285714286,0.02788795572758694,8,True
32,7,Barry Williams,8.125,0.060774553740652645,Eliminated,8.0,0.17602278068937252,6,PERCENT,0.5,6.672619047619047,0.060774553740652645,8,False
32,7,Charity Lawson,9.0,0.067548593068401,Active,,0.19520816753467532,5,PERCENT,0.5,8.309523809523808,0.067548593068401,8,False
32,7,Harry Jowsey,8.0,0.42720721868195116,Eliminated,9.0,0.5406823959853061,1,PERCENT,0.5,6.178571428571429,0.42720721868195116,8,False
32,7,Jason Mraz,9.0,0.10828995719917169,RunnerUp,9.0,0.23594953166544602,3,PERCENT,0.5,8.464285714285714,0.10828995719917169,8,False
32,7,Lele Pons,9.125,0.036206181266200024,Eliminated,7.0,0.16563880537783926,7,PERCENT,0.5,7.684523809523809,0.036206181266200024,8,False
32,7,Xochitl Gomez,9.25,0.08463818962250108,Winner,9.0,0.21584386337950526,4,PERCENT,0.5,8.583333333333334,0.08463818962250108,8,False
32,8,Alyson Hannigan,9.0,0.11981292064951918,Active,,0.2621054107658466,3,PERCENT,0.5,6.895833333333333,0.11981292064951918,7,False
32,8,Ariana Madix,10.5,0.043253656489917774,Finalist,9.0,0.20926156162563309,4,PERCENT,0.5,8.5625,0.043253656489917774,7,False
32,8,Barry Williams,8.75,0.05660818976069635,Eliminated,8.0,0.19494811070712575,7,PERCENT,0.5,6.932291666666666,0.05660818976069635,7,True
32,8,Charity Lawson,9.75,0.05261563817544418,Active,,0.20676583580146554,5,PERCENT,0.5,8.489583333333334,0.05261563817544418,7,False
32,8,Harry Jowsey,7.0,0.08508538792773973,Eliminated,9.0,0.19575732468488327,6,PERCENT,0.5,6.28125,0.08508538792773973,7,False
32,8,Jason Mraz,8.25,0.19935724098593902,RunnerUp,9.0,0.3297920235925724,2,PERCENT,0.5,8.4375,0.19935724098593902,7,False
32,8,Xochitl Gomez,10.0,0.44326696601074117,Winner,9.0,0.6013697328066605,1,PERCENT,0.5,8.760416666666666,0.44326696601074117,7,False
32,9,Alyson Hannigan,8.0,0.10932402817548811,Active,,0.2541204082633651,4,PERCENT,0.5,7.018518518518518,0.10932402817548811,6,False
32,9,Ariana Madix,9.25,0.06687534736365006,Finalist,9.0,0.23429616184025784,6,PERCENT,0.5,8.63888888888889,0.06687534736365006,6,True
32,9,Charity Lawson,9.5,0.06535935915444478,Active,,0.23730506050879874,5,PERCENT,0.5,8.601851851851853,0.06535935915444478,6,False
32,9,Harry Jowsey,7.5,0.18930507106162567,Eliminated,9.0,0.32505167739401036,3,PERCENT,0.5,6.416666666666667,0.18930507106162567,6,False
32,9,Jason Mraz,10.75,0.23144813851487245,RunnerUp,9.0,0.42601827425795713,2,PERCENT,0.5,8.694444444444445,0.23144813851487245,6,False
32,9,Xochitl Gomez,10.25,0.3376880557299167,Winner,9.0,0.5232084177175091,1,PERCENT,0.5,8.925925925925926,0.3376880557299167,6,False
32,10,Alyson Hannigan,8.5,0.6963270183516702,Active,,1.1599633819627444,1,PERCENT,0.5,7.166666666666667,0.6963270183516702,2,False
32,10,Charity Lawson,9.833333333333334,0.3036729816483419,Active,,0.840036617982722,2,PERCENT,0.5,8.725,0.3036729816483419,2,True
32,11,Alyson Hannigan,8.833333333333334,0.6963270183516702,Active,,1.169541304040605,1,PERCENT,0.5,7.318181818181818,0.6963270183516702,2,False
32,11,Charity Lawson,9.833333333333334,0.3036729816483419,Active,,0.8304586959058355,2,PERCENT,0.5,8.825757575757576,0.3036729816483419,2,True
33,1,Anna Delvey,6.0,0.0768844934648286,Eliminated,2.0,-13.0,6,RANK,0.5,6.0,0.0768844934648286,12,False
33,1,Brooks Nader,6.0,0.029042422000608442,Eliminated,4.0,-17.0,10,RANK,0.5,6.0,0.029042422000608442,12,False
33,1,Chandler Kinney,7.666666666666667,0.01960701296919248,Finalist,7.0,-13.0,6,RANK,0.5,7.666666666666667,0.01960701296919248,12,False
33,1,Danny Amendola,6.666666666666667,0.16420847924602647,Active,,-7.0,3,RANK,0.5,6.666666666666667,0.16420847924602647,12,False
33,1,Dwight Howard,7.333333333333333,0.15013509870839925,Eliminated,7.0,-5.0,2,RANK,0.5,7.333333333333333,0.15013509870839925,12,False
33,1,Eric Roberts,5.0,0.02302694252926902,Eliminated,3.0,-24.0,12,RANK,0.5,5.0,0.02302694252926902,12,True
33,1,Ilona Maher,6.0,0.04688850664041451,RunnerUp,7.0,-15.0,9,RANK,0.5,6.0,0.04688850664041451,12,False
33,1,Jenn Tran,6.333333333333333,0.03979201040218079,Eliminated,6.0,-14.0,8,RANK,0.5,6.333333333333333,0.03979201040218079,12,False
33,1,Joey Graziadei,7.0,0.22696708935513932,Winner,7.0,-4.0,1,RANK,0.5,7.0,0.22696708935513932,12,False
33,1,Phaedra Parks,6.333333333333333,0.0756495704822762,Eliminated,5.0,-12.0,5,RANK,0.5,6.333333333333333,0.0756495704822762,12,False
33,1,Reginald Veljohnson,5.333333333333333,0.025960421642096016,Eliminated,3.0,-22.0,11,RANK,0.5,5.333333333333333,0.025960421642096016,12,False
33,1,Stephen Nedoroscik,7.0,0.10435763891634509,Active,,-7.0,3,RANK,0.5,7.0,0.10435763891634509,12,False
33,1,Tori Spelling,5.666666666666667,0.017480313643222143,Eliminated,2.0,-24.0,12,RANK,0.5,5.666666666666667,0.017480313643222143,12,True
33,2,Anna Delvey,5.666666666666667,0.05901132012643476,Eliminated,2.0,-17.0,9,RANK,0.5,5.833333333333334,0.05901132012643476,13,False
33,2,Brooks Nader,6.666666666666667,0.03130931342695114,Eliminated,4.0,-16.0,8,RANK,0.5,6.333333333333334,0.03130931342695114,13,False
33,2,Chandler Kinney,8.0,0.01980634668037148,Finalist,7.0,-13.0,7,RANK,0.5,7.833333333333334,0.01980634668037148,13,False
33,2,Danny Amendola,7.0,0.07155124450305325,Active,,-10.0,6,RANK,0.5,6.833333333333334,0.07155124450305325,13,False
33,2,Dwight Howard,7.333333333333333,0.19322985250396874,Eliminated,7.0,-4.0,2,RANK,0.5,7.333333333333333,0.19322985250396874,13,False
33,2,Eric Roberts,5.0,0.01961483805282489,Eliminated,3.0,-25.0,13,RANK,0.5,5.0,0.01961483805282489,13,True
33,2,Ilona Maher,7.0,0.16255155885332448,RunnerUp,7.0,-8.0,3,RANK,0.5,6.5,0.16255155885332448,13,False
33,2,Jenn Tran,6.333333333333333,0.025268854779451247,Eliminated,6.0,-19.0,10,RANK,0.5,6.333333333333333,0.025268854779451247,13,False
33,2,Joey Graziadei,7.333333333333333,0.21502558348474224,Winner,7.0,-3.0,1,RANK,0.5,7.166666666666666,0.21502558348474224,13,False
33,2,Phaedra Parks,7.0,0.0921561788866746,Eliminated,5.0,-9.0,4,RANK,0.5,6.666666666666666,0.0921561788866746,13,False
33,2,Reginald Veljohnson,5.0,0.030681664495574645,Eliminated,3.0,-21.0,12,RANK,0.5,5.166666666666666,0.030681664495574645,13,False
33,2,Stephen Nedoroscik,7.333333333333333,0.05740572723224339,Active,,-9.0,4,RANK,0.5,7.166666666666666,0.05740572723224339,13,False
33,2,Tori Spelling,6.333333333333333,0.02238751697438636,Eliminated,2.0,-20.0,11,RANK,0.5,6.0,0.02238751697438636,13,False
33,3,Brooks Nader,7.625,0.03263750632755764,Eliminated,4.0,-13.0,6,RANK,0.5,6.763888888888889,0.03263750632755764,10,False
33,3,Chandler Kinney,8.625,0.02073421315243131,Finalist,7.0,-13.0,6,RANK,0.5,8.097222222222223,0.02073421315243131,10,False
33,3,Danny Amendola,7.5,0.1713741913518544,Active,,-8.0,3,RANK,0.5,7.055555555555556,0.1713741913518544,10,False
33,3,Dwight Howard,6.5,0.4016928418481113,Eliminated,7.0,-10.0,5,RANK,0.5,7.0555555555555545,0.4016928418481113,10,False
33,3,Eric Roberts,5.75,0.023346582820665835,Eliminated,3.0,-20.0,10,RANK,0.5,5.25,0.023346582820665835,10,True
33,3,Ilona Maher,7.0,0.03861879291880967,RunnerUp,7.0,-14.0,9,RANK,0.5,6.666666666666667,0.03861879291880967,10,False
33,3,Jenn Tran,7.75,0.06828449312615893,Eliminated,6.0,-8.0,3,RANK,0.5,6.8055555555555545,0.06828449312615893,10,False
33,3,Joey Graziadei,8.75,0.07816339793882748,Winner,7.0,-5.0,1,RANK,0.5,7.694444444444444,0.07816339793882748,10,False
33,3,Phaedra Parks,7.0,0.04692700065754878,Eliminated,5.0,-13.0,6,RANK,0.5,6.777777777777778,0.04692700065754878,10,False
33,3,Reginald Veljohnson,5.25,0.02835089613310034,Eliminated,3.0,-20.0,10,RANK,0.5,5.194444444444444,0.02835089613310034,10,True
33,3,Stephen Nedoroscik,7.75,0.08987008372493255,Active,,-6.0,2,RANK,0.5,7.361111111111111,0.08987008372493255,10,False
33,4,Brooks Nader,8.0,0.030409231053186866,Eliminated,4.0,-13.0,9,RANK,0.5,7.072916666666667,0.030409231053186866,9,True
33,4,Chandler Kinney,8.0,0.03282608944342384,Finalist,7.0,-12.0,8,RANK,0.5,8.072916666666668,0.03282608944342384,9,False
33,4,Danny Amendola,9.0,0.09974006675170849,Active,,-5.0,2,RANK,0.5,7.541666666666667,0.09974006675170849,9,False
33,4,Dwight Howard,7.25,0.41512991491454904,Eliminated,7.0,-10.0,6,RANK,0.5,7.104166666666666,0.41512991491454904,9,False
33,4,Ilona Maher,8.0,0.08025532048011985,RunnerUp,7.0,-9.0,4,RANK,0.5,7.0,0.08025532048011985,9,False
33,4,Jenn Tran,8.0,0.05315203613414266,Eliminated,6.0,-11.0,7,RANK,0.5,7.104166666666666,0.05315203613414266,9,False
33,4,Joey Graziadei,9.0,0.12318554161267421,Winner,7.0,-3.0,1,RANK,0.5,8.020833333333332,0.12318554161267421,9,False
33,4,Phaedra Parks,8.0,0.1096717433187573,Eliminated,5.0,-7.0,3,RANK,0.5,7.083333333333333,0.1096717433187573,9,False
33,4,Stephen Nedoroscik,8.25,0.055630056291442416,Active,,-9.0,4,RANK,0.5,7.583333333333333,0.055630056291442416,9,False
33,5,Chandler Kinney,9.0,0.032776568177713614,Finalist,7.0,-9.0,4,RANK,0.5,8.258333333333335,0.032776568177713614,8,False
33,5,Danny Amendola,8.5,0.08259084364734684,Active,,-9.0,4,RANK,0.5,7.733333333333334,0.08259084364734684,8,False
33,5,Dwight Howard,8.0,0.43026383939657953,Eliminated,7.0,-7.0,3,RANK,0.5,7.283333333333333,0.43026383939657953,8,False
33,5,Ilona Maher,8.666666666666666,0.1090249680328385,RunnerUp,7.0,-5.0,2,RANK,0.5,7.333333333333333,0.1090249680328385,8,False
33,5,Jenn Tran,8.5,0.06625503838843523,Eliminated,6.0,-10.0,6,RANK,0.5,7.383333333333333,0.06625503838843523,8,False
33,5,Joey Graziadei,8.666666666666666,0.1339865801235141,Winner,7.0,-4.0,1,RANK,0.5,8.15,0.1339865801235141,8,False
33,5,Phaedra Parks,8.0,0.09506272743413438,Eliminated,5.0,-10.0,6,RANK,0.5,7.266666666666666,0.09506272743413438,8,False
33,5,Stephen Nedoroscik,8.0,0.05003943479943844,Active,,-13.0,8,RANK,0.5,7.666666666666666,0.05003943479943844,8,True
33,6,Chandler Kinney,10.666666666666666,0.0349123192065513,Finalist,7.0,-8.0,3,RANK,0.5,8.659722222222223,0.0349123192065513,7,False
33,6,Danny Amendola,9.333333333333334,0.16680822831587144,Active,,-8.0,3,RANK,0.5,8.0,0.16680822831587144,7,False
33,6,Dwight Howard,10.333333333333334,0.37955878148219385,Eliminated,7.0,-4.0,2,RANK,0.5,7.791666666666667,0.37955878148219385,7,False
33,6,Ilona Maher,8.0,0.04613738436307854,RunnerUp,7.0,-13.0,7,RANK,0.5,7.444444444444444,0.04613738436307854,7,True
33,6,Jenn Tran,10.333333333333334,0.06892546975163083,Eliminated,6.0,-8.0,3,RANK,0.5,7.875,0.06892546975163083,7,False
33,6,Joey Graziadei,10.666666666666666,0.18122285307160246,Winner,7.0,-3.0,1,RANK,0.5,8.569444444444445,0.18122285307160246,7,False
33,6,Stephen Nedoroscik,9.333333333333334,0.12243496380906971,Active,,-9.0,6,RANK,0.5,7.944444444444444,0.12243496380906971,7,False
33,7,Chandler Kinney,10.0,0.03242158656136993,Finalist,7.0,-7.0,3,RANK,0.5,8.851190476190476,0.03242158656136993,6,False
33,7,Danny Amendola,8.5,0.09660449364533821,Active,,-10.0,6,RANK,0.5,8.071428571428571,0.09660449364533821,6,True
33,7,Dwight Howard,8.0,0.44741600903954737,Eliminated,7.0,-7.0,3,RANK,0.5,7.821428571428571,0.44741600903954737,6,False
33,7,Ilona Maher,8.666666666666666,0.19244655957918952,RunnerUp,7.0,-6.0,2,RANK,0.5,7.619047619047619,0.19244655957918952,6,False
33,7,Joey Graziadei,9.166666666666666,0.11619782742996815,Winner,7.0,-5.0,1,RANK,0.5,8.654761904761903,0.11619782742996815,6,False
33,7,Stephen Nedoroscik,9.0,0.11491352374458771,Active,,-7.0,3,RANK,0.5,8.095238095238095,0.11491352374458771,6,False
33,8,Danny Amendola,9.0,0.6963270183516702,Active,,-2.0,1,RANK,0.5,8.1875,0.6963270183516702,2,False
33,8,Stephen Nedoroscik,8.833333333333334,0.3036729816483419,Active,,-4.0,2,RANK,0.5,8.1875,0.3036729816483419,2,True
33,9,Danny Amendola,9.333333333333334,0.6963270183516702,Active,,-3.0,1,RANK,0.5,8.314814814814817,0.6963270183516702,1,True
33,9,Stephen Nedoroscik,9.833333333333334,0.3036729816483419,Active,,-3.0,1,RANK,0.5,8.37037037037037,0.3036729816483419,1,True
33,1,Anna Delvey,6.0,0.0768844934648286,Eliminated,2.0,0.149758987391069,6,PERCENT,0.5,6.0,0.0768844934648286,13,False
33,1,Brooks Nader,6.0,0.029042422000608442,Eliminated,4.0,0.10191691592684883,10,PERCENT,0.5,6.0,0.029042422000608442,13,False
33,1,Chandler Kinney,7.666666666666667,0.01960701296919248,Finalist,7.0,0.1127244218749441,9,PERCENT,0.5,7.666666666666667,0.01960701296919248,13,False
33,1,Danny Amendola,6.666666666666667,0.16420847924602647,Active,,0.24518013916407133,2,PERCENT,0.5,6.666666666666667,0.16420847924602647,13,False
33,1,Dwight Howard,7.333333333333333,0.15013509870839925,Eliminated,7.0,0.23920392461824863,3,PERCENT,0.5,7.333333333333333,0.15013509870839925,13,False
33,1,Eric Roberts,5.0,0.02302694252926902,Eliminated,3.0,0.08375568746780268,13,PERCENT,0.5,5.0,0.02302694252926902,13,True
33,1,Ilona Maher,6.0,0.04688850664041451,RunnerUp,7.0,0.1197630005666549,7,PERCENT,0.5,6.0,0.04688850664041451,13,False
33,1,Jenn Tran,6.333333333333333,0.03979201040218079,Eliminated,6.0,0.11671508732432342,8,PERCENT,0.5,6.333333333333333,0.03979201040218079,13,False
33,1,Joey Graziadei,7.0,0.22696708935513932,Winner,7.0,0.3119873322690864,1,PERCENT,0.5,7.0,0.22696708935513932,13,False
33,1,Phaedra Parks,6.333333333333333,0.0756495704822762,Eliminated,5.0,0.15257264740441884,5,PERCENT,0.5,6.333333333333333,0.0756495704822762,13,False
33,1,Reginald Veljohnson,5.333333333333333,0.025960421642096016,Eliminated,3.0,0.09073774957653191,11,PERCENT,0.5,5.333333333333333,0.025960421642096016,13,False
33,1,Stephen Nedoroscik,7.0,0.10435763891634509,Active,,0.1893778818302922,4,PERCENT,0.5,7.0,0.10435763891634509,13,False
33,1,Tori Spelling,5.666666666666667,0.017480313643222143,Eliminated,2.0,0.0863062245735603,12,PERCENT,0.5,5.666666666666667,0.017480313643222143,13,False
33,2,Anna Delvey,5.666666666666667,0.05901132012643476,Eliminated,2.0,0.12490279299388564,7,PERCENT,0.5,5.833333333333334,0.05901132012643476,13,False
33,2,Brooks Nader,6.666666666666667,0.03130931342695114,Eliminated,4.0,0.108828693271011,9,PERCENT,0.5,6.333333333333334,0.03130931342695114,13,False
33,2,Chandler Kinney,8.0,0.01980634668037148,Finalist,7.0,0.11282960249324331,8,PERCENT,0.5,7.833333333333334,0.01980634668037148,13,False
33,2,Danny Amendola,7.0,0.07155124450305325,Active,,0.1529465933393161,5,PERCENT,0.5,6.833333333333334,0.07155124450305325,13,False
33,2,Dwight Howard,7.333333333333333,0.19322985250396874,Eliminated,7.0,0.2785011703324346,2,PERCENT,0.5,7.333333333333333,0.19322985250396874,13,False
33,2,Eric Roberts,5.0,0.01961483805282489,Eliminated,3.0,0.07775437293586977,13,PERCENT,0.5,5.0,0.01961483805282489,13,True
33,2,Ilona Maher,7.0,0.16255155885332448,RunnerUp,7.0,0.24394690768958732,3,PERCENT,0.5,6.5,0.16255155885332448,13,False
33,2,Jenn Tran,6.333333333333333,0.025268854779451247,Eliminated,6.0,0.0989122656313081,10,PERCENT,0.5,6.333333333333333,0.025268854779451247,13,False
33,2,Joey Graziadei,7.333333333333333,0.21502558348474224,Winner,7.0,0.3002969013132081,1,PERCENT,0.5,7.166666666666666,0.21502558348474224,13,False
33,2,Phaedra Parks,7.0,0.0921561788866746,Eliminated,5.0,0.17355152772293744,4,PERCENT,0.5,6.666666666666666,0.0921561788866746,13,False
33,2,Reginald Veljohnson,5.0,0.030681664495574645,Eliminated,3.0,0.08882119937861953,12,PERCENT,0.5,5.166666666666666,0.030681664495574645,13,False
33,2,Stephen Nedoroscik,7.333333333333333,0.05740572723224339,Active,,0.14267704506070922,6,PERCENT,0.5,7.166666666666666,0.05740572723224339,13,False
33,2,Tori Spelling,6.333333333333333,0.02238751697438636,Eliminated,2.0,0.09603092782624321,11,PERCENT,0.5,6.0,0.02238751697438636,13,False
33,3,Brooks Nader,7.625,0.03263750632755764,Eliminated,4.0,0.12854945601188578,8,PERCENT,0.5,6.763888888888889,0.03263750632755764,11,False
33,3,Chandler Kinney,8.625,0.02073421315243131,Finalist,7.0,0.12922477918880249,7,PERCENT,0.5,8.097222222222223,0.02073421315243131,11,False
33,3,Danny Amendola,7.5,0.1713741913518544,Active,,0.26571381399217714,2,PERCENT,0.5,7.055555555555556,0.1713741913518544,11,False
33,3,Dwight Howard,6.5,0.4016928418481113,Eliminated,7.0,0.48345384813639103,1,PERCENT,0.5,7.0555555555555545,0.4016928418481113,11,False
33,3,Eric Roberts,5.75,0.023346582820665835,Eliminated,3.0,0.09567362684491329,10,PERCENT,0.5,5.25,0.023346582820665835,11,False
33,3,Ilona Maher,7.0,0.03861879291880967,RunnerUp,7.0,0.12666910738311093,9,PERCENT,0.5,6.666666666666667,0.03861879291880967,11,False
33,3,Jenn Tran,7.75,0.06828449312615893,Eliminated,6.0,0.16576876985449246,5,PERCENT,0.5,6.8055555555555545,0.06828449312615893,11,False
33,3,Joey Graziadei,8.75,0.07816339793882748,Winner,7.0,0.18822629101920405,3,PERCENT,0.5,7.694444444444444,0.07816339793882748,11,False
33,3,Phaedra Parks,7.0,0.04692700065754878,Eliminated,5.0,0.13497731512185004,6,PERCENT,0.5,6.777777777777778,0.04692700065754878,11,False
33,3,Reginald Veljohnson,5.25,0.02835089613310034,Eliminated,3.0,0.09438863198132627,11,PERCENT,0.5,5.194444444444444,0.02835089613310034,11,True
33,3,Stephen Nedoroscik,7.75,0.08987008372493255,Active,,0.1873543604532661,4,PERCENT,0.5,7.361111111111111,0.08987008372493255,11,False
33,4,Brooks Nader,8.0,0.030409231053186866,Eliminated,4.0,0.13925276846667198,9,PERCENT,0.5,7.072916666666667,0.030409231053186866,9,True
33,4,Chandler Kinney,8.0,0.03282608944342384,Finalist,7.0,0.14166962685690895,8,PERCENT,0.5,8.072916666666668,0.03282608944342384,9,False
33,4,Danny Amendola,9.0,0.09974006675170849,Active,,0.22218904634187925,3,PERCENT,0.5,7.541666666666667,0.09974006675170849,9,False
33,4,Dwight Howard,7.25,0.41512991491454904,Eliminated,7.0,0.51376937069552,1,PERCENT,0.5,7.104166666666666,0.41512991491454904,9,False
33,4,Ilona Maher,8.0,0.08025532048011985,RunnerUp,7.0,0.18909885789360498,5,PERCENT,0.5,7.0,0.08025532048011985,9,False
33,4,Jenn Tran,8.0,0.05315203613414266,Eliminated,6.0,0.16199557354762778,7,PERCENT,0.5,7.104166666666666,0.05315203613414266,9,False
33,4,Joey Graziadei,9.0,0.12318554161267421,Winner,7.0,0.24563452120284496,2,PERCENT,0.5,8.020833333333332,0.12318554161267421,9,False
33,4,Phaedra Parks,8.0,0.1096717433187573,Eliminated,5.0,0.2185152807322424,4,PERCENT,0.5,7.083333333333333,0.1096717433187573,9,False
33,4,Stephen Nedoroscik,8.25,0.055630056291442416,Active,,0.16787495424909893,6,PERCENT,0.5,7.583333333333333,0.055630056291442416,9,False
33,5,Chandler Kinney,9.0,0.032776568177713614,Finalist,7.0,0.16643993451236216,8,PERCENT,0.5,8.258333333333335,0.032776568177713614,8,True
33,5,Danny Amendola,8.5,0.08259084364734684,Active,,0.20882846740784827,5,PERCENT,0.5,7.733333333333334,0.08259084364734684,8,False
33,5,Dwight Howard,8.0,0.43026383939657953,Eliminated,7.0,0.5490757205829339,1,PERCENT,0.5,7.283333333333333,0.43026383939657953,8,False
33,5,Ilona Maher,8.666666666666666,0.1090249680328385,RunnerUp,7.0,0.23773783931805564,3,PERCENT,0.5,7.333333333333333,0.1090249680328385,8,False
33,5,Jenn Tran,8.5,0.06625503838843523,Eliminated,6.0,0.19249266214893668,6,PERCENT,0.5,7.383333333333333,0.06625503838843523,8,False
33,5,Joey Graziadei,8.666666666666666,0.1339865801235141,Winner,7.0,0.26269945140873124,2,PERCENT,0.5,8.15,0.1339865801235141,8,False
33,5,Phaedra Parks,8.0,0.09506272743413438,Eliminated,5.0,0.21387460862048868,4,PERCENT,0.5,7.266666666666666,0.09506272743413438,8,False
33,5,Stephen Nedoroscik,8.0,0.05003943479943844,Active,,0.16885131598579273,7,PERCENT,0.5,7.666666666666666,0.05003943479943844,8,False
33,6,Chandler Kinney,10.666666666666666,0.0349123192065513,Finalist,7.0,0.19025212502953176,6,PERCENT,0.5,8.659722222222223,0.0349123192065513,7,False
33,6,Danny Amendola,9.333333333333334,0.16680822831587144,Active,,0.3027305584109794,3,PERCENT,0.5,8.0,0.16680822831587144,7,False
33,6,Dwight Howard,10.333333333333334,0.37955878148219385,Eliminated,7.0,0.5300442183732061,1,PERCENT,0.5,7.791666666666667,0.37955878148219385,7,False
33,6,Ilona Maher,8.0,0.04613738436307854,RunnerUp,7.0,0.16264223873031391,7,PERCENT,0.5,7.444444444444444,0.04613738436307854,7,True
33,6,Jenn Tran,10.333333333333334,0.06892546975163083,Eliminated,6.0,0.21941090664264318,5,PERCENT,0.5,7.875,0.06892546975163083,7,False
33,6,Joey Graziadei,10.666666666666666,0.18122285307160246,Winner,7.0,0.3365626588945829,2,PERCENT,0.5,8.569444444444445,0.18122285307160246,7,False
33,6,Stephen Nedoroscik,9.333333333333334,0.12243496380906971,Active,,0.2583572939041776,4,PERCENT,0.5,7.944444444444444,0.12243496380906971,7,False
33,7,Chandler Kinney,10.0,0.03242158656136993,Finalist,7.0,0.21992158655785432,6,PERCENT,0.5,8.851190476190476,0.03242158656136993,6,True
33,7,Danny Amendola,8.5,0.09660449364533821,Active,,0.25597949364234995,5,PERCENT,0.5,8.071428571428571,0.09660449364533821,6,False
33,7,Dwight Howard,8.0,0.44741600903954737,Eliminated,7.0,0.5974160090367349,1,PERCENT,0.5,7.821428571428571,0.44741600903954737,6,False
33,7,Ilona Maher,8.666666666666666,0.19244655957918952,RunnerUp,7.0,0.35494655957614263,2,PERCENT,0.5,7.619047619047619,0.19244655957918952,6,False
33,7,Joey Graziadei,9.166666666666666,0.11619782742996815,Winner,7.0,0.2880728274267455,3,PERCENT,0.5,8.654761904761903,0.11619782742996815,6,False
33,7,Stephen Nedoroscik,9.0,0.11491352374458771,Active,,0.2836635237414237,4,PERCENT,0.5,8.095238095238095,0.11491352374458771,6,False
33,8,Danny Amendola,9.0,0.6963270183516702,Active,,1.2009999155196325,1,PERCENT,0.5,8.1875,0.6963270183516702,2,False
33,8,Stephen Nedoroscik,8.833333333333334,0.3036729816483419,Active,,0.7990000844243048,2,PERCENT,0.5,8.1875,0.3036729816483419,2,True
33,9,Danny Amendola,9.333333333333334,0.6963270183516702,Active,,1.1832835400653943,1,PERCENT,0.5,8.314814814814817,0.6963270183516702,2,False
33,9,Stephen Nedoroscik,9.833333333333334,0.3036729816483419,Active,,0.816716459882444,2,PERCENT,0.5,8.37037037037037,0.3036729816483419,2,True
34,1,Alix Earle,6.5,0.09078537260730749,RunnerUp,10.0,-12.0,4,RANK,0.5,6.5,0.09078537260730749,14,False
34,1,Andy Richter,4.5,0.09995268364106577,Eliminated,9.0,-16.0,10,RANK,0.5,4.5,0.09995268364106577,14,False
34,1,Baron Davis,5.0,0.013197742695994618,Eliminated,2.0,-20.0,12,RANK,0.5,5.0,0.013197742695994618,14,False
34,1,Corey Feldman,4.5,0.014913784964104356,Eliminated,2.0,-23.0,14,RANK,0.5,4.5,0.014913784964104356,14,True
34,1,Danielle Fishel,6.0,0.009020511077843827,Eliminated,8.0,-20.0,12,RANK,0.5,6.0,0.009020511077843827,14,False
34,1,Dylan Efron,5.0,0.09974284010264199,Active,,-14.0,8,RANK,0.5,5.0,0.09974284010264199,14,False
34,1,Elaine Hendrix,6.0,0.09861296552957985,Active,,-13.0,6,RANK,0.5,6.0,0.09861296552957985,14,False
34,1,Hilaria Baldwin,7.0,0.011647873646926939,Eliminated,4.0,-15.0,9,RANK,0.5,7.0,0.011647873646926939,14,False
34,1,Jen Affleck,6.0,0.09877610971279491,Eliminated,7.0,-12.0,4,RANK,0.5,6.0,0.09877610971279491,14,False
34,1,Jordan Chiles,5.0,0.2291266654218354,Finalist,10.0,-10.0,2,RANK,0.5,5.0,0.2291266654218354,14,False
34,1,Lauren Jauregui,6.5,0.01091343013832884,Eliminated,3.0,-17.0,11,RANK,0.5,6.5,0.01091343013832884,14,False
34,1,Robert Irwin,7.5,0.10820123773036479,Winner,10.0,-3.0,1,RANK,0.5,7.5,0.10820123773036479,14,False
34,1,Scott Hoying,5.0,0.09977900432471917,Eliminated,6.0,-13.0,6,RANK,0.5,5.0,0.09977900432471917,14,False
34,1,Whitney Leavitt,7.5,0.015329778406491947,Eliminated,10.0,-10.0,2,RANK,0.5,7.5,0.015329778406491947,14,False
34,2,Alix Earle,7.0,0.03416477679259274,RunnerUp,10.0,-13.0,7,RANK,0.5,6.75,0.03416477679259274,13,False
34,2,Andy Richter,5.333333333333333,0.061650488807797096,Eliminated,9.0,-20.0,11,RANK,0.5,4.916666666666666,0.061650488807797096,13,False
34,2,Baron Davis,6.0,0.02838095400124614,Eliminated,2.0,-20.0,11,RANK,0.5,5.5,0.02838095400124614,13,False
34,2,Corey Feldman,5.0,0.025268414447601695,Eliminated,2.0,-24.0,13,RANK,0.5,4.75,0.025268414447601695,13,True
34,2,Danielle Fishel,6.333333333333333,0.014454370708106287,Eliminated,8.0,-24.0,13,RANK,0.5,6.166666666666666,0.014454370708106287,13,True
34,2,Dylan Efron,6.666666666666667,0.14888553392482418,Active,,-12.0,5,RANK,0.5,5.833333333333334,0.14888553392482418,13,False
34,2,Elaine Hendrix,7.0,0.06885943219718604,Active,,-11.0,4,RANK,0.5,6.5,0.06885943219718604,13,False
34,2,Hilaria Baldwin,7.0,0.018309582321336722,Eliminated,4.0,-17.0,9,RANK,0.5,7.0,0.018309582321336722,13,False
34,2,Jen Affleck,7.333333333333333,0.08746816174939075,Eliminated,7.0,-5.0,3,RANK,0.5,6.666666666666666,0.08746816174939075,13,False
34,2,Jordan Chiles,7.333333333333333,0.19093092149428367,Finalist,10.0,-3.0,2,RANK,0.5,6.166666666666666,0.19093092149428367,13,False
34,2,Lauren Jauregui,7.0,0.01715011090610573,Eliminated,3.0,-18.0,10,RANK,0.5,6.75,0.01715011090610573,13,False
34,2,Robert Irwin,7.333333333333333,0.21148483828631265,Winner,10.0,-2.0,1,RANK,0.5,7.416666666666666,0.21148483828631265,13,False
34,2,Scott Hoying,6.0,0.06968681651213258,Eliminated,6.0,-16.0,8,RANK,0.5,5.5,0.06968681651213258,13,False
34,2,Whitney Leavitt,7.333333333333333,0.023305597851084485,Eliminated,10.0,-12.0,5,RANK,0.5,7.416666666666666,0.023305597851084485,13,False
34,3,Alix Earle,7.666666666666667,0.08281846261322989,RunnerUp,10.0,-9.0,5,RANK,0.5,7.055555555555556,0.08281846261322989,11,False
34,3,Andy Richter,6.0,0.09511001005397175,Eliminated,9.0,-15.0,7,RANK,0.5,5.277777777777778,0.09511001005397175,11,False
34,3,Danielle Fishel,7.0,0.02592949174137648,Eliminated,8.0,-20.0,11,RANK,0.5,6.444444444444444,0.02592949174137648,11,True
34,3,Dylan Efron,7.666666666666667,0.09518036679376908,Active,,-6.0,1,RANK,0.5,6.4444444444444455,0.09518036679376908,11,False
34,3,Elaine Hendrix,7.0,0.0524692274027616,Active,,-15.0,7,RANK,0.5,6.666666666666667,0.0524692274027616,11,False
34,3,Hilaria Baldwin,7.333333333333333,0.030316174233491314,Eliminated,4.0,-16.0,9,RANK,0.5,7.111111111111111,0.030316174233491314,11,False
34,3,Jen Affleck,6.333333333333333,0.03469112593870039,Eliminated,7.0,-20.0,11,RANK,0.5,6.5555555555555545,0.03469112593870039,11,True
34,3,Jordan Chiles,8.0,0.0836110074111143,Finalist,10.0,-6.0,1,RANK,0.5,6.777777777777778,0.0836110074111143,11,False
34,3,Lauren Jauregui,6.0,0.04662907763883229,Eliminated,3.0,-19.0,10,RANK,0.5,6.5,0.04662907763883229,11,False
34,3,Robert Irwin,7.333333333333333,0.25915549069281363,Winner,10.0,-6.0,1,RANK,0.5,7.388888888888888,0.25915549069281363,11,False
34,3,Scott Hoying,7.333333333333333,0.15297401572932853,Eliminated,6.0,-7.0,4,RANK,0.5,6.111111111111111,0.15297401572932853,11,False
34,3,Whitney Leavitt,8.0,0.041115549750616064,Eliminated,10.0,-10.0,6,RANK,0.5,7.611111111111111,0.041115549750616064,11,False
34,4,Alix Earle,8.0,0.048071434604838266,RunnerUp,10.0,-12.0,6,RANK,0.5,7.291666666666667,0.048071434604838266,10,False
34,4,Andy Richter,6.0,0.08111323432796051,Eliminated,9.0,-15.0,10,RANK,0.5,5.458333333333333,0.08111323432796051,10,True
34,4,Danielle Fishel,7.0,0.06823143443579133,Eliminated,8.0,-14.0,8,RANK,0.5,6.583333333333333,0.06823143443579133,10,False
34,4,Dylan Efron,7.666666666666667,0.08291316852485572,Active,,-8.0,2,RANK,0.5,6.75,0.08291316852485572,10,False
34,4,Elaine Hendrix,8.0,0.06437022156208153,Active,,-9.0,3,RANK,0.5,7.0,0.06437022156208153,10,False
34,4,Hilaria Baldwin,7.666666666666667,0.05038200266966342,Eliminated,4.0,-14.0,8,RANK,0.5,7.25,0.05038200266966342,10,False
34,4,Jen Affleck,7.666666666666667,0.14466040616699774,Eliminated,7.0,-7.0,1,RANK,0.5,6.833333333333333,0.14466040616699774,10,False
34,4,Jordan Chiles,8.0,0.055130013005707613,Finalist,10.0,-10.0,5,RANK,0.5,7.083333333333333,0.055130013005707613,10,False
34,4,Robert Irwin,7.333333333333333,0.3243101435271487,Winner,10.0,-9.0,3,RANK,0.5,7.375,0.3243101435271487,10,False
34,4,Scott Hoying,7.0,0.06656224220937486,Eliminated,6.0,-15.0,10,RANK,0.5,6.333333333333333,0.06656224220937486,10,True
34,4,Whitney Leavitt,8.333333333333334,0.01425569896558109,Eliminated,10.0,-12.0,6,RANK,0.5,7.791666666666666,0.01425569896558109,10,False
34,5,Alix Earle,8.75,0.0794749861127182,RunnerUp,10.0,-6.0,3,RANK,0.5,7.583333333333334,0.0794749861127182,10,False
34,5,Andy Richter,6.0,0.04911371506898934,Eliminated,9.0,-16.0,8,RANK,0.5,5.566666666666666,0.04911371506898934,10,False
34,5,Danielle Fishel,7.25,0.02690030568704408,Eliminated,8.0,-18.0,10,RANK,0.5,6.716666666666667,0.02690030568704408,10,True
34,5,Dylan Efron,9.0,0.14628301668904153,Active,,-3.0,1,RANK,0.5,7.2,0.14628301668904153,10,False
34,5,Elaine Hendrix,7.5,0.029980847876781836,Active,,-15.0,7,RANK,0.5,7.1,0.029980847876781836,10,False
34,5,Jen Affleck,7.25,0.03421873060711721,Eliminated,7.0,-16.0,8,RANK,0.5,6.916666666666667,0.03421873060711721,10,False
34,5,Jordan Chiles,8.0,0.11406302380277834,Finalist,10.0,-8.0,4,RANK,0.5,7.266666666666666,0.11406302380277834,10,False
34,5,Robert Irwin,8.75,0.4179643407334049,Winner,10.0,-3.0,1,RANK,0.5,7.65,0.4179643407334049,10,False
34,5,Scott Hoying,7.5,0.06114500679170064,Eliminated,6.0,-11.0,5,RANK,0.5,6.566666666666667,0.06114500679170064,10,False
34,5,Whitney Leavitt,8.25,0.04085602663042421,Eliminated,10.0,-11.0,5,RANK,0.5,7.883333333333333,0.04085602663042421,10,False
34,6,Alix Earle,8.75,0.04587025253143103,RunnerUp,10.0,-13.0,5,RANK,0.5,7.777777777777779,0.04587025253143103,10,False
34,6,Andy Richter,6.75,0.09413048490898251,Eliminated,9.0,-15.0,8,RANK,0.5,5.763888888888889,0.09413048490898251,10,False
34,6,Danielle Fishel,9.0,0.029232190278973537,Eliminated,8.0,-13.0,5,RANK,0.5,7.097222222222221,0.029232190278973537,10,False
34,6,Dylan Efron,8.0,0.0347833006871726,Active,,-16.0,9,RANK,0.5,7.333333333333333,0.0347833006871726,10,False
34,6,Elaine Hendrix,9.0,0.17261075687168312,Active,,-5.0,3,RANK,0.5,7.416666666666667,0.17261075687168312,10,False
34,6,Jen Affleck,8.0,0.09308003922360032,Eliminated,7.0,-13.0,5,RANK,0.5,7.097222222222222,0.09308003922360032,10,False
34,6,Jordan Chiles,9.75,0.13090596313014605,Finalist,10.0,-4.0,1,RANK,0.5,7.6805555555555545,0.13090596313014605,10,False
34,6,Robert Irwin,9.0,0.261366259380864,Winner,10.0,-4.0,1,RANK,0.5,7.875,0.261366259380864,10,False
34,6,Scott Hoying,7.0,0.03909991350044073,Eliminated,6.0,-17.0,10,RANK,0.5,6.638888888888889,0.03909991350044073,10,True
34,6,Whitney Leavitt,9.75,0.09892083948670453,Eliminated,10.0,-5.0,3,RANK,0.5,8.194444444444445,0.09892083948670453,10,False
34,7,Alix Earle,10.75,0.1462552609481805,RunnerUp,10.0,-4.0,1,RANK,0.5,8.202380952380953,0.1462552609481805,8,False
34,7,Andy Richter,7.25,0.0925778253490137,Eliminated,9.0,-14.0,7,RANK,0.5,5.976190476190476,0.0925778253490137,8,False
34,7,Danielle Fishel,8.75,0.03699962613301945,Eliminated,8.0,-15.0,8,RANK,0.5,7.333333333333333,0.03699962613301945,8,True
34,7,Dylan Efron,9.5,0.18108877453000183,Active,,-6.0,3,RANK,0.5,7.642857142857143,0.18108877453000183,8,False
34,7,Elaine Hendrix,8.0,0.046963079241345525,Active,,-15.0,8,RANK,0.5,7.5,0.046963079241345525,8,True
34,7,Jen Affleck,8.5,0.10475428158619553,Eliminated,7.0,-11.0,6,RANK,0.5,7.297619047619047,0.10475428158619553,8,False
34,7,Jordan Chiles,9.5,0.0786402444646939,Finalist,10.0,-10.0,4,RANK,0.5,7.94047619047619,0.0786402444646939,8,False
34,7,Robert Irwin,10.25,0.2705605054721571,Winner,10.0,-4.0,1,RANK,0.5,8.214285714285714,0.2705605054721571,8,False
34,7,Whitney Leavitt,10.5,0.04216040227539359,Eliminated,10.0,-10.0,4,RANK,0.5,8.523809523809524,0.04216040227539359,8,False
34,8,Alix Earle,9.625,0.051705781568373764,RunnerUp,10.0,-9.0,5,RANK,0.5,8.380208333333334,0.051705781568373764,8,False
34,8,Andy Richter,8.5,0.1425883991204414,Eliminated,9.0,-11.0,7,RANK,0.5,6.291666666666666,0.1425883991204414,8,False
34,8,Danielle Fishel,9.25,0.04352688184049816,Eliminated,8.0,-15.0,8,RANK,0.5,7.572916666666666,0.04352688184049816,8,True
34,8,Dylan Efron,9.5,0.10671475691157223,Active,,-9.0,5,RANK,0.5,7.875,0.10671475691157223,8,False
34,8,Elaine Hendrix,9.375,0.1899402486280109,Active,,-8.0,3,RANK,0.5,7.734375,0.1899402486280109,8,False
34,8,Jordan Chiles,9.75,0.134430819062428,Finalist,10.0,-6.0,2,RANK,0.5,8.166666666666666,0.134430819062428,8,False
34,8,Robert Irwin,9.5,0.2794592049084439,Winner,10.0,-5.0,1,RANK,0.5,8.375,0.2794592049084439,8,False
34,8,Whitney Leavitt,9.875,0.05163390796022925,Eliminated,10.0,-8.0,3,RANK,0.5,8.692708333333334,0.05163390796022925,8,False
34,9,Alix Earle,10.0,0.07859359538782389,RunnerUp,10.0,-8.0,4,RANK,0.5,8.560185185185185,0.07859359538782389,7,False
34,9,Andy Richter,7.25,0.04809738845921028,Eliminated,9.0,-13.0,7,RANK,0.5,6.398148148148148,0.04809738845921028,7,True
34,9,Dylan Efron,10.5,0.14684561634281001,Active,,-4.0,2,RANK,0.5,8.166666666666666,0.14684561634281001,7,False
34,9,Elaine Hendrix,9.0,0.060263730534381464,Active,,-11.0,6,RANK,0.5,7.875,0.060263730534381464,7,False
34,9,Jordan Chiles,9.75,0.412964320381275,Finalist,10.0,-6.0,3,RANK,0.5,8.342592592592592,0.412964320381275,7,False
34,9,Robert Irwin,10.5,0.21302798319311247,Winner,10.0,-3.0,1,RANK,0.5,8.61111111111111,0.21302798319311247,7,False
34,9,Whitney Leavitt,10.5,0.04020736570138477,Eliminated,10.0,-8.0,4,RANK,0.5,8.893518518518519,0.04020736570138477,7,False
34,10,Alix Earle,9.666666666666666,0.11240645742937139,RunnerUp,10.0,-6.0,3,RANK,0.5,8.670833333333333,0.11240645742937139,6,False
34,10,Dylan Efron,9.166666666666666,0.06067720902736316,Active,,-11.0,6,RANK,0.5,8.266666666666667,0.06067720902736316,6,True
34,10,Elaine Hendrix,9.5,0.21668219917992532,Active,,-6.0,3,RANK,0.5,8.0375,0.21668219917992532,6,False
34,10,Jordan Chiles,9.5,0.4570457758331607,Finalist,10.0,-5.0,2,RANK,0.5,8.458333333333332,0.4570457758331607,6,False
34,10,Robert Irwin,9.833333333333334,0.11265101338227985,Winner,10.0,-4.0,1,RANK,0.5,8.733333333333333,0.11265101338227985,6,False
34,10,Whitney Leavitt,9.666666666666666,0.04053734514789675,Eliminated,10.0,-8.0,5,RANK,0.5,8.970833333333333,0.04053734514789675,6,False
34,11,Dylan Efron,9.777733333333334,0.6963270183516702,Active,,-2.0,1,RANK,0.5,8.404036363636363,0.6963270183516702,2,False
34,11,Elaine Hendrix,9.6666,0.3036729816483419,Active,,-4.0,2,RANK,0.5,8.1856,0.3036729816483419,2,True
34,1,Alix Earle,6.5,0.09078537260730749,RunnerUp,10.0,0.17005366528926763,5,PERCENT,0.5,6.5,0.09078537260730749,14,False
34,1,Andy Richter,4.5,0.09995268364106577,Eliminated,9.0,0.15483073242088433,8,PERCENT,0.5,4.5,0.09995268364106577,14,False
34,1,Baron Davis,5.0,0.013197742695994618,Eliminated,2.0,0.07417335245134857,13,PERCENT,0.5,5.0,0.013197742695994618,14,False
34,1,Corey Feldman,4.5,0.014913784964104356,Eliminated,2.0,0.06979183374392291,14,PERCENT,0.5,4.5,0.014913784964104356,14,True
34,1,Danielle Fishel,6.0,0.009020511077843827,Eliminated,8.0,0.08219124278426856,12,PERCENT,0.5,6.0,0.009020511077843827,14,False
34,1,Dylan Efron,5.0,0.09974284010264199,Active,,0.16071844985799594,7,PERCENT,0.5,5.0,0.09974284010264199,14,False
34,1,Elaine Hendrix,6.0,0.09861296552957985,Active,,0.1717836972360046,4,PERCENT,0.5,6.0,0.09861296552957985,14,False
34,1,Hilaria Baldwin,7.0,0.011647873646926939,Eliminated,4.0,0.09701372730442248,10,PERCENT,0.5,7.0,0.011647873646926939,14,False
34,1,Jen Affleck,6.0,0.09877610971279491,Eliminated,7.0,0.17194684141921965,3,PERCENT,0.5,6.0,0.09877610971279491,14,False
34,1,Jordan Chiles,5.0,0.2291266654218354,Finalist,10.0,0.29010227517718934,1,PERCENT,0.5,5.0,0.2291266654218354,14,False
34,1,Lauren Jauregui,6.5,0.01091343013832884,Eliminated,3.0,0.09018172282028898,11,PERCENT,0.5,6.5,0.01091343013832884,14,False
34,1,Robert Irwin,7.5,0.10820123773036479,Winner,10.0,0.1996646523633957,2,PERCENT,0.5,7.5,0.10820123773036479,14,False
34,1,Scott Hoying,5.0,0.09977900432471917,Eliminated,6.0,0.16075461408007313,6,PERCENT,0.5,5.0,0.09977900432471917,14,False
34,1,Whitney Leavitt,7.5,0.015329778406491947,Eliminated,10.0,0.10679319303952287,9,PERCENT,0.5,7.5,0.015329778406491947,14,False
34,2,Alix Earle,7.0,0.03416477679259274,RunnerUp,10.0,0.10970434513710131,8,PERCENT,0.5,6.75,0.03416477679259274,14,False
34,2,Andy Richter,5.333333333333333,0.061650488807797096,Eliminated,9.0,0.11920444564170839,7,PERCENT,0.5,4.916666666666666,0.061650488807797096,14,False
34,2,Baron Davis,6.0,0.02838095400124614,Eliminated,2.0,0.09312915543939634,11,PERCENT,0.5,5.5,0.02838095400124614,14,False
34,2,Corey Feldman,5.0,0.025268414447601695,Eliminated,2.0,0.07922524897939354,14,PERCENT,0.5,4.75,0.025268414447601695,14,True
34,2,Danielle Fishel,6.333333333333333,0.014454370708106287,Eliminated,8.0,0.08279969444837594,13,PERCENT,0.5,6.166666666666666,0.014454370708106287,14,False
34,2,Dylan Efron,6.666666666666667,0.14888553392482418,Active,,0.2208279799672133,3,PERCENT,0.5,5.833333333333334,0.14888553392482418,14,False
34,2,Elaine Hendrix,7.0,0.06885943219718604,Active,,0.14439900054169463,5,PERCENT,0.5,6.5,0.06885943219718604,14,False
34,2,Hilaria Baldwin,7.0,0.018309582321336722,Eliminated,4.0,0.0938491506658453,10,PERCENT,0.5,7.0,0.018309582321336722,14,False
34,2,Jen Affleck,7.333333333333333,0.08746816174939075,Eliminated,7.0,0.16660485239601877,4,PERCENT,0.5,6.666666666666666,0.08746816174939075,14,False
34,2,Jordan Chiles,7.333333333333333,0.19093092149428367,Finalist,10.0,0.2700676121409117,2,PERCENT,0.5,6.166666666666666,0.19093092149428367,14,False
34,2,Lauren Jauregui,7.0,0.01715011090610573,Eliminated,3.0,0.0926896792506143,12,PERCENT,0.5,6.75,0.01715011090610573,14,False
34,2,Robert Irwin,7.333333333333333,0.21148483828631265,Winner,10.0,0.2906215289329407,1,PERCENT,0.5,7.416666666666666,0.21148483828631265,14,False
34,2,Scott Hoying,6.0,0.06968681651213258,Eliminated,6.0,0.1344350179502828,6,PERCENT,0.5,5.5,0.06968681651213258,14,False
34,2,Whitney Leavitt,7.333333333333333,0.023305597851084485,Eliminated,10.0,0.1024422884977125,9,PERCENT,0.5,7.416666666666666,0.023305597851084485,14,False
34,3,Alix Earle,7.666666666666667,0.08281846261322989,RunnerUp,10.0,0.17231262603630976,5,PERCENT,0.5,7.055555555555556,0.08281846261322989,12,False
34,3,Andy Richter,6.0,0.09511001005397175,Eliminated,9.0,0.16514892055899077,6,PERCENT,0.5,5.277777777777778,0.09511001005397175,12,False
34,3,Danielle Fishel,7.0,0.02592949174137648,Eliminated,8.0,0.10764155399723199,12,PERCENT,0.5,6.444444444444444,0.02592949174137648,12,True
34,3,Dylan Efron,7.666666666666667,0.09518036679376908,Active,,0.18467453021684893,3,PERCENT,0.5,6.4444444444444455,0.09518036679376908,12,False
34,3,Elaine Hendrix,7.0,0.0524692274027616,Active,,0.13418128965861711,8,PERCENT,0.5,6.666666666666667,0.0524692274027616,12,False
34,3,Hilaria Baldwin,7.333333333333333,0.030316174233491314,Eliminated,4.0,0.11591928707295898,10,PERCENT,0.5,7.111111111111111,0.030316174233491314,12,False
34,3,Jen Affleck,6.333333333333333,0.03469112593870039,Eliminated,7.0,0.10862108702733156,11,PERCENT,0.5,6.5555555555555545,0.03469112593870039,12,False
34,3,Jordan Chiles,8.0,0.0836110074111143,Finalist,10.0,0.1769962214178063,4,PERCENT,0.5,6.777777777777778,0.0836110074111143,12,False
34,3,Lauren Jauregui,6.0,0.04662907763883229,Eliminated,3.0,0.11666798814385129,9,PERCENT,0.5,6.5,0.04662907763883229,12,False
34,3,Robert Irwin,7.333333333333333,0.25915549069281363,Winner,10.0,0.34475860353228127,1,PERCENT,0.5,7.388888888888888,0.25915549069281363,12,False
34,3,Scott Hoying,7.333333333333333,0.15297401572932853,Eliminated,6.0,0.2385771285687962,2,PERCENT,0.5,6.111111111111111,0.15297401572932853,12,False
34,3,Whitney Leavitt,8.0,0.041115549750616064,Eliminated,10.0,0.13450076375730807,7,PERCENT,0.5,7.611111111111111,0.041115549750616064,12,False
34,4,Alix Earle,8.0,0.048071434604838266,RunnerUp,10.0,0.1448456281520547,9,PERCENT,0.5,7.291666666666667,0.048071434604838266,11,False
34,4,Andy Richter,6.0,0.08111323432796051,Eliminated,9.0,0.15369387948837285,5,PERCENT,0.5,5.458333333333333,0.08111323432796051,11,False
34,4,Danielle Fishel,7.0,0.06823143443579133,Eliminated,8.0,0.15290885378960573,6,PERCENT,0.5,6.583333333333333,0.06823143443579133,11,False
34,4,Dylan Efron,7.666666666666667,0.08291316852485572,Active,,0.1756551040076048,3,PERCENT,0.5,6.75,0.08291316852485572,11,False
34,4,Elaine Hendrix,8.0,0.06437022156208153,Active,,0.16114441510929797,4,PERCENT,0.5,7.0,0.06437022156208153,11,False
34,4,Hilaria Baldwin,7.666666666666667,0.05038200266966342,Eliminated,4.0,0.14312393815241253,10,PERCENT,0.5,7.25,0.05038200266966342,11,False
34,4,Jen Affleck,7.666666666666667,0.14466040616699774,Eliminated,7.0,0.23740234164974683,2,PERCENT,0.5,6.833333333333333,0.14466040616699774,11,False
34,4,Jordan Chiles,8.0,0.055130013005707613,Finalist,10.0,0.15190420655292405,7,PERCENT,0.5,7.083333333333333,0.055130013005707613,11,False
34,4,Robert Irwin,7.333333333333333,0.3243101435271487,Winner,10.0,0.41301982094543044,1,PERCENT,0.5,7.375,0.3243101435271487,11,False
34,4,Scott Hoying,7.0,0.06656224220937486,Eliminated,6.0,0.15123966156318924,8,PERCENT,0.5,6.333333333333333,0.06656224220937486,11,False
34,4,Whitney Leavitt,8.333333333333334,0.01425569896558109,Eliminated,10.0,0.11506215057726489,11,PERCENT,0.5,7.791666666666666,0.01425569896558109,11,True
34,5,Alix Earle,8.75,0.0794749861127182,RunnerUp,10.0,0.19129607237327,4,PERCENT,0.5,7.583333333333334,0.0794749861127182,10,False
34,5,Andy Richter,6.0,0.04911371506898934,Eliminated,9.0,0.12579103136193914,9,PERCENT,0.5,5.566666666666666,0.04911371506898934,10,False
34,5,Danielle Fishel,7.25,0.02690030568704408,Eliminated,8.0,0.11955206287435843,10,PERCENT,0.5,6.716666666666667,0.02690030568704408,10,True
34,5,Dylan Efron,9.0,0.14628301668904153,Active,,0.2612989911284662,2,PERCENT,0.5,7.2,0.14628301668904153,10,False
34,5,Elaine Hendrix,7.5,0.029980847876781836,Active,,0.1258274932429691,8,PERCENT,0.5,7.1,0.029980847876781836,10,False
34,5,Jen Affleck,7.25,0.03421873060711721,Eliminated,7.0,0.12687048779443155,7,PERCENT,0.5,6.916666666666667,0.03421873060711721,10,False
34,5,Jordan Chiles,8.0,0.11406302380277834,Finalist,10.0,0.21629944552671143,3,PERCENT,0.5,7.266666666666666,0.11406302380277834,10,False
34,5,Robert Irwin,8.75,0.4179643407334049,Winner,10.0,0.5297854269939567,1,PERCENT,0.5,7.65,0.4179643407334049,10,False
34,5,Scott Hoying,7.5,0.06114500679170064,Eliminated,6.0,0.1569916521578879,5,PERCENT,0.5,6.566666666666667,0.06114500679170064,10,False
34,5,Whitney Leavitt,8.25,0.04085602663042421,Eliminated,10.0,0.1462873365332302,6,PERCENT,0.5,7.883333333333333,0.04085602663042421,10,False
34,6,Alix Earle,8.75,0.04587025253143103,RunnerUp,10.0,0.14881142900080818,7,PERCENT,0.5,7.777777777777779,0.04587025253143103,10,False
34,6,Andy Richter,6.75,0.09413048490898251,Eliminated,9.0,0.1735422496139306,6,PERCENT,0.5,5.763888888888889,0.09413048490898251,10,False
34,6,Danielle Fishel,9.0,0.029232190278973537,Eliminated,8.0,0.13511454321890431,8,PERCENT,0.5,7.097222222222221,0.029232190278973537,10,False
34,6,Dylan Efron,8.0,0.0347833006871726,Active,,0.12890094774488886,9,PERCENT,0.5,7.333333333333333,0.0347833006871726,10,False
34,6,Elaine Hendrix,9.0,0.17261075687168312,Active,,0.2784931098116139,2,PERCENT,0.5,7.416666666666667,0.17261075687168312,10,False
34,6,Jen Affleck,8.0,0.09308003922360032,Eliminated,7.0,0.18719768628131658,5,PERCENT,0.5,7.097222222222222,0.09308003922360032,10,False
34,6,Jordan Chiles,9.75,0.13090596313014605,Finalist,10.0,0.24561184548173776,3,PERCENT,0.5,7.6805555555555545,0.13090596313014605,10,False
34,6,Robert Irwin,9.0,0.261366259380864,Winner,10.0,0.36724861232079475,1,PERCENT,0.5,7.875,0.261366259380864,10,False
34,6,Scott Hoying,7.0,0.03909991350044073,Eliminated,6.0,0.12145285467594245,10,PERCENT,0.5,6.638888888888889,0.03909991350044073,10,True
34,6,Whitney Leavitt,9.75,0.09892083948670453,Eliminated,10.0,0.21362672183829623,4,PERCENT,0.5,8.194444444444445,0.09892083948670453,10,False
34,7,Alix Earle,10.75,0.1462552609481805,RunnerUp,10.0,0.2757733332357767,3,PERCENT,0.5,8.202380952380953,0.1462552609481805,9,False
34,7,Andy Richter,7.25,0.0925778253490137,Eliminated,9.0,0.17992722293832275,6,PERCENT,0.5,5.976190476190476,0.0925778253490137,9,False
34,7,Danielle Fishel,8.75,0.03699962613301945,Eliminated,8.0,0.14242131287873727,9,PERCENT,0.5,7.333333333333333,0.03699962613301945,9,True
34,7,Dylan Efron,9.5,0.18108877453000183,Active,,0.295546605853924,2,PERCENT,0.5,7.642857142857143,0.18108877453000183,9,False
34,7,Elaine Hendrix,8.0,0.046963079241345525,Active,,0.14334862140885896,8,PERCENT,0.5,7.5,0.046963079241345525,9,False
34,7,Jen Affleck,8.5,0.10475428158619553,Eliminated,7.0,0.20716392013917856,4,PERCENT,0.5,7.297619047619047,0.10475428158619553,9,False
34,7,Jordan Chiles,9.5,0.0786402444646939,Finalist,10.0,0.1930980757886161,5,PERCENT,0.5,7.94047619047619,0.0786402444646939,9,False
34,7,Robert Irwin,10.25,0.2705605054721571,Winner,10.0,0.39405448137428367,1,PERCENT,0.5,8.214285714285714,0.2705605054721571,9,False
34,7,Whitney Leavitt,10.5,0.04216040227539359,Eliminated,10.0,0.16866642637025495,7,PERCENT,0.5,8.523809523809524,0.04216040227539359,9,False
34,8,Alix Earle,9.625,0.051705781568373764,RunnerUp,10.0,0.17940064060482225,7,PERCENT,0.5,8.380208333333334,0.051705781568373764,8,False
34,8,Andy Richter,8.5,0.1425883991204414,Eliminated,9.0,0.2553578850227596,4,PERCENT,0.5,6.291666666666666,0.1425883991204414,8,False
34,8,Danielle Fishel,9.25,0.04352688184049816,Eliminated,8.0,0.1662466164989032,8,PERCENT,0.5,7.572916666666666,0.04352688184049816,8,True
34,8,Dylan Efron,9.5,0.10671475691157223,Active,,0.23275124115533957,5,PERCENT,0.5,7.875,0.10671475691157223,8,False
34,8,Elaine Hendrix,9.375,0.1899402486280109,Active,,0.3143183580790971,2,PERCENT,0.5,7.734375,0.1899402486280109,8,False
34,8,Jordan Chiles,9.75,0.134430819062428,Finalist,10.0,0.2637840528915576,3,PERCENT,0.5,8.166666666666666,0.134430819062428,8,False
34,8,Robert Irwin,9.5,0.2794592049084439,Winner,10.0,0.40549568915221124,1,PERCENT,0.5,8.375,0.2794592049084439,8,False
34,8,Whitney Leavitt,9.875,0.05163390796022925,Eliminated,10.0,0.18264551658204004,6,PERCENT,0.5,8.692708333333334,0.05163390796022925,8,False
34,9,Alix Earle,10.0,0.07859359538782389,RunnerUp,10.0,0.22674174353377724,4,PERCENT,0.5,8.560185185185185,0.07859359538782389,7,False
34,9,Andy Richter,7.25,0.04809738845921028,Eliminated,9.0,0.15550479586502647,7,PERCENT,0.5,6.398148148148148,0.04809738845921028,7,True
34,9,Dylan Efron,10.5,0.14684561634281001,Active,,0.302401171896061,3,PERCENT,0.5,8.166666666666666,0.14684561634281001,7,False
34,9,Elaine Hendrix,9.0,0.060263730534381464,Active,,0.1935970638657395,6,PERCENT,0.5,7.875,0.060263730534381464,7,False
34,9,Jordan Chiles,9.75,0.412964320381275,Finalist,10.0,0.5574087648235795,1,PERCENT,0.5,8.342592592592592,0.412964320381275,7,False
34,9,Robert Irwin,10.5,0.21302798319311247,Winner,10.0,0.3685835387463635,2,PERCENT,0.5,8.61111111111111,0.21302798319311247,7,False
34,9,Whitney Leavitt,10.5,0.04020736570138477,Eliminated,10.0,0.1957629212546358,5,PERCENT,0.5,8.893518518518519,0.04020736570138477,7,False
34,10,Alix Earle,9.666666666666666,0.11240645742937139,RunnerUp,10.0,0.2810111085892213,4,PERCENT,0.5,8.670833333333333,0.11240645742937139,6,False
34,10,Dylan Efron,9.166666666666666,0.06067720902736316,Active,,0.22056092995480708,5,PERCENT,0.5,8.266666666666667,0.06067720902736316,6,False
34,10,Elaine Hendrix,9.5,0.21668219917992532,Active,,0.3823798735956399,2,PERCENT,0.5,8.0375,0.21668219917992532,6,False
34,10,Jordan Chiles,9.5,0.4570457758331607,Finalist,10.0,0.6227434502488753,1,PERCENT,0.5,8.458333333333332,0.4570457758331607,6,False
34,10,Robert Irwin,9.833333333333334,0.11265101338227985,Winner,10.0,0.28416264128626517,3,PERCENT,0.5,8.733333333333333,0.11265101338227985,6,False
34,10,Whitney Leavitt,9.666666666666666,0.04053734514789675,Eliminated,10.0,0.20914199630774669,6,PERCENT,0.5,8.970833333333333,0.04053734514789675,6,True
34,11,Dylan Efron,9.777733333333334,0.6963270183516702,Active,,1.1991847489414122,1,PERCENT,0.5,8.404036363636363,0.6963270183516702,2,False
34,11,Elaine Hendrix,9.6666,0.3036729816483419,Active,,0.8008152510071709,2,PERCENT,0.5,8.1856,0.3036729816483419,2,True
