season,week_num,celebrity_name,week_avg_score,week_z_sum,judge_count,tech_rank,had_bottom_two_record,celebrity_industry,celebrity_age_during_season,final_status,eliminated_week,placement,ballroom_partner,industry_group,age_group,ind_Baseline,age_GenZ,age_Millennial,age_GenX,age_Boomer,score_delta,cum_avg_score,score_volatility,relative_rank,n_competitors,signal_strength,partner_alpha
9,1,Aaron Carter,10.666633333333332,3.57066735668087,3,2.0,0,Singer/Rapper,21,Eliminated,8.0,5,Karina Smirnoff,Baseline,GenZ,1,1,0,0,0,0.0,10.666633333333332,0.0,0.9375,16,0.7859138369788743,0.7499999998875
9,2,Aaron Carter,9.0,8.093399999999999,3,1.0,0,Singer/Rapper,21,Eliminated,8.0,5,Karina Smirnoff,Baseline,GenZ,1,1,0,0,0,-1.6666333333333316,9.833316666666665,1.1784877317515379,0.9642857142857143,14,0.4556015122439362,0.7499999998875
9,3,Aaron Carter,7.0,4.0466999999999995,3,4.0,0,Singer/Rapper,21,Eliminated,8.0,5,Karina Smirnoff,Baseline,GenZ,1,1,0,0,0,-2.0,8.888877777777777,1.835840709724424,0.7307692307692307,13,0.5708475093633384,0.7499999998875
9,4,Aaron Carter,6.0,-4.0466999999999995,3,8.0,0,Singer/Rapper,21,Eliminated,8.0,5,Karina Smirnoff,Baseline,GenZ,1,1,0,0,0,-1.0,8.166658333333332,2.0816526554772654,0.36363636363636365,11,0.6760139186794596,0.7499999998875
9,5,Aaron Carter,8.0,0.0,3,4.0,0,Singer/Rapper,21,Eliminated,8.0,5,Karina Smirnoff,Baseline,GenZ,1,1,0,0,0,2.0,8.133326666666665,1.8043041133787707,0.6,10,0.3666588158943709,0.7499999998875
9,6,Aaron Carter,10.999933333333333,1.4281434415091692,3,3.0,0,Singer/Rapper,21,Eliminated,8.0,5,Karina Smirnoff,Baseline,GenZ,1,1,0,0,0,2.999933333333333,8.611094444444445,1.9934851300525769,0.7777777777777778,9,0.7538076457857609,0.7499999998875
9,7,Aaron Carter,8.833333333333334,1.3489,3,2.0,0,Singer/Rapper,21,Eliminated,8.0,5,Karina Smirnoff,Baseline,GenZ,1,1,0,0,0,-2.166599999999999,8.642842857142856,1.821732198141656,0.8571428571428571,7,0.3024082953907326,0.7499999998875
9,8,Aaron Carter,8.333333333333334,-1.3489,3,4.0,0,Singer/Rapper,21,Eliminated,8.0,5,Karina Smirnoff,Baseline,GenZ,1,1,0,0,0,-0.5,8.604154166666667,1.6901424638870315,0.3,5,0.2789227982655418,0.7499999998875
6,1,Adam Carolla,5.0,-4.0466999999999995,3,11.0,0,Radio Personality,43,Eliminated,4.0,9,Julianne Hough,Baseline,GenX,1,0,0,1,0,0.0,5.0,0.0,0.125,12,0.5700360697074371,4.999999995
6,2,Adam Carolla,6.333333333333333,-1.3489,3,9.0,0,Radio Personality,43,Eliminated,4.0,9,Julianne Hough,Baseline,GenX,1,0,0,1,0,1.333333333333333,5.666666666666666,0.9428090415820635,0.3333333333333333,12,0.6209750281031806,4.999999995
6,3,Adam Carolla,7.0,-2.0233499999999998,3,6.0,0,Radio Personality,43,Eliminated,4.0,9,Julianne Hough,Baseline,GenX,1,0,0,1,0,0.666666666666667,6.111111111111111,1.0183501544346314,0.35,10,0.3859358227489988,4.999999995
6,4,Adam Carolla,6.333333333333333,-6.7445,3,9.0,0,Radio Personality,43,Eliminated,4.0,9,Julianne Hough,Baseline,GenX,1,0,0,1,0,-0.666666666666667,6.166666666666666,0.8388704928078613,0.1111111111111111,9,0.4947915244151312,4.999999995
26,1,Adam Rippon,8.0,2.0233499999999998,3,1.0,0,Athlete,28,Winner,3.0,1,Jenna Johnson,Baseline,Millennial,1,0,1,0,0,0.0,8.0,0.0,0.95,10,0.3679753688408884,0.3846153845857988
26,2,Adam Rippon,9.25,5.3956,4,1.0,0,Athlete,28,Winner,3.0,1,Jenna Johnson,Baseline,Millennial,1,0,1,0,0,1.25,8.625,0.8838834764831844,0.9375,8,0.29927657257065027,0.3846153845857988
26,3,Adam Rippon,10.25,4.496333333333333,4,1.0,0,Athlete,28,Winner,3.0,1,Jenna Johnson,Baseline,Millennial,1,0,1,0,0,1.0,9.166666666666666,1.1273124382057238,1.0,6,0.45572779556481996,0.3846153845857988
32,1,Adrian Peterson,6.0,1.1562,3,5.0,0,Athlete,38,Eliminated,4.0,11,Britt Stewart,Baseline,Millennial,1,0,1,0,0,0.0,6.0,0.0,0.6785714285714286,14,0.5167192700762964,0.5769230768565089
32,2,Adrian Peterson,5.0,-2.0233499999999998,3,10.0,0,Athlete,38,Eliminated,4.0,11,Britt Stewart,Baseline,Millennial,1,0,1,0,0,-1.0,5.5,0.7071067811865476,0.23076923076923078,13,0.5399540890069909,0.5769230768565089
32,3,Adrian Peterson,5.5,-2.6978,4,11.0,0,Athlete,38,Eliminated,4.0,11,Britt Stewart,Baseline,Millennial,1,0,1,0,0,0.5,5.5,0.5,0.16666666666666666,12,0.538842474800634,0.5769230768565089
32,4,Adrian Peterson,7.0,0.0,3,6.0,0,Athlete,38,Eliminated,4.0,11,Britt Stewart,Baseline,Millennial,1,0,1,0,0,1.5,5.875,0.8539125638299665,0.45454545454545453,11,0.4316930922346303,0.5769230768565089
10,1,Aiden Turner,5.0,-2.0233499999999998,3,10.0,0,Actor/Actress,32,Eliminated,4.0,9,Edyta Sliwinska,Baseline,Millennial,1,0,1,0,0,0.0,5.0,0.0,0.18181818181818182,11,0.49807921190792886,0.7258064515075442
10,2,Aiden Turner,6.333333333333333,-1.3489,3,8.0,0,Actor/Actress,32,Eliminated,4.0,9,Edyta Sliwinska,Baseline,Millennial,1,0,1,0,0,1.333333333333333,5.666666666666666,0.9428090415820635,0.36363636363636365,11,0.6597220325535085,0.7258064515075442
10,3,Aiden Turner,6.666666666666667,-1.3489,3,7.0,0,Actor/Actress,32,Eliminated,4.0,9,Edyta Sliwinska,Baseline,Millennial,1,0,1,0,0,0.3333333333333339,6.0,0.8819171036881972,0.35,10,0.5608715150290308,0.7258064515075442
10,4,Aiden Turner,5.5,-2.0233499999999998,3,8.0,0,Actor/Actress,32,Eliminated,4.0,9,Edyta Sliwinska,Baseline,Millennial,1,0,1,0,0,-1.166666666666667,5.875,0.7622457074451249,0.2222222222222222,9,0.5404812987363725,0.7258064515075442
29,1,Aj Mclean,6.0,0.0,3,6.0,0,Singer/Rapper,42,Eliminated,9.0,7,Cheryl Burke,Baseline,GenX,1,0,0,1,0,0.0,6.0,0.0,0.5333333333333333,15,0.4586531304965921,0.9016393440997043
29,2,Aj Mclean,6.333333333333333,1.3489,3,5.0,0,Singer/Rapper,42,Eliminated,9.0,7,Cheryl Burke,Baseline,GenX,1,0,0,1,0,0.33333333333333304,6.166666666666666,0.23570226039551595,0.7333333333333333,15,0.31639157203440565,0.9016393440997043
29,3,Aj Mclean,7.0,0.0,3,7.0,0,Singer/Rapper,42,Eliminated,9.0,7,Cheryl Burke,Baseline,GenX,1,0,0,1,0,0.666666666666667,6.444444444444444,0.509175077217316,0.5357142857142857,14,0.5059628499334231,0.9016393440997043
29,4,Aj Mclean,8.0,0.0,3,3.0,0,Singer/Rapper,42,Eliminated,9.0,7,Cheryl Burke,Baseline,GenX,1,0,0,1,0,1.0,6.833333333333333,0.8819171036881973,0.6923076923076923,13,0.30617401395313787,0.9016393440997043
29,5,Aj Mclean,8.0,0.0,3,5.0,0,Singer/Rapper,42,Eliminated,9.0,7,Cheryl Burke,Baseline,GenX,1,0,0,1,0,0.0,7.0666666666666655,0.9249624617007742,0.5,12,0.44681844876186,0.9016393440997043
29,6,Aj Mclean,9.0,4.0466999999999995,3,1.0,0,Singer/Rapper,42,Eliminated,9.0,7,Cheryl Burke,Baseline,GenX,1,0,0,1,0,1.0,7.388888888888888,1.1434191739722612,0.8636363636363636,11,0.43896422409120317,0.9016393440997043
29,7,Aj Mclean,8.666666666666666,-1.3489,3,5.0,0,Singer/Rapper,42,Eliminated,9.0,7,Cheryl Burke,Baseline,GenX,1,0,0,1,0,-0.3333333333333339,7.571428571428571,1.1501092655705907,0.5,10,0.31099594861117197,0.9016393440997043
29,8,Aj Mclean,9.0,0.0,3,5.0,0,Singer/Rapper,42,Eliminated,9.0,7,Cheryl Burke,Baseline,GenX,1,0,0,1,0,0.3333333333333339,7.75,1.1785113019775795,0.4375,8,0.2923894771165262,0.9016393440997043
29,9,Aj Mclean,8.333266666666667,-4.046497675116247,3,6.0,0,Singer/Rapper,42,Eliminated,9.0,7,Cheryl Burke,Baseline,GenX,1,0,0,1,0,-0.6667333333333332,7.8148074074074065,1.1194095668126147,0.2857142857142857,7,0.3698505511411933,0.9016393440997043
5,1,Albert Reed,7.0,0.0,3,5.0,0,Model,22,Eliminated,2.0,11,Anna Trebunskaya,Baseline,GenZ,1,1,0,0,0,0.0,7.0,0.0,0.5,12,0.43333212536664834,2.49999999875
5,2,Albert Reed,7.0,0.0,3,5.0,0,Model,22,Eliminated,2.0,11,Anna Trebunskaya,Baseline,GenZ,1,1,0,0,0,0.0,7.0,0.0,0.45454545454545453,11,0.49926936703821634,2.49999999875
21,1,Alek Skarlatos,7.333333333333333,0.4496333333333333,3,5.0,0,Military,22,Finalist,11.0,3,Lindsay Arnold,Baseline,GenZ,1,1,0,0,0,0.0,7.333333333333333,0.0,0.6538461538461539,13,0.6601447958346751,0.624999999921875
21,2,Alek Skarlatos,7.5,0.0,3,4.0,0,Military,22,Finalist,11.0,3,Lindsay Arnold,Baseline,GenZ,1,1,0,0,0,0.16666666666666696,7.416666666666666,0.11785113019775845,0.6538461538461539,13,0.446165184304094,0.624999999921875
21,3,Alek Skarlatos,8.25,1.07912,4,3.0,0,Military,22,Finalist,11.0,3,Lindsay Arnold,Baseline,GenZ,1,1,0,0,0,0.75,7.694444444444444,0.4882887730901935,0.75,10,0.545144606709089,0.624999999921875
21,4,Alek Skarlatos,8.0,0.0,3,6.0,0,Military,22,Finalist,11.0,3,Lindsay Arnold,Baseline,GenZ,1,1,0,0,0,-0.25,7.770833333333333,0.42695628191498375,0.5,10,0.6070398743083226,0.624999999921875
21,5,Alek Skarlatos,7.25,-4.72115,4,7.0,0,Military,22,Finalist,11.0,3,Lindsay Arnold,Baseline,GenZ,1,1,0,0,0,-0.75,7.666666666666666,0.4370036867375634,0.2777777777777778,9,0.556258550366338,0.624999999921875
21,6,Alek Skarlatos,7.5,-4.0466999999999995,4,7.0,0,Military,22,Finalist,11.0,3,Lindsay Arnold,Baseline,GenZ,1,1,0,0,0,0.25,7.638888888888888,0.3967460238079363,0.2777777777777778,9,0.654027973633366,0.624999999921875
21,7,Alek Skarlatos,8.833333333333334,-1.3489,3,8.0,0,Military,22,Finalist,11.0,3,Lindsay Arnold,Baseline,GenZ,1,1,0,0,0,1.333333333333334,7.809523809523809,0.5787804181956858,0.125,8,0.11662348072918957,0.624999999921875
21,8,Alek Skarlatos,8.333333333333334,-2.6978,3,6.0,0,Military,22,Finalist,11.0,3,Lindsay Arnold,Baseline,GenZ,1,1,0,0,0,-0.5,7.875,0.5669467095138413,0.2857142857142857,7,0.43189472916258315,0.624999999921875
21,9,Alek Skarlatos,8.5,-1.3488999999999998,3,5.0,0,Military,22,Finalist,11.0,3,Lindsay Arnold,Baseline,GenZ,1,1,0,0,0,0.16666666666666607,7.944444444444445,0.5697830971323896,0.3333333333333333,6,0.33450140748703683,0.624999999921875
21,10,Alek Skarlatos,9.5,-0.8992666666666667,3,3.0,0,Military,22,Finalist,11.0,3,Lindsay Arnold,Baseline,GenZ,1,1,0,0,0,1.0,8.1,0.7283924461137388,0.5,4,0.3319162449848941,0.624999999921875
21,11,Alek Skarlatos,9.3333,-16.18680000000004,3,4.0,0,Military,22,Finalist,11.0,3,Lindsay Arnold,Baseline,GenZ,1,1,0,0,0,-0.16670000000000051,8.212118181818182,0.7847135487783831,0.25,4,0.14752570702095252,0.624999999921875
21,1,Alexa Penavega,7.333333333333333,0.4496333333333333,3,5.0,0,Actor/Actress,27,Eliminated,9.0,6,Mark Ballas,Baseline,Millennial,1,0,1,0,0,0.0,7.333333333333333,0.0,0.6538461538461539,13,0.6601447958346751,0.8695652172400756
21,2,Alexa Penavega,7.666666666666667,0.4496333333333333,3,3.0,0,Actor/Actress,27,Eliminated,9.0,6,Mark Ballas,Baseline,Millennial,1,0,1,0,0,0.3333333333333339,7.5,0.23570226039551626,0.8461538461538461,13,0.446165184304094,0.8695652172400756
21,3,Alexa Penavega,9.0,4.31648,4,1.0,0,Actor/Actress,27,Eliminated,9.0,6,Mark Ballas,Baseline,Millennial,1,0,1,0,0,1.333333333333333,8.0,0.881917103688197,0.95,10,0.545144606709089,0.8695652172400756
21,4,Alexa Penavega,7.0,-2.0233499999999998,3,8.0,0,Actor/Actress,27,Eliminated,9.0,6,Mark Ballas,Baseline,Millennial,1,0,1,0,0,-2.0,7.75,0.8766518798921945,0.3,10,0.6070398743083226,0.8695652172400756
21,5,Alexa Penavega,10.0,2.6978,4,1.0,0,Actor/Actress,27,Eliminated,9.0,6,Mark Ballas,Baseline,Millennial,1,0,1,0,0,3.0,8.2,1.2605113600792694,1.0,9,0.556258550366338,0.8695652172400756
21,6,Alexa Penavega,7.5,-4.0466999999999995,4,7.0,0,Actor/Actress,27,Eliminated,9.0,6,Mark Ballas,Baseline,Millennial,1,0,1,0,0,-2.5,8.083333333333334,1.163089754824527,0.2777777777777778,9,0.654027973633366,0.8695652172400756
21,7,Alexa Penavega,9.166666666666666,1.3489,3,5.0,0,Actor/Actress,27,Eliminated,9.0,6,Mark Ballas,Baseline,Millennial,1,0,1,0,0,1.666666666666666,8.238095238095237,1.1379690439434393,0.5,8,0.11662348072918957,0.8695652172400756
21,8,Alexa Penavega,8.999933333333333,-0.00026977999999699964,3,5.0,0,Actor/Actress,27,Eliminated,9.0,6,Mark Ballas,Baseline,Millennial,1,0,1,0,0,-0.16673333333333318,8.333325,1.087440566046044,0.42857142857142855,7,0.43189472916258315,0.8695652172400756
21,9,Alexa Penavega,10.0,2.6977999999999995,3,1.0,0,Actor/Actress,27,Eliminated,9.0,6,Mark Ballas,Baseline,Millennial,1,0,1,0,0,1.000066666666667,8.518511111111112,1.1590324298022616,0.9166666666666666,6,0.33450140748703683,0.8695652172400756
16,1,Alexandra Raisman,7.0,4.0466999999999995,3,2.0,0,Athlete,18,Eliminated,10.0,4,Mark Ballas,Baseline,GenZ,1,1,0,0,0,0.0,7.0,0.0,0.8333333333333334,12,0.43333212536664834,0.8208955222532858
16,2,Alexandra Raisman,8.0,3.0350249999999996,3,3.0,0,Athlete,18,Eliminated,10.0,4,Mark Ballas,Baseline,GenZ,1,1,0,0,0,1.0,7.5,0.7071067811865476,0.8333333333333334,12,0.5423210352279798,0.8208955222532858
16,3,Alexandra Raisman,7.666666666666667,1.3489,3,4.0,0,Athlete,18,Eliminated,10.0,4,Mark Ballas,Baseline,GenZ,1,1,0,0,0,-0.33333333333333304,7.555555555555556,0.5091750772173156,0.6818181818181818,11,0.5569510497714374,0.8208955222532858
16,4,Alexandra Raisman,9.0,8.093399999999999,3,1.0,0,Athlete,18,Eliminated,10.0,4,Mark Ballas,Baseline,GenZ,1,1,0,0,0,1.333333333333333,7.916666666666667,0.8333333333333337,1.0,10,0.4877780857411537,0.8208955222532858
16,5,Alexandra Raisman,8.333333333333334,0.67445,3,4.0,0,Athlete,18,Eliminated,10.0,4,Mark Ballas,Baseline,GenZ,1,1,0,0,0,-0.6666666666666661,8.0,0.7453559924999303,0.6666666666666666,9,0.5797384912032801,0.8208955222532858
16,6,Alexandra Raisman,8.666666666666666,4.72115,3,2.0,0,Athlete,18,Eliminated,10.0,4,Mark Ballas,Baseline,GenZ,1,1,0,0,0,0.33333333333333215,8.111111111111112,0.7200822998230958,0.875,8,0.35359918454235945,0.8208955222532858
16,7,Alexandra Raisman,10.666666666666666,3.37225,3,1.0,0,Athlete,18,Eliminated,10.0,4,Mark Ballas,Baseline,GenZ,1,1,0,0,0,2.0,8.476190476190476,1.168366109179552,1.0,7,0.7312421113649391,0.8208955222532858
16,8,Alexandra Raisman,9.333333333333334,1.5737166666666667,3,2.0,0,Athlete,18,Eliminated,10.0,4,Mark Ballas,Baseline,GenZ,1,1,0,0,0,-1.3333333333333321,8.583333333333334,1.1233453440081378,0.8333333333333334,6,0.43864487487552734,0.8208955222532858
16,9,Alexandra Raisman,9.833333333333334,1.3489,3,1.0,0,Athlete,18,Eliminated,10.0,4,Mark Ballas,Baseline,GenZ,1,1,0,0,0,0.5,8.722222222222221,1.130388330520878,0.9,5,0.25337105425618095,0.8208955222532858
16,10,Alexandra Raisman,9.666666666666666,-2.4902386117136674,3,3.0,0,Athlete,18,Eliminated,10.0,4,Mark Ballas,Baseline,GenZ,1,1,0,0,0,-0.16666666666666785,8.816666666666666,1.1067971810589325,0.5,4,0.14124446904833549,0.8208955222532858
27,1,Alexis Ren,7.333333333333333,3.37225,3,3.0,0,Social Media Personality,21,Active,,4,Alan Bersten,Baseline,GenZ,1,1,0,0,0,0.0,7.333333333333333,0.0,0.8076923076923077,13,0.3774877622322794,0.624999999921875
27,2,Alexis Ren,8.166666666666666,1.1240833333333333,3,4.0,0,Social Media Personality,21,Active,,4,Alan Bersten,Baseline,GenZ,1,1,0,0,0,0.833333333333333,7.75,0.5892556509887891,0.75,12,0.44306691366167916,0.624999999921875
27,3,Alexis Ren,8.666666666666666,1.3489,3,5.0,0,Social Media Personality,21,Active,,4,Alan Bersten,Baseline,GenZ,1,1,0,0,0,0.5,8.055555555555555,0.673575314054563,0.5909090909090909,11,0.50360920609646,0.624999999921875
27,4,Alexis Ren,8.333333333333334,0.7707999999999999,3,4.0,0,Social Media Personality,21,Active,,4,Alan Bersten,Baseline,GenZ,1,1,0,0,0,-0.33333333333333215,8.125,0.5672382737961702,0.7,10,0.5768115562129592,0.624999999921875
27,5,Alexis Ren,9.666666666666666,6.7445,3,1.0,0,Social Media Personality,21,Active,,4,Alan Bersten,Baseline,GenZ,1,1,0,0,0,1.3333333333333321,8.433333333333334,0.8465616732800192,0.9444444444444444,9,0.5665549008476075,0.624999999921875
27,6,Alexis Ren,9.0,0.0,3,4.0,0,Social Media Personality,21,Active,,4,Alan Bersten,Baseline,GenZ,1,1,0,0,0,-0.6666666666666661,8.527777777777777,0.7917397627073248,0.6666666666666666,9,0.5813004297982594,0.624999999921875
27,7,Alexis Ren,9.166666666666666,1.3489,3,4.0,0,Social Media Personality,21,Active,,4,Alan Bersten,Baseline,GenZ,1,1,0,0,0,0.16666666666666607,8.619047619047619,0.7620287597511197,0.625,8,0.27297298151778654,0.624999999921875
27,8,Alexis Ren,9.666666666666666,0.29975555555555555,3,2.0,0,Social Media Personality,21,Active,,4,Alan Bersten,Baseline,GenZ,1,1,0,0,0,0.5,8.75,0.7968190728895949,0.75,6,0.48179285188361864,0.624999999921875
27,9,Alexis Ren,9.5,0.0,3,1.0,0,Social Media Personality,21,Active,,4,Alan Bersten,Baseline,GenZ,1,1,0,0,0,-0.16666666666666607,8.833333333333334,0.7861650943380493,1.0,1,0.0,0.624999999921875
19,1,Alfonso Ribeiro,9.0,5.3956,4,1.0,0,Actor/Actress,42,Winner,11.0,1,Witney Carson,Baseline,GenX,1,0,0,1,0,0.0,9.0,0.0,1.0,13,0.5160608028665913,0.5555555554938272
19,2,Alfonso Ribeiro,8.0,2.6978,4,4.0,0,Actor/Actress,42,Winner,11.0,1,Witney Carson,Baseline,GenX,1,0,0,1,0,-1.0,8.5,0.7071067811865476,0.75,12,0.34613980535212147,0.5555555554938272
19,3,Alfonso Ribeiro,8.0,0.0,4,4.0,0,Actor/Actress,42,Winner,11.0,1,Witney Carson,Baseline,GenX,1,0,0,1,0,0.0,8.333333333333334,0.5773502691896258,0.6363636363636364,11,0.4983770171434502,0.5555555554938272
19,4,Alfonso Ribeiro,10.0,5.3956,4,1.0,0,Actor/Actress,42,Winner,11.0,1,Witney Carson,Baseline,GenX,1,0,0,1,0,2.0,8.75,0.957427107756338,1.0,10,0.6408988180463647,0.5555555554938272
19,5,Alfonso Ribeiro,8.5,1.1990222222222222,4,2.0,0,Actor/Actress,42,Winner,11.0,1,Witney Carson,Baseline,GenX,1,0,0,1,0,-1.5,8.7,0.8366600265340755,0.8333333333333334,9,0.6379741452460631,0.5555555554938272
19,6,Alfonso Ribeiro,9.75,4.72115,4,1.0,0,Actor/Actress,42,Winner,11.0,1,Witney Carson,Baseline,GenX,1,0,0,1,0,1.25,8.875,0.862409415533017,1.0,9,0.40693072682428794,0.5555555554938272
19,7,Alfonso Ribeiro,8.5,2.6978,4,3.0,0,Actor/Actress,42,Winner,11.0,1,Witney Carson,Baseline,GenX,1,0,0,1,0,-1.25,8.821428571428571,0.7999255917777306,0.75,8,0.35475637925085574,0.5555555554938272
19,8,Alfonso Ribeiro,10.25,1.9368820512820513,4,2.0,0,Actor/Actress,42,Winner,11.0,1,Witney Carson,Baseline,GenX,1,0,0,1,0,1.75,9.0,0.8964214570007952,0.8571428571428571,7,0.7527152917135025,0.5555555554938272
19,9,Alfonso Ribeiro,9.625,5.3956,4,1.0,0,Actor/Actress,42,Winner,11.0,1,Witney Carson,Baseline,GenX,1,0,0,1,0,-0.625,9.069444444444445,0.8640183897219884,0.9166666666666666,6,0.4149567676500508,0.5555555554938272
19,10,Alfonso Ribeiro,9.375,-1.3489,4,3.0,0,Actor/Actress,42,Winner,11.0,1,Witney Carson,Baseline,GenX,1,0,0,1,0,-0.25,9.1,0.8203149801549809,0.6,5,0.3498704421875686,0.5555555554938272
19,11,Alfonso Ribeiro,10.0,4.796408585521921,4,1.0,0,Actor/Actress,42,Winner,11.0,1,Witney Carson,Baseline,GenX,1,0,0,1,0,0.625,9.181818181818182,0.8241731393562663,1.0,4,0.09219822000948034,0.5555555554938272
34,1,Alix Earle,6.5,0.67445,2,4.0,0,Social Media Personality,24,RunnerUp,10.0,2,Val Chmerkovskiy (Joey Graziadei Week 9),Baseline,GenZ,1,1,0,0,0,0.0,6.5,0.0,0.75,14,0.4627624262862272,0.9999999998
34,2,Alix Earle,7.0,0.0,3,5.0,0,Social Media Personality,24,RunnerUp,10.0,2,Val Chmerkovskiy (Joey Graziadei Week 9),Baseline,GenZ,1,1,0,0,0,0.5,6.75,0.3535533905932738,0.6071428571428571,14,0.3416136418926476,0.9999999998
34,3,Alix Earle,7.666666666666667,2.6978,3,3.0,0,Social Media Personality,24,RunnerUp,10.0,2,Val Chmerkovskiy (Joey Graziadei Week 9),Baseline,GenZ,1,1,0,0,0,0.666666666666667,7.055555555555556,0.5853140973807079,0.7916666666666666,12,0.31108428718662545,0.9999999998
34,4,Alix Earle,8.0,0.0,3,2.0,0,Social Media Personality,24,RunnerUp,10.0,2,Val Chmerkovskiy (Joey Graziadei Week 9),Baseline,GenZ,1,1,0,0,0,0.33333333333333304,7.291666666666667,0.6718548123582128,0.8181818181818182,11,0.29030495428456765,0.9999999998
34,5,Alix Earle,8.75,2.0233499999999998,4,2.0,0,Social Media Personality,24,RunnerUp,10.0,2,Val Chmerkovskiy (Joey Graziadei Week 9),Baseline,GenZ,1,1,0,0,0,0.75,7.583333333333334,0.8740073734751267,0.85,10,0.4041638843974973,0.9999999998
34,6,Alix Earle,8.75,-1.3489,4,6.0,0,Social Media Personality,24,RunnerUp,10.0,2,Val Chmerkovskiy (Joey Graziadei Week 9),Baseline,GenZ,1,1,0,0,0,0.0,7.777777777777779,0.9154031696268937,0.5,10,0.460625841237017,0.9999999998
34,7,Alix Earle,10.75,5.179776,4,1.0,0,Social Media Personality,24,RunnerUp,10.0,2,Val Chmerkovskiy (Joey Graziadei Week 9),Baseline,GenZ,1,1,0,0,0,2.0,8.202380952380953,1.4001133740942056,1.0,9,0.5260998838984093,0.9999999998
34,8,Alix Earle,9.625,0.67445,4,3.0,0,Social Media Personality,24,RunnerUp,10.0,2,Val Chmerkovskiy (Joey Graziadei Week 9),Baseline,GenZ,1,1,0,0,0,-1.125,8.380208333333334,1.3904145885938493,0.75,8,0.1868674562694525,0.9999999998
34,9,Alix Earle,10.0,0.0,4,4.0,0,Social Media Personality,24,RunnerUp,10.0,2,Val Chmerkovskiy (Joey Graziadei Week 9),Baseline,GenZ,1,1,0,0,0,0.375,8.560185185185185,1.4082333407412668,0.5714285714285714,7,0.5261922064197656,0.9999999998
34,10,Alix Earle,9.666666666666666,1.798533333333333,3,2.0,0,Social Media Personality,24,RunnerUp,10.0,2,Val Chmerkovskiy (Joey Graziadei Week 9),Baseline,GenZ,1,1,0,0,0,-0.3333333333333339,8.670833333333333,1.3730274852706488,0.75,6,0.10077420506021913,0.9999999998
28,1,Ally Brooke,5.333333333333333,-0.67445,3,7.0,0,Singer/Rapper,26,Finalist,10.0,3,Sasha Farber,Baseline,Millennial,1,0,1,0,0,0.0,5.333333333333333,0.0,0.4583333333333333,12,0.43787372148581377,0.8108108106793279
28,2,Ally Brooke,6.666666666666667,1.3489,3,3.0,0,Singer/Rapper,26,Finalist,10.0,3,Sasha Farber,Baseline,Millennial,1,0,1,0,0,1.333333333333334,6.0,0.9428090415820638,0.75,12,0.47956350834282285,0.8108108106793279
28,3,Ally Brooke,8.0,1.4715272727272726,3,1.0,0,Singer/Rapper,26,Finalist,10.0,3,Sasha Farber,Baseline,Millennial,1,0,1,0,0,1.333333333333333,6.666666666666667,1.3333333333333335,0.95,10,0.6133798883273475,0.8108108106793279
28,4,Ally Brooke,8.0,5.3956,4,1.0,0,Singer/Rapper,26,Finalist,10.0,3,Sasha Farber,Baseline,Millennial,1,0,1,0,0,0.0,7.0,1.2765694770084508,0.85,10,0.5078145797829611,0.8108108106793279
28,5,Ally Brooke,9.0,2.0233499999999998,3,1.0,0,Singer/Rapper,26,Finalist,10.0,3,Sasha Farber,Baseline,Millennial,1,0,1,0,0,1.0,7.4,1.422048600513436,1.0,9,0.3793003283391501,0.8108108106793279
28,6,Ally Brooke,8.333333333333334,-2.6978,3,6.0,0,Singer/Rapper,26,Finalist,10.0,3,Sasha Farber,Baseline,Millennial,1,0,1,0,0,-0.6666666666666661,7.555555555555556,1.3277661552257471,0.3888888888888889,9,0.2856680198138214,0.8108108106793279
28,7,Ally Brooke,9.0,2.0233499999999998,3,1.0,0,Singer/Rapper,26,Finalist,10.0,3,Sasha Farber,Baseline,Millennial,1,0,1,0,0,0.6666666666666661,7.761904761904762,1.3293591565847684,0.875,8,0.30539195900041965,0.8108108106793279
28,8,Ally Brooke,10.0,0.5059513162829058,3,3.0,0,Singer/Rapper,26,Finalist,10.0,3,Sasha Farber,Baseline,Millennial,1,0,1,0,0,1.0,8.041666666666666,1.4631722440891963,0.7142857142857143,7,0.6478244180031981,0.8108108106793279
28,9,Ally Brooke,10.0,5.3956,4,1.0,0,Singer/Rapper,26,Finalist,10.0,3,Sasha Farber,Baseline,Millennial,1,0,1,0,0,0.0,8.25925925925926,1.5163715626617975,1.0,6,0.5638778459091766,0.8108108106793279
28,10,Ally Brooke,9.833333333333334,6.7445,3,1.0,0,Singer/Rapper,26,Finalist,10.0,3,Sasha Farber,Baseline,Millennial,1,0,1,0,0,-0.16666666666666607,8.416666666666668,1.5138251770487454,1.0,5,0.2273410164886406,0.8108108106793279
32,1,Alyson Hannigan,4.333333333333333,-2.6978,3,11.0,0,Actor/Actress,49,Active,,5,Sasha Farber,Baseline,GenX,1,0,0,1,0,0.0,4.333333333333333,0.0,0.2857142857142857,14,0.5167192700762964,0.8196721310131685
32,2,Alyson Hannigan,6.333333333333333,0.67445,3,6.0,0,Actor/Actress,49,Active,,5,Sasha Farber,Baseline,GenX,1,0,0,1,0,2.0,5.333333333333333,1.4142135623730951,0.6153846153846154,13,0.5399540890069909,0.8196721310131685
32,3,Alyson Hannigan,6.0,-1.3489,4,8.0,0,Actor/Actress,49,Active,,5,Sasha Farber,Baseline,GenX,1,0,0,1,0,-0.33333333333333304,5.5555555555555545,1.0715167512214396,0.375,12,0.538842474800634,0.8196721310131685
32,4,Alyson Hannigan,6.0,-4.0466999999999995,3,10.0,0,Actor/Actress,49,Active,,5,Sasha Farber,Baseline,GenX,1,0,0,1,0,0.0,5.666666666666666,0.9026709338484401,0.13636363636363635,11,0.4316930922346303,0.8196721310131685
32,5,Alyson Hannigan,7.0,-2.3124,3,9.0,0,Actor/Actress,49,Active,,5,Sasha Farber,Baseline,GenX,1,0,0,1,0,1.0,5.933333333333333,0.9831920802501753,0.2,10,0.4664939229167582,0.8196721310131685
32,6,Alyson Hannigan,7.75,-3.8539999999999996,4,8.0,0,Actor/Actress,49,Active,,5,Sasha Farber,Baseline,GenX,1,0,0,1,0,0.75,6.236111111111111,1.1503823840921898,0.2222222222222222,9,0.5153253660800832,0.8196721310131685
32,7,Alyson Hannigan,8.75,-2.6978,4,6.0,0,Actor/Actress,49,Active,,5,Sasha Farber,Baseline,GenX,1,0,0,1,0,1.0,6.595238095238095,1.4161997363090046,0.375,8,0.21729018814696918,0.8196721310131685
32,8,Alyson Hannigan,9.0,0.53956,4,4.0,0,Actor/Actress,49,Active,,5,Sasha Farber,Baseline,GenX,1,0,0,1,0,0.25,6.895833333333333,1.5626785612256562,0.5714285714285714,7,0.5245279148293601,0.8196721310131685
32,9,Alyson Hannigan,8.0,-2.4665600000000003,4,5.0,0,Actor/Actress,49,Active,,5,Sasha Farber,Baseline,GenX,1,0,0,1,0,-1.0,7.018518518518518,1.5073764101827085,0.3333333333333333,6,0.5572357290736578,0.8196721310131685
32,10,Alyson Hannigan,8.5,-1.4715272727272726,3,2.0,0,Actor/Actress,49,Active,,5,Sasha Farber,Baseline,GenX,1,0,0,1,0,0.5,7.166666666666667,1.496394844572848,0.5,2,0.41724484909296705,0.8196721310131685
32,11,Alyson Hannigan,8.833333333333334,-1.9269999999999998,3,2.0,0,Actor/Actress,49,Active,,5,Sasha Farber,Baseline,GenX,1,0,0,1,0,0.3333333333333339,7.318181818181818,1.5059226508366994,0.5,2,0.3129336368197254,0.8196721310131685
30,1,Amanda Kloots,7.0,5.3956,4,2.0,0,Tv Personality,39,Active,,4,Alan Bersten,Baseline,Millennial,1,0,1,0,0,0.0,7.0,0.0,0.9,15,0.4260464104775318,0.9615384613535503
30,2,Amanda Kloots,8.0,10.7912,4,1.0,0,Tv Personality,39,Active,,4,Alan Bersten,Baseline,Millennial,1,0,1,0,0,1.0,7.5,0.7071067811865476,1.0,15,0.45935864257411446,0.9615384613535503
30,3,Amanda Kloots,8.0,4.0466999999999995,3,1.0,0,Tv Personality,39,Active,,4,Alan Bersten,Baseline,Millennial,1,0,1,0,0,0.0,7.666666666666667,0.5773502691896257,0.9285714285714286,14,0.29177648852342086,0.9615384613535503
30,4,Amanda Kloots,8.5,1.3489,4,4.0,0,Tv Personality,39,Active,,4,Alan Bersten,Baseline,Millennial,1,0,1,0,0,0.5,7.875,0.6291528696058957,0.7307692307692307,13,0.33713528172762924,0.9615384613535503
30,5,Amanda Kloots,9.75,4.0466999999999995,4,2.0,0,Tv Personality,39,Active,,4,Alan Bersten,Baseline,Millennial,1,0,1,0,0,1.25,8.25,0.9999999999999999,0.9090909090909091,11,0.3735594089309465,0.9615384613535503
30,6,Amanda Kloots,9.5,2.6978,4,3.0,0,Tv Personality,39,Active,,4,Alan Bersten,Baseline,Millennial,1,0,1,0,0,-0.25,8.458333333333334,1.029765345438788,0.75,10,0.2913253614880169,0.9615384613535503
30,7,Amanda Kloots,8.5,-2.1582399999999997,4,6.0,0,Tv Personality,39,Active,,4,Alan Bersten,Baseline,Millennial,1,0,1,0,0,-1.0,8.464285714285714,0.9401747557920129,0.3333333333333333,9,0.3498704421875686,0.9615384613535503
30,8,Amanda Kloots,10.5,1.798533333333333,4,1.0,0,Tv Personality,39,Active,,4,Alan Bersten,Baseline,Millennial,1,0,1,0,0,2.0,8.71875,1.1294554629807863,0.875,8,0.4264566622918705,0.9615384613535503
30,9,Amanda Kloots,9.875,2.0233499999999998,4,2.0,0,Tv Personality,39,Active,,4,Alan Bersten,Baseline,Millennial,1,0,1,0,0,-0.625,8.847222222222221,1.1246141313554816,0.8333333333333334,6,0.199967613869675,0.9615384613535503
30,10,Amanda Kloots,9.75,0.0,4,1.0,0,Tv Personality,39,Active,,4,Alan Bersten,Baseline,Millennial,1,0,1,0,0,-0.125,8.9375,1.0980569960920363,1.0,1,0.0,0.9615384613535503
17,1,Amber Riley,9.0,6.4747200000000005,3,1.0,0,Actor/Actress,27,Winner,11.0,1,Derek Hough,Baseline,Millennial,1,0,1,0,0,0.0,9.0,0.0,1.0,12,0.5199731865129118,1.7187499994091795
17,2,Amber Riley,8.0,0.0,3,4.0,0,Actor/Actress,27,Winner,11.0,1,Derek Hough,Baseline,Millennial,1,0,1,0,0,-1.0,8.5,0.7071067811865476,0.6666666666666666,12,0.4484757246093171,1.7187499994091795
17,3,Amber Riley,8.0,0.0,3,6.0,0,Actor/Actress,27,Winner,11.0,1,Derek Hough,Baseline,Millennial,1,0,1,0,0,0.0,8.333333333333334,0.5773502691896258,0.45454545454545453,11,0.5590854517439097,1.7187499994091795
17,4,Amber Riley,9.0,2.0233499999999998,3,1.0,0,Actor/Actress,27,Winner,11.0,1,Derek Hough,Baseline,Millennial,1,0,1,0,0,1.0,8.5,0.5773502691896257,0.9,10,0.44008948670157627,1.7187499994091795
17,5,Amber Riley,8.666666666666666,-1.3489,3,6.0,0,Actor/Actress,27,Winner,11.0,1,Derek Hough,Baseline,Millennial,1,0,1,0,0,-0.3333333333333339,8.533333333333333,0.5055250296034367,0.3888888888888889,9,0.2898692456016402,1.7187499994091795
17,6,Amber Riley,10.666633333333332,4.721099417514555,3,1.0,0,Actor/Actress,27,Winner,11.0,1,Derek Hough,Baseline,Millennial,1,0,1,0,0,1.9999666666666656,8.888883333333332,0.9812946853236512,1.0,8,0.42049341849041905,1.7187499994091795
17,7,Amber Riley,9.833333333333334,6.7445,3,1.0,0,Actor/Actress,27,Winner,11.0,1,Derek Hough,Baseline,Millennial,1,0,1,0,0,-0.8332999999999977,9.023804761904762,0.9643007446251691,0.9375,8,0.23303861218816335,1.7187499994091795
17,8,Amber Riley,9.333333333333334,1.3489,3,3.0,0,Actor/Actress,27,Winner,11.0,1,Derek Hough,Baseline,Millennial,1,0,1,0,0,-0.5,9.062495833333333,0.8994512216562323,0.6428571428571429,7,0.33915469425313977,1.7187499994091795
17,9,Amber Riley,8.5,-2.3124,3,5.0,0,Actor/Actress,27,Winner,11.0,1,Derek Hough,Baseline,Millennial,1,0,1,0,0,-0.8333333333333339,8.999996296296295,0.8619986466289394,0.3333333333333333,6,0.41659239388677904,1.7187499994091795
17,10,Amber Riley,9.875,3.147433333333333,4,1.0,0,Actor/Actress,27,Winner,11.0,1,Derek Hough,Baseline,Millennial,1,0,1,0,0,1.375,9.087496666666667,0.8585130341123195,1.0,5,0.42129980199254885,1.7187499994091795
17,11,Amber Riley,10.4444,4.115593659995124,3,1.0,0,Actor/Actress,27,Winner,11.0,1,Derek Hough,Baseline,Millennial,1,0,1,0,0,0.5693999999999999,9.210851515151516,0.9114388470207893,1.0,4,0.3670792544697688,1.7187499994091795
23,1,Amber Rose,6.0,0.0,4,9.0,0,Model,32,Eliminated,6.0,9,Maksim Chmerkoskiy,Baseline,Millennial,1,0,1,0,0,0.0,6.0,0.0,0.34615384615384615,13,0.3571948801843556,0.8974358972748192
23,2,Amber Rose,6.0,-5.3956,4,10.0,0,Model,32,Eliminated,6.0,9,Maksim Chmerkoskiy,Baseline,Millennial,1,0,1,0,0,0.0,6.0,0.0,0.23076923076923078,13,0.3393969869703097,0.8974358972748192
23,3,Amber Rose,6.25,-4.0466999999999995,4,8.0,0,Model,32,Eliminated,6.0,9,Maksim Chmerkoskiy,Baseline,Millennial,1,0,1,0,0,0.25,6.083333333333333,0.14433756729740657,0.3333333333333333,12,0.3351138365713949,0.8974358972748192
23,4,Amber Rose,8.0,0.0,3,4.0,0,Model,32,Eliminated,6.0,9,Maksim Chmerkoskiy,Baseline,Millennial,1,0,1,0,0,1.75,6.5625,0.9655525188547058,0.6818181818181818,11,0.47614799152396176,0.8974358972748192
23,5,Amber Rose,8.0,0.0,3,6.0,0,Model,32,Eliminated,6.0,9,Maksim Chmerkoskiy,Baseline,Millennial,1,0,1,0,0,0.0,6.85,1.0547511554864495,0.2777777777777778,9,0.2670765415358769,0.8974358972748192
23,6,Amber Rose,7.0,-6.47472,4,9.0,0,Model,32,Eliminated,6.0,9,Maksim Chmerkoskiy,Baseline,Millennial,1,0,1,0,0,-1.0,6.875,0.9453835200594519,0.1111111111111111,9,0.47408556627827925,0.8974358972748192
18,1,Amy Purdy,8.0,4.0466999999999995,3,3.0,0,Athlete,34,RunnerUp,10.0,2,Derek Hough,Baseline,Millennial,1,0,1,0,0,0.0,8.0,0.0,0.75,12,0.4824767313646609,1.818181817520661
18,2,Amy Purdy,8.0,4.0466999999999995,3,4.0,0,Athlete,34,RunnerUp,10.0,2,Derek Hough,Baseline,Millennial,1,0,1,0,0,0.0,8.0,0.0,0.6818181818181818,11,0.4367050005272007,1.818181817520661
18,3,Amy Purdy,9.0,0.0,4,2.0,0,Athlete,34,RunnerUp,10.0,2,Derek Hough,Baseline,Millennial,1,0,1,0,0,1.0,8.333333333333334,0.5773502691896255,0.7222222222222222,9,0.32309124605207246,1.818181817520661
18,4,Amy Purdy,8.5,2.6978,4,3.0,0,Athlete,34,RunnerUp,10.0,2,Derek Hough,Baseline,Millennial,1,0,1,0,0,-0.5,8.375,0.47871355387816883,0.7777777777777778,9,0.33191624498489414,1.818181817520661
18,5,Amy Purdy,9.25,5.3956,4,3.0,0,Athlete,34,RunnerUp,10.0,2,Derek Hough,Baseline,Millennial,1,0,1,0,0,0.75,8.55,0.5700877125495687,0.7222222222222222,9,0.3823756526858896,1.818181817520661
18,6,Amy Purdy,9.5,2.6978,4,2.0,0,Athlete,34,RunnerUp,10.0,2,Derek Hough,Baseline,Millennial,1,0,1,0,0,0.25,8.708333333333334,0.6406377031260853,0.875,8,0.31709701677202323,1.818181817520661
18,7,Amy Purdy,9.375,2.0233499999999998,4,2.0,0,Athlete,34,RunnerUp,10.0,2,Derek Hough,Baseline,Millennial,1,0,1,0,0,-0.125,8.803571428571429,0.6367934927281779,0.8571428571428571,7,0.2135697698452491,1.818181817520661
18,8,Amy Purdy,10.0,2.6978,4,1.0,0,Athlete,34,RunnerUp,10.0,2,Derek Hough,Baseline,Millennial,1,0,1,0,0,0.625,8.953125,0.7256078117196444,0.9166666666666666,6,0.21755828225034984,1.818181817520661
18,9,Amy Purdy,9.75,2.6978,4,2.0,0,Athlete,34,RunnerUp,10.0,2,Derek Hough,Baseline,Millennial,1,0,1,0,0,-0.25,9.041666666666666,0.7288689868556623,0.8,5,0.1641037835932963,1.818181817520661
18,10,Amy Purdy,9.888866666666667,0.3174442436648494,3,2.0,0,Athlete,34,RunnerUp,10.0,2,Derek Hough,Baseline,Millennial,1,0,1,0,0,0.13886666666666692,9.126386666666667,0.7375615270756887,0.75,4,0.2693429607887732,1.818181817520661
16,1,Andy Dick,5.666666666666667,-1.3489,3,11.0,0,Comedian,47,Eliminated,7.0,7,Sharna Burgess,Baseline,GenX,1,0,0,1,0,0.0,5.666666666666667,0.0,0.16666666666666666,12,0.43333212536664834,0.9999999998
16,2,Andy Dick,6.666666666666667,0.337225,3,5.0,0,Comedian,47,Eliminated,7.0,7,Sharna Burgess,Baseline,GenX,1,0,0,1,0,1.0,6.166666666666667,0.7071067811865476,0.5833333333333334,12,0.5423210352279798,0.9999999998
16,3,Andy Dick,6.0,-2.0233499999999998,3,9.0,0,Comedian,47,Eliminated,7.0,7,Sharna Burgess,Baseline,GenX,1,0,0,1,0,-0.666666666666667,6.111111111111112,0.5091750772173156,0.2727272727272727,11,0.5569510497714374,0.9999999998
16,4,Andy Dick,7.0,0.0,3,6.0,0,Comedian,47,Eliminated,7.0,7,Sharna Burgess,Baseline,GenX,1,0,0,1,0,1.0,6.333333333333334,0.6085806194501844,0.45,10,0.4877780857411537,0.9999999998
16,5,Andy Dick,6.0,-4.0466999999999995,3,8.0,0,Comedian,47,Eliminated,7.0,7,Sharna Burgess,Baseline,GenX,1,0,0,1,0,-1.0,6.2666666666666675,0.547722557505166,0.16666666666666666,9,0.5797384912032801,0.9999999998
16,6,Andy Dick,7.166666666666667,-1.3489,3,7.0,0,Comedian,47,Eliminated,7.0,7,Sharna Burgess,Baseline,GenX,1,0,0,1,0,1.166666666666667,6.416666666666667,0.6123724356957942,0.25,8,0.35359918454235945,0.9999999998
16,7,Andy Dick,5.666666666666667,-6.7444999999999995,3,7.0,0,Comedian,47,Eliminated,7.0,7,Sharna Burgess,Baseline,GenX,1,0,0,1,0,-1.5,6.30952380952381,0.6267831705280086,0.14285714285714285,7,0.7312421113649391,0.9999999998
21,1,Andy Grammer,7.0,0.0,3,7.0,0,Singer/Rapper,31,Eliminated,8.0,7,Allison Holker,Baseline,Millennial,1,0,1,0,0,0.0,7.0,0.0,0.5,13,0.6601447958346751,0.9090909089256198
21,2,Andy Grammer,7.333333333333333,-0.4496333333333333,3,8.0,0,Singer/Rapper,31,Eliminated,8.0,7,Allison Holker,Baseline,Millennial,1,0,1,0,0,0.33333333333333304,7.166666666666666,0.23570226039551595,0.46153846153846156,13,0.446165184304094,0.9090909089256198
21,3,Andy Grammer,7.25,-3.2373600000000002,4,8.0,0,Singer/Rapper,31,Eliminated,8.0,7,Allison Holker,Baseline,Millennial,1,0,1,0,0,-0.08333333333333304,7.194444444444444,0.17347216662217793,0.3,10,0.545144606709089,0.9090909089256198
21,4,Andy Grammer,7.666666666666667,-0.67445,3,7.0,0,Singer/Rapper,31,Eliminated,8.0,7,Allison Holker,Baseline,Millennial,1,0,1,0,0,0.41666666666666696,7.3125,0.2753364944666533,0.4,10,0.6070398743083226,0.9090909089256198
21,5,Andy Grammer,9.0,0.0,4,4.0,0,Singer/Rapper,31,Eliminated,8.0,7,Allison Holker,Baseline,Millennial,1,0,1,0,0,1.333333333333333,7.65,0.7914473380389178,0.6666666666666666,9,0.556258550366338,0.9090909089256198
21,6,Andy Grammer,10.0,2.6978,4,1.0,0,Singer/Rapper,31,Eliminated,8.0,7,Allison Holker,Baseline,Millennial,1,0,1,0,0,1.0,8.041666666666666,1.1922783977652942,0.8888888888888888,9,0.654027973633366,0.9090909089256198
21,7,Andy Grammer,9.333333333333334,2.6978,3,2.0,0,Singer/Rapper,31,Eliminated,8.0,7,Allison Holker,Baseline,Millennial,1,0,1,0,0,-0.6666666666666661,8.226190476190476,1.1928745681963946,0.75,8,0.11662348072918957,0.9090909089256198
21,8,Andy Grammer,7.999933333333334,-4.0469697799999995,3,7.0,0,Singer/Rapper,31,Eliminated,8.0,7,Allison Holker,Baseline,Millennial,1,0,1,0,0,-1.3334000000000001,8.197908333333334,1.1072805600437465,0.14285714285714285,7,0.43189472916258315,0.9090909089256198
34,1,Andy Richter,4.5,-2.0233499999999998,2,13.0,0,Comedian,59,Eliminated,9.0,7,Emma Slater/Kaitlyn Bristowe (Week 9),Baseline,GenX,1,0,0,1,0,0.0,4.5,0.0,0.10714285714285714,14,0.4627624262862272,0.9999999998
34,2,Andy Richter,5.333333333333333,-6.7445,3,13.0,0,Comedian,59,Eliminated,9.0,7,Emma Slater/Kaitlyn Bristowe (Week 9),Baseline,GenX,1,0,0,1,0,0.833333333333333,4.916666666666666,0.5892556509887897,0.14285714285714285,14,0.3416136418926476,0.9999999998
34,3,Andy Richter,6.0,-4.0466999999999995,3,11.0,0,Comedian,59,Eliminated,9.0,7,Emma Slater/Kaitlyn Bristowe (Week 9),Baseline,GenX,1,0,0,1,0,0.666666666666667,5.277777777777778,0.7515416254704825,0.125,12,0.31108428718662545,0.9999999998
34,4,Andy Richter,6.0,-8.093399999999999,3,11.0,0,Comedian,59,Eliminated,9.0,7,Emma Slater/Kaitlyn Bristowe (Week 9),Baseline,GenX,1,0,0,1,0,0.0,5.458333333333333,0.7120003121097945,0.09090909090909091,11,0.29030495428456765,0.9999999998
34,5,Andy Richter,6.0,-5.3956,4,10.0,0,Comedian,59,Eliminated,9.0,7,Emma Slater/Kaitlyn Bristowe (Week 9),Baseline,GenX,1,0,0,1,0,0.0,5.566666666666666,0.6624868971450599,0.1,10,0.4041638843974973,0.9999999998
34,6,Andy Richter,6.75,-12.1401,4,10.0,0,Comedian,59,Eliminated,9.0,7,Emma Slater/Kaitlyn Bristowe (Week 9),Baseline,GenX,1,0,0,1,0,0.75,5.763888888888889,0.7645199413623828,0.1,10,0.460625841237017,0.9999999998
34,7,Andy Richter,7.25,-6.9063680000000005,4,9.0,0,Comedian,59,Eliminated,9.0,7,Emma Slater/Kaitlyn Bristowe (Week 9),Baseline,GenX,1,0,0,1,0,0.5,5.976190476190476,0.8958679395309141,0.1111111111111111,9,0.5260998838984093,0.9999999998
34,8,Andy Richter,8.5,-5.3956,4,8.0,0,Comedian,59,Eliminated,9.0,7,Emma Slater/Kaitlyn Bristowe (Week 9),Baseline,GenX,1,0,0,1,0,1.25,6.291666666666666,1.2182475052824797,0.125,8,0.1868674562694525,0.9999999998
34,9,Andy Richter,7.25,-9.891933333333334,4,7.0,0,Comedian,59,Eliminated,9.0,7,Emma Slater/Kaitlyn Bristowe (Week 9),Baseline,GenX,1,0,0,1,0,-1.25,6.398148148148148,1.1834930773762609,0.14285714285714285,7,0.5261922064197656,0.9999999998
33,1,Anna Delvey,6.0,0.0,3,8.0,0,Con Artist,33,Eliminated,2.0,12,Ezra Sosa,Baseline,Millennial,1,0,1,0,0,0.0,6.0,0.0,0.38461538461538464,13,0.3459611525374582,0.9999999998
33,2,Anna Delvey,5.666666666666667,-5.3956,3,11.0,0,Con Artist,33,Eliminated,2.0,12,Ezra Sosa,Baseline,Millennial,1,0,1,0,0,-0.33333333333333304,5.833333333333334,0.23570226039551595,0.23076923076923078,13,0.40777614797778233,0.9999999998
29,1,Anne Heche,6.0,0.0,3,6.0,0,Actor/Actress,51,Eliminated,4.0,13,Keo Motsepe,Baseline,GenX,1,0,0,1,0,0.0,6.0,0.0,0.5333333333333333,15,0.4586531304965921,0.5263157894182825
29,2,Anne Heche,6.0,0.0,3,6.0,0,Actor/Actress,51,Eliminated,4.0,13,Keo Motsepe,Baseline,GenX,1,0,0,1,0,0.0,6.0,0.0,0.5,15,0.31639157203440565,0.5263157894182825
29,3,Anne Heche,5.0,-4.6248,3,13.0,0,Actor/Actress,51,Eliminated,4.0,13,Keo Motsepe,Baseline,GenX,1,0,0,1,0,-1.0,5.666666666666667,0.5773502691896258,0.14285714285714285,14,0.5059628499334231,0.5263157894182825
29,4,Anne Heche,7.0,-4.0466999999999995,3,10.0,0,Actor/Actress,51,Eliminated,4.0,13,Keo Motsepe,Baseline,GenX,1,0,0,1,0,2.0,6.0,0.816496580927726,0.19230769230769232,13,0.30617401395313787,0.5263157894182825
22,1,Antonio Brown,7.0,0.0,3,4.0,0,Athlete,27,Eliminated,9.0,5,Sharna Burgess,Baseline,Millennial,1,0,1,0,0,0.0,7.0,0.0,0.625,12,0.4877442861994343,0.7317073169660916
22,2,Antonio Brown,6.333333333333333,-2.6978,3,9.0,0,Athlete,27,Eliminated,9.0,5,Sharna Burgess,Baseline,Millennial,1,0,1,0,0,-0.666666666666667,6.666666666666666,0.47140452079103157,0.2916666666666667,12,0.4636580673185359,0.7317073169660916
22,3,Antonio Brown,6.666666666666667,-1.3489,3,8.0,0,Athlete,27,Eliminated,9.0,5,Sharna Burgess,Baseline,Millennial,1,0,1,0,0,0.3333333333333339,6.666666666666667,0.33333333333333326,0.2727272727272727,11,0.30492889283715907,0.7317073169660916
22,4,Antonio Brown,8.75,2.0233499999999998,4,3.0,0,Athlete,27,Eliminated,9.0,5,Sharna Burgess,Baseline,Millennial,1,0,1,0,0,2.083333333333333,7.1875,1.0766352764601943,0.75,10,0.4648875844007378,0.7317073169660916
22,5,Antonio Brown,6.5,-8.093399999999999,4,9.0,0,Athlete,27,Eliminated,9.0,5,Sharna Burgess,Baseline,Millennial,1,0,1,0,0,-2.25,7.05,0.9817784316682096,0.1111111111111111,9,0.3911670460246567,0.7317073169660916
22,6,Antonio Brown,9.0,4.0466999999999995,3,3.0,0,Athlete,27,Eliminated,9.0,5,Sharna Burgess,Baseline,Millennial,1,0,1,0,0,2.5,7.375,1.1852683709232739,0.7777777777777778,9,0.35966785659869965,0.7317073169660916
22,7,Antonio Brown,8.666666666666666,-2.6978,3,5.0,0,Athlete,27,Eliminated,9.0,5,Sharna Burgess,Baseline,Millennial,1,0,1,0,0,-0.3333333333333339,7.559523809523809,1.1870386878955743,0.375,8,0.1421522207639567,0.7317073169660916
22,8,Antonio Brown,9.0,-2.0233499999999998,3,5.0,0,Athlete,27,Eliminated,9.0,5,Sharna Burgess,Baseline,Millennial,1,0,1,0,0,0.3333333333333339,7.739583333333333,1.2112546787630571,0.3333333333333333,6,0.28630213384560527,0.7317073169660916
22,9,Antonio Brown,9.166666666666666,-2.6978,3,5.0,0,Athlete,27,Eliminated,9.0,5,Sharna Burgess,Baseline,Millennial,1,0,1,0,0,0.16666666666666607,7.898148148148148,1.228833131144148,0.2,5,0.15295026107435583,0.7317073169660916
19,1,Antonio Sabato Jr.,6.25,-2.0233499999999998,4,10.0,0,Actor/Actress,42,Eliminated,7.0,8,Cheryl Burke,Baseline,GenX,1,0,0,1,0,0.0,6.25,0.0,0.2692307692307692,13,0.5160608028665913,0.9999999998
19,2,Antonio Sabato Jr.,7.75,1.3489,4,5.0,0,Actor/Actress,42,Eliminated,7.0,8,Cheryl Burke,Baseline,GenX,1,0,0,1,0,1.5,7.0,1.0606601717798212,0.625,12,0.34613980535212147,0.9999999998
19,3,Antonio Sabato Jr.,7.25,-4.0466999999999995,4,8.0,0,Actor/Actress,42,Eliminated,7.0,8,Cheryl Burke,Baseline,GenX,1,0,0,1,0,-0.5,7.083333333333333,0.7637626158259734,0.3181818181818182,11,0.4983770171434502,0.9999999998
19,4,Antonio Sabato Jr.,7.25,-2.0233499999999998,4,6.0,0,Actor/Actress,42,Eliminated,7.0,8,Cheryl Burke,Baseline,GenX,1,0,0,1,0,0.0,7.125,0.6291528696058958,0.45,10,0.6408988180463647,0.9999999998
19,5,Antonio Sabato Jr.,7.0,-2.3980444444444444,4,6.0,0,Actor/Actress,42,Eliminated,7.0,8,Cheryl Burke,Baseline,GenX,1,0,0,1,0,-0.25,7.1,0.5477225575051661,0.4444444444444444,9,0.6379741452460631,0.9999999998
19,6,Antonio Sabato Jr.,7.0,-2.6978,4,8.0,0,Actor/Actress,42,Eliminated,7.0,8,Cheryl Burke,Baseline,GenX,1,0,0,1,0,0.0,7.083333333333333,0.4915960401250875,0.16666666666666666,9,0.40693072682428794,0.9999999998
19,7,Antonio Sabato Jr.,7.375,-3.37225,4,7.0,0,Actor/Actress,42,Eliminated,7.0,8,Cheryl Burke,Baseline,GenX,1,0,0,1,0,0.375,7.125,0.462105687767059,0.25,8,0.35475637925085574,0.9999999998
4,1,Apolo Anton Ohno,7.0,2.0233499999999998,3,3.0,0,Athlete,24,Winner,9.0,1,Julianne Hough,Baseline,GenZ,1,1,0,0,0,0.0,7.0,0.0,0.7727272727272727,11,0.4984762460179316,0.9999999998
4,2,Apolo Anton Ohno,8.666666666666666,6.7445,3,2.0,0,Athlete,24,Winner,9.0,1,Julianne Hough,Baseline,GenZ,1,1,0,0,0,1.666666666666666,7.833333333333333,1.1785113019775788,0.9090909090909091,11,0.396332693824844,0.9999999998
4,3,Apolo Anton Ohno,7.666666666666667,2.6978,3,5.0,0,Athlete,24,Winner,9.0,1,Julianne Hough,Baseline,GenZ,1,1,0,0,0,-0.9999999999999991,7.777777777777778,0.8388704928078607,0.6,10,0.3796189342990133,0.9999999998
4,4,Apolo Anton Ohno,8.666666666666666,3.37225,3,2.0,0,Athlete,24,Winner,9.0,1,Julianne Hough,Baseline,GenZ,1,1,0,0,0,0.9999999999999991,8.0,0.8164965809277257,0.8888888888888888,9,0.6857795631655893,0.9999999998
4,5,Apolo Anton Ohno,10.0,3.37225,3,1.0,0,Athlete,24,Winner,9.0,1,Julianne Hough,Baseline,GenZ,1,1,0,0,0,1.333333333333334,8.4,1.1401754250991376,1.0,8,0.8565504981186443,0.9999999998
4,6,Apolo Anton Ohno,9.333333333333334,2.6978,3,1.0,0,Athlete,24,Winner,9.0,1,Julianne Hough,Baseline,GenZ,1,1,0,0,0,-0.6666666666666661,8.555555555555555,1.0886621079036345,0.9285714285714286,7,0.5230440988019412,0.9999999998
4,7,Apolo Anton Ohno,9.0,0.0,3,3.0,0,Athlete,24,Winner,9.0,1,Julianne Hough,Baseline,GenZ,1,1,0,0,0,-0.3333333333333339,8.619047619047619,1.0079052613579391,0.5833333333333334,6,0.6166725012165456,0.9999999998
4,8,Apolo Anton Ohno,9.666666666666666,2.15824,3,1.0,0,Athlete,24,Winner,9.0,1,Julianne Hough,Baseline,GenZ,1,1,0,0,0,0.6666666666666661,8.75,1.0039604115384768,1.0,5,0.5840496462933458,0.9999999998
4,9,Apolo Anton Ohno,9.833333333333334,-5.3956,3,3.0,0,Athlete,24,Winner,9.0,1,Julianne Hough,Baseline,GenZ,1,1,0,0,0,0.16666666666666785,8.87037037037037,1.0061539042374907,0.5,4,0.07061902454516251,0.9999999998
15,1,Apolo Anton Ohno,7.333333333333333,1.3489,3,4.0,0,Athlete,30,Eliminated,9.0,5,Karina Smirnoff,Baseline,Millennial,1,0,1,0,0,0.0,7.333333333333333,0.0,0.7307692307692307,13,0.2944450500991418,0.8088235292809256
15,2,Apolo Anton Ohno,8.166666666666666,4.31648,3,4.0,0,Athlete,30,Eliminated,9.0,5,Karina Smirnoff,Baseline,Millennial,1,0,1,0,0,0.833333333333333,7.75,0.5892556509887891,0.75,12,0.32227699063508836,0.8088235292809256
15,3,Apolo Anton Ohno,8.5,0.0,3,4.0,0,Athlete,30,Eliminated,9.0,5,Karina Smirnoff,Baseline,Millennial,1,0,1,0,0,0.3333333333333339,8.0,0.6009252125773313,0.5909090909090909,11,0.20163019077307118,0.8088235292809256
15,4,Apolo Anton Ohno,8.625,-2.0233499999999998,4,7.0,0,Athlete,30,Eliminated,9.0,5,Karina Smirnoff,Baseline,Millennial,1,0,1,0,0,0.125,8.15625,0.5817189963725962,0.3333333333333333,9,0.35325558404867186,0.8088235292809256
15,5,Apolo Anton Ohno,9.416666666666666,1.1990222222222222,3,2.0,0,Athlete,30,Eliminated,9.0,5,Karina Smirnoff,Baseline,Millennial,1,0,1,0,0,0.7916666666666661,8.408333333333333,0.7559945620027815,0.6875,8,0.1723475897236556,0.8088235292809256
15,6,Apolo Anton Ohno,10.0,2.0233499999999998,3,1.0,0,Athlete,30,Eliminated,9.0,5,Karina Smirnoff,Baseline,Millennial,1,0,1,0,0,0.5833333333333339,8.67361111111111,0.9377931640391277,0.9375,8,0.2048631540320305,0.8088235292809256
15,7,Apolo Anton Ohno,11.0,-2.0233499999999975,3,6.0,0,Athlete,30,Eliminated,9.0,5,Karina Smirnoff,Baseline,Millennial,1,0,1,0,0,1.0,9.005952380952381,1.227206198203893,0.2857142857142857,7,0.539380041253953,0.8088235292809256
15,8,Apolo Anton Ohno,9.759233333333333,2.098079059999998,3,2.0,0,Athlete,30,Eliminated,9.0,5,Karina Smirnoff,Baseline,Millennial,1,0,1,0,0,-1.2407666666666675,9.1001125,1.1669688137911445,0.7857142857142857,7,0.21908088718211424,0.8088235292809256
15,9,Apolo Anton Ohno,9.536999999999999,0.23437097910307358,3,3.0,0,Athlete,30,Eliminated,9.0,5,Karina Smirnoff,Baseline,Millennial,1,0,1,0,0,-0.2222333333333335,9.148655555555555,1.1012706479335586,0.6,5,0.1619106807935631,0.8088235292809256
32,1,Ariana Madix,7.0,3.4685999999999995,3,2.0,0,Tv Personality,38,Finalist,9.0,3,Pasha Pashkov,Baseline,Millennial,1,0,1,0,0,0.0,7.0,0.0,0.8928571428571429,14,0.5167192700762964,0.399999999968
32,2,Ariana Madix,6.666666666666667,1.3489,3,5.0,0,Tv Personality,38,Finalist,9.0,3,Pasha Pashkov,Baseline,Millennial,1,0,1,0,0,-0.33333333333333304,6.833333333333334,0.23570226039551595,0.6923076923076923,13,0.5399540890069909,0.399999999968
32,3,Ariana Madix,8.5,5.3956,4,1.0,0,Tv Personality,38,Finalist,9.0,3,Pasha Pashkov,Baseline,Millennial,1,0,1,0,0,1.833333333333333,7.388888888888889,0.9765775461803855,0.9583333333333334,12,0.538842474800634,0.399999999968
32,4,Ariana Madix,8.333333333333334,5.3956,3,2.0,0,Tv Personality,38,Finalist,9.0,3,Pasha Pashkov,Baseline,Millennial,1,0,1,0,0,-0.16666666666666607,7.625,0.9267126287562375,0.9090909090909091,11,0.4316930922346303,0.399999999968
32,5,Ariana Madix,8.0,0.0,3,4.0,0,Tv Personality,38,Finalist,9.0,3,Pasha Pashkov,Baseline,Millennial,1,0,1,0,0,-0.3333333333333339,7.7,0.8198915917499228,0.55,10,0.4664939229167582,0.399999999968
32,6,Ariana Madix,10.25,3.8539999999999996,4,2.0,0,Tv Personality,38,Finalist,9.0,3,Pasha Pashkov,Baseline,Millennial,1,0,1,0,0,2.25,8.125,1.273392232494677,0.8888888888888888,9,0.5153253660800832,0.399999999968
32,7,Ariana Madix,9.25,2.6978,4,1.0,0,Tv Personality,38,Finalist,9.0,3,Pasha Pashkov,Baseline,Millennial,1,0,1,0,0,-1.0,8.285714285714286,1.2377708671546277,0.9375,8,0.21729018814696918,0.399999999968
32,8,Ariana Madix,10.5,7.014279999999999,4,1.0,0,Tv Personality,38,Finalist,9.0,3,Pasha Pashkov,Baseline,Millennial,1,0,1,0,0,1.25,8.5625,1.3878369031846896,1.0,7,0.5245279148293601,0.399999999968
32,9,Ariana Madix,9.25,0.6166400000000001,4,4.0,0,Tv Personality,38,Finalist,9.0,3,Pasha Pashkov,Baseline,Millennial,1,0,1,0,0,-1.25,8.63888888888889,1.318274334963031,0.5,6,0.5572357290736578,0.399999999968
26,1,Arike Ogunbowale,6.666666666666667,-0.67445,3,7.0,0,Athlete,21,Eliminated,2.0,7,Gleb Savchenko,Baseline,GenZ,1,1,0,0,0,0.0,6.666666666666667,0.0,0.4,10,0.3679753688408884,0.6060606059871442
26,2,Arike Ogunbowale,8.75,2.6978,4,3.0,0,Athlete,21,Eliminated,2.0,7,Gleb Savchenko,Baseline,GenZ,1,1,0,0,0,2.083333333333333,7.708333333333334,1.4731391274719736,0.75,8,0.29927657257065027,0.6060606059871442
9,1,Ashley Hamiliton,6.3333,-2.6185306562193924,3,15.0,0,Actor/Actress,34,Eliminated,1.0,16,Edyta Sliwinska,Baseline,Millennial,1,0,1,0,0,0.0,6.3333,0.0,0.09375,16,0.7859138369788743,0.8695652172400756
11,1,Audrina Patridge,6.333333333333333,0.67445,3,5.0,0,Tv Personality,25,Eliminated,6.0,7,Tony Dovolani,Baseline,GenZ,1,1,0,0,0,0.0,6.333333333333333,0.0,0.625,12,0.49711840367327736,0.7627118642904338
11,2,Audrina Patridge,7.666666666666667,2.6978,3,2.0,0,Tv Personality,25,Eliminated,6.0,7,Tony Dovolani,Baseline,GenZ,1,1,0,0,0,1.333333333333334,7.0,0.9428090415820638,0.9090909090909091,11,0.486830811549821,0.7627118642904338
11,3,Audrina Patridge,8.666666666666666,2.6978,3,1.0,0,Tv Personality,25,Eliminated,6.0,7,Tony Dovolani,Baseline,GenZ,1,1,0,0,0,0.9999999999999991,7.5555555555555545,1.1706281947614154,1.0,10,0.3899869355281724,0.7627118642904338
11,4,Audrina Patridge,7.666666666666667,2.098288888888889,3,3.0,0,Tv Personality,25,Eliminated,6.0,7,Tony Dovolani,Baseline,GenZ,1,1,0,0,0,-0.9999999999999991,7.583333333333333,0.9574271077563381,0.7777777777777778,9,0.6522347657141515,0.7627118642904338
11,5,Audrina Patridge,7.666666666666667,-1.3489,3,5.0,0,Tv Personality,25,Eliminated,6.0,7,Tony Dovolani,Baseline,GenZ,1,1,0,0,0,0.0,7.6,0.8299933065325822,0.5,8,0.43008614613880125,0.7627118642904338
11,6,Audrina Patridge,10.6666,2.0231982449561245,3,2.0,0,Tv Personality,25,Eliminated,6.0,7,Tony Dovolani,Baseline,GenZ,1,1,0,0,0,2.999933333333334,8.1111,1.4554897358315901,0.8571428571428571,7,0.6250382784599849,0.7627118642904338
23,1,Babyface,6.5,2.6978,4,5.0,0,Singer/Rapper,57,Eliminated,4.0,11,Allison Holker,Baseline,GenX,1,0,0,1,0,0.0,6.5,0.0,0.6538461538461539,13,0.3571948801843556,0.8333333331944445
23,2,Babyface,7.5,2.6978,4,3.0,0,Singer/Rapper,57,Eliminated,4.0,11,Allison Holker,Baseline,GenX,1,0,0,1,0,1.0,7.0,0.7071067811865476,0.8461538461538461,13,0.3393969869703097,0.8333333331944445
23,3,Babyface,6.25,-4.0466999999999995,4,8.0,0,Singer/Rapper,57,Eliminated,4.0,11,Allison Holker,Baseline,GenX,1,0,0,1,0,-1.25,6.75,0.6614378277661477,0.3333333333333333,12,0.3351138365713949,0.8333333331944445
23,4,Babyface,6.0,-8.093399999999999,3,11.0,0,Singer/Rapper,57,Eliminated,4.0,11,Allison Holker,Baseline,GenX,1,0,0,1,0,-0.25,6.5625,0.6574889099191459,0.09090909090909091,11,0.47614799152396176,0.8333333331944445
25,1,Barbara Corcoran,4.666666666666667,-5.3956,3,13.0,0,Entrepreneur,68,Eliminated,2.0,13,Keo Motsepe,Baseline,Boomer,1,0,0,0,1,0.0,4.666666666666667,0.0,0.07692307692307693,13,0.3689849053575016,0.462962962920096
25,2,Barbara Corcoran,5.666666666666667,-5.3956,3,13.0,0,Entrepreneur,68,Eliminated,2.0,13,Keo Motsepe,Baseline,Boomer,1,0,0,0,1,1.0,5.166666666666667,0.7071067811865476,0.07692307692307693,13,0.32635345291716955,0.462962962920096
34,1,Baron Davis,5.0,-1.3489,2,9.0,0,Athlete,46,Eliminated,2.0,13,Britt Stewart,Baseline,GenX,1,0,0,1,0,0.0,5.0,0.0,0.32142857142857145,14,0.4627624262862272,0.5319148935604345
34,2,Baron Davis,6.0,-4.0466999999999995,3,11.0,0,Athlete,46,Eliminated,2.0,13,Britt Stewart,Baseline,GenX,1,0,0,1,0,1.0,5.5,0.7071067811865476,0.25,14,0.3416136418926476,0.5319148935604345
32,1,Barry Williams,5.333333333333333,-0.38539999999999996,3,8.0,0,Actor/Actress,68,Eliminated,8.0,7,Peta Murgatroyd,Baseline,Boomer,1,0,0,0,1,0.0,5.333333333333333,0.0,0.5,14,0.5167192700762964,0.6730769229863165
32,2,Barry Williams,5.0,-2.0233499999999998,3,10.0,0,Actor/Actress,68,Eliminated,8.0,7,Peta Murgatroyd,Baseline,Boomer,1,0,0,0,1,-0.33333333333333304,5.166666666666666,0.2357022603955153,0.23076923076923078,13,0.5399540890069909,0.6730769229863165
32,3,Barry Williams,6.25,-0.67445,4,7.0,0,Actor/Actress,68,Eliminated,8.0,7,Peta Murgatroyd,Baseline,Boomer,1,0,0,0,1,1.25,5.527777777777778,0.6472877887628359,0.5,12,0.538842474800634,0.6730769229863165
32,4,Barry Williams,6.0,-4.0466999999999995,3,10.0,0,Actor/Actress,68,Eliminated,8.0,7,Peta Murgatroyd,Baseline,Boomer,1,0,0,0,1,-0.25,5.645833333333333,0.578851832893742,0.13636363636363635,11,0.4316930922346303,0.6730769229863165
32,5,Barry Williams,8.0,0.0,3,4.0,0,Actor/Actress,68,Eliminated,8.0,7,Peta Murgatroyd,Baseline,Boomer,1,0,0,0,1,2.0,6.116666666666666,1.1660712766474537,0.55,10,0.4664939229167582,0.6730769229863165
32,6,Barry Williams,8.0,-3.0831999999999997,4,7.0,0,Actor/Actress,68,Eliminated,8.0,7,Peta Murgatroyd,Baseline,Boomer,1,0,0,0,1,0.0,6.4305555555555545,1.2957373133413987,0.3333333333333333,9,0.5153253660800832,0.6730769229863165
32,7,Barry Williams,8.125,-9.4423,4,7.0,0,Actor/Actress,68,Eliminated,8.0,7,Peta Murgatroyd,Baseline,Boomer,1,0,0,0,1,0.125,6.672619047619047,1.3450932286093757,0.25,8,0.21729018814696918,0.6730769229863165
32,8,Barry Williams,8.75,-0.53956,4,5.0,0,Actor/Actress,68,Eliminated,8.0,7,Peta Murgatroyd,Baseline,Boomer,1,0,0,0,1,0.625,6.932291666666666,1.4457685761537535,0.42857142857142855,7,0.5245279148293601,0.6730769229863165
8,1,Belinda Carlisle,5.666666666666667,-0.8992666666666665,3,9.0,0,Singer/Rapper,50,Eliminated,2.0,13,Jonathan Roberts,Baseline,GenX,1,0,0,1,0,0.0,5.666666666666667,0.0,0.34615384615384615,13,0.5052533901080313,0.7575757574609734
8,2,Belinda Carlisle,6.0,-2.0233499999999998,3,9.0,0,Singer/Rapper,50,Eliminated,2.0,13,Jonathan Roberts,Baseline,GenX,1,0,0,1,0,0.33333333333333304,5.833333333333334,0.2357022603955153,0.34615384615384615,13,0.5569947257167678,0.7575757574609734
19,1,Bethany Mota,8.0,2.6978,4,3.0,0,Social Media Personality,18,Eliminated,11.0,4,Derek Hough,Baseline,GenZ,1,1,0,0,0,0.0,8.0,0.0,0.8076923076923077,13,0.5160608028665913,1.857142856453061
19,2,Bethany Mota,8.25,4.0466999999999995,4,3.0,0,Social Media Personality,18,Eliminated,11.0,4,Derek Hough,Baseline,GenZ,1,1,0,0,0,0.25,8.125,0.1767766952966369,0.8333333333333334,12,0.34613980535212147,1.857142856453061
19,3,Bethany Mota,10.0,10.7912,4,1.0,0,Social Media Personality,18,Eliminated,11.0,4,Derek Hough,Baseline,GenZ,1,1,0,0,0,1.75,8.75,1.0897247358851685,0.9545454545454546,11,0.4983770171434502,1.857142856453061
19,4,Bethany Mota,8.25,0.67445,4,5.0,0,Social Media Personality,18,Eliminated,11.0,4,Derek Hough,Baseline,GenZ,1,1,0,0,0,-1.75,8.625,0.924211375534118,0.6,10,0.6408988180463647,1.857142856453061
19,5,Bethany Mota,8.0,0.0,4,5.0,0,Social Media Personality,18,Eliminated,11.0,4,Derek Hough,Baseline,GenZ,1,1,0,0,0,-0.25,8.5,0.8477912478906585,0.5555555555555556,9,0.6379741452460631,1.857142856453061
19,6,Bethany Mota,9.0,2.6978,4,2.0,0,Social Media Personality,18,Eliminated,11.0,4,Derek Hough,Baseline,GenZ,1,1,0,0,0,1.0,8.583333333333334,0.7852812659593164,0.8888888888888888,9,0.40693072682428794,1.857142856453061
19,7,Bethany Mota,9.375,7.418949999999999,4,1.0,0,Social Media Personality,18,Eliminated,11.0,4,Derek Hough,Baseline,GenZ,1,1,0,0,0,0.375,8.696428571428571,0.776802818640367,1.0,8,0.35475637925085574,1.857142856453061
19,8,Bethany Mota,10.0,1.3834871794871795,4,3.0,0,Social Media Personality,18,Eliminated,11.0,4,Derek Hough,Baseline,GenZ,1,1,0,0,0,0.625,8.859375,0.8541848139767947,0.7142857142857143,7,0.7527152917135025,1.857142856453061
19,9,Bethany Mota,9.25,2.15824,4,3.0,0,Social Media Personality,18,Eliminated,11.0,4,Derek Hough,Baseline,GenZ,1,1,0,0,0,-0.75,8.902777777777779,0.8095566344885603,0.6666666666666666,6,0.4149567676500508,1.857142856453061
19,10,Bethany Mota,9.5,0.0,4,2.0,0,Social Media Personality,18,Eliminated,11.0,4,Derek Hough,Baseline,GenZ,1,1,0,0,0,0.25,8.9625,0.7862755030310092,0.8,5,0.3498704421875686,1.857142856453061
19,11,Bethany Mota,9.5,-2.39676565791229,4,4.0,0,Social Media Personality,18,Eliminated,11.0,4,Derek Hough,Baseline,GenZ,1,1,0,0,0,0.0,9.011363636363637,0.7633285364411936,0.25,4,0.09219822000948034,1.857142856453061
19,1,Betsey Johnson,5.0,-5.3956,4,13.0,0,Fashion Designer,72,Eliminated,4.0,10,Tony Dovolani,Baseline,Boomer,1,0,0,0,1,0.0,5.0,0.0,0.07692307692307693,13,0.5160608028665913,0.7024793387442798
19,2,Betsey Johnson,7.0,-2.6978,4,8.0,0,Fashion Designer,72,Eliminated,4.0,10,Tony Dovolani,Baseline,Boomer,1,0,0,0,1,2.0,6.0,1.4142135623730951,0.2916666666666667,12,0.34613980535212147,0.7024793387442798
19,3,Betsey Johnson,7.25,-4.0466999999999995,4,8.0,0,Fashion Designer,72,Eliminated,4.0,10,Tony Dovolani,Baseline,Boomer,1,0,0,0,1,0.25,6.416666666666667,1.2332207155790618,0.3181818181818182,11,0.4983770171434502,0.7024793387442798
19,4,Betsey Johnson,7.25,-2.0233499999999998,4,6.0,0,Fashion Designer,72,Eliminated,4.0,10,Tony Dovolani,Baseline,Boomer,1,0,0,0,1,0.0,6.625,1.0897247358851683,0.45,10,0.6408988180463647,0.7024793387442798
17,1,Bill Engvall,6.0,-3.2373600000000002,3,10.0,0,Comedian,56,Eliminated,11.0,4,Emma Slater,Baseline,GenX,1,0,0,1,0,0.0,6.0,0.0,0.25,12,0.5199731865129118,0.9999999998
17,2,Bill Engvall,7.0,-3.2373600000000002,3,8.0,0,Comedian,56,Eliminated,11.0,4,Emma Slater,Baseline,GenX,1,0,0,1,0,1.0,6.5,0.7071067811865476,0.4166666666666667,12,0.4484757246093171,0.9999999998
17,3,Bill Engvall,8.0,0.0,3,6.0,0,Comedian,56,Eliminated,11.0,4,Emma Slater,Baseline,GenX,1,0,0,1,0,1.0,7.0,1.0,0.45454545454545453,11,0.5590854517439097,0.9999999998
17,4,Bill Engvall,7.0,-2.0233499999999998,3,8.0,0,Comedian,56,Eliminated,11.0,4,Emma Slater,Baseline,GenX,1,0,0,1,0,-1.0,7.0,0.816496580927726,0.25,10,0.44008948670157627,0.9999999998
17,5,Bill Engvall,8.0,-4.0466999999999995,3,8.0,0,Comedian,56,Eliminated,11.0,4,Emma Slater,Baseline,GenX,1,0,0,1,0,1.0,7.2,0.8366600265340756,0.2222222222222222,9,0.2898692456016402,0.9999999998
17,6,Bill Engvall,7.9999666666666664,-6.0698308092297655,3,8.0,0,Comedian,56,Eliminated,11.0,4,Emma Slater,Baseline,GenX,1,0,0,1,0,-3.333333333355171e-05,7.333327777777778,0.8164911377124451,0.125,8,0.42049341849041905,0.9999999998
17,7,Bill Engvall,8.333333333333334,-5.3956,3,8.0,0,Comedian,56,Eliminated,11.0,4,Emma Slater,Baseline,GenX,1,0,0,1,0,0.3333666666666675,7.476185714285714,0.8357074119963329,0.125,8,0.23303861218816335,0.9999999998
17,8,Bill Engvall,8.0,-4.0466999999999995,3,7.0,0,Comedian,56,Eliminated,11.0,4,Emma Slater,Baseline,GenX,1,0,0,1,0,-0.3333333333333339,7.5416625,0.7955703256130359,0.14285714285714285,7,0.33915469425313977,0.9999999998
17,9,Bill Engvall,7.0,-9.2496,3,6.0,0,Comedian,56,Eliminated,11.0,4,Emma Slater,Baseline,GenX,1,0,0,1,0,-1.0,7.481477777777779,0.765777665006118,0.16666666666666666,6,0.41659239388677904,0.9999999998
17,10,Bill Engvall,7.5,-5.3956,4,5.0,0,Comedian,56,Eliminated,11.0,4,Emma Slater,Baseline,GenX,1,0,0,1,0,0.5,7.4833300000000005,0.7220058651056193,0.2,5,0.42129980199254885,0.9999999998
17,11,Bill Engvall,8.499966666666666,-5.487211282645835,3,4.0,0,Comedian,56,Eliminated,11.0,4,Emma Slater,Baseline,GenX,1,0,0,1,0,0.9999666666666656,7.575751515151516,0.7504147675879927,0.25,4,0.3670792544697688,0.9999999998
17,1,Bill Nye,4.666666666666667,-7.55384,3,12.0,0,Tv Personality,57,Eliminated,3.0,11,Tyne Stecklein,Baseline,GenX,1,0,0,1,0,0.0,4.666666666666667,0.0,0.08333333333333333,12,0.5199731865129118,0.9999999998
17,2,Bill Nye,5.666666666666667,-7.55384,3,12.0,0,Tv Personality,57,Eliminated,3.0,11,Tyne Stecklein,Baseline,GenX,1,0,0,1,0,1.0,5.166666666666667,0.7071067811865476,0.08333333333333333,12,0.4484757246093171,0.9999999998
17,3,Bill Nye,5.333333333333333,-10.7912,3,10.0,0,Tv Personality,57,Eliminated,3.0,11,Tyne Stecklein,Baseline,GenX,1,0,0,1,0,-0.3333333333333339,5.222222222222222,0.5091750772173155,0.13636363636363635,11,0.5590854517439097,0.9999999998
18,1,Billy Dee Williams,5.0,-8.093399999999999,3,12.0,0,Actor/Actress,76,Withdrew,,10,Emma Slater,Baseline,Boomer,1,0,0,0,1,0.0,5.0,0.0,0.08333333333333333,12,0.4824767313646609,1.2499999996875
18,2,Billy Dee Williams,5.0,-8.093399999999999,3,11.0,0,Actor/Actress,76,Withdrew,,10,Emma Slater,Baseline,Boomer,1,0,0,0,1,0.0,5.0,0.0,0.09090909090909091,11,0.4367050005272007,1.2499999996875
4,1,Billy Ray Cyrus,4.333333333333333,-3.37225,3,11.0,0,Singer/Rapper,45,Eliminated,8.0,5,Karina Smirnoff,Baseline,GenX,1,0,0,1,0,0.0,4.333333333333333,0.0,0.09090909090909091,11,0.4984762460179316,2.49999999875
4,2,Billy Ray Cyrus,7.0,0.0,3,6.0,0,Singer/Rapper,45,Eliminated,8.0,5,Karina Smirnoff,Baseline,GenX,1,0,0,1,0,2.666666666666667,5.666666666666666,1.8856180831641274,0.4090909090909091,11,0.396332693824844,2.49999999875
4,3,Billy Ray Cyrus,7.0,0.0,3,6.0,0,Singer/Rapper,45,Eliminated,8.0,5,Karina Smirnoff,Baseline,GenX,1,0,0,1,0,0.0,6.111111111111111,1.5396007178390025,0.4,10,0.3796189342990133,2.49999999875
4,4,Billy Ray Cyrus,7.0,0.0,3,5.0,0,Singer/Rapper,45,Eliminated,8.0,5,Karina Smirnoff,Baseline,GenX,1,0,0,1,0,0.0,6.333333333333333,1.333333333333334,0.5,9,0.6857795631655893,2.49999999875
4,5,Billy Ray Cyrus,5.666666666666667,-2.4729833333333335,3,7.0,0,Singer/Rapper,45,Eliminated,8.0,5,Karina Smirnoff,Baseline,GenX,1,0,0,1,0,-1.333333333333333,6.2,1.1925695879998883,0.25,8,0.8565504981186443,2.49999999875
4,6,Billy Ray Cyrus,7.0,-2.0233499999999998,3,6.0,0,Singer/Rapper,45,Eliminated,8.0,5,Karina Smirnoff,Baseline,GenX,1,0,0,1,0,1.333333333333333,6.333333333333333,1.1155467020454344,0.2857142857142857,7,0.5230440988019412,2.49999999875
4,7,Billy Ray Cyrus,6.333333333333333,-5.3956,3,6.0,0,Singer/Rapper,45,Eliminated,8.0,5,Karina Smirnoff,Baseline,GenX,1,0,0,1,0,-0.666666666666667,6.333333333333334,1.0183501544346314,0.16666666666666666,6,0.6166725012165456,2.49999999875
4,8,Billy Ray Cyrus,6.333333333333333,-8.63296,3,5.0,0,Singer/Rapper,45,Eliminated,8.0,5,Karina Smirnoff,Baseline,GenX,1,0,0,1,0,0.0,6.333333333333333,0.9428090415820636,0.2,5,0.5840496462933458,2.49999999875
21,1,Bindi Irwin,8.0,1.3488999999999998,3,1.0,0,Tv Personality,17,Winner,11.0,1,Derek Hough,Baseline,GenZ,1,1,0,0,0,0.0,8.0,0.0,0.9615384615384616,13,0.6601447958346751,1.7441860459031908
21,2,Bindi Irwin,8.0,1.3488999999999998,3,2.0,0,Tv Personality,17,Winner,11.0,1,Derek Hough,Baseline,GenZ,1,1,0,0,0,0.0,8.0,0.0,0.9230769230769231,13,0.446165184304094,1.7441860459031908
21,3,Bindi Irwin,8.0,0.0,4,5.0,0,Tv Personality,17,Winner,11.0,1,Derek Hough,Baseline,GenZ,1,1,0,0,0,0.0,8.0,0.0,0.6,10,0.545144606709089,1.7441860459031908
21,4,Bindi Irwin,9.333333333333334,2.6978,3,1.0,0,Tv Personality,17,Winner,11.0,1,Derek Hough,Baseline,GenZ,1,1,0,0,0,1.333333333333334,8.333333333333334,0.6666666666666669,1.0,10,0.6070398743083226,1.7441860459031908
21,5,Bindi Irwin,9.25,0.67445,4,3.0,0,Tv Personality,17,Winner,11.0,1,Derek Hough,Baseline,GenZ,1,1,0,0,0,-0.08333333333333393,8.516666666666667,0.7080881928749333,0.7777777777777778,9,0.556258550366338,1.7441860459031908
21,6,Bindi Irwin,10.0,2.6978,4,1.0,0,Tv Personality,17,Winner,11.0,1,Derek Hough,Baseline,GenZ,1,1,0,0,0,0.75,8.76388888888889,0.8762557127197937,0.8888888888888888,9,0.654027973633366,1.7441860459031908
21,7,Bindi Irwin,9.666666666666666,5.3956,3,1.0,0,Tv Personality,17,Winner,11.0,1,Derek Hough,Baseline,GenZ,1,1,0,0,0,-0.3333333333333339,8.892857142857142,0.8696453695519043,1.0,8,0.11662348072918957,1.7441860459031908
21,8,Bindi Irwin,9.333333333333334,1.3489,3,3.0,0,Tv Personality,17,Winner,11.0,1,Derek Hough,Baseline,GenZ,1,1,0,0,0,-0.33333333333333215,8.947916666666666,0.8200579489783264,0.6428571428571429,7,0.43189472916258315,1.7441860459031908
21,9,Bindi Irwin,10.0,2.6977999999999995,3,1.0,0,Tv Personality,17,Winner,11.0,1,Derek Hough,Baseline,GenZ,1,1,0,0,0,0.6666666666666661,9.064814814814815,0.8434570250382764,0.9166666666666666,6,0.33450140748703683,1.7441860459031908
21,10,Bindi Irwin,10.5,2.6978,3,1.0,0,Tv Personality,17,Winner,11.0,1,Derek Hough,Baseline,GenZ,1,1,0,0,0,0.5,9.208333333333332,0.9156138735471948,0.875,4,0.3319162449848941,1.7441860459031908
21,11,Bindi Irwin,10.0,0.0,3,1.0,0,Tv Personality,17,Winner,11.0,1,Derek Hough,Baseline,GenZ,1,1,0,0,0,-0.5,9.28030303030303,0.900827341386738,0.75,4,0.14752570702095252,1.7441860459031908
27,1,Bobby Bones,6.666666666666667,0.67445,3,5.0,0,Radio Personality,38,Winner,8.0,1,Sharna Burgess,Baseline,Millennial,1,0,1,0,0,0.0,6.666666666666667,0.0,0.6153846153846154,13,0.3774877622322794,0.8333333331944445
27,2,Bobby Bones,6.5,-3.3722499999999997,3,10.0,0,Radio Personality,38,Winner,8.0,1,Sharna Burgess,Baseline,Millennial,1,0,1,0,0,-0.16666666666666696,6.583333333333334,0.11785113019775845,0.25,12,0.44306691366167916,0.8333333331944445
27,3,Bobby Bones,7.666666666666667,-0.67445,3,8.0,0,Radio Personality,38,Winner,8.0,1,Sharna Burgess,Baseline,Millennial,1,0,1,0,0,1.166666666666667,6.9444444444444455,0.6309898162000305,0.36363636363636365,11,0.50360920609646,0.8333333331944445
27,4,Bobby Bones,6.666666666666667,-3.0831999999999997,3,9.0,0,Radio Personality,38,Winner,8.0,1,Sharna Burgess,Baseline,Millennial,1,0,1,0,0,-1.0,6.875,0.5335936864527374,0.2,10,0.5768115562129592,0.8333333331944445
27,5,Bobby Bones,7.0,-4.0466999999999995,3,8.0,0,Radio Personality,38,Winner,8.0,1,Sharna Burgess,Baseline,Millennial,1,0,1,0,0,0.33333333333333304,6.9,0.4654746681256314,0.2222222222222222,9,0.5665549008476075,0.8333333331944445
27,6,Bobby Bones,7.333333333333333,-2.6978,3,7.0,0,Radio Personality,38,Winner,8.0,1,Sharna Burgess,Baseline,Millennial,1,0,1,0,0,0.33333333333333304,6.972222222222222,0.4523600663516062,0.2777777777777778,9,0.5813004297982594,0.8333333331944445
27,7,Bobby Bones,8.833333333333334,-1.3489,3,6.0,0,Radio Personality,38,Winner,8.0,1,Sharna Burgess,Baseline,Millennial,1,0,1,0,0,1.5000000000000009,7.238095238095239,0.8156861622854193,0.3125,8,0.27297298151778654,0.8333333331944445
27,8,Bobby Bones,7.5,-3.5970666666666666,3,6.0,0,Radio Personality,38,Winner,8.0,1,Sharna Burgess,Baseline,Millennial,1,0,1,0,0,-1.333333333333334,7.270833333333334,0.7608344416619477,0.16666666666666666,6,0.48179285188361864,0.8333333331944445
24,1,Bonner Bolton,5.5,-1.3489,4,9.0,0,Athlete,29,Eliminated,8.0,5,Sharna Burgess,Baseline,Millennial,1,0,1,0,0,0.0,5.5,0.0,0.3333333333333333,12,0.5077415287029913,0.8333333331944445
24,2,Bonner Bolton,7.0,0.0,4,5.0,0,Athlete,29,Eliminated,8.0,5,Sharna Burgess,Baseline,Millennial,1,0,1,0,0,1.5,6.25,1.0606601717798212,0.5833333333333334,12,0.3694657571555838,0.8333333331944445
24,3,Bonner Bolton,6.0,-2.6978,4,9.0,0,Athlete,29,Eliminated,8.0,5,Sharna Burgess,Baseline,Millennial,1,0,1,0,0,-1.0,6.166666666666667,0.7637626158259734,0.18181818181818182,11,0.44606142611441296,0.8333333331944445
24,4,Bonner Bolton,8.0,0.0,4,5.0,0,Athlete,29,Eliminated,8.0,5,Sharna Burgess,Baseline,Millennial,1,0,1,0,0,2.0,6.625,1.1086778913041726,0.55,10,0.36209665770517047,0.8333333331944445
24,5,Bonner Bolton,7.5,-2.6978,4,8.0,0,Athlete,29,Eliminated,8.0,5,Sharna Burgess,Baseline,Millennial,1,0,1,0,0,-0.5,6.8,1.036822067666386,0.2222222222222222,9,0.37835288634956515,0.8333333331944445
24,6,Bonner Bolton,7.875,-2.9975555555555555,4,6.0,0,Athlete,29,Eliminated,8.0,5,Sharna Burgess,Baseline,Millennial,1,0,1,0,0,0.375,6.979166666666667,1.0259649929050536,0.375,8,0.2673542650595688,0.8333333331944445
24,7,Bonner Bolton,7.75,-4.496333333333333,4,7.0,0,Athlete,29,Eliminated,8.0,5,Sharna Burgess,Baseline,Millennial,1,0,1,0,0,-0.125,7.089285714285714,0.9808432960613901,0.14285714285714285,7,0.4490923486826755,0.8333333331944445
24,8,Bonner Bolton,7.25,-6.294866666666666,4,5.0,0,Athlete,29,Eliminated,8.0,5,Sharna Burgess,Baseline,Millennial,1,0,1,0,0,-0.5,7.109375,0.9098604190439639,0.2,5,0.4618422361657111,0.8333333331944445
11,1,Brandy,7.666666666666667,3.37225,3,2.0,0,Singer/Rapper,31,Eliminated,9.0,4,Maksim Chmerkoskiy,Baseline,Millennial,1,0,1,0,0,0.0,7.666666666666667,0.0,0.875,12,0.49711840367327736,0.7272727271669421
11,2,Brandy,7.0,0.0,3,5.0,0,Singer/Rapper,31,Eliminated,9.0,4,Maksim Chmerkoskiy,Baseline,Millennial,1,0,1,0,0,-0.666666666666667,7.333333333333334,0.4714045207910322,0.5454545454545454,11,0.486830811549821,0.7272727271669421
11,3,Brandy,8.0,0.0,3,2.0,0,Singer/Rapper,31,Eliminated,9.0,4,Maksim Chmerkoskiy,Baseline,Millennial,1,0,1,0,0,1.0,7.555555555555556,0.5091750772173155,0.8,10,0.3899869355281724,0.7272727271669421
11,4,Brandy,8.0,2.6978,3,2.0,0,Singer/Rapper,31,Eliminated,9.0,4,Maksim Chmerkoskiy,Baseline,Millennial,1,0,1,0,0,0.0,7.666666666666667,0.47140452079103146,0.8888888888888888,9,0.6522347657141515,0.7272727271669421
11,5,Brandy,9.0,4.0466999999999995,3,1.0,0,Singer/Rapper,31,Eliminated,9.0,4,Maksim Chmerkoskiy,Baseline,Millennial,1,0,1,0,0,1.0,7.9333333333333345,0.7226494462892931,1.0,8,0.43008614613880125,0.7272727271669421
11,6,Brandy,11.999966666666666,6.070100585014618,3,1.0,0,Singer/Rapper,31,Eliminated,9.0,4,Maksim Chmerkoskiy,Baseline,Millennial,1,0,1,0,0,2.9999666666666656,8.611105555555556,1.7815804469835406,1.0,7,0.6250382784599849,0.7272727271669421
11,7,Brandy,9.125,6.7445,4,1.0,0,Singer/Rapper,31,Eliminated,9.0,4,Maksim Chmerkoskiy,Baseline,Millennial,1,0,1,0,0,-2.8749666666666656,8.684519047619048,1.637910516465136,0.9166666666666666,6,0.17753985897962493,0.7272727271669421
11,8,Brandy,9.5,1.3488999999999998,3,1.0,0,Singer/Rapper,31,Eliminated,9.0,4,Maksim Chmerkoskiy,Baseline,Millennial,1,0,1,0,0,0.375,8.786454166666667,1.543576005598533,0.9,5,0.3724655283719484,0.7272727271669421
11,9,Brandy,9.5,0.0,3,3.0,0,Singer/Rapper,31,Eliminated,9.0,4,Maksim Chmerkoskiy,Baseline,Millennial,1,0,1,0,0,0.0,8.865737037037038,1.4633422314122444,0.5,4,0.21714110395230168,0.7272727271669421
17,1,Brant Daugherty,7.333333333333333,1.07912,3,6.0,0,Actor/Actress,28,Eliminated,8.0,7,Peta Murgatroyd,Baseline,Millennial,1,0,1,0,0,0.0,7.333333333333333,0.0,0.5416666666666666,12,0.5199731865129118,0.799999999872
17,2,Brant Daugherty,7.666666666666667,-1.07912,3,7.0,0,Actor/Actress,28,Eliminated,8.0,7,Peta Murgatroyd,Baseline,Millennial,1,0,1,0,0,0.3333333333333339,7.5,0.23570226039551626,0.5,12,0.4484757246093171,0.799999999872
17,3,Brant Daugherty,9.0,4.0466999999999995,3,1.0,0,Actor/Actress,28,Eliminated,8.0,7,Peta Murgatroyd,Baseline,Millennial,1,0,1,0,0,1.333333333333333,8.0,0.881917103688197,1.0,11,0.5590854517439097,0.799999999872
17,4,Brant Daugherty,7.0,-2.0233499999999998,3,8.0,0,Actor/Actress,28,Eliminated,8.0,7,Peta Murgatroyd,Baseline,Millennial,1,0,1,0,0,-2.0,7.75,0.8766518798921945,0.25,10,0.44008948670157627,0.799999999872
17,5,Brant Daugherty,9.0,0.0,3,3.0,0,Actor/Actress,28,Eliminated,8.0,7,Peta Murgatroyd,Baseline,Millennial,1,0,1,0,0,2.0,8.0,0.9428090415820634,0.6666666666666666,9,0.2898692456016402,0.799999999872
17,6,Brant Daugherty,10.333333333333334,3.372368025799351,3,3.0,0,Actor/Actress,28,Eliminated,8.0,7,Peta Murgatroyd,Baseline,Millennial,1,0,1,0,0,1.333333333333334,8.38888888888889,1.2722100921304307,0.75,8,0.42049341849041905,0.799999999872
17,7,Brant Daugherty,9.5,4.0466999999999995,3,3.0,0,Actor/Actress,28,Eliminated,8.0,7,Peta Murgatroyd,Baseline,Millennial,1,0,1,0,0,-0.8333333333333339,8.547619047619047,1.2349624589971453,0.6875,8,0.23303861218816335,0.799999999872
17,8,Brant Daugherty,9.0,0.0,3,5.0,0,Actor/Actress,28,Eliminated,8.0,7,Peta Murgatroyd,Baseline,Millennial,1,0,1,0,0,-0.5,8.604166666666666,1.1544857303523945,0.42857142857142855,7,0.33915469425313977,0.799999999872
30,1,Brian Austin Green,6.0,0.0,4,9.0,0,Actor/Actress,48,Eliminated,4.0,13,Sharna Burgess,Baseline,GenX,1,0,0,1,0,0.0,6.0,0.0,0.36666666666666664,15,0.4260464104775318,0.8227848099911873
30,2,Brian Austin Green,5.75,-1.3489,4,13.0,0,Actor/Actress,48,Eliminated,4.0,13,Sharna Burgess,Baseline,GenX,1,0,0,1,0,-0.25,5.875,0.1767766952966369,0.2,15,0.45935864257411446,0.8227848099911873
30,3,Brian Austin Green,6.333333333333333,-2.6978,3,12.0,0,Actor/Actress,48,Eliminated,4.0,13,Sharna Burgess,Baseline,GenX,1,0,0,1,0,0.583333333333333,6.027777777777778,0.2926570486903537,0.17857142857142858,14,0.29177648852342086,0.8227848099911873
30,4,Brian Austin Green,6.5,-9.4423,4,13.0,0,Actor/Actress,48,Eliminated,4.0,13,Sharna Burgess,Baseline,GenX,1,0,0,1,0,0.16666666666666696,6.145833333333333,0.3359274061791062,0.07692307692307693,13,0.33713528172762924,0.8227848099911873
11,1,Bristol Palin,6.0,0.0,3,7.0,0,Tv Personality,19,Finalist,9.0,3,Mark Ballas,Baseline,GenZ,1,1,0,0,0,0.0,6.0,0.0,0.4583333333333333,12,0.49711840367327736,0.7499999998875
11,2,Bristol Palin,7.333333333333333,1.3489,3,3.0,0,Tv Personality,19,Finalist,9.0,3,Mark Ballas,Baseline,GenZ,1,1,0,0,0,1.333333333333333,6.666666666666666,0.9428090415820635,0.7727272727272727,11,0.486830811549821,0.7499999998875
11,3,Bristol Palin,6.333333333333333,-6.7445,3,9.0,0,Tv Personality,19,Finalist,9.0,3,Mark Ballas,Baseline,GenZ,1,1,0,0,0,-1.0,6.5555555555555545,0.693888666488711,0.2,10,0.3899869355281724,0.7499999998875
11,4,Bristol Palin,5.333333333333333,-2.098288888888889,3,8.0,0,Tv Personality,19,Finalist,9.0,3,Mark Ballas,Baseline,GenZ,1,1,0,0,0,-1.0,6.25,0.8333333333333335,0.2222222222222222,9,0.6522347657141515,0.7499999998875
11,5,Bristol Palin,6.0,-8.093399999999999,3,8.0,0,Tv Personality,19,Finalist,9.0,3,Mark Ballas,Baseline,GenZ,1,1,0,0,0,0.666666666666667,6.2,0.7302967433402215,0.125,8,0.43008614613880125,0.7499999998875
11,6,Bristol Palin,9.333266666666667,-2.023602925073123,3,6.0,0,Tv Personality,19,Finalist,9.0,3,Mark Ballas,Baseline,GenZ,1,1,0,0,0,3.333266666666667,6.722211111111111,1.4362775964534413,0.2857142857142857,7,0.6250382784599849,0.7499999998875
11,7,Bristol Palin,8.125,-4.0466999999999995,4,6.0,0,Tv Personality,19,Finalist,9.0,3,Mark Ballas,Baseline,GenZ,1,1,0,0,0,-1.2082666666666668,6.922609523809524,1.4142823074193376,0.16666666666666666,6,0.17753985897962493,0.7499999998875
11,8,Bristol Palin,7.833333333333333,-3.147433333333333,3,5.0,0,Tv Personality,19,Finalist,9.0,3,Mark Ballas,Baseline,GenZ,1,1,0,0,0,-0.29166666666666696,7.03645,1.3483803668293282,0.2,5,0.3724655283719484,0.7499999998875
11,9,Bristol Palin,8.833333333333334,-2.6978,3,4.0,0,Tv Personality,19,Finalist,9.0,3,Mark Ballas,Baseline,GenZ,1,1,0,0,0,1.0000000000000009,7.236103703703703,1.3962871569157618,0.25,4,0.21714110395230168,0.7499999998875
15,1,Bristol Palin,6.5,-2.0233499999999998,3,11.0,0,Tv Personality,21,Eliminated,4.0,9,Mark Ballas,Baseline,GenZ,1,1,0,0,0,0.0,6.5,0.0,0.23076923076923078,13,0.2944450500991418,0.8620689653686088
15,2,Bristol Palin,6.0,-9.71208,3,12.0,0,Tv Personality,21,Eliminated,4.0,9,Mark Ballas,Baseline,GenZ,1,1,0,0,0,-0.5,6.25,0.3535533905932738,0.08333333333333333,12,0.32227699063508836,0.8620689653686088
15,3,Bristol Palin,7.5,-4.0466999999999995,3,11.0,0,Tv Personality,21,Eliminated,4.0,9,Mark Ballas,Baseline,GenZ,1,1,0,0,0,1.5,6.666666666666667,0.7637626158259733,0.09090909090909091,11,0.20163019077307118,0.8620689653686088
15,4,Bristol Palin,8.0,-5.3956,4,8.0,0,Tv Personality,21,Eliminated,4.0,9,Mark Ballas,Baseline,GenZ,1,1,0,0,0,0.5,7.0,0.9128709291752767,0.2222222222222222,9,0.35325558404867186,0.8620689653686088
7,1,Brooke Burke,8.166666666666666,6.7444999999999995,3,1.0,0,Tv Personality,37,Winner,9.0,1,Derek Hough,Baseline,Millennial,1,0,1,0,0,0.0,8.166666666666666,0.0,1.0,13,0.46761395795733807,0.9999999998
7,2,Brooke Burke,8.0,4.0466999999999995,3,1.0,0,Tv Personality,37,Winner,9.0,1,Derek Hough,Baseline,Millennial,1,0,1,0,0,-0.16666666666666607,8.083333333333332,0.11785113019775688,0.9545454545454546,11,0.45446442969466816,0.9999999998
7,3,Brooke Burke,9.333333333333334,9.4423,3,1.0,0,Tv Personality,37,Winner,9.0,1,Derek Hough,Baseline,Millennial,1,0,1,0,0,1.333333333333334,8.5,0.7264831572567796,1.0,9,0.49722893583777245,0.9999999998
7,4,Brooke Burke,8.666666666666666,2.6978,3,1.0,0,Tv Personality,37,Winner,9.0,1,Derek Hough,Baseline,Millennial,1,0,1,0,0,-0.6666666666666679,8.541666666666666,0.5989960736902179,0.9444444444444444,9,0.3840516658994702,0.9999999998
7,5,Brooke Burke,9.666666666666666,3.37225,3,1.0,0,Tv Personality,37,Winner,9.0,1,Derek Hough,Baseline,Millennial,1,0,1,0,0,1.0,8.766666666666666,0.7226494462892937,1.0,8,0.48567564156210624,0.9999999998
7,6,Brooke Burke,8.666666666666666,2.6978,3,2.0,0,Tv Personality,37,Winner,9.0,1,Derek Hough,Baseline,Millennial,1,0,1,0,0,-1.0,8.75,0.6476453075908486,0.8571428571428571,7,0.5927017263992317,0.9999999998
7,7,Brooke Burke,10.0,4.0466999999999995,3,1.0,0,Tv Personality,37,Winner,9.0,1,Derek Hough,Baseline,Millennial,1,0,1,0,0,1.333333333333334,8.928571428571429,0.756803358047071,1.0,6,0.46415559278875823,0.9999999998
7,8,Brooke Burke,9.166666666666666,2.6978,3,1.0,0,Tv Personality,37,Winner,9.0,1,Derek Hough,Baseline,Millennial,1,0,1,0,0,-0.8333333333333339,8.958333333333332,0.7057023969180445,1.0,5,0.24463147698635002,0.9999999998
7,9,Brooke Burke,8.166666666666666,1.07912,3,2.0,0,Tv Personality,37,Winner,9.0,1,Derek Hough,Baseline,Millennial,1,0,1,0,0,-1.0,8.87037037037037,0.7109157717816518,0.625,4,0.34792128806784095,0.9999999998
33,1,Brooks Nader,6.0,0.0,3,8.0,0,Model,27,Eliminated,4.0,9,Gleb Savchenko,Baseline,Millennial,1,0,1,0,0,0.0,6.0,0.0,0.38461538461538464,13,0.3459611525374582,0.6111111110364198
33,2,Brooks Nader,6.666666666666667,-1.3489,3,8.0,0,Model,27,Eliminated,4.0,9,Gleb Savchenko,Baseline,Millennial,1,0,1,0,0,0.666666666666667,6.333333333333334,0.47140452079103157,0.46153846153846156,13,0.40777614797778233,0.6111111110364198
33,3,Brooks Nader,7.625,0.4496333333333333,4,5.0,0,Model,27,Eliminated,4.0,9,Gleb Savchenko,Baseline,Millennial,1,0,1,0,0,0.958333333333333,6.763888888888889,0.8168508862518115,0.6363636363636364,11,0.48023983477103066,0.6111111110364198
33,4,Brooks Nader,8.0,0.0,4,4.0,0,Model,27,Eliminated,4.0,9,Gleb Savchenko,Baseline,Millennial,1,0,1,0,0,0.375,7.072916666666667,0.9092980351164661,0.4444444444444444,9,0.24113156160144034,0.6111111110364198
10,1,Buzz Aldrin,4.666666666666667,-2.6978,3,11.0,0,Astronaut,80,Eliminated,3.0,10,Ashly Delgrosso,Baseline,Boomer,1,0,0,0,1,0.0,4.666666666666667,0.0,0.09090909090909091,11,0.49807921190792886,0.7894736840858726
10,2,Buzz Aldrin,4.0,-6.070049999999999,3,11.0,0,Astronaut,80,Eliminated,3.0,10,Ashly Delgrosso,Baseline,Boomer,1,0,0,0,1,-0.666666666666667,4.333333333333334,0.4714045207910322,0.09090909090909091,11,0.6597220325535085,0.7894736840858726
10,3,Buzz Aldrin,4.333333333333333,-10.7912,3,10.0,0,Astronaut,80,Eliminated,3.0,10,Ashly Delgrosso,Baseline,Boomer,1,0,0,0,1,0.33333333333333304,4.333333333333333,0.3333333333333337,0.1,10,0.5608715150290308,0.7894736840858726
23,1,Calvin Johnson Jr.,6.5,2.6978,4,5.0,0,Athlete,30,Finalist,11.0,3,Lindsay Arnold,Baseline,Millennial,1,0,1,0,0,0.0,6.5,0.0,0.6538461538461539,13,0.3571948801843556,0.9999999998
23,2,Calvin Johnson Jr.,7.0,0.0,4,6.0,0,Athlete,30,Finalist,11.0,3,Lindsay Arnold,Baseline,Millennial,1,0,1,0,0,0.5,6.75,0.3535533905932738,0.6153846153846154,13,0.3393969869703097,0.9999999998
23,3,Calvin Johnson Jr.,8.0,5.3956,4,1.0,0,Athlete,30,Finalist,11.0,3,Lindsay Arnold,Baseline,Millennial,1,0,1,0,0,1.0,7.166666666666667,0.7637626158259733,1.0,12,0.3351138365713949,0.9999999998
23,4,Calvin Johnson Jr.,7.666666666666667,-1.3489,3,6.0,0,Athlete,30,Finalist,11.0,3,Lindsay Arnold,Baseline,Millennial,1,0,1,0,0,-0.33333333333333304,7.291666666666667,0.6718548123582124,0.45454545454545453,11,0.47614799152396176,0.9999999998
23,5,Calvin Johnson Jr.,8.0,0.0,3,6.0,0,Athlete,30,Finalist,11.0,3,Lindsay Arnold,Baseline,Millennial,1,0,1,0,0,0.33333333333333304,7.433333333333333,0.6624868971450596,0.2777777777777778,9,0.2670765415358769,0.9999999998
23,6,Calvin Johnson Jr.,9.25,3.23736,4,3.0,0,Athlete,30,Finalist,11.0,3,Lindsay Arnold,Baseline,Millennial,1,0,1,0,0,1.25,7.736111111111112,0.9492931093226197,0.7222222222222222,9,0.47408556627827925,0.9999999998
23,7,Calvin Johnson Jr.,9.25,4.0466999999999995,4,1.0,0,Athlete,30,Finalist,11.0,3,Lindsay Arnold,Baseline,Millennial,1,0,1,0,0,0.0,7.952380952380953,1.0384474064068028,0.9375,8,0.2015012068525293,0.9999999998
23,8,Calvin Johnson Jr.,10.0,0.0,3,3.0,0,Athlete,30,Finalist,11.0,3,Lindsay Arnold,Baseline,Millennial,1,0,1,0,0,0.75,8.208333333333334,1.2035001862952486,0.6428571428571429,7,0.6690734446527706,0.9999999998
23,9,Calvin Johnson Jr.,9.25,1.3489,4,4.0,0,Athlete,30,Finalist,11.0,3,Lindsay Arnold,Baseline,Millennial,1,0,1,0,0,-0.75,8.324074074074074,1.1781020255971248,0.5,6,0.20300527052245879,0.9999999998
23,10,Calvin Johnson Jr.,9.333333333333334,-5.3956,3,5.0,0,Athlete,30,Finalist,11.0,3,Lindsay Arnold,Baseline,Millennial,1,0,1,0,0,0.08333333333333393,8.425,1.1556690649378483,0.2,5,0.12342269081606787,0.9999999998
23,11,Calvin Johnson Jr.,9.583275,-1.0791199999999999,4,3.0,0,Athlete,30,Finalist,11.0,3,Lindsay Arnold,Baseline,Millennial,1,0,1,0,0,0.2499416666666665,8.530297727272727,1.1506422614982061,0.5,4,0.1930224013992307,0.9999999998
5,1,Cameron Mathison,7.0,0.0,3,5.0,0,Actor/Actress,38,Eliminated,8.0,5,Edyta Sliwinska,Baseline,Millennial,1,0,1,0,0,0.0,7.0,0.0,0.5,12,0.43333212536664834,1.0526315787257619
5,2,Cameron Mathison,7.0,0.0,3,5.0,0,Actor/Actress,38,Eliminated,8.0,5,Edyta Sliwinska,Baseline,Millennial,1,0,1,0,0,0.0,7.0,0.0,0.45454545454545453,11,0.49926936703821634,1.0526315787257619
5,3,Cameron Mathison,7.666666666666667,-0.67445,3,7.0,0,Actor/Actress,38,Eliminated,8.0,5,Edyta Sliwinska,Baseline,Millennial,1,0,1,0,0,0.666666666666667,7.222222222222222,0.3849001794597507,0.4,10,0.48404598740959837,1.0526315787257619
5,4,Cameron Mathison,9.0,0.0,3,2.0,0,Actor/Actress,38,Eliminated,8.0,5,Edyta Sliwinska,Baseline,Millennial,1,0,1,0,0,1.333333333333333,7.666666666666667,0.9428090415820634,0.7777777777777778,9,0.3459611525374582,1.0526315787257619
5,5,Cameron Mathison,8.666666666666666,1.3489,3,3.0,0,Actor/Actress,38,Eliminated,8.0,5,Edyta Sliwinska,Baseline,Millennial,1,0,1,0,0,-0.3333333333333339,7.866666666666667,0.9309493362512625,0.6875,8,0.44211573266568344,1.0526315787257619
5,6,Cameron Mathison,8.333333333333334,-2.6978,3,4.0,0,Actor/Actress,38,Eliminated,8.0,5,Edyta Sliwinska,Baseline,Millennial,1,0,1,0,0,-0.33333333333333215,7.9444444444444455,0.854183604168114,0.5,7,0.41475381280507095,1.0526315787257619
5,7,Cameron Mathison,8.5,0.0,3,5.0,0,Actor/Actress,38,Eliminated,8.0,5,Edyta Sliwinska,Baseline,Millennial,1,0,1,0,0,0.16666666666666607,8.023809523809524,0.8075372450335662,0.3333333333333333,6,0.10431121227324179,1.0526315787257619
5,8,Cameron Mathison,8.5,0.0,3,3.0,0,Actor/Actress,38,Eliminated,8.0,5,Edyta Sliwinska,Baseline,Millennial,1,0,1,0,0,0.0,8.083333333333334,0.7663560447348132,0.6,5,0.26899351830355234,1.0526315787257619
18,1,Candace Cameron Bure,8.333333333333334,5.3956,3,2.0,0,Actor/Actress,37,Finalist,10.0,3,Mark Ballas,Baseline,Millennial,1,0,1,0,0,0.0,8.333333333333334,0.0,0.9166666666666666,12,0.4824767313646609,0.8124999998679687
18,2,Candace Cameron Bure,7.0,0.0,3,7.0,0,Actor/Actress,37,Finalist,10.0,3,Mark Ballas,Baseline,Millennial,1,0,1,0,0,-1.333333333333334,7.666666666666667,0.9428090415820638,0.3181818181818182,11,0.4367050005272007,0.8124999998679687
18,3,Candace Cameron Bure,8.0,-5.3956,4,7.0,0,Actor/Actress,37,Finalist,10.0,3,Mark Ballas,Baseline,Millennial,1,0,1,0,0,1.0,7.777777777777779,0.6938886664887112,0.3333333333333333,9,0.32309124605207246,0.8124999998679687
18,4,Candace Cameron Bure,7.0,-5.3956,4,9.0,0,Actor/Actress,37,Finalist,10.0,3,Mark Ballas,Baseline,Millennial,1,0,1,0,0,-1.0,7.583333333333334,0.6871842709362769,0.1111111111111111,9,0.33191624498489414,0.8124999998679687
18,5,Candace Cameron Bure,8.75,-5.3956,4,7.0,0,Actor/Actress,37,Finalist,10.0,3,Mark Ballas,Baseline,Millennial,1,0,1,0,0,1.75,7.816666666666667,0.7914473380389179,0.3333333333333333,9,0.3823756526858896,0.8124999998679687
18,6,Candace Cameron Bure,8.0,-5.3956,4,7.0,0,Actor/Actress,37,Finalist,10.0,3,Mark Ballas,Baseline,Millennial,1,0,1,0,0,-0.75,7.847222222222222,0.7118377363999209,0.1875,8,0.31709701677202323,0.8124999998679687
18,7,Candace Cameron Bure,9.25,1.3489,4,3.0,0,Actor/Actress,37,Finalist,10.0,3,Mark Ballas,Baseline,Millennial,1,0,1,0,0,1.25,8.047619047619047,0.8386733666171927,0.7142857142857143,7,0.2135697698452491,0.8124999998679687
18,8,Candace Cameron Bure,9.0,-2.6978,4,4.0,0,Actor/Actress,37,Finalist,10.0,3,Mark Ballas,Baseline,Millennial,1,0,1,0,0,-0.25,8.166666666666666,0.8463272660560107,0.3333333333333333,6,0.21755828225034984,0.8124999998679687
18,9,Candace Cameron Bure,9.0,-5.3956,4,5.0,0,Actor/Actress,37,Finalist,10.0,3,Mark Ballas,Baseline,Millennial,1,0,1,0,0,0.0,8.25925925925926,0.8389854616966088,0.2,5,0.1641037835932963,0.8124999998679687
18,10,Candace Cameron Bure,8.6666,-6.665186546198921,3,4.0,0,Actor/Actress,37,Finalist,10.0,3,Mark Ballas,Baseline,Millennial,1,0,1,0,0,-0.33339999999999925,8.299993333333333,0.8014228091107485,0.25,4,0.2693429607887732,0.8124999998679687
21,1,Carlos Penavega,7.666666666666667,0.8992666666666665,3,3.0,0,Actor/Actress,26,Eliminated,11.0,4,Witney Carson,Baseline,Millennial,1,0,1,0,0,0.0,7.666666666666667,0.0,0.8076923076923077,13,0.6601447958346751,0.9999999998
21,2,Carlos Penavega,7.5,0.0,3,4.0,0,Actor/Actress,26,Eliminated,11.0,4,Witney Carson,Baseline,Millennial,1,0,1,0,0,-0.16666666666666696,7.583333333333334,0.11785113019775845,0.6538461538461539,13,0.446165184304094,0.9999999998
21,3,Carlos Penavega,7.75,-1.07912,4,6.0,0,Actor/Actress,26,Eliminated,11.0,4,Witney Carson,Baseline,Millennial,1,0,1,0,0,0.25,7.638888888888889,0.12729376930432887,0.5,10,0.545144606709089,0.9999999998
21,4,Carlos Penavega,8.333333333333334,0.67445,3,5.0,0,Actor/Actress,26,Eliminated,11.0,4,Witney Carson,Baseline,Millennial,1,0,1,0,0,0.5833333333333339,7.8125,0.3624441208527749,0.6,10,0.6070398743083226,0.9999999998
21,5,Carlos Penavega,9.75,2.0233499999999998,4,2.0,0,Actor/Actress,26,Eliminated,11.0,4,Witney Carson,Baseline,Millennial,1,0,1,0,0,1.416666666666666,8.2,0.9215777533966172,0.8888888888888888,9,0.556258550366338,0.9999999998
21,6,Carlos Penavega,9.5,1.3489,4,5.0,0,Actor/Actress,26,Eliminated,11.0,4,Witney Carson,Baseline,Millennial,1,0,1,0,0,-0.25,8.416666666666666,0.9803627446568499,0.5555555555555556,9,0.654027973633366,0.9999999998
21,7,Carlos Penavega,9.333333333333334,2.6978,3,2.0,0,Actor/Actress,26,Eliminated,11.0,4,Witney Carson,Baseline,Millennial,1,0,1,0,0,-0.16666666666666607,8.547619047619047,0.9596695308623742,0.75,8,0.11662348072918957,0.9999999998
21,8,Carlos Penavega,9.6666,2.6975302200000026,3,2.0,0,Actor/Actress,26,Eliminated,11.0,4,Witney Carson,Baseline,Millennial,1,0,1,0,0,0.3332666666666668,8.687491666666666,0.9725810451805266,0.8571428571428571,7,0.43189472916258315,0.9999999998
21,9,Carlos Penavega,9.0,0.0,3,4.0,0,Actor/Actress,26,Eliminated,11.0,4,Witney Carson,Baseline,Millennial,1,0,1,0,0,-0.6666000000000007,8.722214814814814,0.9157106128137612,0.5,6,0.33450140748703683,0.9999999998
21,10,Carlos Penavega,10.5,2.6978,3,1.0,0,Actor/Actress,26,Eliminated,11.0,4,Witney Carson,Baseline,Millennial,1,0,1,0,0,1.5,8.899993333333333,1.0302467643754936,0.875,4,0.3319162449848941,0.9999999998
21,11,Carlos Penavega,10.0,0.0,3,1.0,0,Actor/Actress,26,Eliminated,11.0,4,Witney Carson,Baseline,Millennial,1,0,1,0,0,-0.5,8.999993939393939,1.032118641093615,0.75,4,0.14752570702095252,0.9999999998
29,1,Carole Baskin,3.6666666666666665,-9.4423,3,15.0,0,Tv Personality,59,Eliminated,3.0,14,Pasha Pashkov,Baseline,GenX,1,0,0,1,0,0.0,3.6666666666666665,0.0,0.06666666666666667,15,0.4586531304965921,0.7142857141836735
29,2,Carole Baskin,5.333333333333333,-2.6978,3,12.0,0,Tv Personality,59,Eliminated,3.0,14,Pasha Pashkov,Baseline,GenX,1,0,0,1,0,1.6666666666666665,4.5,1.1785113019775788,0.23333333333333334,15,0.31639157203440565,0.7142857141836735
29,3,Carole Baskin,4.0,-6.937199999999999,3,14.0,0,Tv Personality,59,Eliminated,3.0,14,Pasha Pashkov,Baseline,GenX,1,0,0,1,0,-1.333333333333333,4.333333333333333,0.8819171036881966,0.07142857142857142,14,0.5059628499334231,0.7142857141836735
13,1,Carson Kressley,5.666666666666667,-0.67445,3,7.0,0,Tv Personality,41,Eliminated,5.0,8,Anna Trebunskaya,Baseline,GenX,1,0,0,1,0,0.0,5.666666666666667,0.0,0.4583333333333333,12,0.4001000815088156,0.6999999999019999
13,2,Carson Kressley,6.0,-4.0466999999999995,3,9.0,0,Tv Personality,41,Eliminated,5.0,8,Anna Trebunskaya,Baseline,GenX,1,0,0,1,0,0.33333333333333304,5.833333333333334,0.2357022603955153,0.22727272727272727,11,0.2882533034576482,0.6999999999019999
13,3,Carson Kressley,7.666666666666667,-1.0,3,8.0,0,Tv Personality,41,Eliminated,5.0,8,Anna Trebunskaya,Baseline,GenX,1,0,0,1,0,1.666666666666667,6.4444444444444455,1.0715167512214394,0.3,10,0.38749895520066063,0.6999999999019999
13,4,Carson Kressley,6.666666666666667,-5.3956,3,9.0,0,Tv Personality,41,Eliminated,5.0,8,Anna Trebunskaya,Baseline,GenX,1,0,0,1,0,-1.0,6.5,0.8819171036881968,0.1111111111111111,9,0.42867833173589376,0.6999999999019999
13,5,Carson Kressley,6.333333333333333,-6.7445,3,8.0,0,Tv Personality,41,Eliminated,5.0,8,Anna Trebunskaya,Baseline,GenX,1,0,0,1,0,-0.3333333333333339,6.466666666666667,0.7673909622147558,0.125,8,0.4097263080640605,0.6999999999019999
10,1,Chad Ochocinco,6.0,0.0,3,6.0,0,Athlete,32,Eliminated,9.0,4,Cheryl Burke,Baseline,Millennial,1,0,1,0,0,0.0,6.0,0.0,0.45454545454545453,11,0.49807921190792886,1.0256410254306376
10,2,Chad Ochocinco,5.333333333333333,-3.37225,3,9.0,0,Athlete,32,Eliminated,9.0,4,Cheryl Burke,Baseline,Millennial,1,0,1,0,0,-0.666666666666667,5.666666666666666,0.47140452079103157,0.2727272727272727,11,0.6597220325535085,1.0256410254306376
10,3,Chad Ochocinco,6.666666666666667,-1.3489,3,7.0,0,Athlete,32,Eliminated,9.0,4,Cheryl Burke,Baseline,Millennial,1,0,1,0,0,1.333333333333334,6.0,0.666666666666667,0.35,10,0.5608715150290308,1.0256410254306376
10,4,Chad Ochocinco,7.333333333333333,1.6861249999999999,3,4.0,0,Athlete,32,Eliminated,9.0,4,Cheryl Burke,Baseline,Millennial,1,0,1,0,0,0.6666666666666661,6.333333333333333,0.8606629658238705,0.6666666666666666,9,0.5404812987363725,1.0256410254306376
10,5,Chad Ochocinco,6.0,-1.7985333333333333,3,6.0,0,Athlete,32,Eliminated,9.0,4,Cheryl Burke,Baseline,Millennial,1,0,1,0,0,-1.333333333333333,6.266666666666667,0.7601169500660921,0.3125,8,0.6961217507010304,1.0256410254306376
10,6,Chad Ochocinco,10.3333,1.6187285594288094,3,3.0,0,Athlete,32,Eliminated,9.0,4,Cheryl Burke,Baseline,Millennial,1,0,1,0,0,4.3332999999999995,6.9444388888888895,1.7940104050753214,0.7142857142857143,7,0.6107868872008763,1.0256410254306376
10,7,Chad Ochocinco,8.666666666666666,1.3489,3,3.0,0,Athlete,32,Eliminated,9.0,4,Cheryl Burke,Baseline,Millennial,1,0,1,0,0,-1.6666333333333334,7.190471428571429,1.7623238026378454,0.6666666666666666,6,0.14315106692280277,1.0256410254306376
10,8,Chad Ochocinco,7.5,-2.6977999999999995,3,4.0,0,Athlete,32,Eliminated,9.0,4,Cheryl Burke,Baseline,Millennial,1,0,1,0,0,-1.166666666666666,7.2291625,1.635260706891708,0.4,5,0.4825450660058031,1.0256410254306376
10,9,Chad Ochocinco,8.666666666666666,-3.37225,3,4.0,0,Athlete,32,Eliminated,9.0,4,Cheryl Burke,Baseline,Millennial,1,0,1,0,0,1.166666666666666,7.388885185185185,1.602941018107299,0.25,4,0.24463147698635032,1.0256410254306376
21,1,Chaka Khan,4.333333333333333,-3.5970666666666666,3,12.0,0,Singer/Rapper,62,Eliminated,2.0,13,Keo Motsepe,Baseline,Boomer,1,0,0,0,1,0.0,4.333333333333333,0.0,0.15384615384615385,13,0.6601447958346751,0.41666666663194446
21,2,Chaka Khan,5.0,-6.7445,3,13.0,0,Singer/Rapper,62,Eliminated,2.0,13,Keo Motsepe,Baseline,Boomer,1,0,0,0,1,0.666666666666667,4.666666666666666,0.4714045207910322,0.07692307692307693,13,0.446165184304094,0.41666666663194446
33,1,Chandler Kinney,7.666666666666667,6.7445,3,1.0,0,Actor/Actress,24,Finalist,7.0,3,Brandon Armstrong,Baseline,GenZ,1,1,0,0,0,0.0,7.666666666666667,0.0,1.0,13,0.3459611525374582,0.5172413792568371
33,2,Chandler Kinney,8.0,4.0466999999999995,3,1.0,0,Actor/Actress,24,Finalist,7.0,3,Brandon Armstrong,Baseline,GenZ,1,1,0,0,0,0.33333333333333304,7.833333333333334,0.2357022603955153,1.0,13,0.40777614797778233,0.5172413792568371
33,3,Chandler Kinney,8.625,4.0466999999999995,4,2.0,0,Actor/Actress,24,Finalist,7.0,3,Brandon Armstrong,Baseline,GenZ,1,1,0,0,0,0.625,8.097222222222223,0.48650777467047135,0.9090909090909091,11,0.48023983477103066,0.5172413792568371
33,4,Chandler Kinney,8.0,0.0,4,4.0,0,Actor/Actress,24,Finalist,7.0,3,Brandon Armstrong,Baseline,GenZ,1,1,0,0,0,-0.625,8.072916666666668,0.40019526483955253,0.4444444444444444,9,0.24113156160144034,0.5172413792568371
33,5,Chandler Kinney,9.0,4.0466999999999995,3,1.0,0,Actor/Actress,24,Finalist,7.0,3,Brandon Armstrong,Baseline,GenZ,1,1,0,0,0,1.0,8.258333333333335,0.5403830945624484,1.0,8,0.16727006482522272,0.5172413792568371
33,6,Chandler Kinney,10.666666666666666,1.3489,3,1.0,0,Actor/Actress,24,Finalist,7.0,3,Brandon Armstrong,Baseline,GenZ,1,1,0,0,0,1.666666666666666,8.659722222222223,1.0955771774967977,0.9285714285714286,7,0.4330874815477384,0.5172413792568371
33,7,Chandler Kinney,10.0,5.781,3,1.0,0,Actor/Actress,24,Finalist,7.0,3,Brandon Armstrong,Baseline,GenZ,1,1,0,0,0,-0.6666666666666661,8.851190476190476,1.121098466900553,1.0,6,0.3011205324272617,0.5172413792568371
32,1,Charity Lawson,7.333333333333333,4.2394,3,1.0,0,Tv Personality,27,Active,,4,Artem Chigvintsev,Baseline,Millennial,1,0,1,0,0,0.0,7.333333333333333,0.0,1.0,14,0.5167192700762964,0.6470588234456747
32,2,Charity Lawson,7.0,2.0233499999999998,3,3.0,0,Tv Personality,27,Active,,4,Artem Chigvintsev,Baseline,Millennial,1,0,1,0,0,-0.33333333333333304,7.166666666666666,0.2357022603955153,0.8076923076923077,13,0.5399540890069909,0.6470588234456747
32,3,Charity Lawson,8.0,4.0466999999999995,4,3.0,0,Tv Personality,27,Active,,4,Artem Chigvintsev,Baseline,Millennial,1,0,1,0,0,1.0,7.444444444444444,0.5091750772173159,0.7916666666666666,12,0.538842474800634,0.6470588234456747
32,4,Charity Lawson,8.0,4.0466999999999995,3,3.0,0,Tv Personality,27,Active,,4,Artem Chigvintsev,Baseline,Millennial,1,0,1,0,0,0.0,7.583333333333333,0.5000000000000003,0.7727272727272727,11,0.4316930922346303,0.6470588234456747
32,5,Charity Lawson,9.333333333333334,3.0831999999999997,3,1.0,0,Tv Personality,27,Active,,4,Artem Chigvintsev,Baseline,Millennial,1,0,1,0,0,1.333333333333334,7.933333333333333,0.8944271909999163,0.95,10,0.4664939229167582,0.6470588234456747
32,6,Charity Lawson,9.5,1.5415999999999999,4,4.0,0,Tv Personality,27,Active,,4,Artem Chigvintsev,Baseline,Millennial,1,0,1,0,0,0.16666666666666607,8.194444444444445,1.0242431713582838,0.6666666666666666,9,0.5153253660800832,0.6470588234456747
32,7,Charity Lawson,9.0,0.0,4,4.0,0,Tv Personality,27,Active,,4,Artem Chigvintsev,Baseline,Millennial,1,0,1,0,0,-0.5,8.309523809523808,0.9833266074561479,0.5625,8,0.21729018814696918,0.6470588234456747
32,8,Charity Lawson,9.75,3.77692,4,3.0,0,Tv Personality,27,Active,,4,Artem Chigvintsev,Baseline,Millennial,1,0,1,0,0,0.75,8.489583333333334,1.0431537004953502,0.7142857142857143,7,0.5245279148293601,0.6470588234456747
32,9,Charity Lawson,9.5,1.2332800000000002,4,3.0,0,Tv Personality,27,Active,,4,Artem Chigvintsev,Baseline,Millennial,1,0,1,0,0,-0.25,8.601851851851853,1.0322724542256692,0.6666666666666666,6,0.5572357290736578,0.6470588234456747
32,10,Charity Lawson,9.833333333333334,2.4525454545454544,3,1.0,0,Tv Personality,27,Active,,4,Artem Chigvintsev,Baseline,Millennial,1,0,1,0,0,0.3333333333333339,8.725,1.0482569306198706,1.0,2,0.41724484909296705,0.6470588234456747
32,11,Charity Lawson,9.833333333333334,2.6978,3,1.0,0,Tv Personality,27,Active,,4,Artem Chigvintsev,Baseline,Millennial,1,0,1,0,0,0.0,8.825757575757576,1.0491097717261586,1.0,2,0.3129336368197254,0.6470588234456747
29,1,Charles Oakley,4.0,-8.093399999999999,3,14.0,0,Athlete,56,Eliminated,2.0,15,Emma Slater,Baseline,GenX,1,0,0,1,0,0.0,4.0,0.0,0.13333333333333333,15,0.4586531304965921,0.6874999999054687
29,2,Charles Oakley,5.0,-4.0466999999999995,3,14.0,0,Athlete,56,Eliminated,2.0,15,Emma Slater,Baseline,GenX,1,0,0,1,0,1.0,4.5,0.7071067811865476,0.1,15,0.31639157203440565,0.6874999999054687
31,1,Charli D'Amelio,8.0,5.3956,4,1.0,0,Social Media Personality,18,Winner,9.0,1,Mark Ballas,Baseline,GenZ,1,1,0,0,0,0.0,8.0,0.0,1.0,16,0.4962325678954129,0.9313725488461169
31,2,Charli D'Amelio,8.0,4.31648,4,1.0,0,Social Media Personality,18,Winner,9.0,1,Mark Ballas,Baseline,GenZ,1,1,0,0,0,0.0,8.0,0.0,0.9333333333333333,15,0.3666293746095938,0.9313725488461169
31,3,Charli D'Amelio,8.25,5.3956,4,1.0,0,Social Media Personality,18,Winner,9.0,1,Mark Ballas,Baseline,GenZ,1,1,0,0,0,0.25,8.083333333333334,0.14433756729740618,0.9285714285714286,14,0.37876251151361706,0.9313725488461169
31,4,Charli D'Amelio,9.0,2.6978,4,1.0,0,Social Media Personality,18,Winner,9.0,1,Mark Ballas,Baseline,GenZ,1,1,0,0,0,0.75,8.3125,0.47324236215002263,0.9230769230769231,13,0.3953571721926616,0.9313725488461169
31,5,Charli D'Amelio,10.5,4.85604,4,1.0,0,Social Media Personality,18,Winner,9.0,1,Mark Ballas,Baseline,GenZ,1,1,0,0,0,1.5,8.75,1.0606601717798212,1.0,12,0.37602750171537164,0.9313725488461169
31,6,Charli D'Amelio,10.0,5.3956,4,1.0,0,Social Media Personality,18,Winner,9.0,1,Mark Ballas,Baseline,GenZ,1,1,0,0,0,-0.5,8.958333333333334,1.077226376703925,1.0,10,0.35084095845467406,0.9313725488461169
31,7,Charli D'Amelio,9.75,4.0466999999999995,4,1.0,0,Social Media Personality,18,Winner,9.0,1,Mark Ballas,Baseline,GenZ,1,1,0,0,0,-0.25,9.071428571428571,1.0278850222897593,0.9444444444444444,9,0.2653023984663571,0.9313725488461169
31,8,Charli D'Amelio,11.25,2.9975555555555555,4,1.0,0,Social Media Personality,18,Winner,9.0,1,Mark Ballas,Baseline,GenZ,1,1,0,0,0,1.5,9.34375,1.224289152353899,0.9375,8,0.5876811811507717,0.9313725488461169
31,9,Charli D'Amelio,10.0,4.796088888888889,4,1.0,0,Social Media Personality,18,Winner,9.0,1,Mark Ballas,Baseline,GenZ,1,1,0,0,0,-1.25,9.416666666666666,1.165922381636102,0.9166666666666666,6,0.32944843197985524,0.9313725488461169
18,1,Charlie White,9.0,8.093399999999999,3,1.0,0,Athlete,26,Eliminated,9.0,5,Sharna Burgess,Baseline,Millennial,1,0,1,0,0,0.0,9.0,0.0,1.0,12,0.4824767313646609,0.5263157894182825
18,2,Charlie White,8.333333333333334,5.3956,3,1.0,0,Athlete,26,Eliminated,9.0,5,Sharna Burgess,Baseline,Millennial,1,0,1,0,0,-0.6666666666666661,8.666666666666668,0.4714045207910319,0.9090909090909091,11,0.4367050005272007,0.5263157894182825
18,3,Charlie White,9.0,0.0,4,2.0,0,Athlete,26,Eliminated,9.0,5,Sharna Burgess,Baseline,Millennial,1,0,1,0,0,0.6666666666666661,8.777777777777779,0.3849001794597503,0.7222222222222222,9,0.32309124605207246,0.5263157894182825
18,4,Charlie White,8.25,1.3489,4,4.0,0,Athlete,26,Eliminated,9.0,5,Sharna Burgess,Baseline,Millennial,1,0,1,0,0,-0.75,8.645833333333334,0.41036907507483783,0.6111111111111112,9,0.33191624498489414,0.5263157894182825
18,5,Charlie White,9.25,5.3956,4,3.0,0,Athlete,26,Eliminated,9.0,5,Sharna Burgess,Baseline,Millennial,1,0,1,0,0,1.0,8.766666666666667,0.44643650786596234,0.7222222222222222,9,0.3823756526858896,0.5263157894182825
18,6,Charlie White,9.0,0.0,4,3.0,0,Athlete,26,Eliminated,9.0,5,Sharna Burgess,Baseline,Millennial,1,0,1,0,0,-0.25,8.805555555555555,0.41051007115358124,0.6875,8,0.31709701677202323,0.5263157894182825
18,7,Charlie White,8.875,-0.67445,4,5.0,0,Athlete,26,Eliminated,9.0,5,Sharna Burgess,Baseline,Millennial,1,0,1,0,0,-0.125,8.815476190476192,0.37566079346403924,0.42857142857142855,7,0.2135697698452491,0.5263157894182825
18,8,Charlie White,10.0,2.6978,4,1.0,0,Athlete,26,Eliminated,9.0,5,Sharna Burgess,Baseline,Millennial,1,0,1,0,0,1.125,8.963541666666666,0.5443785137841507,0.9166666666666666,6,0.21755828225034984,0.5263157894182825
18,9,Charlie White,9.5,0.0,4,3.0,0,Athlete,26,Eliminated,9.0,5,Sharna Burgess,Baseline,Millennial,1,0,1,0,0,-0.5,9.023148148148147,0.539704422992373,0.5,5,0.1641037835932963,0.5263157894182825
20,1,Charlotte Mckinney,5.5,-8.093399999999999,4,11.0,0,Model,21,Eliminated,3.0,11,Keo Motsepe,Baseline,GenZ,1,1,0,0,0,0.0,5.5,0.0,0.125,12,0.35460930964766507,0.3846153845857988
20,2,Charlotte Mckinney,6.5,-2.6978,4,11.0,0,Model,21,Eliminated,3.0,11,Keo Motsepe,Baseline,GenZ,1,1,0,0,0,1.0,6.0,0.7071067811865476,0.16666666666666666,12,0.3903364158374489,0.3846153845857988
20,3,Charlotte Mckinney,5.5,-4.0466999999999995,4,10.0,0,Model,21,Eliminated,3.0,11,Keo Motsepe,Baseline,GenZ,1,1,0,0,0,-1.0,5.833333333333333,0.5773502691896257,0.13636363636363635,11,0.5102920942332644,0.3846153845857988
24,1,Charo,5.25,-2.0233499999999998,4,10.0,0,Actor/Actress,66,Eliminated,3.0,11,Keo Motsepe,Baseline,Boomer,1,0,0,0,1,0.0,5.25,0.0,0.25,12,0.5077415287029913,0.4651162790265008
24,2,Charo,6.25,-2.0233499999999998,4,9.0,0,Actor/Actress,66,Eliminated,3.0,11,Keo Motsepe,Baseline,Boomer,1,0,0,0,1,1.0,5.75,0.7071067811865476,0.2916666666666667,12,0.3694657571555838,0.4651162790265008
24,3,Charo,6.0,-2.6978,4,9.0,0,Actor/Actress,66,Eliminated,3.0,11,Keo Motsepe,Baseline,Boomer,1,0,0,0,1,-0.25,5.833333333333333,0.5204164998665333,0.18181818181818182,11,0.44606142611441296,0.4651162790265008
13,1,Chaz Bono,5.666666666666667,-0.67445,3,7.0,0,Tv Personality,42,Eliminated,6.0,7,Lacey Schwimmer,Baseline,GenX,1,0,0,1,0,0.0,5.666666666666667,0.0,0.4583333333333333,12,0.4001000815088156,0.8333333331944445
13,2,Chaz Bono,5.666666666666667,-5.3956,3,11.0,0,Tv Personality,42,Eliminated,6.0,7,Lacey Schwimmer,Baseline,GenX,1,0,0,1,0,0.0,5.666666666666667,0.0,0.09090909090909091,11,0.2882533034576482,0.8333333331944445
13,3,Chaz Bono,6.0,-6.0,3,10.0,0,Tv Personality,42,Eliminated,6.0,7,Lacey Schwimmer,Baseline,GenX,1,0,0,1,0,0.33333333333333304,5.777777777777779,0.1924500897298752,0.1,10,0.38749895520066063,0.8333333331944445
13,4,Chaz Bono,7.0,-4.0466999999999995,3,6.0,0,Tv Personality,42,Eliminated,6.0,7,Lacey Schwimmer,Baseline,GenX,1,0,0,1,0,1.0,6.083333333333334,0.6309898162000305,0.3333333333333333,9,0.42867833173589376,0.8333333331944445
13,5,Chaz Bono,7.0,-4.0466999999999995,3,7.0,0,Tv Personality,42,Eliminated,6.0,7,Lacey Schwimmer,Baseline,GenX,1,0,0,1,0,0.0,6.2666666666666675,0.6831300510639734,0.25,8,0.4097263080640605,0.8333333331944445
13,6,Chaz Bono,6.333333333333333,-3.37225,3,7.0,0,Tv Personality,42,Eliminated,6.0,7,Lacey Schwimmer,Baseline,GenX,1,0,0,1,0,-0.666666666666667,6.277777777777778,0.6116159530899061,0.14285714285714285,7,0.5883145326532028,0.8333333331944445
12,1,Chelsea Kane,7.0,4.0466999999999995,3,3.0,0,Actor/Actress,22,Finalist,9.0,3,Mark Ballas,Baseline,GenZ,1,1,0,0,0,0.0,7.0,0.0,0.7727272727272727,11,0.50164120636026,0.8139534882395889
12,2,Chelsea Kane,6.0,0.0,3,7.0,0,Actor/Actress,22,Finalist,9.0,3,Mark Ballas,Baseline,GenZ,1,1,0,0,0,-1.0,6.5,0.7071067811865476,0.4090909090909091,11,0.3689299109603921,0.8139534882395889
12,3,Chelsea Kane,7.666666666666667,2.6978,3,3.0,0,Actor/Actress,22,Finalist,9.0,3,Mark Ballas,Baseline,GenZ,1,1,0,0,0,1.666666666666667,6.888888888888889,0.8388704928078611,0.75,10,0.42980495215899384,0.8139534882395889
12,4,Chelsea Kane,8.666666666666666,2.6978,3,1.0,0,Actor/Actress,22,Finalist,9.0,3,Mark Ballas,Baseline,GenZ,1,1,0,0,0,0.9999999999999991,7.333333333333333,1.1221672153735638,1.0,9,0.35713792233437924,0.8139534882395889
12,5,Chelsea Kane,8.666666666666666,1.3489,3,2.0,0,Actor/Actress,22,Finalist,9.0,3,Mark Ballas,Baseline,GenZ,1,1,0,0,0,0.0,7.6,1.1401754250991374,0.75,8,0.32271516485598767,0.8139534882395889
12,6,Chelsea Kane,9.333333333333334,1.3489,3,1.0,0,Actor/Actress,22,Finalist,9.0,3,Mark Ballas,Baseline,GenZ,1,1,0,0,0,0.6666666666666679,7.888888888888888,1.2412657816683499,0.9285714285714286,7,0.3267043789129004,0.8139534882395889
12,7,Chelsea Kane,8.0,0.0,4,3.0,0,Actor/Actress,22,Finalist,9.0,3,Mark Ballas,Baseline,GenZ,1,1,0,0,0,-1.333333333333334,7.904761904761904,1.1338934190276813,0.6666666666666666,6,0.15808827952431234,0.8139534882395889
12,8,Chelsea Kane,9.166666666666666,1.3489,3,1.0,0,Actor/Actress,22,Finalist,9.0,3,Mark Ballas,Baseline,GenZ,1,1,0,0,0,1.166666666666666,8.0625,1.1406538781949889,1.0,5,0.2607780306831043,0.8139534882395889
12,9,Chelsea Kane,12.166666666666666,6.166399999999999,3,1.0,0,Actor/Actress,22,Finalist,9.0,3,Mark Ballas,Baseline,GenZ,1,1,0,0,0,3.0,8.518518518518517,1.7349440521807984,1.0,4,0.7883954318505385,0.8139534882395889
31,1,Cheryl Ladd,5.25,-2.0233499999999998,4,10.0,0,Actor/Actress,71,Eliminated,3.0,14,Louis Van Amstel,Baseline,Boomer,1,0,0,0,1,0.0,5.25,0.0,0.40625,16,0.4962325678954129,0.7936507935248174
31,2,Cheryl Ladd,5.25,-7.553840000000001,4,15.0,0,Actor/Actress,71,Eliminated,3.0,14,Louis Van Amstel,Baseline,Boomer,1,0,0,0,1,0.0,5.25,0.0,0.06666666666666667,15,0.3666293746095938,0.7936507935248174
31,3,Cheryl Ladd,6.0,-4.31648,4,13.0,0,Actor/Actress,71,Eliminated,3.0,14,Louis Van Amstel,Baseline,Boomer,1,0,0,0,1,0.75,5.5,0.4330127018922193,0.14285714285714285,14,0.37876251151361706,0.7936507935248174
12,1,Chris Jericho,6.333333333333333,1.3489,3,5.0,0,Athlete,40,Eliminated,6.0,7,Cheryl Burke,Baseline,Millennial,1,0,1,0,0,0.0,6.333333333333333,0.0,0.5909090909090909,11,0.50164120636026,1.0204081630570594
12,2,Chris Jericho,7.666666666666667,6.7445,3,1.0,0,Athlete,40,Eliminated,6.0,7,Cheryl Burke,Baseline,Millennial,1,0,1,0,0,1.333333333333334,7.0,0.9428090415820638,0.9090909090909091,11,0.3689299109603921,1.0204081630570594
12,3,Chris Jericho,7.0,0.0,3,5.0,0,Athlete,40,Eliminated,6.0,7,Cheryl Burke,Baseline,Millennial,1,0,1,0,0,-0.666666666666667,7.0,0.666666666666667,0.5,10,0.42980495215899384,1.0204081630570594
12,4,Chris Jericho,7.666666666666667,-1.3489,3,4.0,0,Athlete,40,Eliminated,6.0,7,Cheryl Burke,Baseline,Millennial,1,0,1,0,0,0.666666666666667,7.166666666666667,0.6382847385042256,0.5555555555555556,9,0.35713792233437924,1.0204081630570594
12,5,Chris Jericho,8.666666666666666,1.3489,3,2.0,0,Athlete,40,Eliminated,6.0,7,Cheryl Burke,Baseline,Millennial,1,0,1,0,0,0.9999999999999991,7.466666666666666,0.869226987360353,0.75,8,0.32271516485598767,1.0204081630570594
12,6,Chris Jericho,7.333333333333333,-6.7445,3,7.0,0,Athlete,40,Eliminated,6.0,7,Cheryl Burke,Baseline,Millennial,1,0,1,0,0,-1.333333333333333,7.444444444444444,0.7793634629666747,0.14285714285714285,7,0.3267043789129004,1.0204081630570594
24,1,Chris Kattan,4.25,-4.72115,4,12.0,0,Comedian,46,Eliminated,2.0,12,Witney Carson,Baseline,GenX,1,0,0,1,0,0.0,4.25,0.0,0.08333333333333333,12,0.5077415287029913,0.8333333331944445
24,2,Chris Kattan,5.5,-4.0466999999999995,4,11.0,0,Comedian,46,Eliminated,2.0,12,Witney Carson,Baseline,GenX,1,0,0,1,0,1.25,4.875,0.8838834764831844,0.125,12,0.3694657571555838,0.8333333331944445
26,1,Chris Mazdzer,7.0,0.0,3,5.0,0,Athlete,29,Eliminated,3.0,5,Witney Carson,Baseline,Millennial,1,0,1,0,0,0.0,7.0,0.0,0.55,10,0.3679753688408884,0.7843137253671665
26,2,Chris Mazdzer,8.25,0.0,4,4.0,0,Athlete,29,Eliminated,3.0,5,Witney Carson,Baseline,Millennial,1,0,1,0,0,1.25,7.625,0.8838834764831844,0.5625,8,0.29927657257065027,0.7843137253671665
26,3,Chris Mazdzer,8.25,-2.6978,4,5.0,0,Athlete,29,Eliminated,3.0,5,Witney Carson,Baseline,Millennial,1,0,1,0,0,0.0,7.833333333333333,0.7216878364870323,0.3333333333333333,6,0.45572779556481996,0.7843137253671665
20,1,Chris Soules,6.5,-2.6978,4,5.0,0,Tv Personality,33,Eliminated,8.0,5,Witney Carson,Baseline,Millennial,1,0,1,0,0,0.0,6.5,0.0,0.5833333333333334,12,0.35460930964766507,0.9999999998
20,2,Chris Soules,5.25,-9.4423,4,12.0,0,Tv Personality,33,Eliminated,8.0,5,Witney Carson,Baseline,Millennial,1,0,1,0,0,-1.25,5.875,0.8838834764831844,0.08333333333333333,12,0.3903364158374489,0.9999999998
20,3,Chris Soules,7.0,0.0,4,7.0,0,Tv Personality,33,Eliminated,8.0,5,Witney Carson,Baseline,Millennial,1,0,1,0,0,1.75,6.25,0.9013878188659973,0.45454545454545453,11,0.5102920942332644,0.9999999998
20,4,Chris Soules,6.75,-3.37225,4,10.0,0,Tv Personality,33,Eliminated,8.0,5,Witney Carson,Baseline,Millennial,1,0,1,0,0,-0.25,6.375,0.7772815877574012,0.1,10,0.4180589861580331,0.9999999998
20,5,Chris Soules,6.75,-0.67445,4,7.0,0,Tv Personality,33,Eliminated,8.0,5,Witney Carson,Baseline,Millennial,1,0,1,0,0,0.0,6.45,0.6937218462755803,0.2777777777777778,9,0.6406334904348918,0.9999999998
20,6,Chris Soules,8.75,2.220446049250313e-16,4,5.0,0,Tv Personality,33,Eliminated,8.0,5,Witney Carson,Baseline,Millennial,1,0,1,0,0,2.0,6.833333333333333,1.1254628677422753,0.5,8,0.17178297693773606,0.9999999998
20,7,Chris Soules,7.75,-6.043072,4,6.0,0,Tv Personality,33,Eliminated,8.0,5,Witney Carson,Baseline,Millennial,1,0,1,0,0,-1.0,6.964285714285714,1.0842486975298784,0.21428571428571427,7,0.42713953969049817,0.9999999998
20,8,Chris Soules,8.0,-2.0233499999999998,4,4.0,0,Tv Personality,33,Eliminated,8.0,5,Witney Carson,Baseline,Millennial,1,0,1,0,0,0.25,7.09375,1.0685228455342315,0.5,6,0.461179145750284,0.9999999998
29,1,Chrishell Stause,4.333333333333333,-6.7445,3,13.0,0,Actor/Actress,39,Eliminated,8.0,8,Gleb Savchenko,Baseline,Millennial,1,0,1,0,0,0.0,4.333333333333333,0.0,0.2,15,0.4586531304965921,0.6140350876438905
29,2,Chrishell Stause,6.0,0.0,3,6.0,0,Actor/Actress,39,Eliminated,8.0,8,Gleb Savchenko,Baseline,Millennial,1,0,1,0,0,1.666666666666667,5.166666666666666,1.1785113019775797,0.5,15,0.31639157203440565,0.6140350876438905
29,3,Chrishell Stause,7.333333333333333,0.7707999999999999,3,4.0,0,Actor/Actress,39,Eliminated,8.0,8,Gleb Savchenko,Baseline,Millennial,1,0,1,0,0,1.333333333333333,5.888888888888888,1.503083250940965,0.7142857142857143,14,0.5059628499334231,0.6140350876438905
29,4,Chrishell Stause,7.333333333333333,-2.6978,3,8.0,0,Actor/Actress,39,Eliminated,8.0,8,Gleb Savchenko,Baseline,Millennial,1,0,1,0,0,0.0,6.25,1.4240006242195888,0.4230769230769231,13,0.30617401395313787,0.6140350876438905
29,5,Chrishell Stause,6.333333333333333,-5.3956,3,11.0,0,Actor/Actress,39,Eliminated,8.0,8,Gleb Savchenko,Baseline,Millennial,1,0,1,0,0,-1.0,6.266666666666667,1.2337837015547835,0.125,12,0.44681844876186,0.6140350876438905
29,6,Chrishell Stause,8.0,0.0,3,7.0,0,Actor/Actress,39,Eliminated,8.0,8,Gleb Savchenko,Baseline,Millennial,1,0,1,0,0,1.666666666666667,6.5555555555555545,1.3109227736669002,0.4090909090909091,11,0.43896422409120317,0.6140350876438905
29,7,Chrishell Stause,8.666666666666666,-1.3489,3,5.0,0,Actor/Actress,39,Eliminated,8.0,8,Gleb Savchenko,Baseline,Millennial,1,0,1,0,0,0.6666666666666661,6.857142857142857,1.4383264819862942,0.5,10,0.31099594861117197,0.6140350876438905
29,8,Chrishell Stause,9.0,0.0,3,5.0,0,Actor/Actress,39,Eliminated,8.0,8,Gleb Savchenko,Baseline,Millennial,1,0,1,0,0,0.3333333333333339,7.125,1.532064692570853,0.4375,8,0.2923894771165262,0.6140350876438905
17,1,Christina Milian,7.333333333333333,1.07912,3,6.0,0,Singer/Rapper,31,Eliminated,5.0,9,Mark Ballas,Baseline,Millennial,1,0,1,0,0,0.0,7.333333333333333,0.0,0.5416666666666666,12,0.5199731865129118,0.8450704223923824
17,2,Christina Milian,8.333333333333334,1.07912,3,2.0,0,Singer/Rapper,31,Eliminated,5.0,9,Mark Ballas,Baseline,Millennial,1,0,1,0,0,1.0000000000000009,7.833333333333334,0.7071067811865478,0.875,12,0.4484757246093171,0.8450704223923824
17,3,Christina Milian,8.666666666666666,2.6978,3,2.0,0,Singer/Rapper,31,Eliminated,5.0,9,Mark Ballas,Baseline,Millennial,1,0,1,0,0,0.33333333333333215,8.11111111111111,0.6938886664887107,0.8636363636363636,11,0.5590854517439097,0.8450704223923824
17,4,Christina Milian,8.0,0.0,3,4.0,0,Singer/Rapper,31,Eliminated,5.0,9,Mark Ballas,Baseline,Millennial,1,0,1,0,0,-0.6666666666666661,8.083333333333332,0.5692750425533109,0.55,10,0.44008948670157627,0.8450704223923824
17,5,Christina Milian,9.333333333333334,1.3489,3,1.0,0,Singer/Rapper,31,Eliminated,5.0,9,Mark Ballas,Baseline,Millennial,1,0,1,0,0,1.333333333333334,8.333333333333332,0.7453559924999306,0.9444444444444444,9,0.2898692456016402,0.8450704223923824
30,1,Christine Chiu,6.25,1.3489,4,7.0,0,Tv Personality,38,Eliminated,3.0,14,Pasha Pashkov,Baseline,Millennial,1,0,1,0,0,0.0,6.25,0.0,0.5666666666666667,15,0.4260464104775318,0.4761904761451247
30,2,Christine Chiu,6.0,0.0,4,10.0,0,Tv Personality,38,Eliminated,3.0,14,Pasha Pashkov,Baseline,Millennial,1,0,1,0,0,-0.25,6.125,0.1767766952966369,0.3333333333333333,15,0.45935864257411446,0.4761904761451247
30,3,Christine Chiu,7.0,0.0,3,7.0,0,Tv Personality,38,Eliminated,3.0,14,Pasha Pashkov,Baseline,Millennial,1,0,1,0,0,1.0,6.416666666666667,0.520416499866533,0.5,14,0.29177648852342086,0.4761904761451247
9,1,Chuck Liddell,7.333333333333333,-1.1902065824884636,3,10.0,0,Athlete,39,Eliminated,4.0,11,Anna Trebunskaya,Baseline,Millennial,1,0,1,0,0,0.0,7.333333333333333,0.0,0.40625,16,0.7859138369788743,0.6521739129584121
9,2,Chuck Liddell,6.333333333333333,-2.6978,3,9.0,0,Athlete,39,Eliminated,4.0,11,Anna Trebunskaya,Baseline,Millennial,1,0,1,0,0,-1.0,6.833333333333333,0.7071067811865476,0.32142857142857145,14,0.4556015122439362,0.6521739129584121
9,3,Chuck Liddell,5.666666666666667,-1.3489,3,10.0,0,Athlete,39,Eliminated,4.0,11,Anna Trebunskaya,Baseline,Millennial,1,0,1,0,0,-0.6666666666666661,6.444444444444444,0.838870492807861,0.2692307692307692,13,0.5708475093633384,0.6521739129584121
9,4,Chuck Liddell,5.666666666666667,-4.72115,3,9.0,0,Athlete,39,Eliminated,4.0,11,Anna Trebunskaya,Baseline,Millennial,1,0,1,0,0,0.0,6.25,0.7876359377087679,0.2727272727272727,11,0.6760139186794596,0.6521739129584121
8,1,Chuck Wicks,6.666666666666667,1.798533333333333,3,5.0,0,Singer/Rapper,29,Eliminated,8.0,6,Julianne Hough,Baseline,Millennial,1,0,1,0,0,0.0,6.666666666666667,0.0,0.6923076923076923,13,0.5052533901080313,1.3333333329777777
8,2,Chuck Wicks,6.666666666666667,-0.67445,3,6.0,0,Singer/Rapper,29,Eliminated,8.0,6,Julianne Hough,Baseline,Millennial,1,0,1,0,0,0.0,6.666666666666667,0.0,0.5384615384615384,13,0.5569947257167678,1.3333333329777777
8,3,Chuck Wicks,7.666666666666667,-0.41504615384615384,3,6.0,0,Singer/Rapper,29,Eliminated,8.0,6,Julianne Hough,Baseline,Millennial,1,0,1,0,0,1.0,7.0,0.5773502691896258,0.5416666666666666,12,0.8197399719654512,1.3333333329777777
8,4,Chuck Wicks,7.333333333333333,-0.67445,3,6.0,0,Singer/Rapper,29,Eliminated,8.0,6,Julianne Hough,Baseline,Millennial,1,0,1,0,0,-0.3333333333333339,7.083333333333334,0.5,0.5,11,0.8727302162833207,1.3333333329777777
8,5,Chuck Wicks,7.666666666666667,-0.67445,3,5.0,0,Singer/Rapper,29,Eliminated,8.0,6,Julianne Hough,Baseline,Millennial,1,0,1,0,0,0.3333333333333339,7.2,0.5055250296034368,0.5555555555555556,9,0.5110184890411691,1.3333333329777777
8,6,Chuck Wicks,7.666666666666667,-0.67445,3,5.0,0,Singer/Rapper,29,Eliminated,8.0,6,Julianne Hough,Baseline,Millennial,1,0,1,0,0,0.0,7.277777777777779,0.49065338146265836,0.5,8,0.6442250432639264,1.3333333329777777
8,7,Chuck Wicks,9.0,0.0,3,3.0,0,Singer/Rapper,29,Eliminated,8.0,6,Julianne Hough,Baseline,Millennial,1,0,1,0,0,1.333333333333333,7.523809523809525,0.7901510136288028,0.6428571428571429,7,0.39948152909330925,1.3333333329777777
8,8,Chuck Wicks,8.5,-2.3124,3,5.0,0,Singer/Rapper,29,Eliminated,8.0,6,Julianne Hough,Baseline,Millennial,1,0,1,0,0,-0.5,7.645833333333334,0.8088670304913368,0.3333333333333333,6,0.25973282394927005,1.3333333329777777
13,1,Chynna Phillips,7.333333333333333,2.6978,3,1.0,0,Singer/Rapper,43,Eliminated,4.0,9,Tony Dovolani,Baseline,GenX,1,0,0,1,0,0.0,7.333333333333333,0.0,0.9583333333333334,12,0.4001000815088156,0.723684210421572
13,2,Chynna Phillips,7.0,0.0,3,4.0,0,Singer/Rapper,43,Eliminated,4.0,9,Tony Dovolani,Baseline,GenX,1,0,0,1,0,-0.33333333333333304,7.166666666666666,0.2357022603955153,0.5909090909090909,11,0.2882533034576482,0.723684210421572
13,3,Chynna Phillips,8.666666666666666,2.0,3,2.0,0,Singer/Rapper,43,Eliminated,4.0,9,Tony Dovolani,Baseline,GenX,1,0,0,1,0,1.666666666666666,7.666666666666667,0.8819171036881968,0.85,10,0.38749895520066063,0.723684210421572
13,4,Chynna Phillips,7.0,-4.0466999999999995,3,6.0,0,Singer/Rapper,43,Eliminated,4.0,9,Tony Dovolani,Baseline,GenX,1,0,0,1,0,-1.666666666666666,7.5,0.7934920476158721,0.3333333333333333,9,0.42867833173589376,0.723684210421572
7,1,Cloris Leachman,5.333333333333333,-4.72115,3,12.0,0,Actor/Actress,82,Eliminated,6.0,7,Corky Ballas,Baseline,Boomer,1,0,0,0,1,0.0,5.333333333333333,0.0,0.15384615384615385,13,0.46761395795733807,0.9999999998
7,2,Cloris Leachman,5.0,-8.093399999999999,3,11.0,0,Actor/Actress,82,Eliminated,6.0,7,Corky Ballas,Baseline,Boomer,1,0,0,0,1,-0.33333333333333304,5.166666666666666,0.2357022603955153,0.09090909090909091,11,0.45446442969466816,0.9999999998
7,3,Cloris Leachman,5.333333333333333,-6.7445,3,9.0,0,Actor/Actress,82,Eliminated,6.0,7,Corky Ballas,Baseline,Boomer,1,0,0,0,1,0.33333333333333304,5.222222222222222,0.1924500897298751,0.1111111111111111,9,0.49722893583777245,0.9999999998
7,4,Cloris Leachman,7.333333333333333,-2.6978,3,5.0,0,Actor/Actress,82,Eliminated,6.0,7,Corky Ballas,Baseline,Boomer,1,0,0,0,1,2.0,5.75,1.067187372905475,0.4444444444444444,9,0.3840516658994702,0.9999999998
7,5,Cloris Leachman,7.0,-2.0233499999999998,3,7.0,0,Actor/Actress,82,Eliminated,6.0,7,Corky Ballas,Baseline,Boomer,1,0,0,0,1,-0.33333333333333304,6.0,1.080123449734644,0.1875,8,0.48567564156210624,0.9999999998
7,6,Cloris Leachman,5.0,-12.140099999999999,3,7.0,0,Actor/Actress,82,Eliminated,6.0,7,Corky Ballas,Baseline,Boomer,1,0,0,0,1,-2.0,5.833333333333333,1.0488088481701516,0.14285714285714285,7,0.5927017263992317,0.9999999998
4,1,Clyde Drexler,5.333333333333333,-1.3489,3,9.0,0,Athlete,44,Eliminated,5.0,8,Elena Grinenko,Baseline,GenX,1,0,0,1,0,0.0,5.333333333333333,0.0,0.2727272727272727,11,0.4984762460179316,0.45454545450413225
4,2,Clyde Drexler,6.0,-4.0466999999999995,3,11.0,0,Athlete,44,Eliminated,5.0,8,Elena Grinenko,Baseline,GenX,1,0,0,1,0,0.666666666666667,5.666666666666666,0.4714045207910322,0.09090909090909091,11,0.396332693824844,0.45454545450413225
4,3,Clyde Drexler,5.333333333333333,-6.7445,3,10.0,0,Athlete,44,Eliminated,5.0,8,Elena Grinenko,Baseline,GenX,1,0,0,1,0,-0.666666666666667,5.5555555555555545,0.3849001794597508,0.1,10,0.3796189342990133,0.45454545450413225
4,4,Clyde Drexler,5.0,-4.0466999999999995,3,9.0,0,Athlete,44,Eliminated,5.0,8,Elena Grinenko,Baseline,GenX,1,0,0,1,0,-0.33333333333333304,5.416666666666666,0.41943524640393054,0.1111111111111111,9,0.6857795631655893,0.45454545450413225
4,5,Clyde Drexler,4.333333333333333,-4.271516666666666,3,8.0,0,Athlete,44,Eliminated,5.0,8,Elena Grinenko,Baseline,GenX,1,0,0,1,0,-0.666666666666667,5.2,0.6055300708194982,0.125,8,0.8565504981186443,0.45454545450413225
7,1,Cody Linley,6.833333333333333,1.3489,3,6.0,0,Actor/Actress,18,Eliminated,9.0,4,Julianne Hough,Baseline,GenZ,1,1,0,0,0,0.0,6.833333333333333,0.0,0.6153846153846154,13,0.46761395795733807,1.3636363632644628
7,2,Cody Linley,7.0,0.0,3,4.0,0,Actor/Actress,18,Eliminated,9.0,4,Julianne Hough,Baseline,GenZ,1,1,0,0,0,0.16666666666666696,6.916666666666666,0.11785113019775845,0.6363636363636364,11,0.45446442969466816,1.3636363632644628
7,3,Cody Linley,7.0,0.0,3,6.0,0,Actor/Actress,18,Eliminated,9.0,4,Julianne Hough,Baseline,GenZ,1,1,0,0,0,0.0,6.944444444444444,0.09622504486493819,0.3888888888888889,9,0.49722893583777245,1.3636363632644628
7,4,Cody Linley,7.666666666666667,-1.3489,3,4.0,0,Actor/Actress,18,Eliminated,9.0,4,Julianne Hough,Baseline,GenZ,1,1,0,0,0,0.666666666666667,7.125,0.36955929710139124,0.6666666666666666,9,0.3840516658994702,1.3636363632644628
7,5,Cody Linley,9.333333333333334,2.6978,3,2.0,0,Actor/Actress,18,Eliminated,9.0,4,Julianne Hough,Baseline,GenZ,1,1,0,0,0,1.666666666666667,7.566666666666667,1.0381607668264963,0.875,8,0.48567564156210624,1.3636363632644628
7,6,Cody Linley,7.666666666666667,-1.3489,3,4.0,0,Actor/Actress,18,Eliminated,9.0,4,Julianne Hough,Baseline,GenZ,1,1,0,0,0,-1.666666666666667,7.583333333333333,0.9294562329065794,0.5,7,0.5927017263992317,1.3636363632644628
7,7,Cody Linley,7.333333333333333,-1.3489,3,5.0,0,Actor/Actress,18,Eliminated,9.0,4,Julianne Hough,Baseline,GenZ,1,1,0,0,0,-0.3333333333333339,7.547619047619048,0.8537189109045081,0.3333333333333333,6,0.46415559278875823,1.3636363632644628
7,8,Cody Linley,8.0,-2.0233499999999998,3,4.0,0,Actor/Actress,18,Eliminated,9.0,4,Julianne Hough,Baseline,GenZ,1,1,0,0,0,0.666666666666667,7.604166666666667,0.8064103292044439,0.3,5,0.24463147698635002,1.3636363632644628
7,9,Cody Linley,7.666666666666667,-2.15824,3,4.0,0,Actor/Actress,18,Eliminated,9.0,4,Julianne Hough,Baseline,GenZ,1,1,0,0,0,-0.33333333333333304,7.611111111111111,0.7546154281781184,0.25,4,0.34792128806784095,1.3636363632644628
30,1,Cody Rigsby,6.0,0.0,4,9.0,0,Fitness Instructor,34,Finalist,9.0,3,Cheryl Burke,Baseline,Millennial,1,0,1,0,0,0.0,6.0,0.0,0.36666666666666664,15,0.4260464104775318,0.8914728680581094
30,2,Cody Rigsby,6.0,0.0,4,10.0,0,Fitness Instructor,34,Finalist,9.0,3,Cheryl Burke,Baseline,Millennial,1,0,1,0,0,0.0,6.0,0.0,0.3333333333333333,15,0.45935864257411446,0.8914728680581094
30,3,Cody Rigsby,6.0,-4.0466999999999995,3,14.0,0,Fitness Instructor,34,Finalist,9.0,3,Cheryl Burke,Baseline,Millennial,1,0,1,0,0,0.0,6.0,0.0,0.07142857142857142,14,0.29177648852342086,0.8914728680581094
30,4,Cody Rigsby,7.25,-5.3956,4,11.0,0,Fitness Instructor,34,Finalist,9.0,3,Cheryl Burke,Baseline,Millennial,1,0,1,0,0,1.25,6.3125,0.625,0.23076923076923078,13,0.33713528172762924,0.8914728680581094
30,5,Cody Rigsby,8.0,-5.3956,4,9.0,0,Fitness Instructor,34,Finalist,9.0,3,Cheryl Burke,Baseline,Millennial,1,0,1,0,0,0.75,6.65,0.9287087810503354,0.22727272727272727,11,0.3735594089309465,0.8914728680581094
30,6,Cody Rigsby,9.0,0.0,4,5.0,0,Fitness Instructor,34,Finalist,9.0,3,Cheryl Burke,Baseline,Millennial,1,0,1,0,0,1.0,7.041666666666667,1.2690219330912553,0.5,10,0.2913253614880169,0.8914728680581094
30,7,Cody Rigsby,9.0,0.0,4,5.0,0,Fitness Instructor,34,Finalist,9.0,3,Cheryl Burke,Baseline,Millennial,1,0,1,0,0,0.0,7.321428571428571,1.374729410604484,0.5555555555555556,9,0.3498704421875686,0.8914728680581094
30,8,Cody Rigsby,9.5,-1.798533333333333,4,5.0,0,Fitness Instructor,34,Finalist,9.0,3,Cheryl Burke,Baseline,Millennial,1,0,1,0,0,0.5,7.59375,1.4876725590186646,0.5,8,0.4264566622918705,0.8914728680581094
30,9,Cody Rigsby,8.875,-3.37225,4,6.0,0,Fitness Instructor,34,Finalist,9.0,3,Cheryl Burke,Baseline,Millennial,1,0,1,0,0,-0.625,7.736111111111111,1.4556522974636183,0.16666666666666666,6,0.199967613869675,0.8914728680581094
18,1,Cody Simpson,7.333333333333333,1.3489,3,6.0,0,Singer/Rapper,17,Eliminated,5.0,9,Witney Carson,Baseline,GenZ,1,1,0,0,0,0.0,7.333333333333333,0.0,0.5833333333333334,12,0.4824767313646609,0.9999999998
18,2,Cody Simpson,7.333333333333333,1.3489,3,6.0,0,Singer/Rapper,17,Eliminated,5.0,9,Witney Carson,Baseline,GenZ,1,1,0,0,0,0.0,7.333333333333333,0.0,0.5454545454545454,11,0.4367050005272007,0.9999999998
18,3,Cody Simpson,8.75,-1.3489,4,6.0,0,Singer/Rapper,17,Eliminated,5.0,9,Witney Carson,Baseline,GenZ,1,1,0,0,0,1.416666666666667,7.8055555555555545,0.8179128813519699,0.4444444444444444,9,0.32309124605207246,0.9999999998
18,4,Cody Simpson,7.75,-1.3489,4,8.0,0,Singer/Rapper,17,Eliminated,5.0,9,Witney Carson,Baseline,GenZ,1,1,0,0,0,-1.0,7.791666666666666,0.6684005230842204,0.2222222222222222,9,0.33191624498489414,0.9999999998
18,5,Cody Simpson,8.5,-10.7912,4,8.0,0,Singer/Rapper,17,Eliminated,5.0,9,Witney Carson,Baseline,GenZ,1,1,0,0,0,0.75,7.933333333333333,0.6598610964943054,0.2222222222222222,9,0.3823756526858896,0.9999999998
17,1,Corbin Bleu,8.0,3.2373600000000002,3,2.0,0,Actor/Actress,24,RunnerUp,11.0,2,Karina Smirnoff,Baseline,GenZ,1,1,0,0,0,0.0,8.0,0.0,0.875,12,0.5199731865129118,0.8552631577484419
17,2,Corbin Bleu,8.666666666666666,2.15824,3,1.0,0,Actor/Actress,24,RunnerUp,11.0,2,Karina Smirnoff,Baseline,GenZ,1,1,0,0,0,0.6666666666666661,8.333333333333332,0.4714045207910319,1.0,12,0.4484757246093171,0.8552631577484419
17,3,Corbin Bleu,8.666666666666666,2.6978,3,2.0,0,Actor/Actress,24,RunnerUp,11.0,2,Karina Smirnoff,Baseline,GenZ,1,1,0,0,0,0.0,8.444444444444445,0.3849001794597509,0.8636363636363636,11,0.5590854517439097,0.8552631577484419
17,4,Corbin Bleu,9.0,2.0233499999999998,3,1.0,0,Actor/Actress,24,RunnerUp,11.0,2,Karina Smirnoff,Baseline,GenZ,1,1,0,0,0,0.3333333333333339,8.583333333333332,0.4194352464039313,0.9,10,0.44008948670157627,0.8552631577484419
17,5,Corbin Bleu,9.333333333333334,1.3489,3,1.0,0,Actor/Actress,24,RunnerUp,11.0,2,Karina Smirnoff,Baseline,GenZ,1,1,0,0,0,0.3333333333333339,8.733333333333333,0.49441323247304525,0.9444444444444444,9,0.2898692456016402,0.8552631577484419
17,6,Corbin Bleu,8.999966666666666,-2.023231974200646,3,6.0,0,Actor/Actress,24,RunnerUp,11.0,2,Karina Smirnoff,Baseline,GenZ,1,1,0,0,0,-0.33336666666666837,8.777772222222222,0.45541678123410256,0.375,8,0.42049341849041905,0.8552631577484419
17,7,Corbin Bleu,9.833333333333334,6.7445,3,1.0,0,Actor/Actress,24,RunnerUp,11.0,2,Karina Smirnoff,Baseline,GenZ,1,1,0,0,0,0.8333666666666684,8.928566666666667,0.5762029056838567,0.9375,8,0.23303861218816335,0.8552631577484419
17,8,Corbin Bleu,10.0,4.0466999999999995,3,1.0,0,Actor/Actress,24,RunnerUp,11.0,2,Karina Smirnoff,Baseline,GenZ,1,1,0,0,0,0.16666666666666607,9.062495833333333,0.6542751655094221,0.9285714285714286,7,0.33915469425313977,0.8552631577484419
17,9,Corbin Bleu,9.666666666666666,3.0831999999999997,3,1.0,0,Actor/Actress,24,RunnerUp,11.0,2,Karina Smirnoff,Baseline,GenZ,1,1,0,0,0,-0.3333333333333339,9.129625925925927,0.6443015886682993,1.0,6,0.41659239388677904,0.8552631577484419
17,10,Corbin Bleu,9.375,1.3488999999999998,4,2.0,0,Actor/Actress,24,RunnerUp,11.0,2,Karina Smirnoff,Baseline,GenZ,1,1,0,0,0,-0.2916666666666661,9.154163333333333,0.6123891182980614,0.8,5,0.42129980199254885,0.8552631577484419
17,11,Corbin Bleu,9.8888,1.3716999328777206,3,2.0,0,Actor/Actress,24,RunnerUp,11.0,2,Karina Smirnoff,Baseline,GenZ,1,1,0,0,0,0.5137999999999998,9.220948484848485,0.6217565521012293,0.75,4,0.3670792544697688,0.8552631577484419
34,1,Corey Feldman,4.5,-2.0233499999999998,2,13.0,0,Actor/Actress,54,Eliminated,2.0,13,Jenna Johnson,Baseline,GenX,1,0,0,1,0,0.0,4.5,0.0,0.10714285714285714,14,0.4627624262862272,0.8888888887308641
34,2,Corey Feldman,5.0,-8.093399999999999,3,14.0,0,Actor/Actress,54,Eliminated,2.0,13,Jenna Johnson,Baseline,GenX,1,0,0,1,0,0.5,4.75,0.3535533905932738,0.07142857142857142,14,0.3416136418926476,0.8888888887308641
6,1,Cristian De La Fuente,7.0,0.0,3,6.0,0,Actor/Actress,34,Finalist,9.0,3,Cheryl Burke,Baseline,Millennial,1,0,1,0,0,0.0,7.0,0.0,0.5416666666666666,12,0.5700360697074371,1.2499999996875
6,2,Cristian De La Fuente,6.666666666666667,-0.67445,3,8.0,0,Actor/Actress,34,Finalist,9.0,3,Cheryl Burke,Baseline,Millennial,1,0,1,0,0,-0.33333333333333304,6.833333333333334,0.23570226039551595,0.4166666666666667,12,0.6209750281031806,1.2499999996875
6,3,Cristian De La Fuente,8.333333333333334,3.3722499999999997,3,3.0,0,Actor/Actress,34,Finalist,9.0,3,Cheryl Burke,Baseline,Millennial,1,0,1,0,0,1.666666666666667,7.333333333333333,0.8819171036881969,0.8,10,0.3859358227489988,1.2499999996875
6,4,Cristian De La Fuente,8.666666666666666,2.6978,3,4.0,0,Actor/Actress,34,Finalist,9.0,3,Cheryl Burke,Baseline,Millennial,1,0,1,0,0,0.33333333333333215,7.666666666666666,0.9813067629253159,0.6666666666666666,9,0.4947915244151312,1.2499999996875
6,5,Cristian De La Fuente,7.666666666666667,-0.67445,3,5.0,0,Actor/Actress,34,Finalist,9.0,3,Cheryl Burke,Baseline,Millennial,1,0,1,0,0,-0.9999999999999991,7.666666666666667,0.8498365855987972,0.4375,8,0.4172448490929672,1.2499999996875
6,6,Cristian De La Fuente,9.0,0.0,3,3.0,0,Actor/Actress,34,Finalist,9.0,3,Cheryl Burke,Baseline,Millennial,1,0,1,0,0,1.333333333333333,7.888888888888888,0.9349192874650055,0.7142857142857143,7,0.44020720490261217,1.2499999996875
6,7,Cristian De La Fuente,7.666666666666667,-8.992666666666665,3,6.0,0,Actor/Actress,34,Finalist,9.0,3,Cheryl Burke,Baseline,Millennial,1,0,1,0,0,-1.333333333333333,7.857142857142857,0.8575836609041331,0.16666666666666666,6,0.23207779639437903,1.2499999996875
6,8,Cristian De La Fuente,9.5,2.6977999999999995,3,1.0,0,Actor/Actress,34,Finalist,9.0,3,Cheryl Burke,Baseline,Millennial,1,0,1,0,0,1.833333333333333,8.0625,0.9837468864031723,1.0,5,0.19928629122843222,1.2499999996875
6,9,Cristian De La Fuente,9.333333333333334,2.6978,3,2.0,0,Actor/Actress,34,Finalist,9.0,3,Cheryl Burke,Baseline,Millennial,1,0,1,0,0,-0.16666666666666607,8.203703703703702,1.0130323627116926,0.75,4,0.1593380086915794,1.2499999996875
16,1,D. L. Hughley,4.0,-8.093399999999999,3,12.0,0,Comedian,50,Eliminated,5.0,9,Cheryl Burke,Baseline,GenX,1,0,0,1,0,0.0,4.0,0.0,0.08333333333333333,12,0.43333212536664834,1.0769230766911242
16,2,D. L. Hughley,5.333333333333333,-2.360575,3,11.0,0,Comedian,50,Eliminated,5.0,9,Cheryl Burke,Baseline,GenX,1,0,0,1,0,1.333333333333333,4.666666666666666,0.9428090415820635,0.16666666666666666,12,0.5423210352279798,1.0769230766911242
16,3,D. L. Hughley,5.333333333333333,-3.37225,3,10.0,0,Comedian,50,Eliminated,5.0,9,Cheryl Burke,Baseline,GenX,1,0,0,1,0,0.0,4.888888888888888,0.7698003589195012,0.18181818181818182,11,0.5569510497714374,1.0769230766911242
16,4,D. L. Hughley,7.0,0.0,3,6.0,0,Comedian,50,Eliminated,5.0,9,Cheryl Burke,Baseline,GenX,1,0,0,1,0,1.666666666666667,5.416666666666666,1.228519132638666,0.45,10,0.4877780857411537,1.0769230766911242
16,5,D. L. Hughley,6.0,-4.0466999999999995,3,8.0,0,Comedian,50,Eliminated,5.0,9,Cheryl Burke,Baseline,GenX,1,0,0,1,0,-1.0,5.533333333333333,1.0954451150103326,0.16666666666666666,9,0.5797384912032801,1.0769230766911242
27,1,Danelle Umstead,6.0,-2.0233499999999998,3,9.0,0,Athlete,46,Eliminated,2.0,12,Artem Chigvintsev,Baseline,GenX,1,0,0,1,0,0.0,6.0,0.0,0.3076923076923077,13,0.3774877622322794,0.603448275789239
27,2,Danelle Umstead,6.166666666666667,-4.271516666666666,3,11.0,0,Athlete,46,Eliminated,2.0,12,Artem Chigvintsev,Baseline,GenX,1,0,0,1,0,0.16666666666666696,6.083333333333334,0.11785113019775781,0.16666666666666666,12,0.44306691366167916,0.603448275789239
18,1,Danica Mckellar,8.0,4.0466999999999995,3,3.0,0,Actor/Actress,39,Eliminated,8.0,6,Valentin Chmerkovskiy,Baseline,Millennial,1,0,1,0,0,0.0,8.0,0.0,0.75,12,0.4824767313646609,0.7812499998779296
18,2,Danica Mckellar,8.0,4.0466999999999995,3,4.0,0,Actor/Actress,39,Eliminated,8.0,6,Valentin Chmerkovskiy,Baseline,Millennial,1,0,1,0,0,0.0,8.0,0.0,0.6818181818181818,11,0.4367050005272007,0.7812499998779296
18,3,Danica Mckellar,9.0,0.0,4,2.0,0,Actor/Actress,39,Eliminated,8.0,6,Valentin Chmerkovskiy,Baseline,Millennial,1,0,1,0,0,1.0,8.333333333333334,0.5773502691896255,0.7222222222222222,9,0.32309124605207246,0.7812499998779296
18,4,Danica Mckellar,8.0,0.0,4,6.0,0,Actor/Actress,39,Eliminated,8.0,6,Valentin Chmerkovskiy,Baseline,Millennial,1,0,1,0,0,-1.0,8.25,0.49999999999999983,0.3888888888888889,9,0.33191624498489414,0.7812499998779296
18,5,Danica Mckellar,9.75,16.186799999999998,4,2.0,0,Actor/Actress,39,Eliminated,8.0,6,Valentin Chmerkovskiy,Baseline,Millennial,1,0,1,0,0,1.75,8.55,0.7984359711335653,0.8888888888888888,9,0.3823756526858896,0.7812499998779296
18,6,Danica Mckellar,9.0,0.0,4,3.0,0,Actor/Actress,39,Eliminated,8.0,6,Valentin Chmerkovskiy,Baseline,Millennial,1,0,1,0,0,-0.75,8.625,0.737394060187631,0.6875,8,0.31709701677202323,0.7812499998779296
18,7,Danica Mckellar,9.0,0.0,4,4.0,0,Actor/Actress,39,Eliminated,8.0,6,Valentin Chmerkovskiy,Baseline,Millennial,1,0,1,0,0,0.0,8.678571428571429,0.6879057244377934,0.5714285714285714,7,0.2135697698452491,0.7812499998779296
18,8,Danica Mckellar,9.5,0.0,4,3.0,0,Actor/Actress,39,Eliminated,8.0,6,Valentin Chmerkovskiy,Baseline,Millennial,1,0,1,0,0,0.5,8.78125,0.6999681115185583,0.6666666666666666,6,0.21755828225034984,0.7812499998779296
31,1,Daniel Durant,6.75,2.0233499999999998,4,6.0,0,Actor/Actress,32,Eliminated,9.0,5,Britt Stewart,Baseline,Millennial,1,0,1,0,0,0.0,6.75,0.0,0.6875,16,0.4962325678954129,0.4761904761451247
31,2,Daniel Durant,7.25,1.07912,4,5.0,0,Actor/Actress,32,Eliminated,9.0,5,Britt Stewart,Baseline,Millennial,1,0,1,0,0,0.5,7.0,0.3535533905932738,0.7333333333333333,15,0.3666293746095938,0.4761904761451247
31,3,Daniel Durant,7.75,3.2373600000000002,4,5.0,0,Actor/Actress,32,Eliminated,9.0,5,Britt Stewart,Baseline,Millennial,1,0,1,0,0,0.5,7.25,0.5,0.7142857142857143,14,0.37876251151361706,0.4761904761451247
31,4,Daniel Durant,7.25,-2.0233499999999998,4,9.0,0,Actor/Actress,32,Eliminated,9.0,5,Britt Stewart,Baseline,Millennial,1,0,1,0,0,-0.5,7.25,0.408248290463863,0.34615384615384615,13,0.3953571721926616,0.4761904761451247
31,5,Daniel Durant,8.375,-4.31648,4,11.0,0,Actor/Actress,32,Eliminated,9.0,5,Britt Stewart,Baseline,Millennial,1,0,1,0,0,1.125,7.475,0.6149186938124422,0.16666666666666666,12,0.37602750171537164,0.4761904761451247
31,6,Daniel Durant,8.5,-2.6978,4,5.0,0,Actor/Actress,32,Eliminated,9.0,5,Britt Stewart,Baseline,Millennial,1,0,1,0,0,0.125,7.645833333333333,0.6910891162988076,0.45,10,0.35084095845467406,0.4761904761451247
31,7,Daniel Durant,9.125,0.67445,4,4.0,0,Actor/Actress,32,Eliminated,9.0,5,Britt Stewart,Baseline,Millennial,1,0,1,0,0,0.625,7.857142857142857,0.842950458918243,0.6111111111111112,9,0.2653023984663571,0.4761904761451247
31,8,Daniel Durant,9.75,-0.5995111111111111,4,5.0,0,Actor/Actress,32,Eliminated,9.0,5,Britt Stewart,Baseline,Millennial,1,0,1,0,0,0.625,8.09375,1.028065972035425,0.4375,8,0.5876811811507717,0.4761904761451247
31,9,Daniel Durant,8.625,-1.7985333333333333,4,5.0,0,Actor/Actress,32,Eliminated,9.0,5,Britt Stewart,Baseline,Millennial,1,0,1,0,0,-1.125,8.152777777777779,0.9778359752251115,0.3333333333333333,6,0.32944843197985524,0.4761904761451247
34,1,Danielle Fishel,6.0,0.0,2,6.0,0,Actor/Actress,44,Eliminated,8.0,8,Pasha Pashkov,Baseline,GenX,1,0,0,1,0,0.0,6.0,0.0,0.5714285714285714,14,0.4627624262862272,0.461538461495858
34,2,Danielle Fishel,6.333333333333333,-2.6978,3,10.0,0,Actor/Actress,44,Eliminated,8.0,8,Pasha Pashkov,Baseline,GenX,1,0,0,1,0,0.33333333333333304,6.166666666666666,0.23570226039551595,0.35714285714285715,14,0.3416136418926476,0.461538461495858
34,3,Danielle Fishel,7.0,0.0,3,8.0,0,Actor/Actress,44,Eliminated,8.0,8,Pasha Pashkov,Baseline,GenX,1,0,0,1,0,0.666666666666667,6.444444444444444,0.509175077217316,0.375,12,0.31108428718662545,0.461538461495858
34,4,Danielle Fishel,7.0,-4.0466999999999995,3,9.0,0,Actor/Actress,44,Eliminated,8.0,8,Pasha Pashkov,Baseline,GenX,1,0,0,1,0,0.0,6.583333333333333,0.5000000000000004,0.22727272727272727,11,0.29030495428456765,0.461538461495858
34,5,Danielle Fishel,7.25,-2.0233499999999998,4,8.0,0,Actor/Actress,44,Eliminated,8.0,8,Pasha Pashkov,Baseline,GenX,1,0,0,1,0,0.25,6.716666666666667,0.5257270098529171,0.25,10,0.4041638843974973,0.461538461495858
34,6,Danielle Fishel,9.0,0.0,4,3.0,0,Actor/Actress,44,Eliminated,8.0,8,Pasha Pashkov,Baseline,GenX,1,0,0,1,0,1.75,7.097222222222221,1.04405282256038,0.7,10,0.460625841237017,0.461538461495858
34,7,Danielle Fishel,8.75,-1.7265920000000001,4,6.0,0,Actor/Actress,44,Eliminated,8.0,8,Pasha Pashkov,Baseline,GenX,1,0,0,1,0,-0.25,7.333333333333333,1.1395661942647788,0.4444444444444444,9,0.5260998838984093,0.461538461495858
34,8,Danielle Fishel,9.25,-1.3489,4,7.0,0,Actor/Actress,44,Eliminated,8.0,8,Pasha Pashkov,Baseline,GenX,1,0,0,1,0,0.5,7.572916666666666,1.2539125276446228,0.25,8,0.1868674562694525,0.461538461495858
33,1,Danny Amendola,6.666666666666667,2.6978,3,5.0,0,Athlete,39,Active,,5,Witney Carson,Baseline,Millennial,1,0,1,0,0,0.0,6.666666666666667,0.0,0.6923076923076923,13,0.3459611525374582,0.9027777776147763
33,2,Danny Amendola,7.0,0.0,3,5.0,0,Athlete,39,Active,,5,Witney Carson,Baseline,Millennial,1,0,1,0,0,0.33333333333333304,6.833333333333334,0.2357022603955153,0.6153846153846154,13,0.40777614797778233,0.9027777776147763
33,3,Danny Amendola,7.5,0.0,4,6.0,0,Athlete,39,Active,,5,Witney Carson,Baseline,Millennial,1,0,1,0,0,0.5,7.055555555555556,0.41943524640392993,0.5454545454545454,11,0.48023983477103066,0.9027777776147763
33,4,Danny Amendola,9.0,21.5824,4,1.0,0,Athlete,39,Active,,5,Witney Carson,Baseline,Millennial,1,0,1,0,0,1.5,7.541666666666667,1.0307764064044147,0.9444444444444444,9,0.24113156160144034,0.9027777776147763
33,5,Danny Amendola,8.5,0.0,3,4.0,0,Athlete,39,Active,,5,Witney Carson,Baseline,Millennial,1,0,1,0,0,-0.5,7.733333333333334,0.9902300518341962,0.5625,8,0.16727006482522272,0.9027777776147763
33,6,Danny Amendola,9.333333333333334,-1.3489,3,5.0,0,Athlete,39,Active,,5,Witney Carson,Baseline,Millennial,1,0,1,0,0,0.8333333333333339,8.0,1.1005049346146116,0.35714285714285715,7,0.4330874815477384,0.9027777776147763
33,7,Danny Amendola,8.5,-1.1562,3,5.0,0,Athlete,39,Active,,5,Witney Carson,Baseline,Millennial,1,0,1,0,0,-0.8333333333333339,8.071428571428571,1.0222394753547452,0.3333333333333333,6,0.3011205324272617,0.9027777776147763
33,8,Danny Amendola,9.0,0.0,3,1.0,0,Athlete,39,Active,,5,Witney Carson,Baseline,Millennial,1,0,1,0,0,0.5,8.1875,1.0017346066809423,1.0,2,0.052155606136620986,0.9027777776147763
33,9,Danny Amendola,9.333333333333334,-1.798533333333333,3,2.0,0,Athlete,39,Active,,5,Witney Carson,Baseline,Millennial,1,0,1,0,0,0.3333333333333339,8.314814814814817,1.0118892000048323,0.5,2,0.1564668184098627,0.9027777776147763
8,1,David Alan Grier,6.333333333333333,0.8992666666666665,3,6.0,0,Actor/Actress,52,Eliminated,5.0,9,Kym Johnson,Baseline,GenX,1,0,0,1,0,0.0,6.333333333333333,0.0,0.6153846153846154,13,0.5052533901080313,0.8620689653686088
8,2,David Alan Grier,5.666666666666667,-2.6978,3,11.0,0,Actor/Actress,52,Eliminated,5.0,9,Kym Johnson,Baseline,GenX,1,0,0,1,0,-0.6666666666666661,6.0,0.47140452079103123,0.19230769230769232,13,0.5569947257167678,0.8620689653686088
8,3,David Alan Grier,8.0,0.0,3,5.0,0,Actor/Actress,52,Eliminated,5.0,9,Kym Johnson,Baseline,GenX,1,0,0,1,0,2.333333333333333,6.666666666666667,1.201850425154663,0.6666666666666666,12,0.8197399719654512,0.8620689653686088
8,4,David Alan Grier,7.333333333333333,-0.67445,3,6.0,0,Actor/Actress,52,Eliminated,5.0,9,Kym Johnson,Baseline,GenX,1,0,0,1,0,-0.666666666666667,6.833333333333333,1.0363754503432014,0.5,11,0.8727302162833207,0.8620689653686088
8,5,David Alan Grier,7.333333333333333,-1.3489,3,6.0,0,Actor/Actress,52,Eliminated,5.0,9,Kym Johnson,Baseline,GenX,1,0,0,1,0,0.0,6.933333333333333,0.9249624617007736,0.4444444444444444,9,0.5110184890411691,0.8620689653686088
13,1,David Arquette,6.0,0.0,3,6.0,0,Actor/Actress,40,Eliminated,7.0,6,Kym Johnson,Baseline,Millennial,1,0,1,0,0,0.0,6.0,0.0,0.5833333333333334,12,0.4001000815088156,0.8653846152348372
13,2,David Arquette,6.0,-4.0466999999999995,3,9.0,0,Actor/Actress,40,Eliminated,7.0,6,Kym Johnson,Baseline,Millennial,1,0,1,0,0,0.0,6.0,0.0,0.22727272727272727,11,0.2882533034576482,0.8653846152348372
13,3,David Arquette,8.0,0.0,3,4.0,0,Actor/Actress,40,Eliminated,7.0,6,Kym Johnson,Baseline,Millennial,1,0,1,0,0,2.0,6.666666666666667,1.1547005383792515,0.55,10,0.38749895520066063,0.8653846152348372
13,4,David Arquette,7.666666666666667,-1.3489,3,5.0,0,Actor/Actress,40,Eliminated,7.0,6,Kym Johnson,Baseline,Millennial,1,0,1,0,0,-0.33333333333333304,6.916666666666667,1.0671873729054746,0.5555555555555556,9,0.42867833173589376,0.8653846152348372
13,5,David Arquette,8.333333333333334,1.3489,3,2.0,0,Actor/Actress,40,Eliminated,7.0,6,Kym Johnson,Baseline,Millennial,1,0,1,0,0,0.666666666666667,7.2,1.1205157542647741,0.8125,8,0.4097263080640605,0.8653846152348372
13,6,David Arquette,7.666666666666667,-0.67445,3,4.0,0,Actor/Actress,40,Eliminated,7.0,6,Kym Johnson,Baseline,Millennial,1,0,1,0,0,-0.666666666666667,7.277777777777778,1.0201670161011582,0.5714285714285714,7,0.5883145326532028,0.8653846152348372
13,7,David Arquette,7.833333333333333,-0.7707999999999999,3,5.0,0,Actor/Actress,40,Eliminated,7.0,6,Kym Johnson,Baseline,Millennial,1,0,1,0,0,0.16666666666666607,7.357142857142857,0.9546599716001826,0.3333333333333333,6,0.23518265407988617,0.8653846152348372
11,1,David Hasselhoff,5.0,-2.0233499999999998,3,10.0,0,Actor/Actress,58,Eliminated,1.0,12,Kym Johnson,Baseline,GenX,1,0,0,1,0,0.0,5.0,0.0,0.16666666666666666,12,0.49711840367327736,0.8974358972748192
24,1,David Ross,7.0,2.6978,4,3.0,0,Athlete,40,RunnerUp,9.0,2,Lindsay Arnold,Baseline,Millennial,1,0,1,0,0,0.0,7.0,0.0,0.75,12,0.5077415287029913,1.1111111108641976
24,2,David Ross,6.75,-0.67445,4,8.0,0,Athlete,40,RunnerUp,9.0,2,Lindsay Arnold,Baseline,Millennial,1,0,1,0,0,-0.25,6.875,0.1767766952966369,0.4166666666666667,12,0.3694657571555838,1.1111111108641976
24,3,David Ross,7.75,2.0233499999999998,4,5.0,0,Athlete,40,RunnerUp,9.0,2,Lindsay Arnold,Baseline,Millennial,1,0,1,0,0,1.0,7.166666666666667,0.520416499866533,0.6363636363636364,11,0.44606142611441296,1.1111111108641976
24,4,David Ross,7.75,-1.07912,4,7.0,0,Athlete,40,RunnerUp,9.0,2,Lindsay Arnold,Baseline,Millennial,1,0,1,0,0,0.0,7.3125,0.5153882032022075,0.4,10,0.36209665770517047,1.1111111108641976
24,5,David Ross,7.25,-4.0466999999999995,4,9.0,0,Athlete,40,RunnerUp,9.0,2,Lindsay Arnold,Baseline,Millennial,1,0,1,0,0,-0.5,7.3,0.4472135954999578,0.1111111111111111,9,0.37835288634956515,1.1111111108641976
24,6,David Ross,7.75,-3.5970666666666666,4,7.0,0,Athlete,40,RunnerUp,9.0,2,Lindsay Arnold,Baseline,Millennial,1,0,1,0,0,0.5,7.375,0.4401704215414751,0.25,8,0.2673542650595688,1.1111111108641976
24,7,David Ross,8.0,-3.597066666666666,4,6.0,0,Athlete,40,RunnerUp,9.0,2,Lindsay Arnold,Baseline,Millennial,1,0,1,0,0,0.25,7.464285714285714,0.4661136178679021,0.2857142857142857,7,0.4490923486826755,1.1111111108641976
24,8,David Ross,8.125,-3.147433333333333,4,4.0,0,Athlete,40,RunnerUp,9.0,2,Lindsay Arnold,Baseline,Millennial,1,0,1,0,0,0.125,7.546875,0.49070603288963716,0.4,5,0.4618422361657111,1.1111111108641976
24,9,David Ross,8.75,-4.0466999999999995,4,4.0,0,Athlete,40,RunnerUp,9.0,2,Lindsay Arnold,Baseline,Millennial,1,0,1,0,0,0.625,7.680555555555555,0.6095307849303248,0.25,4,0.2319678850472748,1.1111111108641976
25,1,Debbie Gibson,5.666666666666667,-1.3489,3,10.0,0,Singer/Rapper,47,Eliminated,2.0,12,Alan Bersten,Baseline,GenX,1,0,0,1,0,0.0,5.666666666666667,0.0,0.3076923076923077,13,0.3689849053575016,0.9999999998
25,2,Debbie Gibson,6.833333333333333,-0.67445,3,7.0,0,Singer/Rapper,47,Eliminated,2.0,12,Alan Bersten,Baseline,GenX,1,0,0,1,0,1.166666666666666,6.25,0.8249579113843051,0.5,13,0.32635345291716955,0.9999999998
9,1,Debi Mazar,7.333333333333333,-1.1902065824884636,3,10.0,0,Actor/Actress,45,Eliminated,3.0,12,Maksim Chmerkoskiy,Baseline,GenX,1,0,0,1,0,0.0,7.333333333333333,0.0,0.40625,16,0.7859138369788743,0.7499999998875
9,2,Debi Mazar,7.0,0.0,3,4.0,0,Actor/Actress,45,Eliminated,3.0,12,Maksim Chmerkoskiy,Baseline,GenX,1,0,0,1,0,-0.33333333333333304,7.166666666666666,0.2357022603955153,0.7142857142857143,14,0.4556015122439362,0.7499999998875
9,3,Debi Mazar,5.666666666666667,-1.3489,3,10.0,0,Actor/Actress,45,Eliminated,3.0,12,Maksim Chmerkoskiy,Baseline,GenX,1,0,0,1,0,-1.333333333333333,6.666666666666667,0.8819171036881962,0.2692307692307692,13,0.5708475093633384,0.7499999998875
27,1,Demarcus Ware,7.666666666666667,4.72115,3,1.0,0,Athlete,36,Eliminated,7.0,7,Lindsay Arnold,Baseline,Millennial,1,0,1,0,0,0.0,7.666666666666667,0.0,0.9615384615384616,13,0.3774877622322794,1.206896551432818
27,2,Demarcus Ware,7.833333333333333,0.22481666666666664,3,6.0,0,Athlete,36,Eliminated,7.0,7,Lindsay Arnold,Baseline,Millennial,1,0,1,0,0,0.16666666666666607,7.75,0.1178511301977575,0.5833333333333334,12,0.44306691366167916,1.206896551432818
27,3,Demarcus Ware,8.666666666666666,1.3489,3,5.0,0,Athlete,36,Eliminated,7.0,7,Lindsay Arnold,Baseline,Millennial,1,0,1,0,0,0.833333333333333,8.055555555555555,0.5357583756107194,0.5909090909090909,11,0.50360920609646,1.206896551432818
27,4,Demarcus Ware,7.333333333333333,-1.5415999999999999,3,7.0,0,Athlete,36,Eliminated,7.0,7,Lindsay Arnold,Baseline,Millennial,1,0,1,0,0,-1.333333333333333,7.875,0.5672382737961703,0.4,10,0.5768115562129592,1.206896551432818
27,5,Demarcus Ware,8.666666666666666,2.6978,3,4.0,0,Athlete,36,Eliminated,7.0,7,Lindsay Arnold,Baseline,Millennial,1,0,1,0,0,1.333333333333333,8.033333333333333,0.6055300708194981,0.6666666666666666,9,0.5665549008476075,1.206896551432818
27,6,Demarcus Ware,8.666666666666666,-0.53956,3,5.0,0,Athlete,36,Eliminated,7.0,7,Lindsay Arnold,Baseline,Millennial,1,0,1,0,0,0.0,8.138888888888888,0.6001543011469507,0.5555555555555556,9,0.5813004297982594,1.206896551432818
27,7,Demarcus Ware,8.833333333333334,-1.3489,3,6.0,0,Athlete,36,Eliminated,7.0,7,Lindsay Arnold,Baseline,Millennial,1,0,1,0,0,0.16666666666666785,8.238095238095237,0.6074928962939556,0.3125,8,0.27297298151778654,1.206896551432818
8,1,Denise Richards,6.0,0.0,3,7.0,0,Actor/Actress,38,Eliminated,3.0,12,Maksim Chmerkoskiy,Baseline,Millennial,1,0,1,0,0,0.0,6.0,0.0,0.5,13,0.5052533901080313,0.8928571426977041
8,2,Denise Richards,7.0,0.0,3,5.0,0,Actor/Actress,38,Eliminated,3.0,12,Maksim Chmerkoskiy,Baseline,Millennial,1,0,1,0,0,1.0,6.5,0.7071067811865476,0.6923076923076923,13,0.5569947257167678,0.8928571426977041
8,3,Denise Richards,5.333333333333333,-3.3203692307692307,3,10.0,0,Actor/Actress,38,Eliminated,3.0,12,Maksim Chmerkoskiy,Baseline,Millennial,1,0,1,0,0,-1.666666666666667,6.111111111111111,0.8388704928078611,0.25,12,0.8197399719654512,0.8928571426977041
25,1,Derek Fisher,6.0,0.0,3,7.0,0,Athlete,43,Eliminated,4.0,11,Sharna Burgess,Baseline,GenX,1,0,0,1,0,0.0,6.0,0.0,0.46153846153846156,13,0.3689849053575016,0.8490566036294054
25,2,Derek Fisher,6.333333333333333,-2.6978,3,11.0,0,Athlete,43,Eliminated,4.0,11,Sharna Burgess,Baseline,GenX,1,0,0,1,0,0.33333333333333304,6.166666666666666,0.23570226039551595,0.19230769230769232,13,0.32635345291716955,0.8490566036294054
25,3,Derek Fisher,7.0,0.0,3,6.0,0,Athlete,43,Eliminated,4.0,11,Sharna Burgess,Baseline,GenX,1,0,0,1,0,0.666666666666667,6.444444444444444,0.509175077217316,0.36363636363636365,11,0.32865933280605497,0.8490566036294054
25,4,Derek Fisher,7.666666666666667,-1.0,3,10.0,0,Athlete,43,Eliminated,4.0,11,Sharna Burgess,Baseline,GenX,1,0,0,1,0,0.666666666666667,6.75,0.7391185942027823,0.18181818181818182,11,0.28962268552870457,0.8490566036294054
18,1,Diana Nyad,6.0,-4.0466999999999995,3,11.0,0,Athlete,64,Eliminated,2.0,12,Henry Byalikov,Baseline,Boomer,1,0,0,0,1,0.0,6.0,0.0,0.16666666666666666,12,0.4824767313646609,0.9999999998
14,1,Donald Driver,7.0,0.0,3,8.0,0,Athlete,37,Winner,9.0,1,Peta Murgatroyd,Baseline,Millennial,1,0,1,0,0,0.0,7.0,0.0,0.375,12,0.31763966986668124,0.41666666663194446
14,2,Donald Driver,8.0,4.0466999999999995,3,5.0,0,Athlete,37,Winner,9.0,1,Peta Murgatroyd,Baseline,Millennial,1,0,1,0,0,1.0,7.5,0.7071067811865476,0.6666666666666666,12,0.42874242358520726,0.41666666663194446
14,3,Donald Driver,8.666666666666666,2.6978,3,4.0,0,Athlete,37,Winner,9.0,1,Peta Murgatroyd,Baseline,Millennial,1,0,1,0,0,0.6666666666666661,7.888888888888888,0.838870492807861,0.7272727272727273,11,0.26687070216692765,0.41666666663194446
14,4,Donald Driver,9.0,4.0466999999999995,3,1.0,0,Athlete,37,Winner,9.0,1,Peta Murgatroyd,Baseline,Millennial,1,0,1,0,0,0.3333333333333339,8.166666666666666,0.881917103688197,1.0,10,0.34805157127333136,0.41666666663194446
14,5,Donald Driver,9.0,2.0233499999999998,3,3.0,0,Athlete,37,Winner,9.0,1,Peta Murgatroyd,Baseline,Millennial,1,0,1,0,0,0.0,8.333333333333332,0.8498365855987978,0.7222222222222222,9,0.5290360116779419,0.41666666663194446
14,6,Donald Driver,11.3333,1.1162761816094076,3,4.0,0,Athlete,37,Winner,9.0,1,Peta Murgatroyd,Baseline,Millennial,1,0,1,0,0,2.3332999999999995,8.833327777777777,1.441438324948255,0.625,8,0.7511618976913882,0.41666666663194446
14,7,Donald Driver,8.833333333333334,-1.3489,3,3.0,0,Athlete,37,Winner,9.0,1,Peta Murgatroyd,Baseline,Millennial,1,0,1,0,0,-2.4999666666666656,8.833328571428572,1.3158471430460434,0.6428571428571429,7,0.22476239603259227,0.41666666663194446
14,8,Donald Driver,9.166666666666666,-0.67445,3,3.0,0,Athlete,37,Winner,9.0,1,Peta Murgatroyd,Baseline,Millennial,1,0,1,0,0,0.33333333333333215,8.874995833333333,1.2239250223997997,0.5833333333333334,6,0.15990606043517003,0.41666666663194446
14,9,Donald Driver,9.5,0.0,3,3.0,0,Athlete,37,Winner,9.0,1,Peta Murgatroyd,Baseline,Millennial,1,0,1,0,0,0.3333333333333339,8.94444074074074,1.1636781167413595,0.5,4,0.09522267327127348,0.41666666663194446
9,1,Donny Osmond,9.999966666666666,2.6184830470039064,3,5.0,0,Singer/Rapper,51,Winner,9.0,1,Kym Johnson,Baseline,GenX,1,0,0,1,0,0.0,9.999966666666666,0.0,0.75,16,0.7859138369788743,0.7894736840858726
9,2,Donny Osmond,8.333333333333334,5.3956,3,3.0,0,Singer/Rapper,51,Winner,9.0,1,Kym Johnson,Baseline,GenX,1,0,0,1,0,-1.6666333333333316,9.16665,1.1784877317515392,0.8571428571428571,14,0.4556015122439362,0.7894736840858726
9,3,Donny Osmond,7.0,4.0466999999999995,3,4.0,0,Singer/Rapper,51,Winner,9.0,1,Kym Johnson,Baseline,GenX,1,0,0,1,0,-1.333333333333334,8.444433333333334,1.5030660024688798,0.7307692307692307,13,0.5708475093633384,0.7894736840858726
9,4,Donny Osmond,8.0,0.0,3,4.0,0,Singer/Rapper,51,Winner,9.0,1,Kym Johnson,Baseline,GenX,1,0,0,1,0,1.0,8.333325,1.2472042811008537,0.6818181818181818,11,0.6760139186794596,0.7894736840858726
9,5,Donny Osmond,9.666666666666666,4.496333333333332,3,1.0,0,Singer/Rapper,51,Winner,9.0,1,Kym Johnson,Baseline,GenX,1,0,0,1,0,1.666666666666666,8.599993333333334,1.2337742456021326,1.0,10,0.3666588158943709,0.7894736840858726
9,6,Donny Osmond,10.3333,0.47603194451797287,3,5.0,0,Singer/Rapper,51,Winner,9.0,1,Kym Johnson,Baseline,GenX,1,0,0,1,0,0.6666333333333334,8.888877777777777,1.3109097774983371,0.5555555555555556,9,0.7538076457857609,0.7894736840858726
9,7,Donny Osmond,8.666666666666666,0.67445,3,3.0,0,Singer/Rapper,51,Winner,9.0,1,Kym Johnson,Baseline,GenX,1,0,0,1,0,-1.6666333333333334,8.857133333333334,1.1996350857193567,0.6428571428571429,7,0.3024082953907326,0.7894736840858726
9,8,Donny Osmond,8.333333333333334,-1.3489,3,4.0,0,Singer/Rapper,51,Winner,9.0,1,Kym Johnson,Baseline,GenX,1,0,0,1,0,-0.33333333333333215,8.791658333333332,1.1259799965448085,0.3,5,0.2789227982655418,0.7894736840858726
9,9,Donny Osmond,8.222199999999999,-4.945382201779836,3,4.0,0,Singer/Rapper,51,Winner,9.0,1,Kym Johnson,Baseline,GenX,1,0,0,1,0,-0.11113333333333486,8.728385185185184,1.0702259130813756,0.25,4,0.26933129001834333,0.7894736840858726
16,1,Dorothy Hamill,7.0,4.0466999999999995,3,2.0,0,Athlete,56,Withdrew,,12,Tristan Macmanus,Baseline,GenX,1,0,0,1,0,0.0,7.0,0.0,0.8333333333333334,12,0.43333212536664834,0.5769230768565089
16,2,Dorothy Hamill,5.0,-3.0350249999999996,3,12.0,0,Athlete,56,Withdrew,,12,Tristan Macmanus,Baseline,GenX,1,0,0,1,0,-2.0,6.0,1.4142135623730951,0.08333333333333333,12,0.5423210352279798,0.5769230768565089
22,1,Doug Flutie,5.0,-8.093399999999999,3,11.0,0,Athlete,53,Eliminated,6.0,9,Karina Smirnoff,Baseline,GenX,1,0,0,1,0,0.0,5.0,0.0,0.16666666666666666,12,0.4877442861994343,0.758928571313377
22,2,Doug Flutie,6.666666666666667,-1.3489,3,5.0,0,Athlete,53,Eliminated,6.0,9,Karina Smirnoff,Baseline,GenX,1,0,0,1,0,1.666666666666667,5.833333333333334,1.178511301977579,0.5416666666666666,12,0.4636580673185359,0.758928571313377
22,3,Doug Flutie,6.666666666666667,-1.3489,3,8.0,0,Athlete,53,Eliminated,6.0,9,Karina Smirnoff,Baseline,GenX,1,0,0,1,0,0.0,6.111111111111112,0.9622504486493761,0.2727272727272727,11,0.30492889283715907,0.758928571313377
22,4,Doug Flutie,6.0,-5.3956,4,10.0,0,Athlete,53,Eliminated,6.0,9,Karina Smirnoff,Baseline,GenX,1,0,0,1,0,-0.666666666666667,6.083333333333334,0.7876359377087679,0.1,10,0.4648875844007378,0.758928571313377
22,5,Doug Flutie,7.0,-5.3956,4,7.0,0,Athlete,53,Eliminated,6.0,9,Karina Smirnoff,Baseline,GenX,1,0,0,1,0,1.0,6.2666666666666675,0.7958224257542211,0.2777777777777778,9,0.3911670460246567,0.758928571313377
22,6,Doug Flutie,7.0,-4.0466999999999995,3,9.0,0,Athlete,53,Eliminated,6.0,9,Karina Smirnoff,Baseline,GenX,1,0,0,1,0,0.0,6.388888888888889,0.7722022379508465,0.1111111111111111,9,0.35966785659869965,0.758928571313377
18,1,Drew Carey,7.0,0.0,3,7.0,0,Comedian,55,Eliminated,6.0,8,Cheryl Burke,Baseline,GenX,1,0,0,1,0,0.0,7.0,0.0,0.4166666666666667,12,0.4824767313646609,1.0389610387451509
18,2,Drew Carey,7.0,0.0,3,7.0,0,Comedian,55,Eliminated,6.0,8,Cheryl Burke,Baseline,GenX,1,0,0,1,0,0.0,7.0,0.0,0.3181818181818182,11,0.4367050005272007,1.0389610387451509
18,3,Drew Carey,7.5,-8.093399999999999,4,9.0,0,Comedian,55,Eliminated,6.0,8,Cheryl Burke,Baseline,GenX,1,0,0,1,0,0.5,7.166666666666667,0.28867513459481275,0.1111111111111111,9,0.32309124605207246,1.0389610387451509
18,4,Drew Carey,8.25,1.3489,4,4.0,0,Comedian,55,Eliminated,6.0,8,Cheryl Burke,Baseline,GenX,1,0,0,1,0,0.75,7.4375,0.590726953281576,0.6111111111111112,9,0.33191624498489414,1.0389610387451509
18,5,Drew Carey,7.0,-43.1648,4,9.0,0,Comedian,55,Eliminated,6.0,8,Cheryl Burke,Baseline,GenX,1,0,0,1,0,-1.25,7.35,0.547722557505166,0.1111111111111111,9,0.3823756526858896,1.0389610387451509
18,6,Drew Carey,8.0,-5.3956,4,7.0,0,Comedian,55,Eliminated,6.0,8,Cheryl Burke,Baseline,GenX,1,0,0,1,0,1.0,7.458333333333333,0.5571504883482259,0.1875,8,0.31709701677202323,1.0389610387451509
2,1,Drew Lachey,8.0,1.4715272727272726,3,1.0,0,Singer/Rapper,29,Winner,7.0,1,Cheryl Burke,Baseline,Millennial,1,0,1,0,0,0.0,8.0,0.0,1.0,10,0.611207926325423,0.9999999998
2,2,Drew Lachey,9.0,5.395599999999999,3,2.0,0,Singer/Rapper,29,Winner,7.0,1,Cheryl Burke,Baseline,Millennial,1,0,1,0,0,1.0,8.5,0.7071067811865476,0.8888888888888888,9,0.6249006826786333,0.9999999998
2,3,Drew Lachey,9.0,2.0233499999999998,3,1.0,0,Singer/Rapper,29,Winner,7.0,1,Cheryl Burke,Baseline,Millennial,1,0,1,0,0,0.0,8.666666666666666,0.5773502691896258,0.9375,8,0.6679176515427974,0.9999999998
2,4,Drew Lachey,9.333333333333334,2.6978,3,1.0,0,Singer/Rapper,29,Winner,7.0,1,Cheryl Burke,Baseline,Millennial,1,0,1,0,0,0.3333333333333339,8.833333333333334,0.5773502691896263,1.0,7,0.999999999557445,0.9999999998
2,5,Drew Lachey,9.0,4.0466999999999995,3,2.0,0,Singer/Rapper,29,Winner,7.0,1,Cheryl Burke,Baseline,Millennial,1,0,1,0,0,-0.3333333333333339,8.866666666666667,0.5055250296034373,0.8333333333333334,6,0.43176946429931184,0.9999999998
2,6,Drew Lachey,10.0,2.0233499999999998,3,1.0,0,Singer/Rapper,29,Winner,7.0,1,Cheryl Burke,Baseline,Millennial,1,0,1,0,0,1.0,9.055555555555555,0.6469300723559848,0.9,5,0.5173667882126445,0.9999999998
2,7,Drew Lachey,9.166666666666666,0.7707999999999999,3,1.0,0,Singer/Rapper,29,Winner,7.0,1,Cheryl Burke,Baseline,Millennial,1,0,1,0,0,-0.8333333333333339,9.071428571428571,0.5920549810018505,0.875,4,0.4966207044959312,0.9999999998
15,1,Drew Lachey,7.166666666666667,0.67445,3,6.0,0,Singer/Rapper,36,Eliminated,3.0,11,Anna Trebunskaya,Baseline,Millennial,1,0,1,0,0,0.0,7.166666666666667,0.0,0.5384615384615384,13,0.2944450500991418,0.6521739129584121
15,2,Drew Lachey,7.5,0.0,3,7.0,0,Singer/Rapper,36,Eliminated,3.0,11,Anna Trebunskaya,Baseline,Millennial,1,0,1,0,0,0.33333333333333304,7.333333333333334,0.2357022603955153,0.4166666666666667,12,0.32227699063508836,0.6521739129584121
15,3,Drew Lachey,8.0,-2.0233499999999998,3,9.0,0,Singer/Rapper,36,Eliminated,3.0,11,Anna Trebunskaya,Baseline,Millennial,1,0,1,0,0,0.5,7.555555555555556,0.41943524640392993,0.22727272727272727,11,0.20163019077307118,0.6521739129584121
25,1,Drew Scott,5.333333333333333,-2.6978,3,11.0,0,Tv Personality,39,Eliminated,10.0,4,Emma Slater,Baseline,Millennial,1,0,1,0,0,0.0,5.333333333333333,0.0,0.23076923076923078,13,0.3689849053575016,0.6481481480641289
25,2,Drew Scott,6.833333333333333,-0.67445,3,7.0,0,Tv Personality,39,Eliminated,10.0,4,Emma Slater,Baseline,Millennial,1,0,1,0,0,1.5,6.083333333333333,1.0606601717798212,0.5,13,0.32635345291716955,0.6481481480641289
25,3,Drew Scott,7.666666666666667,2.6978,3,3.0,0,Tv Personality,39,Eliminated,10.0,4,Emma Slater,Baseline,Millennial,1,0,1,0,0,0.8333333333333339,6.611111111111111,1.1824331474329317,0.7727272727272727,11,0.32865933280605497,0.6481481480641289
25,4,Drew Scott,8.0,0.0,3,4.0,0,Tv Personality,39,Eliminated,10.0,4,Emma Slater,Baseline,Millennial,1,0,1,0,0,0.33333333333333304,6.958333333333333,1.1892652571448696,0.5,11,0.28962268552870457,0.6481481480641289
25,5,Drew Scott,8.333333333333334,-2.6978,3,6.0,0,Tv Personality,39,Eliminated,10.0,4,Emma Slater,Baseline,Millennial,1,0,1,0,0,0.3333333333333339,7.2333333333333325,1.1995369476964393,0.45,10,0.37092052770744643,0.6481481480641289
25,6,Drew Scott,7.5,-6.4747200000000005,4,8.0,0,Tv Personality,39,Eliminated,10.0,4,Emma Slater,Baseline,Millennial,1,0,1,0,0,-0.8333333333333339,7.277777777777778,1.0784076052045275,0.2222222222222222,9,0.5189417288061872,0.6481481480641289
25,7,Drew Scott,9.5,2.0233499999999998,3,2.0,0,Tv Personality,39,Eliminated,10.0,4,Emma Slater,Baseline,Millennial,1,0,1,0,0,2.0,7.595238095238095,1.294064594447733,0.8125,8,0.30981358245498597,0.6481481480641289
25,8,Drew Scott,7.833333333333333,-2.6978,3,6.0,0,Tv Personality,39,Eliminated,10.0,4,Emma Slater,Baseline,Millennial,1,0,1,0,0,-1.666666666666667,7.625,1.2010246947753898,0.16666666666666666,6,0.3472691388757993,0.6481481480641289
25,9,Drew Scott,8.0,-3.2373600000000002,3,5.0,0,Tv Personality,39,Eliminated,10.0,4,Emma Slater,Baseline,Millennial,1,0,1,0,0,0.16666666666666696,7.666666666666667,1.1303883305208782,0.2,5,0.3172501667528296,0.6481481480641289
25,10,Drew Scott,9.375,-6.7445,4,4.0,0,Tv Personality,39,Eliminated,10.0,4,Emma Slater,Baseline,Millennial,1,0,1,0,0,1.375,7.8375,1.1948400507656163,0.25,4,0.1312925956335496,0.6481481480641289
33,1,Dwight Howard,7.333333333333333,5.3956,3,2.0,0,Athlete,38,Eliminated,7.0,6,Daniella Karagach,Baseline,Millennial,1,0,1,0,0,0.0,7.333333333333333,0.0,0.9230769230769231,13,0.3459611525374582,1.1764705879584776
33,2,Dwight Howard,7.333333333333333,1.3489,3,2.0,0,Athlete,38,Eliminated,7.0,6,Daniella Karagach,Baseline,Millennial,1,0,1,0,0,0.0,7.333333333333333,0.0,0.8461538461538461,13,0.40777614797778233,1.1764705879584776
33,3,Dwight Howard,6.5,-3.597066666666666,4,9.0,0,Athlete,38,Eliminated,7.0,6,Daniella Karagach,Baseline,Millennial,1,0,1,0,0,-0.833333333333333,7.0555555555555545,0.48112522432468796,0.2727272727272727,11,0.48023983477103066,1.1764705879584776
33,4,Dwight Howard,7.25,-16.186799999999998,4,9.0,0,Athlete,38,Eliminated,7.0,6,Daniella Karagach,Baseline,Millennial,1,0,1,0,0,0.75,7.104166666666666,0.40468895234259616,0.1111111111111111,9,0.24113156160144034,1.1764705879584776
33,5,Dwight Howard,8.0,-4.0466999999999995,3,6.0,0,Athlete,38,Eliminated,7.0,6,Daniella Karagach,Baseline,Millennial,1,0,1,0,0,0.75,7.283333333333333,0.5322906474223772,0.25,8,0.16727006482522272,1.1764705879584776
33,6,Dwight Howard,10.333333333333334,0.67445,3,3.0,0,Athlete,38,Eliminated,7.0,6,Daniella Karagach,Baseline,Millennial,1,0,1,0,0,2.333333333333334,7.791666666666667,1.3330728912303835,0.6428571428571429,7,0.4330874815477384,1.1764705879584776
33,7,Dwight Howard,8.0,-3.4685999999999995,3,6.0,0,Athlete,38,Eliminated,7.0,6,Daniella Karagach,Baseline,Millennial,1,0,1,0,0,-2.333333333333334,7.821428571428571,1.2194683983618333,0.16666666666666666,6,0.3011205324272617,1.1764705879584776
34,1,Dylan Efron,5.0,-1.3489,2,9.0,0,Tv Personality,33,Active,,4,Daniella Karagach (Rumer Willis Week 9),Baseline,Millennial,1,0,1,0,0,0.0,5.0,0.0,0.32142857142857145,14,0.4627624262862272,0.9999999998
34,2,Dylan Efron,6.666666666666667,-1.3489,3,9.0,0,Tv Personality,33,Active,,4,Daniella Karagach (Rumer Willis Week 9),Baseline,Millennial,1,0,1,0,0,1.666666666666667,5.833333333333334,1.178511301977579,0.42857142857142855,14,0.3416136418926476,0.9999999998
34,3,Dylan Efron,7.666666666666667,2.6978,3,3.0,0,Tv Personality,33,Active,,4,Daniella Karagach (Rumer Willis Week 9),Baseline,Millennial,1,0,1,0,0,1.0,6.4444444444444455,1.3471506281091266,0.7916666666666666,12,0.31108428718662545,0.9999999998
34,4,Dylan Efron,7.666666666666667,-1.3489,3,5.0,0,Tv Personality,33,Active,,4,Daniella Karagach (Rumer Willis Week 9),Baseline,Millennial,1,0,1,0,0,0.0,6.75,1.2583057392117916,0.5454545454545454,11,0.29030495428456765,0.9999999998
34,5,Dylan Efron,9.0,2.6978,4,1.0,0,Tv Personality,33,Active,,4,Daniella Karagach (Rumer Willis Week 9),Baseline,Millennial,1,0,1,0,0,1.333333333333333,7.2,1.4832396974191326,1.0,10,0.4041638843974973,0.9999999998
34,6,Dylan Efron,8.0,-5.3956,4,7.0,0,Tv Personality,33,Active,,4,Daniella Karagach (Rumer Willis Week 9),Baseline,Millennial,1,0,1,0,0,-1.0,7.333333333333333,1.3662601021279464,0.35,10,0.460625841237017,0.9999999998
34,7,Dylan Efron,9.5,0.8632960000000001,4,4.0,0,Tv Personality,33,Active,,4,Daniella Karagach (Rumer Willis Week 9),Baseline,Millennial,1,0,1,0,0,1.5,7.642857142857143,1.492042384180314,0.6111111111111112,9,0.5260998838984093,0.9999999998
34,8,Dylan Efron,9.5,0.0,4,4.0,0,Tv Personality,33,Active,,4,Daniella Karagach (Rumer Willis Week 9),Baseline,Millennial,1,0,1,0,0,0.0,7.875,1.529472364668847,0.5625,8,0.1868674562694525,0.9999999998
34,9,Dylan Efron,10.5,1.798533333333333,4,1.0,0,Tv Personality,33,Active,,4,Daniella Karagach (Rumer Willis Week 9),Baseline,Millennial,1,0,1,0,0,1.0,8.166666666666666,1.6770509831248424,0.8571428571428571,7,0.5261922064197656,0.9999999998
34,10,Dylan Efron,9.166666666666666,-3.597066666666666,3,6.0,0,Tv Personality,33,Active,,4,Daniella Karagach (Rumer Willis Week 9),Baseline,Millennial,1,0,1,0,0,-1.333333333333334,8.266666666666667,1.6124515496597098,0.16666666666666666,6,0.10077420506021913,0.9999999998
34,11,Dylan Efron,9.777733333333334,0.33339999999999925,3,1.0,0,Tv Personality,33,Active,,4,Daniella Karagach (Rumer Willis Week 9),Baseline,Millennial,1,0,1,0,0,0.6110666666666678,8.404036363636363,1.596112392690756,1.0,2,0.03477735817189846,0.9999999998
34,1,Elaine Hendrix,6.0,0.0,2,6.0,0,Actor/Actress,55,Active,,5,Alan Bersten (Rashad Jennings Week 9),Baseline,GenX,1,0,0,1,0,0.0,6.0,0.0,0.5714285714285714,14,0.4627624262862272,0.9999999998
34,2,Elaine Hendrix,7.0,0.0,3,5.0,0,Actor/Actress,55,Active,,5,Alan Bersten (Rashad Jennings Week 9),Baseline,GenX,1,0,0,1,0,1.0,6.5,0.7071067811865476,0.6071428571428571,14,0.3416136418926476,0.9999999998
34,3,Elaine Hendrix,7.0,0.0,3,8.0,0,Actor/Actress,55,Active,,5,Alan Bersten (Rashad Jennings Week 9),Baseline,GenX,1,0,0,1,0,0.0,6.666666666666667,0.5773502691896257,0.375,12,0.31108428718662545,0.9999999998
34,4,Elaine Hendrix,8.0,0.0,3,2.0,0,Actor/Actress,55,Active,,5,Alan Bersten (Rashad Jennings Week 9),Baseline,GenX,1,0,0,1,0,1.0,7.0,0.8164965809277259,0.8181818181818182,11,0.29030495428456765,0.9999999998
34,5,Elaine Hendrix,7.5,-1.3489,4,6.0,0,Actor/Actress,55,Active,,5,Alan Bersten (Rashad Jennings Week 9),Baseline,GenX,1,0,0,1,0,-0.5,7.1,0.7416198487095662,0.45,10,0.4041638843974973,0.9999999998
34,6,Elaine Hendrix,9.0,0.0,4,3.0,0,Actor/Actress,55,Active,,5,Alan Bersten (Rashad Jennings Week 9),Baseline,GenX,1,0,0,1,0,1.5,7.416666666666667,1.0206207261596576,0.7,10,0.460625841237017,0.9999999998
34,7,Elaine Hendrix,8.0,-4.31648,4,8.0,0,Actor/Actress,55,Active,,5,Alan Bersten (Rashad Jennings Week 9),Baseline,GenX,1,0,0,1,0,-1.0,7.5,0.9574271077563383,0.2222222222222222,9,0.5260998838984093,0.9999999998
34,8,Elaine Hendrix,9.375,-0.67445,4,6.0,0,Actor/Actress,55,Active,,5,Alan Bersten (Rashad Jennings Week 9),Baseline,GenX,1,0,0,1,0,1.375,7.734375,1.1068728069269236,0.375,8,0.1868674562694525,0.9999999998
34,9,Elaine Hendrix,9.0,-3.597066666666666,4,6.0,0,Actor/Actress,55,Active,,5,Alan Bersten (Rashad Jennings Week 9),Baseline,GenX,1,0,0,1,0,-0.375,7.875,1.1180339887498953,0.2857142857142857,7,0.5261922064197656,0.9999999998
34,10,Elaine Hendrix,9.5,0.0,3,4.0,0,Actor/Actress,55,Active,,5,Alan Bersten (Rashad Jennings Week 9),Baseline,GenX,1,0,0,1,0,0.5,8.0375,1.1726779656457744,0.4166666666666667,6,0.10077420506021913,0.9999999998
34,11,Elaine Hendrix,9.6666,0.0,3,2.0,0,Actor/Actress,55,Active,,5,Alan Bersten (Rashad Jennings Week 9),Baseline,GenX,1,0,0,1,0,0.16660000000000075,8.1856,1.2161109982234357,0.5,2,0.03477735817189846,0.9999999998
13,1,Elisabetta Canalis,5.0,-2.0233499999999998,3,11.0,0,Actor/Actress,33,Eliminated,2.0,11,Valentin Chmerkovskiy,Baseline,Millennial,1,0,1,0,0,0.0,5.0,0.0,0.16666666666666666,12,0.4001000815088156,0.9999999998
13,2,Elisabetta Canalis,7.0,0.0,3,4.0,0,Actor/Actress,33,Eliminated,2.0,11,Valentin Chmerkovskiy,Baseline,Millennial,1,0,1,0,0,2.0,6.0,1.4142135623730951,0.5909090909090909,11,0.2882533034576482,0.9999999998
17,1,Elizabeth Berkley Lauren,8.0,3.2373600000000002,3,2.0,0,Actor/Actress,39,Eliminated,9.0,6,Valentin Chmerkovskiy,Baseline,Millennial,1,0,1,0,0,0.0,8.0,0.0,0.875,12,0.5199731865129118,0.769230769112426
17,2,Elizabeth Berkley Lauren,8.333333333333334,1.07912,3,2.0,0,Actor/Actress,39,Eliminated,9.0,6,Valentin Chmerkovskiy,Baseline,Millennial,1,0,1,0,0,0.3333333333333339,8.166666666666668,0.23570226039551562,0.875,12,0.4484757246093171,0.769230769112426
17,3,Elizabeth Berkley Lauren,8.333333333333334,1.3489,3,4.0,0,Actor/Actress,39,Eliminated,9.0,6,Valentin Chmerkovskiy,Baseline,Millennial,1,0,1,0,0,0.0,8.222222222222223,0.19245008972987496,0.6818181818181818,11,0.5590854517439097,0.769230769112426
17,4,Elizabeth Berkley Lauren,9.0,2.0233499999999998,3,1.0,0,Actor/Actress,39,Eliminated,9.0,6,Valentin Chmerkovskiy,Baseline,Millennial,1,0,1,0,0,0.6666666666666661,8.416666666666668,0.4194352464039299,0.9,10,0.44008948670157627,0.769230769112426
17,5,Elizabeth Berkley Lauren,8.666666666666666,-1.3489,3,6.0,0,Actor/Actress,39,Eliminated,9.0,6,Valentin Chmerkovskiy,Baseline,Millennial,1,0,1,0,0,-0.3333333333333339,8.466666666666667,0.3800584750330453,0.3888888888888889,9,0.2898692456016402,0.769230769112426
17,6,Elizabeth Berkley Lauren,10.6666,4.720964530886727,3,2.0,0,Actor/Actress,39,Eliminated,9.0,6,Valentin Chmerkovskiy,Baseline,Millennial,1,0,1,0,0,1.9999333333333347,8.833322222222222,0.9602985650692573,0.875,8,0.42049341849041905,0.769230769112426
17,7,Elizabeth Berkley Lauren,9.0,0.0,3,5.0,0,Actor/Actress,39,Eliminated,9.0,6,Valentin Chmerkovskiy,Baseline,Millennial,1,0,1,0,0,-1.6666000000000007,8.857133333333334,0.8788893909255486,0.4375,8,0.23303861218816335,0.769230769112426
17,8,Elizabeth Berkley Lauren,8.333333333333334,-2.6978,3,6.0,0,Actor/Actress,39,Eliminated,9.0,6,Valentin Chmerkovskiy,Baseline,Millennial,1,0,1,0,0,-0.6666666666666661,8.791658333333334,0.8345015624301809,0.2857142857142857,7,0.33915469425313977,0.769230769112426
17,9,Elizabeth Berkley Lauren,9.333333333333334,1.5415999999999999,3,2.0,0,Actor/Actress,39,Eliminated,9.0,6,Valentin Chmerkovskiy,Baseline,Millennial,1,0,1,0,0,1.0,8.851844444444446,0.8012147416406057,0.8333333333333334,6,0.41659239388677904,0.769230769112426
3,1,Emmitt Smith,8.0,2.6977999999999995,3,2.0,0,Athlete,37,Winner,8.0,1,Cheryl Burke,Baseline,Millennial,1,0,1,0,0,0.0,8.0,0.0,0.9090909090909091,11,0.6156691610882334,4.999999995
3,2,Emmitt Smith,8.0,0.0,3,3.0,0,Athlete,37,Winner,8.0,1,Cheryl Burke,Baseline,Millennial,1,0,1,0,0,0.0,8.0,0.0,0.75,10,0.42867833173589404,4.999999995
3,3,Emmitt Smith,6.333333333333333,-4.496333333333332,3,9.0,0,Athlete,37,Winner,8.0,1,Cheryl Burke,Baseline,Millennial,1,0,1,0,0,-1.666666666666667,7.444444444444444,0.9622504486493766,0.1111111111111111,9,0.40399558795697227,4.999999995
3,4,Emmitt Smith,8.0,0.0,3,4.0,0,Athlete,37,Winner,8.0,1,Cheryl Burke,Baseline,Millennial,1,0,1,0,0,1.666666666666667,7.583333333333333,0.8333333333333335,0.5,8,0.45125042141248917,4.999999995
3,5,Emmitt Smith,9.0,0.0,3,1.0,0,Athlete,37,Winner,8.0,1,Cheryl Burke,Baseline,Millennial,1,0,1,0,0,1.0,7.866666666666665,0.9603240193925288,0.7857142857142857,7,0.2159447251290409,4.999999995
3,6,Emmitt Smith,8.333333333333334,0.67445,3,2.0,0,Athlete,37,Winner,8.0,1,Cheryl Burke,Baseline,Millennial,1,0,1,0,0,-0.6666666666666661,7.944444444444444,0.87981479532574,0.8,5,0.5379870366071047,4.999999995
3,7,Emmitt Smith,9.5,4.0466999999999995,3,1.0,0,Athlete,37,Winner,8.0,1,Cheryl Burke,Baseline,Millennial,1,0,1,0,0,1.166666666666666,8.166666666666666,0.9953596037316066,0.9,5,0.3420071809385997,4.999999995
3,8,Emmitt Smith,9.0,0.0,3,2.0,0,Athlete,37,Winner,8.0,1,Cheryl Burke,Baseline,Millennial,1,0,1,0,0,-0.5,8.270833333333334,0.9674770822928598,0.625,4,0.1277546222602921,4.999999995
15,1,Emmitt Smith,8.166666666666666,4.72115,3,1.0,0,Athlete,43,Eliminated,9.0,4,Cheryl Burke,Baseline,GenX,1,0,0,1,0,0.0,8.166666666666666,0.0,1.0,13,0.2944450500991418,1.0655737702647137
15,2,Emmitt Smith,7.5,0.0,3,7.0,0,Athlete,43,Eliminated,9.0,4,Cheryl Burke,Baseline,GenX,1,0,0,1,0,-0.6666666666666661,7.833333333333333,0.47140452079103123,0.4166666666666667,12,0.32227699063508836,1.0655737702647137
15,3,Emmitt Smith,8.333333333333334,-0.67445,3,8.0,0,Athlete,43,Eliminated,9.0,4,Cheryl Burke,Baseline,GenX,1,0,0,1,0,0.8333333333333339,8.0,0.44095855184409855,0.36363636363636365,11,0.20163019077307118,1.0655737702647137
15,4,Emmitt Smith,9.0,0.0,4,5.0,0,Athlete,43,Eliminated,9.0,4,Cheryl Burke,Baseline,GenX,1,0,0,1,0,0.6666666666666661,8.25,0.6161409170227454,0.5555555555555556,9,0.35325558404867186,1.0655737702647137
15,5,Emmitt Smith,9.333333333333334,0.5995111111111111,3,6.0,0,Athlete,43,Eliminated,9.0,4,Cheryl Burke,Baseline,GenX,1,0,0,1,0,0.3333333333333339,8.466666666666667,0.720724943681322,0.375,8,0.1723475897236556,1.0655737702647137
15,6,Emmitt Smith,8.833333333333334,-2.6978,3,8.0,0,Athlete,43,Eliminated,9.0,4,Cheryl Burke,Baseline,GenX,1,0,0,1,0,-0.5,8.527777777777779,0.6617877023358497,0.125,8,0.2048631540320305,1.0655737702647137
15,7,Emmitt Smith,11.499966666666666,-0.8093723748949954,3,4.0,0,Athlete,43,Eliminated,9.0,4,Cheryl Burke,Baseline,GenX,1,0,0,1,0,2.6666333333333316,8.95237619047619,1.2755217835319588,0.5714285714285714,7,0.539380041253953,1.0655737702647137
15,8,Emmitt Smith,9.685133333333333,1.4983581199999967,3,4.0,0,Athlete,43,Eliminated,9.0,4,Cheryl Burke,Baseline,GenX,1,0,0,1,0,-1.8148333333333326,9.043970833333333,1.2089872575952885,0.5714285714285714,7,0.21908088718211424,1.0655737702647137
15,9,Emmitt Smith,9.0,-3.1671753932848103,3,5.0,0,Athlete,43,Eliminated,9.0,4,Cheryl Burke,Baseline,GenX,1,0,0,1,0,-0.6851333333333329,9.039085185185185,1.130999001511386,0.2,5,0.1619106807935631,1.0655737702647137
33,1,Eric Roberts,5.0,-4.0466999999999995,3,13.0,0,Actor/Actress,68,Eliminated,3.0,10,Britt Stewart,Baseline,Boomer,1,0,0,0,1,0.0,5.0,0.0,0.07692307692307693,13,0.3459611525374582,0.5405405404821038
33,2,Eric Roberts,5.0,-8.093399999999999,3,12.0,0,Actor/Actress,68,Eliminated,3.0,10,Britt Stewart,Baseline,Boomer,1,0,0,0,1,0.0,5.0,0.0,0.11538461538461539,13,0.40777614797778233,0.5405405404821038
33,3,Eric Roberts,5.75,-6.294866666666666,4,10.0,0,Actor/Actress,68,Eliminated,3.0,10,Britt Stewart,Baseline,Boomer,1,0,0,0,1,0.75,5.25,0.4330127018922193,0.18181818181818182,11,0.48023983477103066,0.5405405404821038
24,1,Erika Jayne,6.0,0.0,4,7.0,0,Singer/Rapper,45,Eliminated,5.0,9,Gleb Savchenko,Baseline,GenX,1,0,0,1,0,0.0,6.0,0.0,0.4583333333333333,12,0.5077415287029913,0.7142857141836735
24,2,Erika Jayne,7.0,0.0,4,5.0,0,Singer/Rapper,45,Eliminated,5.0,9,Gleb Savchenko,Baseline,GenX,1,0,0,1,0,1.0,6.5,0.7071067811865476,0.5833333333333334,12,0.3694657571555838,0.7142857141836735
24,3,Erika Jayne,6.5,-1.3489,4,7.0,0,Singer/Rapper,45,Eliminated,5.0,9,Gleb Savchenko,Baseline,GenX,1,0,0,1,0,-0.5,6.5,0.5,0.4090909090909091,11,0.44606142611441296,0.7142857141836735
24,4,Erika Jayne,7.5,-2.15824,4,8.0,0,Singer/Rapper,45,Eliminated,5.0,9,Gleb Savchenko,Baseline,GenX,1,0,0,1,0,1.0,6.75,0.6454972243679028,0.25,10,0.36209665770517047,0.7142857141836735
24,5,Erika Jayne,8.0,0.0,4,6.0,0,Singer/Rapper,45,Eliminated,5.0,9,Gleb Savchenko,Baseline,GenX,1,0,0,1,0,0.5,7.0,0.7905694150420949,0.3888888888888889,9,0.37835288634956515,0.7142857141836735
10,1,Erin Andrews,7.0,2.0233499999999998,3,3.0,0,Sports Broadcaster,32,Finalist,9.0,3,Maksim Chmerkoskiy,Baseline,Millennial,1,0,1,0,0,0.0,7.0,0.0,0.7727272727272727,11,0.49807921190792886,0.6730769229863165
10,2,Erin Andrews,7.666666666666667,1.3489,3,3.0,0,Sports Broadcaster,32,Finalist,9.0,3,Maksim Chmerkoskiy,Baseline,Millennial,1,0,1,0,0,0.666666666666667,7.333333333333334,0.47140452079103157,0.8181818181818182,11,0.6597220325535085,0.6730769229863165
10,3,Erin Andrews,7.666666666666667,2.6978,3,2.0,0,Sports Broadcaster,32,Finalist,9.0,3,Maksim Chmerkoskiy,Baseline,Millennial,1,0,1,0,0,0.0,7.4444444444444455,0.3849001794597504,0.85,10,0.5608715150290308,0.6730769229863165
10,4,Erin Andrews,6.5,0.0,3,5.0,0,Sports Broadcaster,32,Finalist,9.0,3,Maksim Chmerkoskiy,Baseline,Millennial,1,0,1,0,0,-1.166666666666667,7.208333333333334,0.5672382737961706,0.5555555555555556,9,0.5404812987363725,0.6730769229863165
10,5,Erin Andrews,7.333333333333333,0.5995111111111111,3,4.0,0,Sports Broadcaster,32,Finalist,9.0,3,Maksim Chmerkoskiy,Baseline,Millennial,1,0,1,0,0,0.833333333333333,7.2333333333333325,0.4944132324730443,0.625,8,0.6961217507010304,0.6730769229863165
10,6,Erin Andrews,11.333333333333334,4.0467809323813535,3,2.0,0,Sports Broadcaster,32,Finalist,9.0,3,Maksim Chmerkoskiy,Baseline,Millennial,1,0,1,0,0,4.000000000000001,7.916666666666667,1.7312487464897188,0.8571428571428571,7,0.6107868872008763,0.6730769229863165
10,7,Erin Andrews,8.5,0.0,3,4.0,0,Sports Broadcaster,32,Finalist,9.0,3,Maksim Chmerkoskiy,Baseline,Millennial,1,0,1,0,0,-2.833333333333334,8.0,1.5957118462605637,0.4166666666666667,6,0.14315106692280277,0.6730769229863165
10,8,Erin Andrews,8.833333333333334,0.8992666666666665,3,2.0,0,Sports Broadcaster,32,Finalist,9.0,3,Maksim Chmerkoskiy,Baseline,Millennial,1,0,1,0,0,0.3333333333333339,8.104166666666666,1.5064346112909244,0.7,5,0.4825450660058031,0.6730769229863165
10,9,Erin Andrews,9.333333333333334,-0.67445,3,3.0,0,Sports Broadcaster,32,Finalist,9.0,3,Maksim Chmerkoskiy,Baseline,Millennial,1,0,1,0,0,0.5,8.24074074074074,1.4674976602080325,0.5,4,0.24463147698635032,0.6730769229863165
10,1,Evan Lysacek,7.666666666666667,3.37225,3,2.0,0,Athlete,24,RunnerUp,9.0,2,Anna Trebunskaya,Baseline,GenZ,1,1,0,0,0,0.0,7.666666666666667,0.0,0.9090909090909091,11,0.49807921190792886,0.5882352940484429
10,2,Evan Lysacek,8.0,2.0233499999999998,3,2.0,0,Athlete,24,RunnerUp,9.0,2,Anna Trebunskaya,Baseline,GenZ,1,1,0,0,0,0.33333333333333304,7.833333333333334,0.2357022603955153,0.9090909090909091,11,0.6597220325535085,0.5882352940484429
10,3,Evan Lysacek,8.666666666666666,6.7445,3,1.0,0,Athlete,24,RunnerUp,9.0,2,Anna Trebunskaya,Baseline,GenZ,1,1,0,0,0,0.6666666666666661,8.111111111111112,0.509175077217315,1.0,10,0.5608715150290308,0.5882352940484429
10,4,Evan Lysacek,8.666666666666666,4.383925,3,1.0,0,Athlete,24,RunnerUp,9.0,2,Anna Trebunskaya,Baseline,GenZ,1,1,0,0,0,0.0,8.25,0.4999999999999995,1.0,9,0.5404812987363725,0.5882352940484429
10,5,Evan Lysacek,9.0,3.5970666666666666,3,2.0,0,Athlete,24,RunnerUp,9.0,2,Anna Trebunskaya,Baseline,GenZ,1,1,0,0,0,0.3333333333333339,8.4,0.5477225575051657,0.875,8,0.6961217507010304,0.5882352940484429
10,6,Evan Lysacek,9.0,-1.6184857622847575,3,5.0,0,Athlete,24,RunnerUp,9.0,2,Anna Trebunskaya,Baseline,GenZ,1,1,0,0,0,0.0,8.5,0.5477225575051659,0.42857142857142855,7,0.6107868872008763,0.5882352940484429
10,7,Evan Lysacek,9.0,4.0466999999999995,3,1.0,0,Athlete,24,RunnerUp,9.0,2,Anna Trebunskaya,Baseline,GenZ,1,1,0,0,0,0.0,8.571428571428571,0.5345224838248485,0.9166666666666666,6,0.14315106692280277,0.5882352940484429
10,8,Evan Lysacek,8.833333333333334,0.8992666666666665,3,2.0,0,Athlete,24,RunnerUp,9.0,2,Anna Trebunskaya,Baseline,GenZ,1,1,0,0,0,-0.16666666666666607,8.604166666666666,0.5034602488997737,0.7,5,0.4825450660058031,0.5882352940484429
10,9,Evan Lysacek,9.833333333333334,1.3489,3,1.0,0,Athlete,24,RunnerUp,9.0,2,Anna Trebunskaya,Baseline,GenZ,1,1,0,0,0,1.0,8.74074074074074,0.624227918173451,0.875,4,0.24463147698635032,0.5882352940484429
1,1,Evander Holyfield,6.0,0.0,3,4.0,0,Athlete,42,Eliminated,3.0,5,Edyta Sliwinska,Baseline,GenX,1,0,0,1,0,0.0,6.0,0.0,0.4166666666666667,6,0.40038841227878064,0.9999999998
1,2,Evander Holyfield,4.666666666666667,-3.7094749999999994,3,6.0,0,Athlete,42,Eliminated,3.0,5,Edyta Sliwinska,Baseline,GenX,1,0,0,1,0,-1.333333333333333,5.333333333333334,0.9428090415820635,0.16666666666666666,6,0.6558623636356736,0.9999999998
1,3,Evander Holyfield,4.333333333333333,-7.194133333333333,3,5.0,0,Athlete,42,Eliminated,3.0,5,Edyta Sliwinska,Baseline,GenX,1,0,0,1,0,-0.3333333333333339,5.0,0.8819171036881972,0.2,5,0.7331527486766434,0.9999999998
27,1,Evanna Lynch,6.0,-2.0233499999999998,3,9.0,0,Actor/Actress,27,Finalist,8.0,3,Keo Motsepe,Baseline,Millennial,1,0,1,0,0,0.0,6.0,0.0,0.3076923076923077,13,0.3774877622322794,0.4794520547485457
27,2,Evanna Lynch,8.0,0.6744499999999999,3,5.0,0,Actor/Actress,27,Finalist,8.0,3,Keo Motsepe,Baseline,Millennial,1,0,1,0,0,2.0,7.0,1.4142135623730951,0.6666666666666666,12,0.44306691366167916,0.4794520547485457
27,3,Evanna Lynch,9.0,2.0233499999999998,3,2.0,0,Actor/Actress,27,Finalist,8.0,3,Keo Motsepe,Baseline,Millennial,1,0,1,0,0,1.0,7.666666666666667,1.5275252316519465,0.8181818181818182,11,0.50360920609646,0.4794520547485457
27,4,Evanna Lynch,8.0,0.0,3,5.0,0,Actor/Actress,27,Finalist,8.0,3,Keo Motsepe,Baseline,Millennial,1,0,1,0,0,-1.0,7.75,1.2583057392117916,0.55,10,0.5768115562129592,0.4794520547485457
27,5,Evanna Lynch,8.0,0.0,3,6.0,0,Actor/Actress,27,Finalist,8.0,3,Keo Motsepe,Baseline,Millennial,1,0,1,0,0,0.0,7.8,1.0954451150103321,0.3888888888888889,9,0.5665549008476075,0.4794520547485457
27,6,Evanna Lynch,9.666666666666666,1.07912,3,3.0,0,Actor/Actress,27,Finalist,8.0,3,Keo Motsepe,Baseline,Millennial,1,0,1,0,0,1.666666666666666,8.11111111111111,1.24126578166835,0.7777777777777778,9,0.5813004297982594,0.4794520547485457
27,7,Evanna Lynch,9.833333333333334,6.7445,3,1.0,0,Actor/Actress,27,Finalist,8.0,3,Keo Motsepe,Baseline,Millennial,1,0,1,0,0,0.16666666666666785,8.357142857142858,1.3067792306552617,1.0,8,0.27297298151778654,0.4794520547485457
27,8,Evanna Lynch,9.666666666666666,0.29975555555555555,3,2.0,0,Actor/Actress,27,Finalist,8.0,3,Keo Motsepe,Baseline,Millennial,1,0,1,0,0,-0.16666666666666785,8.520833333333334,1.2954054951347846,0.75,6,0.48179285188361864,0.4794520547485457
11,1,Florence Henderson,6.0,0.0,3,7.0,0,Actor/Actress,76,Eliminated,5.0,8,Corky Ballas,Baseline,Boomer,1,0,0,0,1,0.0,6.0,0.0,0.4583333333333333,12,0.49711840367327736,0.7142857141836735
11,2,Florence Henderson,6.333333333333333,-2.6978,3,8.0,0,Actor/Actress,76,Eliminated,5.0,8,Corky Ballas,Baseline,Boomer,1,0,0,0,1,0.33333333333333304,6.166666666666666,0.23570226039551595,0.36363636363636365,11,0.486830811549821,0.7142857141836735
11,3,Florence Henderson,6.666666666666667,-5.3956,3,7.0,0,Actor/Actress,76,Eliminated,5.0,8,Corky Ballas,Baseline,Boomer,1,0,0,0,1,0.3333333333333339,6.333333333333333,0.3333333333333338,0.35,10,0.3899869355281724,0.7142857141836735
11,4,Florence Henderson,5.833333333333333,-1.1990222222222222,3,6.0,0,Actor/Actress,76,Eliminated,5.0,8,Corky Ballas,Baseline,Boomer,1,0,0,0,1,-0.8333333333333339,6.208333333333333,0.3695592971013911,0.4444444444444444,9,0.6522347657141515,0.7142857141836735
11,5,Florence Henderson,7.0,-4.0466999999999995,3,6.0,0,Actor/Actress,76,Eliminated,5.0,8,Corky Ballas,Baseline,Boomer,1,0,0,0,1,1.166666666666667,6.366666666666666,0.47726070210921206,0.375,8,0.43008614613880125,0.7142857141836735
5,1,Floyd Mayweather Jr.,6.0,-4.0466999999999995,3,11.0,0,Athlete,30,Eliminated,4.0,9,Karina Smirnoff,Baseline,Millennial,1,0,1,0,0,0.0,6.0,0.0,0.16666666666666666,12,0.43333212536664834,1.4285714281632653
5,2,Floyd Mayweather Jr.,7.0,0.0,3,5.0,0,Athlete,30,Eliminated,4.0,9,Karina Smirnoff,Baseline,Millennial,1,0,1,0,0,1.0,6.5,0.7071067811865476,0.45454545454545453,11,0.49926936703821634,1.4285714281632653
5,3,Floyd Mayweather Jr.,7.0,-2.0233499999999998,3,8.0,0,Athlete,30,Eliminated,4.0,9,Karina Smirnoff,Baseline,Millennial,1,0,1,0,0,0.0,6.666666666666667,0.5773502691896257,0.3,10,0.48404598740959837,1.4285714281632653
5,4,Floyd Mayweather Jr.,7.666666666666667,-5.3956,3,8.0,0,Athlete,30,Eliminated,4.0,9,Karina Smirnoff,Baseline,Millennial,1,0,1,0,0,0.666666666666667,6.916666666666667,0.6871842709362768,0.2222222222222222,9,0.3459611525374582,1.4285714281632653
25,1,Frankie Muniz,6.333333333333333,1.3489,3,5.0,0,Actor/Actress,31,Finalist,10.0,3,Witney Carson,Baseline,Millennial,1,0,1,0,0,0.0,6.333333333333333,0.0,0.6538461538461539,13,0.3689849053575016,0.7291666665603299
25,2,Frankie Muniz,8.0,4.0466999999999995,3,1.0,0,Actor/Actress,31,Finalist,10.0,3,Witney Carson,Baseline,Millennial,1,0,1,0,0,1.666666666666667,7.166666666666666,1.1785113019775797,0.9615384615384616,13,0.32635345291716955,0.7291666665603299
25,3,Frankie Muniz,7.0,0.0,3,6.0,0,Actor/Actress,31,Finalist,10.0,3,Witney Carson,Baseline,Millennial,1,0,1,0,0,-1.0,7.111111111111111,0.8388704928078614,0.36363636363636365,11,0.32865933280605497,0.7291666665603299
25,4,Frankie Muniz,8.0,0.0,3,4.0,0,Actor/Actress,31,Finalist,10.0,3,Witney Carson,Baseline,Millennial,1,0,1,0,0,1.0,7.333333333333333,0.8164965809277264,0.5,11,0.28962268552870457,0.7291666665603299
25,5,Frankie Muniz,9.666666666666666,2.6978,3,2.0,0,Actor/Actress,31,Finalist,10.0,3,Witney Carson,Baseline,Millennial,1,0,1,0,0,1.666666666666666,7.8,1.2605113600792692,0.9,10,0.37092052770744643,0.7291666665603299
25,6,Frankie Muniz,7.75,-5.3956,4,6.0,0,Actor/Actress,31,Finalist,10.0,3,Witney Carson,Baseline,Millennial,1,0,1,0,0,-1.916666666666666,7.791666666666667,1.1276204050024006,0.3888888888888889,9,0.5189417288061872,0.7291666665603299
25,7,Frankie Muniz,10.0,4.0466999999999995,3,1.0,0,Actor/Actress,31,Finalist,10.0,3,Witney Carson,Baseline,Millennial,1,0,1,0,0,2.25,8.107142857142858,1.3252483045765686,1.0,8,0.30981358245498597,0.7291666665603299
25,8,Frankie Muniz,8.833333333333334,1.3489,3,3.0,0,Actor/Actress,31,Finalist,10.0,3,Witney Carson,Baseline,Millennial,1,0,1,0,0,-1.166666666666666,8.197916666666666,1.2535168780244104,0.6666666666666666,6,0.3472691388757993,0.7291666665603299
25,9,Frankie Muniz,8.5,-1.6186800000000001,3,4.0,0,Actor/Actress,31,Finalist,10.0,3,Witney Carson,Baseline,Millennial,1,0,1,0,0,-0.3333333333333339,8.231481481481481,1.176873342461937,0.4,5,0.3172501667528296,0.7291666665603299
25,10,Frankie Muniz,9.722175,-2.998065140000005,4,3.0,0,Actor/Actress,31,Finalist,10.0,3,Witney Carson,Baseline,Millennial,1,0,1,0,0,1.222175,8.380550833333334,1.2055518498051727,0.5,4,0.1312925956335496,0.7291666665603299
31,1,Gabby Windey,7.0,2.6978,4,3.0,0,Tv Personality,31,RunnerUp,9.0,2,Valentin Chmerkovskiy,Baseline,Millennial,1,0,1,0,0,0.0,7.0,0.0,0.8125,16,0.4962325678954129,0.876288659640238
31,2,Gabby Windey,8.0,4.31648,4,1.0,0,Tv Personality,31,RunnerUp,9.0,2,Valentin Chmerkovskiy,Baseline,Millennial,1,0,1,0,0,1.0,7.5,0.7071067811865476,0.9333333333333333,15,0.3666293746095938,0.876288659640238
31,3,Gabby Windey,8.25,5.3956,4,1.0,0,Tv Personality,31,RunnerUp,9.0,2,Valentin Chmerkovskiy,Baseline,Millennial,1,0,1,0,0,0.25,7.75,0.6614378277661477,0.9285714285714286,14,0.37876251151361706,0.876288659640238
31,4,Gabby Windey,9.0,2.6978,4,1.0,0,Tv Personality,31,RunnerUp,9.0,2,Valentin Chmerkovskiy,Baseline,Millennial,1,0,1,0,0,0.75,8.0625,0.8260094833999587,0.9230769230769231,13,0.3953571721926616,0.876288659640238
31,5,Gabby Windey,10.25,3.77692,4,2.0,0,Tv Personality,31,RunnerUp,9.0,2,Valentin Chmerkovskiy,Baseline,Millennial,1,0,1,0,0,1.25,8.5,1.2119199643540823,0.875,12,0.37602750171537164,0.876288659640238
31,6,Gabby Windey,9.25,1.3489,4,2.0,0,Tv Personality,31,RunnerUp,9.0,2,Valentin Chmerkovskiy,Baseline,Millennial,1,0,1,0,0,-1.0,8.625,1.126388032606881,0.9,10,0.35084095845467406,0.876288659640238
31,7,Gabby Windey,8.875,-0.67445,4,6.0,0,Tv Personality,31,RunnerUp,9.0,2,Valentin Chmerkovskiy,Baseline,Millennial,1,0,1,0,0,-0.375,8.660714285714286,1.0325794100674477,0.4444444444444444,9,0.2653023984663571,0.876288659640238
31,8,Gabby Windey,10.0,0.0,4,4.0,0,Tv Personality,31,RunnerUp,9.0,2,Valentin Chmerkovskiy,Baseline,Millennial,1,0,1,0,0,1.125,8.828125,1.0668241838680421,0.625,8,0.5876811811507717,0.876288659640238
31,9,Gabby Windey,10.0,4.796088888888889,4,1.0,0,Tv Personality,31,RunnerUp,9.0,2,Valentin Chmerkovskiy,Baseline,Millennial,1,0,1,0,0,0.0,8.958333333333334,1.0716517624676403,0.9166666666666666,6,0.32944843197985524,0.876288659640238
21,1,Gary Busey,5.0,-2.6977999999999995,3,9.0,0,Actor/Actress,71,Eliminated,4.0,10,Anna Trebunskaya,Baseline,Boomer,1,0,0,0,1,0.0,5.0,0.0,0.3076923076923077,13,0.6601447958346751,0.624999999921875
21,2,Gary Busey,5.5,-5.395599999999999,3,12.0,0,Actor/Actress,71,Eliminated,4.0,10,Anna Trebunskaya,Baseline,Boomer,1,0,0,0,1,0.5,5.25,0.3535533905932738,0.15384615384615385,13,0.446165184304094,0.624999999921875
21,3,Gary Busey,6.25,-7.553840000000001,4,9.0,0,Actor/Actress,71,Eliminated,4.0,10,Anna Trebunskaya,Baseline,Boomer,1,0,0,0,1,0.75,5.583333333333333,0.6291528696058959,0.2,10,0.545144606709089,0.624999999921875
21,4,Gary Busey,5.333333333333333,-5.3956,3,10.0,0,Actor/Actress,71,Eliminated,4.0,10,Anna Trebunskaya,Baseline,Boomer,1,0,0,0,1,-0.916666666666667,5.520833333333333,0.5286907308520634,0.1,10,0.6070398743083226,0.624999999921875
14,1,Gavin Degraw,6.666666666666667,-1.3489,3,10.0,0,Singer/Rapper,35,Eliminated,5.0,9,Karina Smirnoff,Baseline,Millennial,1,0,1,0,0,0.0,6.666666666666667,0.0,0.16666666666666666,12,0.31763966986668124,0.8474576269750071
14,2,Gavin Degraw,7.0,0.0,3,8.0,0,Singer/Rapper,35,Eliminated,5.0,9,Karina Smirnoff,Baseline,Millennial,1,0,1,0,0,0.33333333333333304,6.833333333333334,0.2357022603955153,0.375,12,0.42874242358520726,0.8474576269750071
14,3,Gavin Degraw,8.0,0.0,3,7.0,0,Singer/Rapper,35,Eliminated,5.0,9,Karina Smirnoff,Baseline,Millennial,1,0,1,0,0,1.0,7.222222222222222,0.6938886664887106,0.2727272727272727,11,0.26687070216692765,0.8474576269750071
14,4,Gavin Degraw,7.666666666666667,-1.3489,3,5.0,0,Singer/Rapper,35,Eliminated,5.0,9,Karina Smirnoff,Baseline,Millennial,1,0,1,0,0,-0.33333333333333304,7.333333333333334,0.6085806194501844,0.6,10,0.34805157127333136,0.8474576269750071
14,5,Gavin Degraw,6.333333333333333,-3.37225,3,9.0,0,Singer/Rapper,35,Eliminated,5.0,9,Karina Smirnoff,Baseline,Millennial,1,0,1,0,0,-1.333333333333334,7.133333333333333,0.6912147117775908,0.1111111111111111,9,0.5290360116779419,0.8474576269750071
2,1,George Hamilton,6.0,-1.4715272727272726,3,8.0,0,Actor/Actress,66,Eliminated,6.0,5,Edyta Sliwinska,Baseline,Boomer,1,0,0,0,1,0.0,6.0,0.0,0.3,10,0.611207926325423,0.9999999998
2,2,George Hamilton,7.333333333333333,0.8992666666666665,3,5.0,0,Actor/Actress,66,Eliminated,6.0,5,Edyta Sliwinska,Baseline,Boomer,1,0,0,0,1,1.333333333333333,6.666666666666666,0.9428090415820635,0.5,9,0.6249006826786333,0.9999999998
2,3,George Hamilton,7.333333333333333,-1.3489,3,5.0,0,Actor/Actress,66,Eliminated,6.0,5,Edyta Sliwinska,Baseline,Boomer,1,0,0,0,1,0.0,6.888888888888888,0.7698003589195012,0.4375,8,0.6679176515427974,0.9999999998
2,4,George Hamilton,7.0,-2.0233499999999998,3,6.0,0,Actor/Actress,66,Eliminated,6.0,5,Edyta Sliwinska,Baseline,Boomer,1,0,0,0,1,-0.33333333333333304,6.916666666666666,0.6309898162000305,0.2857142857142857,7,0.999999999557445,0.9999999998
2,5,George Hamilton,8.0,0.0,3,4.0,0,Actor/Actress,66,Eliminated,6.0,5,Edyta Sliwinska,Baseline,Boomer,1,0,0,0,1,1.0,7.133333333333333,0.7302967433402217,0.5,6,0.43176946429931184,0.9999999998
2,6,George Hamilton,7.666666666666667,-2.6978,3,4.0,0,Actor/Actress,66,Eliminated,6.0,5,Edyta Sliwinska,Baseline,Boomer,1,0,0,0,1,-0.33333333333333304,7.222222222222222,0.6885303726590967,0.3,5,0.5173667882126445,0.9999999998
22,1,Geraldo Rivera,4.333333333333333,-10.7912,3,12.0,0,Journalist,72,Eliminated,2.0,12,Edyta Sliwinska,Baseline,Boomer,1,0,0,0,1,0.0,4.333333333333333,0.0,0.08333333333333333,12,0.4877442861994343,0.7042253520134895
22,2,Geraldo Rivera,4.333333333333333,-10.7912,3,12.0,0,Journalist,72,Eliminated,2.0,12,Edyta Sliwinska,Baseline,Boomer,1,0,0,0,1,0.0,4.333333333333333,0.0,0.08333333333333333,12,0.4636580673185359,0.7042253520134895
8,1,Gilles Marini,8.0,5.395599999999999,3,1.0,0,Actor/Actress,33,RunnerUp,10.0,2,Cheryl Burke,Baseline,Millennial,1,0,1,0,0,0.0,8.0,0.0,1.0,13,0.5052533901080313,1.2499999996875
8,2,Gilles Marini,9.0,4.0466999999999995,3,1.0,0,Actor/Actress,33,RunnerUp,10.0,2,Cheryl Burke,Baseline,Millennial,1,0,1,0,0,1.0,8.5,0.7071067811865476,1.0,13,0.5569947257167678,1.2499999996875
8,3,Gilles Marini,9.0,1.2451384615384615,3,1.0,0,Actor/Actress,33,RunnerUp,10.0,2,Cheryl Burke,Baseline,Millennial,1,0,1,0,0,0.0,8.666666666666666,0.5773502691896258,0.9166666666666666,12,0.8197399719654512,1.2499999996875
8,4,Gilles Marini,10.0,2.0233499999999998,3,1.0,0,Actor/Actress,33,RunnerUp,10.0,2,Cheryl Burke,Baseline,Millennial,1,0,1,0,0,1.0,9.0,0.8164965809277263,1.0,11,0.8727302162833207,1.2499999996875
8,5,Gilles Marini,9.666666666666666,3.37225,3,1.0,0,Actor/Actress,33,RunnerUp,10.0,2,Cheryl Burke,Baseline,Millennial,1,0,1,0,0,-0.3333333333333339,9.133333333333333,0.767390962214756,1.0,9,0.5110184890411691,1.2499999996875
8,6,Gilles Marini,8.666666666666666,1.3489,3,3.0,0,Actor/Actress,33,RunnerUp,10.0,2,Cheryl Burke,Baseline,Millennial,1,0,1,0,0,-1.0,9.055555555555555,0.712325352214427,0.6875,8,0.6442250432639264,1.2499999996875
8,7,Gilles Marini,9.0,0.0,3,3.0,0,Actor/Actress,33,RunnerUp,10.0,2,Cheryl Burke,Baseline,Millennial,1,0,1,0,0,0.3333333333333339,9.047619047619047,0.6506000486323555,0.6428571428571429,7,0.39948152909330925,1.2499999996875
8,8,Gilles Marini,9.166666666666666,0.7707999999999999,3,2.0,0,Actor/Actress,33,RunnerUp,10.0,2,Cheryl Burke,Baseline,Millennial,1,0,1,0,0,0.16666666666666607,9.0625,0.6038073644245601,0.8333333333333334,6,0.25973282394927005,1.2499999996875
8,9,Gilles Marini,9.333333333333334,1.3489,3,2.0,0,Actor/Actress,33,RunnerUp,10.0,2,Cheryl Burke,Baseline,Millennial,1,0,1,0,0,0.16666666666666785,9.092592592592592,0.5719794522770556,0.7,5,0.33639355175374314,1.2499999996875
8,10,Gilles Marini,10.0,3.4685999999999995,3,1.0,0,Actor/Actress,33,RunnerUp,10.0,2,Cheryl Burke,Baseline,Millennial,1,0,1,0,0,0.6666666666666661,9.183333333333334,0.610858533662376,1.0,4,0.36818065497615426,1.2499999996875
15,1,Gilles Marini,8.0,4.0466999999999995,3,2.0,0,Actor/Actress,36,Eliminated,8.0,6,Peta Murgatroyd,Baseline,Millennial,1,0,1,0,0,0.0,8.0,0.0,0.9230769230769231,13,0.2944450500991418,0.769230769112426
15,2,Gilles Marini,8.5,6.4747200000000005,3,2.0,0,Actor/Actress,36,Eliminated,8.0,6,Peta Murgatroyd,Baseline,Millennial,1,0,1,0,0,0.5,8.25,0.3535533905932738,0.9166666666666666,12,0.32227699063508836,0.769230769112426
15,3,Gilles Marini,8.5,0.0,3,4.0,0,Actor/Actress,36,Eliminated,8.0,6,Peta Murgatroyd,Baseline,Millennial,1,0,1,0,0,0.0,8.333333333333334,0.28867513459481275,0.5909090909090909,11,0.20163019077307118,0.769230769112426
15,4,Gilles Marini,9.875,4.72115,4,1.0,0,Actor/Actress,36,Eliminated,8.0,6,Peta Murgatroyd,Baseline,Millennial,1,0,1,0,0,1.375,8.71875,0.8060642550897125,0.9444444444444444,9,0.35325558404867186,0.769230769112426
15,5,Gilles Marini,9.416666666666666,1.1990222222222222,3,2.0,0,Actor/Actress,36,Eliminated,8.0,6,Peta Murgatroyd,Baseline,Millennial,1,0,1,0,0,-0.4583333333333339,8.858333333333333,0.7646713164636306,0.6875,8,0.1723475897236556,0.769230769112426
15,6,Gilles Marini,9.166666666666666,-1.3489,3,5.0,0,Actor/Actress,36,Eliminated,8.0,6,Peta Murgatroyd,Baseline,Millennial,1,0,1,0,0,-0.25,8.909722222222221,0.6954298564091025,0.4375,8,0.2048631540320305,0.769230769112426
15,7,Gilles Marini,11.1666,-1.6188256870274773,3,5.0,0,Actor/Actress,36,Eliminated,8.0,6,Peta Murgatroyd,Baseline,Millennial,1,0,1,0,0,1.9999333333333347,9.232133333333334,1.0633256210099975,0.42857142857142855,7,0.539380041253953,0.769230769112426
15,8,Gilles Marini,9.759233333333333,2.098079059999998,3,2.0,0,Actor/Actress,36,Eliminated,8.0,6,Peta Murgatroyd,Baseline,Millennial,1,0,1,0,0,-1.4073666666666682,9.298020833333332,1.001931945687771,0.7857142857142857,7,0.21908088718211424,0.769230769112426
22,1,Ginger Zee,7.666666666666667,2.6978,3,1.0,0,News Anchor,35,Finalist,9.0,3,Valentin Chmerkovskiy,Baseline,Millennial,1,0,1,0,0,0.0,7.666666666666667,0.0,0.9166666666666666,12,0.4877442861994343,0.9574468083272973
22,2,Ginger Zee,7.0,0.0,3,3.0,0,News Anchor,35,Finalist,9.0,3,Valentin Chmerkovskiy,Baseline,Millennial,1,0,1,0,0,-0.666666666666667,7.333333333333334,0.4714045207910322,0.7916666666666666,12,0.4636580673185359,0.9574468083272973
22,3,Ginger Zee,7.0,0.0,3,6.0,0,News Anchor,35,Finalist,9.0,3,Valentin Chmerkovskiy,Baseline,Millennial,1,0,1,0,0,0.0,7.222222222222222,0.3849001794597509,0.5,11,0.30492889283715907,0.9574468083272973
22,4,Ginger Zee,9.0,2.6978,4,1.0,0,News Anchor,35,Finalist,9.0,3,Valentin Chmerkovskiy,Baseline,Millennial,1,0,1,0,0,2.0,7.666666666666667,0.9428090415820634,0.95,10,0.4648875844007378,0.9574468083272973
22,5,Ginger Zee,8.0,0.0,4,3.0,0,News Anchor,35,Finalist,9.0,3,Valentin Chmerkovskiy,Baseline,Millennial,1,0,1,0,0,-1.0,7.733333333333334,0.8299933065325822,0.7777777777777778,9,0.3911670460246567,0.9574468083272973
22,6,Ginger Zee,8.0,0.0,3,6.0,0,News Anchor,35,Finalist,9.0,3,Valentin Chmerkovskiy,Baseline,Millennial,1,0,1,0,0,0.0,7.777777777777779,0.7503085784948503,0.3333333333333333,9,0.35966785659869965,0.9574468083272973
22,7,Ginger Zee,9.166666666666666,1.3489,3,2.0,0,News Anchor,35,Finalist,9.0,3,Valentin Chmerkovskiy,Baseline,Millennial,1,0,1,0,0,1.166666666666666,7.976190476190476,0.8629652337776965,0.75,8,0.1421522207639567,0.9574468083272973
22,8,Ginger Zee,10.0,2.0233499999999998,3,1.0,0,News Anchor,35,Finalist,9.0,3,Valentin Chmerkovskiy,Baseline,Millennial,1,0,1,0,0,0.8333333333333339,8.229166666666666,1.0725192860958812,0.9166666666666666,6,0.28630213384560527,0.9574468083272973
22,9,Ginger Zee,9.333333333333334,-1.3489,3,4.0,0,News Anchor,35,Finalist,9.0,3,Valentin Chmerkovskiy,Baseline,Millennial,1,0,1,0,0,-0.6666666666666661,8.351851851851853,1.0686324478706304,0.4,5,0.15295026107435583,0.9574468083272973
2,1,Giselle Fernandez,7.666666666666667,0.9810181818181817,3,2.0,0,News Anchor,44,Eliminated,3.0,8,Jonathan Roberts,Baseline,GenX,1,0,0,1,0,0.0,7.666666666666667,0.0,0.85,10,0.611207926325423,1.2499999996875
2,2,Giselle Fernandez,8.0,2.6977999999999995,3,3.0,0,News Anchor,44,Eliminated,3.0,8,Jonathan Roberts,Baseline,GenX,1,0,0,1,0,0.33333333333333304,7.833333333333334,0.2357022603955153,0.7777777777777778,9,0.6249006826786333,1.2499999996875
2,3,Giselle Fernandez,7.333333333333333,-1.3489,3,5.0,0,News Anchor,44,Eliminated,3.0,8,Jonathan Roberts,Baseline,GenX,1,0,0,1,0,-0.666666666666667,7.666666666666667,0.3333333333333336,0.4375,8,0.6679176515427974,1.2499999996875
14,1,Gladys Knight,7.666666666666667,2.6978,3,4.0,0,Singer/Rapper,67,Eliminated,6.0,8,Tristan Macmanus,Baseline,Boomer,1,0,0,0,1,0.0,7.666666666666667,0.0,0.625,12,0.31763966986668124,0.9999999998
14,2,Gladys Knight,6.333333333333333,-2.6978,3,11.0,0,Singer/Rapper,67,Eliminated,6.0,8,Tristan Macmanus,Baseline,Boomer,1,0,0,0,1,-1.333333333333334,7.0,0.9428090415820638,0.16666666666666666,12,0.42874242358520726,0.9999999998
14,3,Gladys Knight,8.0,0.0,3,7.0,0,Singer/Rapper,67,Eliminated,6.0,8,Tristan Macmanus,Baseline,Boomer,1,0,0,0,1,1.666666666666667,7.333333333333333,0.8819171036881972,0.2727272727272727,11,0.26687070216692765,0.9999999998
14,4,Gladys Knight,6.666666666666667,-5.3956,3,10.0,0,Singer/Rapper,67,Eliminated,6.0,8,Tristan Macmanus,Baseline,Boomer,1,0,0,0,1,-1.333333333333333,7.166666666666667,0.7934920476158722,0.1,10,0.34805157127333136,0.9999999998
14,5,Gladys Knight,7.333333333333333,-1.3489,3,7.0,0,Singer/Rapper,67,Eliminated,6.0,8,Tristan Macmanus,Baseline,Boomer,1,0,0,0,1,0.6666666666666661,7.2,0.6912147117775908,0.3333333333333333,9,0.5290360116779419,0.9999999998
14,6,Gladys Knight,8.0,-4.46518844924433,3,8.0,0,Singer/Rapper,67,Eliminated,6.0,8,Tristan Macmanus,Baseline,Boomer,1,0,0,0,1,0.666666666666667,7.333333333333333,0.6992058987801012,0.125,8,0.7511618976913882,0.9999999998
28,1,Hannah Brown,6.666666666666667,4.72115,3,2.0,0,Tv Personality,24,Winner,10.0,1,Alan Bersten,Baseline,GenZ,1,1,0,0,0,0.0,6.666666666666667,0.0,0.9166666666666666,12,0.43787372148581377,0.7499999998875
28,2,Hannah Brown,8.0,4.0466999999999995,3,1.0,0,Tv Personality,24,Winner,10.0,1,Alan Bersten,Baseline,GenZ,1,1,0,0,0,1.333333333333333,7.333333333333334,0.9428090415820629,1.0,12,0.47956350834282285,0.7499999998875
28,3,Hannah Brown,7.0,0.0,3,5.0,0,Tv Personality,24,Winner,10.0,1,Alan Bersten,Baseline,GenZ,1,1,0,0,0,-1.0,7.222222222222222,0.6938886664887106,0.6,10,0.6133798883273475,0.7499999998875
28,4,Hannah Brown,8.0,5.3956,4,1.0,0,Tv Personality,24,Winner,10.0,1,Alan Bersten,Baseline,GenZ,1,1,0,0,0,1.0,7.416666666666667,0.6871842709362765,0.85,10,0.5078145797829611,0.7499999998875
28,5,Hannah Brown,8.333333333333334,0.67445,3,4.0,0,Tv Personality,24,Winner,10.0,1,Alan Bersten,Baseline,GenZ,1,1,0,0,0,0.3333333333333339,7.6,0.7226494462892932,0.6666666666666666,9,0.3793003283391501,0.7499999998875
28,6,Hannah Brown,8.0,-4.0466999999999995,3,8.0,0,Tv Personality,24,Winner,10.0,1,Alan Bersten,Baseline,GenZ,1,1,0,0,0,-0.3333333333333339,7.666666666666667,0.6666666666666665,0.2222222222222222,9,0.2856680198138214,0.7499999998875
28,7,Hannah Brown,8.666666666666666,0.67445,3,4.0,0,Tv Personality,24,Winner,10.0,1,Alan Bersten,Baseline,GenZ,1,1,0,0,0,0.6666666666666661,7.80952380952381,0.7163989902474129,0.625,8,0.30539195900041965,0.7499999998875
28,8,Hannah Brown,10.333266666666667,1.0117002925073124,3,2.0,0,Tv Personality,24,Winner,10.0,1,Alan Bersten,Baseline,GenZ,1,1,0,0,0,1.6666000000000007,8.124991666666666,1.11178642201396,0.8571428571428571,7,0.6478244180031981,0.7499999998875
28,9,Hannah Brown,8.875,-0.67445,4,4.0,0,Tv Personality,24,Winner,10.0,1,Alan Bersten,Baseline,GenZ,1,1,0,0,0,-1.4582666666666668,8.208325925925926,1.0696082488693617,0.5,6,0.5638778459091766,0.7499999998875
28,10,Hannah Brown,9.0,0.0,3,3.0,0,Tv Personality,24,Winner,10.0,1,Alan Bersten,Baseline,GenZ,1,1,0,0,0,0.125,8.287493333333334,1.0390469727377851,0.5,5,0.2273410164886406,0.7499999998875
3,1,Harry Hamlin,5.666666666666667,-0.4496333333333333,3,8.0,0,Actor/Actress,54,Eliminated,3.0,9,Ashly Delgrosso,Baseline,GenX,1,0,0,1,0,0.0,5.666666666666667,0.0,0.36363636363636365,11,0.6156691610882334,0.9999999998
3,2,Harry Hamlin,7.0,-4.0466999999999995,3,7.0,0,Actor/Actress,54,Eliminated,3.0,9,Ashly Delgrosso,Baseline,GenX,1,0,0,1,0,1.333333333333333,6.333333333333334,0.9428090415820629,0.3,10,0.42867833173589404,0.9999999998
3,3,Harry Hamlin,7.333333333333333,-1.798533333333333,3,4.0,0,Actor/Actress,54,Eliminated,3.0,9,Ashly Delgrosso,Baseline,GenX,1,0,0,1,0,0.33333333333333304,6.666666666666667,0.8819171036881963,0.5,9,0.40399558795697227,0.9999999998
32,1,Harry Jowsey,4.0,-3.4685999999999995,3,12.0,0,Tv Personality,26,Eliminated,9.0,6,Rylee Arnold,Baseline,Millennial,1,0,1,0,0,0.0,4.0,0.0,0.14285714285714285,14,0.5167192700762964,0.9999999998
32,2,Harry Jowsey,5.0,-2.0233499999999998,3,10.0,0,Tv Personality,26,Eliminated,9.0,6,Rylee Arnold,Baseline,Millennial,1,0,1,0,0,1.0,4.5,0.7071067811865476,0.23076923076923078,13,0.5399540890069909,0.9999999998
32,3,Harry Jowsey,6.0,-1.3489,4,8.0,0,Tv Personality,26,Eliminated,9.0,6,Rylee Arnold,Baseline,Millennial,1,0,1,0,0,1.0,5.0,1.0,0.375,12,0.538842474800634,0.9999999998
32,4,Harry Jowsey,7.0,0.0,3,6.0,0,Tv Personality,26,Eliminated,9.0,6,Rylee Arnold,Baseline,Millennial,1,0,1,0,0,1.0,5.5,1.2909944487358056,0.45454545454545453,11,0.4316930922346303,0.9999999998
32,5,Harry Jowsey,6.0,-4.6248,3,10.0,0,Tv Personality,26,Eliminated,9.0,6,Rylee Arnold,Baseline,Millennial,1,0,1,0,0,-1.0,5.6,1.140175425099138,0.1,10,0.4664939229167582,0.9999999998
32,6,Harry Jowsey,7.25,-5.3956,4,9.0,0,Tv Personality,26,Eliminated,9.0,6,Rylee Arnold,Baseline,Millennial,1,0,1,0,0,1.25,5.875,1.2221906561580318,0.1111111111111111,9,0.5153253660800832,0.9999999998
32,7,Harry Jowsey,8.0,-10.7912,4,8.0,0,Tv Personality,26,Eliminated,9.0,6,Rylee Arnold,Baseline,Millennial,1,0,1,0,0,0.75,6.178571428571429,1.3747294106044843,0.125,8,0.21729018814696918,0.9999999998
32,8,Harry Jowsey,7.0,-8.093399999999999,4,7.0,0,Tv Personality,26,Eliminated,9.0,6,Rylee Arnold,Baseline,Millennial,1,0,1,0,0,-1.0,6.28125,1.3054658446043585,0.14285714285714285,7,0.5245279148293601,0.9999999998
32,9,Harry Jowsey,7.5,-3.6998400000000005,4,6.0,0,Tv Personality,26,Eliminated,9.0,6,Rylee Arnold,Baseline,Millennial,1,0,1,0,0,0.5,6.416666666666667,1.286953767623375,0.16666666666666666,6,0.5572357290736578,0.9999999998
21,1,Hayes Grier,7.0,0.0,3,7.0,0,Social Media Personality,15,Eliminated,7.0,8,Emma Slater,Baseline,GenZ,1,1,0,0,0,0.0,7.0,0.0,0.5,13,0.6601447958346751,0.6060606059871442
21,2,Hayes Grier,7.5,0.0,3,4.0,0,Social Media Personality,15,Eliminated,7.0,8,Emma Slater,Baseline,GenZ,1,1,0,0,0,0.5,7.25,0.3535533905932738,0.6538461538461539,13,0.446165184304094,0.6060606059871442
21,3,Hayes Grier,7.5,-2.15824,4,7.0,0,Social Media Personality,15,Eliminated,7.0,8,Emma Slater,Baseline,GenZ,1,1,0,0,0,0.0,7.333333333333333,0.2886751345948129,0.4,10,0.545144606709089,0.6060606059871442
21,4,Hayes Grier,9.0,2.0233499999999998,3,2.0,0,Social Media Personality,15,Eliminated,7.0,8,Emma Slater,Baseline,GenZ,1,1,0,0,0,1.5,7.75,0.8660254037844388,0.8,10,0.6070398743083226,0.6060606059871442
21,5,Hayes Grier,7.5,-4.0466999999999995,4,6.0,0,Social Media Personality,15,Eliminated,7.0,8,Emma Slater,Baseline,GenZ,1,1,0,0,0,-1.5,7.7,0.7582875444051552,0.4444444444444444,9,0.556258550366338,0.6060606059871442
21,6,Hayes Grier,8.0,-2.6978,4,6.0,0,Social Media Personality,15,Eliminated,7.0,8,Emma Slater,Baseline,GenZ,1,1,0,0,0,0.5,7.75,0.6892024376045113,0.4444444444444444,9,0.654027973633366,0.6060606059871442
21,7,Hayes Grier,9.333333333333334,2.6978,3,2.0,0,Social Media Personality,15,Eliminated,7.0,8,Emma Slater,Baseline,GenZ,1,1,0,0,0,1.333333333333334,7.976190476190476,0.8683134537528797,0.75,8,0.11662348072918957,0.6060606059871442
4,1,Heather Mills,6.0,0.0,3,7.0,0,Model,39,Eliminated,6.0,7,Jonathan Roberts,Baseline,Millennial,1,0,1,0,0,0.0,6.0,0.0,0.45454545454545453,11,0.4984762460179316,0.8333333331944445
4,2,Heather Mills,8.0,4.0466999999999995,3,3.0,0,Model,39,Eliminated,6.0,7,Jonathan Roberts,Baseline,Millennial,1,0,1,0,0,2.0,7.0,1.4142135623730951,0.7727272727272727,11,0.396332693824844,0.8333333331944445
4,3,Heather Mills,8.0,4.0466999999999995,3,1.0,0,Model,39,Eliminated,6.0,7,Jonathan Roberts,Baseline,Millennial,1,0,1,0,0,0.0,7.333333333333333,1.1547005383792517,0.85,10,0.3796189342990133,0.8333333331944445
4,4,Heather Mills,7.666666666666667,1.3489,3,4.0,0,Model,39,Eliminated,6.0,7,Jonathan Roberts,Baseline,Millennial,1,0,1,0,0,-0.33333333333333304,7.416666666666667,0.9574271077563382,0.6666666666666666,9,0.6857795631655893,0.8333333331944445
4,5,Heather Mills,7.0,-0.6744499999999999,3,5.0,0,Model,39,Eliminated,6.0,7,Jonathan Roberts,Baseline,Millennial,1,0,1,0,0,-0.666666666666667,7.333333333333333,0.8498365855987975,0.5,8,0.8565504981186443,0.8333333331944445
4,6,Heather Mills,7.666666666666667,-0.67445,3,5.0,0,Model,39,Eliminated,6.0,7,Jonathan Roberts,Baseline,Millennial,1,0,1,0,0,0.666666666666667,7.388888888888889,0.772202237950847,0.42857142857142855,7,0.5230440988019412,0.8333333331944445
24,1,Heather Morris,7.0,2.6978,4,3.0,0,Actor/Actress,30,Eliminated,6.0,8,Maksim Chmerkoskiy,Baseline,Millennial,1,0,1,0,0,0.0,7.0,0.0,0.75,12,0.5077415287029913,0.8620689653686088
24,2,Heather Morris,7.5,1.3489,4,3.0,0,Actor/Actress,30,Eliminated,6.0,8,Maksim Chmerkoskiy,Baseline,Millennial,1,0,1,0,0,0.5,7.25,0.3535533905932738,0.8333333333333334,12,0.3694657571555838,0.8620689653686088
24,3,Heather Morris,8.25,3.37225,4,2.0,0,Actor/Actress,30,Eliminated,6.0,8,Maksim Chmerkoskiy,Baseline,Millennial,1,0,1,0,0,0.75,7.583333333333333,0.6291528696058959,0.8636363636363636,11,0.44606142611441296,0.8620689653686088
24,4,Heather Morris,8.75,3.2373600000000002,4,3.0,0,Actor/Actress,30,Eliminated,6.0,8,Maksim Chmerkoskiy,Baseline,Millennial,1,0,1,0,0,0.5,7.875,0.7772815877574014,0.8,10,0.36209665770517047,0.8620689653686088
24,5,Heather Morris,8.5,2.6978,4,4.0,0,Actor/Actress,30,Eliminated,6.0,8,Maksim Chmerkoskiy,Baseline,Millennial,1,0,1,0,0,-0.25,8.0,0.7288689868556626,0.6111111111111112,9,0.37835288634956515,0.8620689653686088
24,6,Heather Morris,9.25,3.5970666666666666,4,1.0,0,Actor/Actress,30,Eliminated,6.0,8,Maksim Chmerkoskiy,Baseline,Millennial,1,0,1,0,0,0.75,8.208333333333334,0.8278989471346527,1.0,8,0.2673542650595688,0.8620689653686088
31,1,Heidi D'Amelio,6.0,0.0,4,8.0,0,Social Media Personality,50,Eliminated,8.0,8,Artem Chigvintsev,Baseline,GenX,1,0,0,1,0,0.0,6.0,0.0,0.5625,16,0.4962325678954129,0.649350649266318
31,2,Heidi D'Amelio,7.0,0.0,4,6.0,0,Social Media Personality,50,Eliminated,8.0,8,Artem Chigvintsev,Baseline,GenX,1,0,0,1,0,1.0,6.5,0.7071067811865476,0.6,15,0.3666293746095938,0.649350649266318
31,3,Heidi D'Amelio,8.0,4.31648,4,4.0,0,Social Media Personality,50,Eliminated,8.0,8,Artem Chigvintsev,Baseline,GenX,1,0,0,1,0,1.0,7.0,1.0,0.7857142857142857,14,0.37876251151361706,0.649350649266318
31,4,Heidi D'Amelio,8.5,1.3489,4,4.0,0,Social Media Personality,50,Eliminated,8.0,8,Artem Chigvintsev,Baseline,GenX,1,0,0,1,0,0.5,7.375,1.1086778913041726,0.7307692307692307,13,0.3953571721926616,0.649350649266318
31,5,Heidi D'Amelio,9.75,1.61868,4,5.0,0,Social Media Personality,50,Eliminated,8.0,8,Artem Chigvintsev,Baseline,GenX,1,0,0,1,0,1.25,7.85,1.4317821063276355,0.6666666666666666,12,0.37602750171537164,0.649350649266318
31,6,Heidi D'Amelio,9.0,0.0,4,3.0,0,Social Media Personality,50,Eliminated,8.0,8,Artem Chigvintsev,Baseline,GenX,1,0,0,1,0,-0.75,8.041666666666666,1.3639709185560618,0.75,10,0.35084095845467406,0.649350649266318
31,7,Heidi D'Amelio,8.75,-1.3489,4,7.0,0,Social Media Personality,50,Eliminated,8.0,8,Artem Chigvintsev,Baseline,GenX,1,0,0,1,0,-0.25,8.142857142857142,1.2735869854563566,0.3333333333333333,9,0.2653023984663571,0.649350649266318
31,8,Heidi D'Amelio,8.75,-2.9975555555555555,4,7.0,0,Social Media Personality,50,Eliminated,8.0,8,Artem Chigvintsev,Baseline,GenX,1,0,0,1,0,0.0,8.21875,1.1984923564927015,0.25,8,0.5876811811507717,0.649350649266318
5,1,Helio Castroneves,8.333333333333334,5.3956,3,2.0,0,Racing Driver,32,Winner,9.0,1,Julianne Hough,Baseline,Millennial,1,0,1,0,0,0.0,8.333333333333334,0.0,0.9166666666666666,12,0.43333212536664834,4.999999995
5,2,Helio Castroneves,9.0,8.093399999999999,3,1.0,0,Racing Driver,32,Winner,9.0,1,Julianne Hough,Baseline,Millennial,1,0,1,0,0,0.6666666666666661,8.666666666666668,0.4714045207910306,1.0,11,0.49926936703821634,4.999999995
5,3,Helio Castroneves,8.0,0.0,3,6.0,0,Racing Driver,32,Winner,9.0,1,Julianne Hough,Baseline,Millennial,1,0,1,0,0,-1.0,8.444444444444445,0.5091750772173154,0.5,10,0.48404598740959837,4.999999995
5,4,Helio Castroneves,9.0,0.0,3,2.0,0,Racing Driver,32,Winner,9.0,1,Julianne Hough,Baseline,Millennial,1,0,1,0,0,1.0,8.583333333333334,0.4999999999999997,0.7777777777777778,9,0.3459611525374582,4.999999995
5,5,Helio Castroneves,7.666666666666667,-0.67445,3,6.0,0,Racing Driver,32,Winner,9.0,1,Julianne Hough,Baseline,Millennial,1,0,1,0,0,-1.333333333333333,8.4,0.5962847939999438,0.375,8,0.44211573266568344,4.999999995
5,6,Helio Castroneves,9.333333333333334,1.3489,3,2.0,0,Racing Driver,32,Winner,9.0,1,Julianne Hough,Baseline,Millennial,1,0,1,0,0,1.666666666666667,8.555555555555555,0.6554613868334501,0.8571428571428571,7,0.41475381280507095,4.999999995
5,7,Helio Castroneves,8.666666666666666,1.3489,3,3.0,0,Racing Driver,32,Winner,9.0,1,Julianne Hough,Baseline,Millennial,1,0,1,0,0,-0.6666666666666679,8.571428571428571,0.5998236072282916,0.5833333333333334,6,0.10431121227324179,4.999999995
5,8,Helio Castroneves,9.5,4.0466999999999995,3,1.0,0,Racing Driver,32,Winner,9.0,1,Julianne Hough,Baseline,Millennial,1,0,1,0,0,0.8333333333333339,8.6875,0.6451128854089299,1.0,5,0.26899351830355234,4.999999995
5,9,Helio Castroneves,10.0,0.0,3,1.0,0,Racing Driver,32,Winner,9.0,1,Julianne Hough,Baseline,Millennial,1,0,1,0,0,0.5,8.833333333333334,0.7453559924999299,0.875,4,0.14123804909032478,4.999999995
15,1,Helio Castroneves,7.166666666666667,0.67445,3,6.0,0,Racing Driver,37,Eliminated,3.0,10,Chelsie Hightower,Baseline,Millennial,1,0,1,0,0,0.0,7.166666666666667,0.0,0.5384615384615384,13,0.2944450500991418,0.7317073169660916
15,2,Helio Castroneves,7.666666666666667,1.07912,3,6.0,0,Racing Driver,37,Eliminated,3.0,10,Chelsie Hightower,Baseline,Millennial,1,0,1,0,0,0.5,7.416666666666667,0.3535533905932738,0.5833333333333334,12,0.32227699063508836,0.7317073169660916
15,3,Helio Castroneves,8.5,0.0,3,4.0,0,Racing Driver,37,Eliminated,3.0,10,Chelsie Hightower,Baseline,Millennial,1,0,1,0,0,0.833333333333333,7.777777777777779,0.6735753140545634,0.5909090909090909,11,0.20163019077307118,0.7317073169660916
34,1,Hilaria Baldwin,7.0,1.3489,2,3.0,0,Entrepreneur,41,Eliminated,4.0,11,Gleb Savchenko,Baseline,GenX,1,0,0,1,0,0.0,7.0,0.0,0.8571428571428571,14,0.4627624262862272,0.6060606059871442
34,2,Hilaria Baldwin,7.0,0.0,3,5.0,0,Entrepreneur,41,Eliminated,4.0,11,Gleb Savchenko,Baseline,GenX,1,0,0,1,0,0.0,7.0,0.0,0.6071428571428571,14,0.3416136418926476,0.6060606059871442
34,3,Hilaria Baldwin,7.333333333333333,1.3489,3,5.0,0,Entrepreneur,41,Eliminated,4.0,11,Gleb Savchenko,Baseline,GenX,1,0,0,1,0,0.33333333333333304,7.111111111111111,0.1924500897298752,0.5833333333333334,12,0.31108428718662545,0.6060606059871442
34,4,Hilaria Baldwin,7.666666666666667,-1.3489,3,5.0,0,Entrepreneur,41,Eliminated,4.0,11,Gleb Savchenko,Baseline,GenX,1,0,0,1,0,0.3333333333333339,7.25,0.3191423692521129,0.5454545454545454,11,0.29030495428456765,0.6060606059871442
12,1,Hines Ward,7.0,4.0466999999999995,3,3.0,0,Athlete,35,Winner,9.0,1,Kym Johnson,Baseline,Millennial,1,0,1,0,0,0.0,7.0,0.0,0.7727272727272727,11,0.50164120636026,0.7843137253671665
12,2,Hines Ward,7.666666666666667,6.7445,3,1.0,0,Athlete,35,Winner,9.0,1,Kym Johnson,Baseline,Millennial,1,0,1,0,0,0.666666666666667,7.333333333333334,0.47140452079103157,0.9090909090909091,11,0.3689299109603921,0.7843137253671665
12,3,Hines Ward,8.333333333333334,5.3956,3,1.0,0,Athlete,35,Winner,9.0,1,Kym Johnson,Baseline,Millennial,1,0,1,0,0,0.666666666666667,7.666666666666667,0.6666666666666667,0.95,10,0.42980495215899384,0.7843137253671665
12,4,Hines Ward,8.333333333333334,1.3489,3,2.0,0,Athlete,35,Winner,9.0,1,Kym Johnson,Baseline,Millennial,1,0,1,0,0,0.0,7.833333333333334,0.6382847385042255,0.8333333333333334,9,0.35713792233437924,0.7843137253671665
12,5,Hines Ward,9.0,2.0233499999999998,3,1.0,0,Athlete,35,Winner,9.0,1,Kym Johnson,Baseline,Millennial,1,0,1,0,0,0.6666666666666661,8.066666666666666,0.7601169500660919,1.0,8,0.32271516485598767,0.7843137253671665
12,6,Hines Ward,9.0,0.0,3,3.0,0,Athlete,35,Winner,9.0,1,Kym Johnson,Baseline,Millennial,1,0,1,0,0,0.0,8.222222222222223,0.7793634629666748,0.7142857142857143,7,0.3267043789129004,0.7843137253671665
12,7,Hines Ward,8.25,2.6978,4,1.0,0,Athlete,35,Winner,9.0,1,Kym Johnson,Baseline,Millennial,1,0,1,0,0,-0.75,8.226190476190476,0.7115357115303974,0.9166666666666666,6,0.15808827952431234,0.7843137253671665
12,8,Hines Ward,9.0,0.0,3,2.0,0,Athlete,35,Winner,9.0,1,Kym Johnson,Baseline,Millennial,1,0,1,0,0,0.75,8.322916666666666,0.713305378847001,0.8,5,0.2607780306831043,0.7843137253671665
12,9,Hines Ward,10.0,1.1562,3,2.0,0,Athlete,35,Winner,9.0,1,Kym Johnson,Baseline,Millennial,1,0,1,0,0,1.0,8.50925925925926,0.8704688675551333,0.75,4,0.7883954318505385,0.7843137253671665
8,1,Holly Madison,6.0,0.0,3,7.0,0,Tv Personality,30,Eliminated,4.0,11,Dmitry Chaplin,Baseline,Millennial,1,0,1,0,0,0.0,6.0,0.0,0.5,13,0.5052533901080313,0.9999999998
8,2,Holly Madison,6.0,-2.0233499999999998,3,9.0,0,Tv Personality,30,Eliminated,4.0,11,Dmitry Chaplin,Baseline,Millennial,1,0,1,0,0,0.0,6.0,0.0,0.34615384615384615,13,0.5569947257167678,0.9999999998
8,3,Holly Madison,5.666666666666667,-2.905323076923077,3,9.0,0,Tv Personality,30,Eliminated,4.0,11,Dmitry Chaplin,Baseline,Millennial,1,0,1,0,0,-0.33333333333333304,5.888888888888889,0.1924500897298752,0.3333333333333333,12,0.8197399719654512,0.9999999998
8,4,Holly Madison,5.333333333333333,-2.6978,3,9.0,0,Tv Personality,30,Eliminated,4.0,11,Dmitry Chaplin,Baseline,Millennial,1,0,1,0,0,-0.3333333333333339,5.75,0.3191423692521129,0.2727272727272727,11,0.8727302162833207,0.9999999998
13,1,Hope Solo,7.0,2.0233499999999998,3,3.0,0,Athlete,30,Eliminated,9.0,4,Maksim Chmerkoskiy,Baseline,Millennial,1,0,1,0,0,0.0,7.0,0.0,0.8333333333333334,12,0.4001000815088156,0.8196721310131685
13,2,Hope Solo,6.333333333333333,-2.6978,3,8.0,0,Athlete,30,Eliminated,9.0,4,Maksim Chmerkoskiy,Baseline,Millennial,1,0,1,0,0,-0.666666666666667,6.666666666666666,0.47140452079103157,0.36363636363636365,11,0.2882533034576482,0.8196721310131685
13,3,Hope Solo,8.0,0.0,3,4.0,0,Athlete,30,Eliminated,9.0,4,Maksim Chmerkoskiy,Baseline,Millennial,1,0,1,0,0,1.666666666666667,7.111111111111111,0.8388704928078613,0.55,10,0.38749895520066063,0.8196721310131685
13,4,Hope Solo,8.0,0.0,3,3.0,0,Athlete,30,Eliminated,9.0,4,Maksim Chmerkoskiy,Baseline,Millennial,1,0,1,0,0,0.0,7.333333333333333,0.8164965809277263,0.7222222222222222,9,0.42867833173589376,0.8196721310131685
13,5,Hope Solo,8.0,0.0,3,4.0,0,Athlete,30,Eliminated,9.0,4,Maksim Chmerkoskiy,Baseline,Millennial,1,0,1,0,0,0.0,7.466666666666666,0.7673909622147561,0.5625,8,0.4097263080640605,0.8196721310131685
13,6,Hope Solo,6.666666666666667,-2.6978,3,6.0,0,Athlete,30,Eliminated,9.0,4,Maksim Chmerkoskiy,Baseline,Millennial,1,0,1,0,0,-1.333333333333333,7.333333333333333,0.7601169500660921,0.2857142857142857,7,0.5883145326532028,0.8196721310131685
13,7,Hope Solo,8.333333333333334,1.5415999999999999,3,3.0,0,Athlete,30,Eliminated,9.0,4,Maksim Chmerkoskiy,Baseline,Millennial,1,0,1,0,0,1.666666666666667,7.476190476190475,0.7901510136288028,0.6666666666666666,6,0.23518265407988617,0.8196721310131685
13,8,Hope Solo,8.666666666666666,1.3489,3,2.0,0,Athlete,30,Eliminated,9.0,4,Maksim Chmerkoskiy,Baseline,Millennial,1,0,1,0,0,0.33333333333333215,7.625,0.8439796130841,0.7,5,0.41854670825990764,0.8196721310131685
13,9,Hope Solo,8.1666,-3.650071125542656,3,4.0,0,Athlete,30,Eliminated,9.0,4,Maksim Chmerkoskiy,Baseline,Millennial,1,0,1,0,0,-0.5000666666666653,7.685177777777778,0.8098494757257876,0.25,4,0.6152748026418484,0.8196721310131685
4,1,Ian Ziering,7.0,2.0233499999999998,3,3.0,0,Actor/Actress,42,Eliminated,9.0,4,Cheryl Burke,Baseline,GenX,1,0,0,1,0,0.0,7.0,0.0,0.7727272727272727,11,0.4984762460179316,4.999999995
4,2,Ian Ziering,7.333333333333333,1.3489,3,5.0,0,Actor/Actress,42,Eliminated,9.0,4,Cheryl Burke,Baseline,GenX,1,0,0,1,0,0.33333333333333304,7.166666666666666,0.23570226039551595,0.6363636363636364,11,0.396332693824844,4.999999995
4,3,Ian Ziering,8.0,4.0466999999999995,3,1.0,0,Actor/Actress,42,Eliminated,9.0,4,Cheryl Burke,Baseline,GenX,1,0,0,1,0,0.666666666666667,7.444444444444444,0.509175077217316,0.85,10,0.3796189342990133,4.999999995
4,4,Ian Ziering,8.0,2.0233499999999998,3,3.0,0,Actor/Actress,42,Eliminated,9.0,4,Cheryl Burke,Baseline,GenX,1,0,0,1,0,0.0,7.583333333333333,0.5000000000000004,0.7777777777777778,9,0.6857795631655893,4.999999995
4,5,Ian Ziering,8.0,0.6744499999999999,3,4.0,0,Actor/Actress,42,Eliminated,9.0,4,Cheryl Burke,Baseline,GenX,1,0,0,1,0,0.0,7.666666666666666,0.4714045207910321,0.625,8,0.8565504981186443,4.999999995
4,6,Ian Ziering,8.0,0.0,3,4.0,0,Actor/Actress,42,Eliminated,9.0,4,Cheryl Burke,Baseline,GenX,1,0,0,1,0,0.0,7.722222222222221,0.44305337860837574,0.5714285714285714,7,0.5230440988019412,4.999999995
4,7,Ian Ziering,9.0,0.0,3,3.0,0,Actor/Actress,42,Eliminated,9.0,4,Cheryl Burke,Baseline,GenX,1,0,0,1,0,1.0,7.904761904761904,0.6299407883487126,0.5833333333333334,6,0.6166725012165456,4.999999995
4,8,Ian Ziering,7.833333333333333,-3.77692,3,4.0,0,Actor/Actress,42,Eliminated,9.0,4,Cheryl Burke,Baseline,GenX,1,0,0,1,0,-1.166666666666667,7.895833333333333,0.5837583485688321,0.4,5,0.5840496462933458,4.999999995
4,9,Ian Ziering,9.666666666666666,-10.7912,3,4.0,0,Actor/Actress,42,Eliminated,9.0,4,Cheryl Burke,Baseline,GenX,1,0,0,1,0,1.833333333333333,8.092592592592592,0.804117490340563,0.25,4,0.07061902454516251,4.999999995
33,1,Ilona Maher,6.0,0.0,3,8.0,0,Athlete,28,RunnerUp,7.0,2,Alan Bersten,Baseline,Millennial,1,0,1,0,0,0.0,6.0,0.0,0.38461538461538464,13,0.3459611525374582,0.7547169810181559
33,2,Ilona Maher,7.0,0.0,3,5.0,0,Athlete,28,RunnerUp,7.0,2,Alan Bersten,Baseline,Millennial,1,0,1,0,0,1.0,6.5,0.7071067811865476,0.6153846153846154,13,0.40777614797778233,0.7547169810181559
33,3,Ilona Maher,7.0,-1.798533333333333,4,7.0,0,Athlete,28,RunnerUp,7.0,2,Alan Bersten,Baseline,Millennial,1,0,1,0,0,0.0,6.666666666666667,0.5773502691896257,0.4090909090909091,11,0.48023983477103066,0.7547169810181559
33,4,Ilona Maher,8.0,0.0,4,4.0,0,Athlete,28,RunnerUp,7.0,2,Alan Bersten,Baseline,Millennial,1,0,1,0,0,1.0,7.0,0.8164965809277259,0.4444444444444444,9,0.24113156160144034,0.7547169810181559
33,5,Ilona Maher,8.666666666666666,1.3489,3,2.0,0,Athlete,28,RunnerUp,7.0,2,Alan Bersten,Baseline,Millennial,1,0,1,0,0,0.6666666666666661,7.333333333333333,1.0274023338281626,0.8125,8,0.16727006482522272,0.7547169810181559
33,6,Ilona Maher,8.0,-4.0466999999999995,3,7.0,0,Athlete,28,RunnerUp,7.0,2,Alan Bersten,Baseline,Millennial,1,0,1,0,0,-0.6666666666666661,7.444444444444444,0.9583937179043476,0.14285714285714285,7,0.4330874815477384,0.7547169810181559
33,7,Ilona Maher,8.666666666666666,-0.38539999999999996,3,4.0,0,Athlete,28,RunnerUp,7.0,2,Alan Bersten,Baseline,Millennial,1,0,1,0,0,0.6666666666666661,7.619047619047619,0.9893613995077725,0.5,6,0.3011205324272617,0.7547169810181559
30,1,Iman Shumpert,5.25,-4.0466999999999995,4,14.0,0,Athlete,31,Winner,9.0,1,Daniella Karagach,Baseline,Millennial,1,0,1,0,0,0.0,5.25,0.0,0.13333333333333333,15,0.4260464104775318,1.6666666661111111
30,2,Iman Shumpert,6.25,1.3489,4,9.0,0,Athlete,31,Winner,9.0,1,Daniella Karagach,Baseline,Millennial,1,0,1,0,0,1.0,5.75,0.7071067811865476,0.4666666666666667,15,0.45935864257411446,1.6666666661111111
30,3,Iman Shumpert,6.333333333333333,-2.6978,3,12.0,0,Athlete,31,Winner,9.0,1,Daniella Karagach,Baseline,Millennial,1,0,1,0,0,0.08333333333333304,5.944444444444444,0.6028481781725195,0.17857142857142858,14,0.29177648852342086,1.6666666661111111
30,4,Iman Shumpert,7.875,-2.0233499999999998,4,9.0,0,Athlete,31,Winner,9.0,1,Daniella Karagach,Baseline,Millennial,1,0,1,0,0,1.541666666666667,6.427083333333333,1.08353363532882,0.38461538461538464,13,0.33713528172762924,1.6666666661111111
30,5,Iman Shumpert,7.0,-10.7912,4,11.0,0,Athlete,31,Winner,9.0,1,Daniella Karagach,Baseline,Millennial,1,0,1,0,0,-0.875,6.541666666666667,0.9727181274940625,0.09090909090909091,11,0.3735594089309465,1.6666666661111111
30,6,Iman Shumpert,10.0,5.3956,4,1.0,0,Athlete,31,Winner,9.0,1,Daniella Karagach,Baseline,Millennial,1,0,1,0,0,3.0,7.1180555555555545,1.6583996357488298,0.95,10,0.2913253614880169,1.6666666661111111
30,7,Iman Shumpert,8.5,-2.15824,4,6.0,0,Athlete,31,Winner,9.0,1,Daniella Karagach,Baseline,Millennial,1,0,1,0,0,-1.5,7.31547619047619,1.6014781118882464,0.3333333333333333,9,0.3498704421875686,1.6666666661111111
30,8,Iman Shumpert,8.75,-4.496333333333332,4,7.0,0,Athlete,31,Winner,9.0,1,Daniella Karagach,Baseline,Millennial,1,0,1,0,0,0.25,7.494791666666666,1.5670271716680702,0.25,8,0.4264566622918705,1.6666666661111111
30,9,Iman Shumpert,9.375,-0.67445,4,3.0,0,Athlete,31,Winner,9.0,1,Daniella Karagach,Baseline,Millennial,1,0,1,0,0,0.625,7.703703703703703,1.5941849140308209,0.5833333333333334,6,0.199967613869675,1.6666666661111111
16,1,Ingo Rademacher,6.666666666666667,2.6978,3,5.0,0,Actor/Actress,41,Eliminated,9.0,5,Kym Johnson,Baseline,GenX,1,0,0,1,0,0.0,6.666666666666667,0.0,0.625,12,0.43333212536664834,0.7792207790993422
16,2,Ingo Rademacher,6.666666666666667,0.337225,3,5.0,0,Actor/Actress,41,Eliminated,9.0,5,Kym Johnson,Baseline,GenX,1,0,0,1,0,0.0,6.666666666666667,0.0,0.5833333333333334,12,0.5423210352279798,0.7792207790993422
16,3,Ingo Rademacher,7.0,0.0,3,6.0,0,Actor/Actress,41,Eliminated,9.0,5,Kym Johnson,Baseline,GenX,1,0,0,1,0,0.33333333333333304,6.777777777777779,0.1924500897298752,0.45454545454545453,11,0.5569510497714374,0.7792207790993422
16,4,Ingo Rademacher,7.666666666666667,2.6978,3,5.0,0,Actor/Actress,41,Eliminated,9.0,5,Kym Johnson,Baseline,GenX,1,0,0,1,0,0.666666666666667,7.0,0.4714045207910319,0.6,10,0.4877780857411537,0.7792207790993422
16,5,Ingo Rademacher,7.0,-2.0233499999999998,3,6.0,0,Actor/Actress,41,Eliminated,9.0,5,Kym Johnson,Baseline,GenX,1,0,0,1,0,-0.666666666666667,7.0,0.4082482904638632,0.3888888888888889,9,0.5797384912032801,0.7792207790993422
16,6,Ingo Rademacher,7.666666666666667,0.67445,3,4.0,0,Actor/Actress,41,Eliminated,9.0,5,Kym Johnson,Baseline,GenX,1,0,0,1,0,0.666666666666667,7.111111111111112,0.4554200340426491,0.5625,8,0.35359918454235945,0.7792207790993422
16,7,Ingo Rademacher,8.333333333333334,-1.3489,3,5.0,0,Actor/Actress,41,Eliminated,9.0,5,Kym Johnson,Baseline,GenX,1,0,0,1,0,0.666666666666667,7.285714285714286,0.6214848238238699,0.42857142857142855,7,0.7312421113649391,0.7792207790993422
16,8,Ingo Rademacher,8.0,-2.0233499999999998,3,5.0,0,Actor/Actress,41,Eliminated,9.0,5,Kym Johnson,Baseline,GenX,1,0,0,1,0,-0.3333333333333339,7.375,0.6283639628760311,0.3333333333333333,6,0.43864487487552734,0.7792207790993422
16,9,Ingo Rademacher,8.5,-4.0466999999999995,3,5.0,0,Actor/Actress,41,Eliminated,9.0,5,Kym Johnson,Baseline,GenX,1,0,0,1,0,0.5,7.5,0.6972166887783966,0.2,5,0.25337105425618095,0.7792207790993422
13,1,J.R. Martinez,7.333333333333333,2.6978,3,1.0,0,Actor/Actress,28,Winner,9.0,1,Karina Smirnoff,Baseline,Millennial,1,0,1,0,0,0.0,7.333333333333333,0.0,0.9583333333333334,12,0.4001000815088156,0.7758620688451248
13,2,J.R. Martinez,7.333333333333333,1.3489,3,2.0,0,Actor/Actress,28,Winner,9.0,1,Karina Smirnoff,Baseline,Millennial,1,0,1,0,0,0.0,7.333333333333333,0.0,0.8636363636363636,11,0.2882533034576482,0.7758620688451248
13,3,J.R. Martinez,8.666666666666666,2.0,3,2.0,0,Actor/Actress,28,Winner,9.0,1,Karina Smirnoff,Baseline,Millennial,1,0,1,0,0,1.333333333333333,7.777777777777778,0.7698003589195007,0.85,10,0.38749895520066063,0.7758620688451248
13,4,J.R. Martinez,8.666666666666666,2.6978,3,2.0,0,Actor/Actress,28,Winner,9.0,1,Karina Smirnoff,Baseline,Millennial,1,0,1,0,0,0.0,8.0,0.7698003589195006,0.8888888888888888,9,0.42867833173589376,0.7758620688451248
13,5,J.R. Martinez,9.333333333333334,5.3956,3,1.0,0,Actor/Actress,28,Winner,9.0,1,Karina Smirnoff,Baseline,Millennial,1,0,1,0,0,0.6666666666666679,8.266666666666666,0.8944271909999156,1.0,8,0.4097263080640605,0.7758620688451248
13,6,J.R. Martinez,9.666666666666666,3.37225,3,1.0,0,Actor/Actress,28,Winner,9.0,1,Karina Smirnoff,Baseline,Millennial,1,0,1,0,0,0.33333333333333215,8.5,0.9831920802501747,0.9285714285714286,7,0.5883145326532028,0.7758620688451248
13,7,J.R. Martinez,8.0,0.0,3,4.0,0,Actor/Actress,28,Winner,9.0,1,Karina Smirnoff,Baseline,Millennial,1,0,1,0,0,-1.666666666666666,8.428571428571429,0.9172076325837245,0.5,6,0.23518265407988617,0.7758620688451248
13,8,J.R. Martinez,10.0,12.140099999999999,3,1.0,0,Actor/Actress,28,Winner,9.0,1,Karina Smirnoff,Baseline,Millennial,1,0,1,0,0,2.0,8.625,1.0147718486250514,1.0,5,0.41854670825990764,0.7758620688451248
13,9,J.R. Martinez,9.333333333333334,-1.4282003835339268,3,3.0,0,Actor/Actress,28,Winner,9.0,1,Karina Smirnoff,Baseline,Millennial,1,0,1,0,0,-0.6666666666666661,8.703703703703702,0.9781564923143892,0.5,4,0.6152748026418484,0.7758620688451248
17,1,Jack Osbourne,7.666666666666667,2.15824,3,4.0,0,Tv Personality,27,Finalist,11.0,3,Cheryl Burke,Baseline,Millennial,1,0,1,0,0,0.0,7.666666666666667,0.0,0.7083333333333334,12,0.5199731865129118,1.0135135133080715
17,2,Jack Osbourne,8.0,0.0,3,4.0,0,Tv Personality,27,Finalist,11.0,3,Cheryl Burke,Baseline,Millennial,1,0,1,0,0,0.33333333333333304,7.833333333333334,0.2357022603955153,0.6666666666666666,12,0.4484757246093171,1.0135135133080715
17,3,Jack Osbourne,7.333333333333333,-2.6978,3,9.0,0,Tv Personality,27,Finalist,11.0,3,Cheryl Burke,Baseline,Millennial,1,0,1,0,0,-0.666666666666667,7.666666666666667,0.3333333333333336,0.2727272727272727,11,0.5590854517439097,1.0135135133080715
17,4,Jack Osbourne,8.0,0.0,3,4.0,0,Tv Personality,27,Finalist,11.0,3,Cheryl Burke,Baseline,Millennial,1,0,1,0,0,0.666666666666667,7.75,0.3191423692521128,0.55,10,0.44008948670157627,1.0135135133080715
17,5,Jack Osbourne,9.0,0.0,3,3.0,0,Tv Personality,27,Finalist,11.0,3,Cheryl Burke,Baseline,Millennial,1,0,1,0,0,1.0,8.0,0.6236095644623236,0.6666666666666666,9,0.2898692456016402,1.0135135133080715
17,6,Jack Osbourne,8.999933333333333,-2.023366860828475,3,7.0,0,Tv Personality,27,Finalist,11.0,3,Cheryl Burke,Baseline,Millennial,1,0,1,0,0,-6.666666666710341e-05,8.166655555555556,0.6911986373657693,0.25,8,0.42049341849041905,1.0135135133080715
17,7,Jack Osbourne,9.5,4.0466999999999995,3,3.0,0,Tv Personality,27,Finalist,11.0,3,Cheryl Burke,Baseline,Millennial,1,0,1,0,0,0.5000666666666671,8.357133333333334,0.8075284001427051,0.6875,8,0.23303861218816335,1.0135135133080715
17,8,Jack Osbourne,10.0,4.0466999999999995,3,1.0,0,Tv Personality,27,Finalist,11.0,3,Cheryl Burke,Baseline,Millennial,1,0,1,0,0,0.5,8.562491666666666,0.9467423262438345,0.9285714285714286,7,0.33915469425313977,1.0135135133080715
17,9,Jack Osbourne,9.0,0.0,3,3.0,0,Tv Personality,27,Finalist,11.0,3,Cheryl Burke,Baseline,Millennial,1,0,1,0,0,-1.0,8.611103703703703,0.8975238573809061,0.5833333333333334,6,0.41659239388677904,1.0135135133080715
17,10,Jack Osbourne,8.875,-0.4496333333333333,4,3.0,0,Tv Personality,27,Finalist,11.0,3,Cheryl Burke,Baseline,Millennial,1,0,1,0,0,-0.125,8.637493333333333,0.8502986224603828,0.6,5,0.42129980199254885,1.0135135133080715
17,11,Jack Osbourne,9.3333,-1.371699932877712,3,3.0,0,Tv Personality,27,Finalist,11.0,3,Cheryl Burke,Baseline,Millennial,1,0,1,0,0,0.4582999999999995,8.700748484848486,0.8334988474781921,0.5,4,0.3670792544697688,1.0135135133080715
14,1,Jack Wagner,7.666666666666667,2.6978,3,4.0,0,Actor/Actress,52,Eliminated,3.0,11,Anna Trebunskaya,Baseline,GenX,1,0,0,1,0,0.0,7.666666666666667,0.0,0.625,12,0.31763966986668124,0.6896551723186682
14,2,Jack Wagner,7.0,0.0,3,8.0,0,Actor/Actress,52,Eliminated,3.0,11,Anna Trebunskaya,Baseline,GenX,1,0,0,1,0,-0.666666666666667,7.333333333333334,0.4714045207910322,0.375,12,0.42874242358520726,0.6896551723186682
14,3,Jack Wagner,8.0,0.0,3,7.0,0,Actor/Actress,52,Eliminated,3.0,11,Anna Trebunskaya,Baseline,GenX,1,0,0,1,0,1.0,7.555555555555556,0.5091750772173155,0.2727272727272727,11,0.26687070216692765,0.6896551723186682
16,1,Jacoby Jones,6.666666666666667,2.6978,3,5.0,0,Athlete,28,Finalist,10.0,3,Karina Smirnoff,Baseline,Millennial,1,0,1,0,0,0.0,6.666666666666667,0.0,0.625,12,0.43333212536664834,0.8219178080840683
16,2,Jacoby Jones,7.666666666666667,2.360575,3,4.0,0,Athlete,28,Finalist,10.0,3,Karina Smirnoff,Baseline,Millennial,1,0,1,0,0,1.0,7.166666666666667,0.7071067811865476,0.75,12,0.5423210352279798,0.8219178080840683
16,3,Jacoby Jones,8.6666,3.3721151100000015,3,1.0,0,Athlete,28,Finalist,10.0,3,Karina Smirnoff,Baseline,Millennial,1,0,1,0,0,0.9999333333333338,7.666644444444445,0.9999666668518584,0.9545454545454546,11,0.5569510497714374,0.8219178080840683
16,4,Jacoby Jones,8.0,4.0466999999999995,3,4.0,0,Athlete,28,Finalist,10.0,3,Karina Smirnoff,Baseline,Millennial,1,0,1,0,0,-0.6666000000000007,7.749983333333334,0.8333088891970464,0.7,10,0.4877780857411537,0.8219178080840683
16,5,Jacoby Jones,8.666666666666666,1.3489,3,3.0,0,Athlete,28,Finalist,10.0,3,Karina Smirnoff,Baseline,Millennial,1,0,1,0,0,0.6666666666666661,7.93332,0.8299785812497412,0.7777777777777778,9,0.5797384912032801,0.8219178080840683
16,6,Jacoby Jones,7.5,0.0,3,6.0,0,Athlete,28,Finalist,10.0,3,Karina Smirnoff,Baseline,Millennial,1,0,1,0,0,-1.166666666666666,7.8611,0.7631421405391441,0.375,8,0.35359918454235945,0.8219178080840683
16,7,Jacoby Jones,9.0,0.0,3,4.0,0,Athlete,28,Finalist,10.0,3,Karina Smirnoff,Baseline,Millennial,1,0,1,0,0,1.5,8.0238,0.8189143029374659,0.5714285714285714,7,0.7312421113649391,0.8219178080840683
16,8,Jacoby Jones,8.666666666666666,-0.22481666666666664,3,4.0,0,Athlete,28,Finalist,10.0,3,Karina Smirnoff,Baseline,Millennial,1,0,1,0,0,-0.3333333333333339,8.104158333333334,0.7915032416281923,0.5,6,0.43864487487552734,0.8219178080840683
16,9,Jacoby Jones,9.833333333333334,1.3489,3,1.0,0,Athlete,28,Finalist,10.0,3,Karina Smirnoff,Baseline,Millennial,1,0,1,0,0,1.1666666666666679,8.296288888888888,0.938293697209047,0.9,5,0.25337105425618095,0.8219178080840683
16,10,Jacoby Jones,9.3333,-4.98072624728851,3,4.0,0,Athlete,28,Finalist,10.0,3,Karina Smirnoff,Baseline,Millennial,1,0,1,0,0,-0.5000333333333344,8.399989999999999,0.9434577855414443,0.25,4,0.14124446904833549,0.8219178080840683
10,1,Jake Pavelka,6.666666666666667,1.3489,3,5.0,0,Tv Personality,32,Eliminated,6.0,7,Chelsie Hightower,Baseline,Millennial,1,0,1,0,0,0.0,6.666666666666667,0.0,0.6363636363636364,11,0.49807921190792886,0.8333333331944445
10,2,Jake Pavelka,6.666666666666667,-0.67445,3,6.0,0,Tv Personality,32,Eliminated,6.0,7,Chelsie Hightower,Baseline,Millennial,1,0,1,0,0,0.0,6.666666666666667,0.0,0.5,11,0.6597220325535085,0.8333333331944445
10,3,Jake Pavelka,7.0,0.0,3,4.0,0,Tv Personality,32,Eliminated,6.0,7,Chelsie Hightower,Baseline,Millennial,1,0,1,0,0,0.33333333333333304,6.777777777777779,0.1924500897298752,0.6,10,0.5608715150290308,0.8333333331944445
10,4,Jake Pavelka,6.333333333333333,-0.337225,3,6.0,0,Tv Personality,32,Eliminated,6.0,7,Chelsie Hightower,Baseline,Millennial,1,0,1,0,0,-0.666666666666667,6.666666666666667,0.2721655269759086,0.4444444444444444,9,0.5404812987363725,0.8333333331944445
10,5,Jake Pavelka,7.666666666666667,1.1990222222222222,3,3.0,0,Tv Personality,32,Eliminated,6.0,7,Chelsie Hightower,Baseline,Millennial,1,0,1,0,0,1.333333333333334,6.866666666666667,0.505525029603437,0.75,8,0.6961217507010304,0.8333333331944445
10,6,Jake Pavelka,8.3333,-3.2372143217135716,3,7.0,0,Tv Personality,32,Eliminated,6.0,7,Chelsie Hightower,Baseline,Millennial,1,0,1,0,0,0.6666333333333325,7.1111055555555565,0.7502977188102413,0.14285714285714285,7,0.6107868872008763,0.8333333331944445
23,1,Jake T. Austin,5.5,-2.6978,4,11.0,0,Actor/Actress,21,Eliminated,2.0,13,Jenna Johnson,Baseline,GenZ,1,1,0,0,0,0.0,5.5,0.0,0.19230769230769232,13,0.3571948801843556,0.9999999998
23,2,Jake T. Austin,6.0,-5.3956,4,10.0,0,Actor/Actress,21,Eliminated,2.0,13,Jenna Johnson,Baseline,GenZ,1,1,0,0,0,0.5,5.75,0.3535533905932738,0.23076923076923078,13,0.3393969869703097,0.9999999998
14,1,Jaleel White,8.666666666666666,6.7445,3,1.0,0,Actor/Actress,35,Eliminated,7.0,7,Kym Johnson,Baseline,Millennial,1,0,1,0,0,0.0,8.666666666666666,0.0,0.9583333333333334,12,0.31763966986668124,0.8620689653686088
14,2,Jaleel White,7.333333333333333,1.3489,3,7.0,0,Actor/Actress,35,Eliminated,7.0,7,Kym Johnson,Baseline,Millennial,1,0,1,0,0,-1.333333333333333,8.0,0.9428090415820635,0.5,12,0.42874242358520726,0.8620689653686088
14,3,Jaleel White,8.333333333333334,1.3489,3,5.0,0,Actor/Actress,35,Eliminated,7.0,7,Kym Johnson,Baseline,Millennial,1,0,1,0,0,1.0000000000000009,8.11111111111111,0.6938886664887112,0.5909090909090909,11,0.26687070216692765,0.8620689653686088
14,4,Jaleel White,7.333333333333333,-2.6978,3,6.0,0,Actor/Actress,35,Eliminated,7.0,7,Kym Johnson,Baseline,Millennial,1,0,1,0,0,-1.0000000000000009,7.916666666666666,0.6871842709362769,0.4,10,0.34805157127333136,0.8620689653686088
14,5,Jaleel White,8.0,0.0,3,6.0,0,Actor/Actress,35,Eliminated,7.0,7,Kym Johnson,Baseline,Millennial,1,0,1,0,0,0.666666666666667,7.933333333333333,0.596284793999944,0.4444444444444444,9,0.5290360116779419,0.8620689653686088
14,6,Jaleel White,12.333266666666667,2.7906765002224088,3,2.0,0,Actor/Actress,35,Eliminated,7.0,7,Kym Johnson,Baseline,Millennial,1,0,1,0,0,4.333266666666667,8.666655555555556,1.8737698188609173,0.875,8,0.7511618976913882,0.8620689653686088
14,7,Jaleel White,8.5,-4.0466999999999995,3,6.0,0,Actor/Actress,35,Eliminated,7.0,7,Kym Johnson,Baseline,Millennial,1,0,1,0,0,-3.833266666666667,8.642847619047618,1.7116694102387562,0.2857142857142857,7,0.22476239603259227,0.8620689653686088
23,1,James Hinchcliffe,7.75,9.4423,4,1.0,0,Racing Driver,29,RunnerUp,11.0,2,Sharna Burgess,Baseline,Millennial,1,0,1,0,0,0.0,7.75,0.0,0.9615384615384616,13,0.3571948801843556,0.7608695651016069
23,2,James Hinchcliffe,7.25,1.3489,4,4.0,0,Racing Driver,29,RunnerUp,11.0,2,Sharna Burgess,Baseline,Millennial,1,0,1,0,0,-0.5,7.5,0.3535533905932738,0.7307692307692307,13,0.3393969869703097,0.7608695651016069
23,3,James Hinchcliffe,7.25,1.3489,4,4.0,0,Racing Driver,29,RunnerUp,11.0,2,Sharna Burgess,Baseline,Millennial,1,0,1,0,0,0.0,7.416666666666667,0.2886751345948129,0.75,12,0.3351138365713949,0.7608695651016069
23,4,James Hinchcliffe,9.333333333333334,5.3956,3,2.0,0,Racing Driver,29,RunnerUp,11.0,2,Sharna Burgess,Baseline,Millennial,1,0,1,0,0,2.083333333333334,7.895833333333334,0.9868932735272511,0.9090909090909091,11,0.47614799152396176,0.7608695651016069
23,5,James Hinchcliffe,9.666666666666666,6.7445,3,1.0,0,Racing Driver,29,RunnerUp,11.0,2,Sharna Burgess,Baseline,Millennial,1,0,1,0,0,0.33333333333333215,8.25,1.1651776211757967,1.0,9,0.2670765415358769,0.7608695651016069
23,6,James Hinchcliffe,9.5,4.31648,4,2.0,0,Racing Driver,29,RunnerUp,11.0,2,Sharna Burgess,Baseline,Millennial,1,0,1,0,0,-0.16666666666666607,8.458333333333334,1.1603998353058214,0.8888888888888888,9,0.47408556627827925,0.7608695651016069
23,7,James Hinchcliffe,9.25,4.0466999999999995,4,1.0,0,Racing Driver,29,RunnerUp,11.0,2,Sharna Burgess,Baseline,Millennial,1,0,1,0,0,-0.25,8.571428571428571,1.1007452982594161,0.9375,8,0.2015012068525293,0.7608695651016069
23,8,James Hinchcliffe,11.6666,2.248076740000001,3,1.0,0,Racing Driver,29,RunnerUp,11.0,2,Sharna Burgess,Baseline,Millennial,1,0,1,0,0,2.4166000000000007,8.958325,1.4953459547426071,1.0,7,0.6690734446527706,0.7608695651016069
23,9,James Hinchcliffe,9.0,0.0,4,5.0,0,Racing Driver,29,RunnerUp,11.0,2,Sharna Burgess,Baseline,Millennial,1,0,1,0,0,-2.6666000000000007,8.962955555555556,1.398837039194424,0.25,6,0.20300527052245879,0.7608695651016069
23,10,James Hinchcliffe,9.833333333333334,-1.3489,3,3.0,0,Racing Driver,29,RunnerUp,11.0,2,Sharna Burgess,Baseline,Millennial,1,0,1,0,0,0.8333333333333339,9.049993333333333,1.3472507902400612,0.6,5,0.12342269081606787,0.7608695651016069
23,11,James Hinchcliffe,9.74995,1.079443768376831,4,2.0,0,Racing Driver,29,RunnerUp,11.0,2,Sharna Burgess,Baseline,Millennial,1,0,1,0,0,-0.08338333333333381,9.113625757575758,1.295421229634156,0.75,4,0.1930224013992307,0.7608695651016069
18,1,James Maslow,7.0,0.0,3,7.0,0,Actor/Actress,23,Eliminated,10.0,4,Peta Murgatroyd,Baseline,GenZ,1,1,0,0,0,0.0,7.0,0.0,0.4166666666666667,12,0.4824767313646609,0.7812499998779296
18,2,James Maslow,8.333333333333334,5.3956,3,1.0,0,Actor/Actress,23,Eliminated,10.0,4,Peta Murgatroyd,Baseline,GenZ,1,1,0,0,0,1.333333333333334,7.666666666666667,0.9428090415820638,0.9090909090909091,11,0.4367050005272007,0.7812499998779296
18,3,James Maslow,9.0,0.0,4,2.0,0,Actor/Actress,23,Eliminated,10.0,4,Peta Murgatroyd,Baseline,GenZ,1,1,0,0,0,0.6666666666666661,8.111111111111112,1.0183501544346314,0.7222222222222222,9,0.32309124605207246,0.7812499998779296
18,4,James Maslow,8.75,4.0466999999999995,4,2.0,0,Actor/Actress,23,Eliminated,10.0,4,Peta Murgatroyd,Baseline,GenZ,1,1,0,0,0,-0.25,8.270833333333334,0.8907315969346651,0.8888888888888888,9,0.33191624498489414,0.7812499998779296
18,5,James Maslow,10.0,21.5824,4,1.0,0,Actor/Actress,23,Eliminated,10.0,4,Peta Murgatroyd,Baseline,GenZ,1,1,0,0,0,1.25,8.616666666666667,1.092270825187397,1.0,9,0.3823756526858896,0.7812499998779296
18,6,James Maslow,8.75,-1.3489,4,5.0,0,Actor/Actress,23,Eliminated,10.0,4,Peta Murgatroyd,Baseline,GenZ,1,1,0,0,0,-1.25,8.63888888888889,0.9784719757905225,0.5,8,0.31709701677202323,0.7812499998779296
18,7,James Maslow,8.75,-1.3489,4,6.0,0,Actor/Actress,23,Eliminated,10.0,4,Peta Murgatroyd,Baseline,GenZ,1,1,0,0,0,0.0,8.654761904761905,0.8942053313435208,0.2857142857142857,7,0.2135697698452491,0.7812499998779296
18,8,James Maslow,9.0,-2.6978,4,4.0,0,Actor/Actress,23,Eliminated,10.0,4,Peta Murgatroyd,Baseline,GenZ,1,1,0,0,0,0.25,8.697916666666666,0.8368230502682861,0.3333333333333333,6,0.21755828225034984,0.7812499998779296
18,9,James Maslow,9.5,0.0,4,3.0,0,Actor/Actress,23,Eliminated,10.0,4,Peta Murgatroyd,Baseline,GenZ,1,1,0,0,0,0.5,8.787037037037036,0.8271763288515616,0.5,5,0.1641037835932963,0.7812499998779296
18,10,James Maslow,9.666666666666666,-0.9519518740735593,3,3.0,0,Actor/Actress,23,Eliminated,10.0,4,Peta Murgatroyd,Baseline,GenZ,1,1,0,0,0,0.16666666666666607,8.875,0.8279921422660494,0.5,4,0.2693429607887732,0.7812499998779296
28,1,James Van Der Beek,7.0,6.070049999999999,3,1.0,0,Actor/Actress,42,Eliminated,10.0,5,Emma Slater,Baseline,GenX,1,0,0,1,0,0.0,7.0,0.0,1.0,12,0.43787372148581377,0.6666666665777777
28,2,James Van Der Beek,6.666666666666667,1.3489,3,3.0,0,Actor/Actress,42,Eliminated,10.0,5,Emma Slater,Baseline,GenX,1,0,0,1,0,-0.33333333333333304,6.833333333333334,0.23570226039551595,0.75,12,0.47956350834282285,0.6666666665777777
28,3,James Van Der Beek,7.666666666666667,0.9810181818181817,3,3.0,0,Actor/Actress,42,Eliminated,10.0,5,Emma Slater,Baseline,GenX,1,0,0,1,0,1.0,7.111111111111112,0.5091750772173155,0.75,10,0.6133798883273475,0.6666666665777777
28,4,James Van Der Beek,7.0,0.0,4,6.0,0,Actor/Actress,42,Eliminated,10.0,5,Emma Slater,Baseline,GenX,1,0,0,1,0,-0.666666666666667,7.083333333333334,0.4194352464039305,0.45,10,0.5078145797829611,0.6666666665777777
28,5,James Van Der Beek,8.666666666666666,1.3489,3,2.0,0,Actor/Actress,42,Eliminated,10.0,5,Emma Slater,Baseline,GenX,1,0,0,1,0,1.666666666666666,7.4,0.7958224257542209,0.8333333333333334,9,0.3793003283391501,0.6666666665777777
28,6,James Van Der Beek,9.0,0.0,3,1.0,0,Actor/Actress,42,Eliminated,10.0,5,Emma Slater,Baseline,GenX,1,0,0,1,0,0.3333333333333339,7.666666666666667,0.9660917830792954,0.8888888888888888,9,0.2856680198138214,0.6666666665777777
28,7,James Van Der Beek,9.0,2.0233499999999998,3,1.0,0,Actor/Actress,42,Eliminated,10.0,5,Emma Slater,Baseline,GenX,1,0,0,1,0,0.0,7.857142857142857,1.0157490003667398,0.875,8,0.30539195900041965,0.6666666665777777
28,8,James Van Der Beek,10.6666,1.5175504387609686,3,1.0,0,Actor/Actress,42,Eliminated,10.0,5,Emma Slater,Baseline,GenX,1,0,0,1,0,1.6666000000000007,8.208325,1.3678395085646837,1.0,7,0.6478244180031981,0.6666666665777777
28,9,James Van Der Beek,9.0,0.0,4,3.0,0,Actor/Actress,42,Eliminated,10.0,5,Emma Slater,Baseline,GenX,1,0,0,1,0,-1.6666000000000007,8.296288888888888,1.3064266599307355,0.6666666666666666,6,0.5638778459091766,0.6666666665777777
28,10,James Van Der Beek,8.5,-4.0466999999999995,3,5.0,0,Actor/Actress,42,Eliminated,10.0,5,Emma Slater,Baseline,GenX,1,0,0,1,0,-0.5,8.31666,1.2333942929679567,0.2,5,0.2273410164886406,0.6666666665777777
26,1,Jamie Anderson,6.333333333333333,-1.3489,3,8.0,0,Athlete,27,Eliminated,1.0,10,Artem Chigvintsev,Baseline,Millennial,1,0,1,0,0,0.0,6.333333333333333,0.0,0.3,10,0.3679753688408884,0.624999999921875
32,1,Jamie Lynn Spears,5.0,-1.1562,3,9.0,0,Actor/Actress,32,Eliminated,2.0,13,Alan Bersten,Baseline,Millennial,1,0,1,0,0,0.0,5.0,0.0,0.39285714285714285,14,0.5167192700762964,0.8749999998468749
32,2,Jamie Lynn Spears,5.333333333333333,-1.3489,3,9.0,0,Actor/Actress,32,Eliminated,2.0,13,Alan Bersten,Baseline,Millennial,1,0,1,0,0,0.33333333333333304,5.166666666666666,0.23570226039551595,0.38461538461538464,13,0.5399540890069909,0.8749999998468749
23,1,Jana Kramer,6.75,4.0466999999999995,4,3.0,0,Singer/Rapper,32,Eliminated,11.0,4,Gleb Savchenko,Baseline,Millennial,1,0,1,0,0,0.0,6.75,0.0,0.8076923076923077,13,0.3571948801843556,0.49999999995
23,2,Jana Kramer,7.25,1.3489,4,4.0,0,Singer/Rapper,32,Eliminated,11.0,4,Gleb Savchenko,Baseline,Millennial,1,0,1,0,0,0.5,7.0,0.3535533905932738,0.7307692307692307,13,0.3393969869703097,0.49999999995
23,3,Jana Kramer,6.5,-2.6978,4,7.0,0,Singer/Rapper,32,Eliminated,11.0,4,Gleb Savchenko,Baseline,Millennial,1,0,1,0,0,-0.75,6.833333333333333,0.3818813079129866,0.5,12,0.3351138365713949,0.49999999995
23,4,Jana Kramer,7.666666666666667,-1.3489,3,6.0,0,Singer/Rapper,32,Eliminated,11.0,4,Gleb Savchenko,Baseline,Millennial,1,0,1,0,0,1.166666666666667,7.041666666666667,0.5204164998665335,0.45454545454545453,11,0.47614799152396176,0.49999999995
23,5,Jana Kramer,8.666666666666666,2.6978,3,4.0,0,Singer/Rapper,32,Eliminated,11.0,4,Gleb Savchenko,Baseline,Millennial,1,0,1,0,0,0.9999999999999991,7.366666666666665,0.8551315688243536,0.6666666666666666,9,0.2670765415358769,0.49999999995
23,6,Jana Kramer,10.0,6.47472,4,1.0,0,Singer/Rapper,32,Eliminated,11.0,4,Gleb Savchenko,Baseline,Millennial,1,0,1,0,0,1.333333333333334,7.8055555555555545,1.319371343004213,1.0,9,0.47408556627827925,0.49999999995
23,7,Jana Kramer,8.625,0.67445,4,3.0,0,Singer/Rapper,32,Eliminated,11.0,4,Gleb Savchenko,Baseline,Millennial,1,0,1,0,0,-1.375,7.922619047619047,1.2436013477675685,0.625,8,0.2015012068525293,0.49999999995
23,8,Jana Kramer,10.0,0.0,3,3.0,0,Singer/Rapper,32,Eliminated,11.0,4,Gleb Savchenko,Baseline,Millennial,1,0,1,0,0,1.375,8.182291666666666,1.3656677352472082,0.6428571428571429,7,0.6690734446527706,0.49999999995
23,9,Jana Kramer,10.0,5.3956,4,1.0,0,Singer/Rapper,32,Eliminated,11.0,4,Gleb Savchenko,Baseline,Millennial,1,0,1,0,0,0.0,8.38425925925926,1.413872516822914,0.9166666666666666,6,0.20300527052245879,0.49999999995
23,10,Jana Kramer,9.666666666666666,-2.6978,3,4.0,0,Singer/Rapper,32,Eliminated,11.0,4,Gleb Savchenko,Baseline,Millennial,1,0,1,0,0,-0.3333333333333339,8.5125,1.393333167198289,0.4,5,0.12342269081606787,0.49999999995
23,11,Jana Kramer,8.875,-10.251801884188389,4,4.0,0,Singer/Rapper,32,Eliminated,11.0,4,Gleb Savchenko,Baseline,Millennial,1,0,1,0,0,-0.7916666666666661,8.545454545454545,1.3263429443626586,0.25,4,0.1930224013992307,0.49999999995
5,1,Jane Seymour,8.0,4.0466999999999995,3,3.0,0,Actor/Actress,56,Eliminated,7.0,6,Tony Dovolani,Baseline,GenX,1,0,0,1,0,0.0,8.0,0.0,0.7916666666666666,12,0.43333212536664834,0.8333333331944445
5,2,Jane Seymour,7.0,0.0,3,5.0,0,Actor/Actress,56,Eliminated,7.0,6,Tony Dovolani,Baseline,GenX,1,0,0,1,0,-1.0,7.5,0.7071067811865476,0.45454545454545453,11,0.49926936703821634,0.8333333331944445
5,3,Jane Seymour,9.0,2.0233499999999998,3,1.0,0,Actor/Actress,56,Eliminated,7.0,6,Tony Dovolani,Baseline,GenX,1,0,0,1,0,2.0,8.0,1.0,0.9,10,0.48404598740959837,0.8333333331944445
5,4,Jane Seymour,8.666666666666666,-1.3489,3,5.0,0,Actor/Actress,56,Eliminated,7.0,6,Tony Dovolani,Baseline,GenX,1,0,0,1,0,-0.3333333333333339,8.166666666666666,0.8819171036881968,0.4444444444444444,9,0.3459611525374582,0.8333333331944445
5,5,Jane Seymour,8.666666666666666,1.3489,3,3.0,0,Actor/Actress,56,Eliminated,7.0,6,Tony Dovolani,Baseline,GenX,1,0,0,1,0,0.0,8.266666666666666,0.7958224257542215,0.6875,8,0.44211573266568344,0.8333333331944445
5,6,Jane Seymour,7.333333333333333,-6.7445,3,7.0,0,Actor/Actress,56,Eliminated,7.0,6,Tony Dovolani,Baseline,GenX,1,0,0,1,0,-1.333333333333333,8.11111111111111,0.807373427759331,0.14285714285714285,7,0.41475381280507095,0.8333333331944445
5,7,Jane Seymour,8.333333333333334,-1.3489,3,6.0,0,Actor/Actress,56,Eliminated,7.0,6,Tony Dovolani,Baseline,GenX,1,0,0,1,0,1.0000000000000009,8.142857142857142,0.7417981870189158,0.16666666666666666,6,0.10431121227324179,0.8333333331944445
19,1,Janel Parrish,7.25,0.67445,4,7.0,0,Actor/Actress,25,Finalist,11.0,3,Valentin Chmerkovskiy,Baseline,GenZ,1,1,0,0,0,0.0,7.25,0.0,0.5,13,0.5160608028665913,0.7894736840858726
19,2,Janel Parrish,8.5,5.3956,4,2.0,0,Actor/Actress,25,Finalist,11.0,3,Valentin Chmerkovskiy,Baseline,GenZ,1,1,0,0,0,1.25,7.875,0.8838834764831844,0.9166666666666666,12,0.34613980535212147,0.7894736840858726
19,3,Janel Parrish,10.0,10.7912,4,1.0,0,Actor/Actress,25,Finalist,11.0,3,Valentin Chmerkovskiy,Baseline,GenZ,1,1,0,0,0,1.5,8.583333333333334,1.3768926368215253,0.9545454545454546,11,0.4983770171434502,0.7894736840858726
19,4,Janel Parrish,9.0,2.6978,4,4.0,0,Actor/Actress,25,Finalist,11.0,3,Valentin Chmerkovskiy,Baseline,GenZ,1,1,0,0,0,-1.0,8.6875,1.1433685611676867,0.7,10,0.6408988180463647,0.7894736840858726
19,5,Janel Parrish,8.25,0.5995111111111111,4,4.0,0,Actor/Actress,25,Finalist,11.0,3,Valentin Chmerkovskiy,Baseline,GenZ,1,1,0,0,0,-0.75,8.6,1.0093314619093172,0.6666666666666666,9,0.6379741452460631,0.7894736840858726
19,6,Janel Parrish,8.25,0.67445,4,4.0,0,Actor/Actress,25,Finalist,11.0,3,Valentin Chmerkovskiy,Baseline,GenZ,1,1,0,0,0,0.0,8.541666666666666,0.9140113055464173,0.6666666666666666,9,0.40693072682428794,0.7894736840858726
19,7,Janel Parrish,8.375,2.0233499999999998,4,4.0,0,Actor/Actress,25,Finalist,11.0,3,Valentin Chmerkovskiy,Baseline,GenZ,1,1,0,0,0,0.125,8.517857142857142,0.836748952508343,0.625,8,0.35475637925085574,0.7894736840858726
19,8,Janel Parrish,10.75,3.043671794871795,4,1.0,0,Actor/Actress,25,Finalist,11.0,3,Valentin Chmerkovskiy,Baseline,GenZ,1,1,0,0,0,2.375,8.796875,1.105864036786233,1.0,7,0.7527152917135025,0.7894736840858726
19,9,Janel Parrish,9.625,5.3956,4,1.0,0,Actor/Actress,25,Finalist,11.0,3,Valentin Chmerkovskiy,Baseline,GenZ,1,1,0,0,0,-1.125,8.88888888888889,1.0706387631274665,0.9166666666666666,6,0.4149567676500508,0.7894736840858726
19,10,Janel Parrish,9.75,2.6978,4,1.0,0,Actor/Actress,25,Finalist,11.0,3,Valentin Chmerkovskiy,Baseline,GenZ,1,1,0,0,0,0.125,8.975,1.0454929725041464,1.0,5,0.3498704421875686,0.7894736840858726
19,11,Janel Parrish,9.74995,1.1991021463804803,4,3.0,0,Actor/Actress,25,Finalist,11.0,3,Valentin Chmerkovskiy,Baseline,GenZ,1,1,0,0,0,-4.999999999988347e-05,9.04545,1.0189922607655075,0.5,4,0.09219822000948034,0.7894736840858726
31,1,Jason Lewis,4.5,-4.0466999999999995,4,15.0,0,Actor/Actress,51,Eliminated,1.0,16,Peta Murgatroyd,Baseline,GenX,1,0,0,1,0,0.0,4.5,0.0,0.125,16,0.4962325678954129,0.7386363635272469
32,1,Jason Mraz,7.0,3.4685999999999995,3,2.0,0,Singer/Rapper,46,RunnerUp,9.0,2,Daniella Karagach,Baseline,GenX,1,0,0,1,0,0.0,7.0,0.0,0.8928571428571429,14,0.5167192700762964,0.9999999998
32,2,Jason Mraz,8.0,4.0466999999999995,3,1.0,0,Singer/Rapper,46,RunnerUp,9.0,2,Daniella Karagach,Baseline,GenX,1,0,0,1,0,1.0,7.5,0.7071067811865476,0.9615384615384616,13,0.5399540890069909,0.9999999998
32,3,Jason Mraz,8.5,5.3956,4,1.0,0,Singer/Rapper,46,RunnerUp,9.0,2,Daniella Karagach,Baseline,GenX,1,0,0,1,0,0.5,7.833333333333333,0.7637626158259734,0.9583333333333334,12,0.538842474800634,0.9999999998
32,4,Jason Mraz,8.0,4.0466999999999995,3,3.0,0,Singer/Rapper,46,RunnerUp,9.0,2,Daniella Karagach,Baseline,GenX,1,0,0,1,0,-0.5,7.875,0.6291528696058959,0.7727272727272727,11,0.4316930922346303,0.9999999998
32,5,Jason Mraz,9.0,2.3124,3,3.0,0,Singer/Rapper,46,RunnerUp,9.0,2,Daniella Karagach,Baseline,GenX,1,0,0,1,0,1.0,8.1,0.7416198487095664,0.8,10,0.4664939229167582,0.9999999998
32,6,Jason Mraz,9.75,2.3124,4,3.0,0,Singer/Rapper,46,RunnerUp,9.0,2,Daniella Karagach,Baseline,GenX,1,0,0,1,0,0.75,8.375,0.945383520059452,0.7777777777777778,9,0.5153253660800832,0.9999999998
32,7,Jason Mraz,9.0,0.0,4,4.0,0,Singer/Rapper,46,RunnerUp,9.0,2,Daniella Karagach,Baseline,GenX,1,0,0,1,0,-0.75,8.464285714285714,0.8947598773387407,0.5625,8,0.21729018814696918,0.9999999998
32,8,Jason Mraz,8.25,-2.6978,4,6.0,0,Singer/Rapper,46,RunnerUp,9.0,2,Daniella Karagach,Baseline,GenX,1,0,0,1,0,-0.75,8.4375,0.8318439070608655,0.2857142857142857,7,0.5245279148293601,0.9999999998
32,9,Jason Mraz,10.75,4.31648,4,1.0,0,Singer/Rapper,46,RunnerUp,9.0,2,Daniella Karagach,Baseline,GenX,1,0,0,1,0,2.5,8.694444444444445,1.0952866190079096,1.0,6,0.5572357290736578,0.9999999998
6,1,Jason Taylor,7.333333333333333,0.67445,3,4.0,0,Athlete,33,RunnerUp,9.0,2,Edyta Sliwinska,Baseline,Millennial,1,0,1,0,0,0.0,7.333333333333333,0.0,0.7083333333333334,12,0.5700360697074371,1.0416666664496528
6,2,Jason Taylor,9.0,4.0466999999999995,3,1.0,0,Athlete,33,RunnerUp,9.0,2,Edyta Sliwinska,Baseline,Millennial,1,0,1,0,0,1.666666666666667,8.166666666666666,1.1785113019775797,0.9583333333333334,12,0.6209750281031806,1.0416666664496528
6,3,Jason Taylor,7.666666666666667,0.67445,3,5.0,0,Athlete,33,RunnerUp,9.0,2,Edyta Sliwinska,Baseline,Millennial,1,0,1,0,0,-1.333333333333333,8.0,0.8819171036881971,0.6,10,0.3859358227489988,1.0416666664496528
6,4,Jason Taylor,9.666666666666666,6.7445,3,1.0,0,Athlete,33,RunnerUp,9.0,2,Edyta Sliwinska,Baseline,Millennial,1,0,1,0,0,1.9999999999999991,8.416666666666666,1.1013459778666117,0.9444444444444444,9,0.4947915244151312,1.0416666664496528
6,5,Jason Taylor,9.0,2.0233499999999998,3,2.0,0,Athlete,33,RunnerUp,9.0,2,Edyta Sliwinska,Baseline,Millennial,1,0,1,0,0,-0.6666666666666661,8.533333333333333,0.9888264649460885,0.8125,8,0.4172448490929672,1.0416666664496528
6,6,Jason Taylor,8.0,-4.0466999999999995,3,5.0,0,Athlete,33,RunnerUp,9.0,2,Edyta Sliwinska,Baseline,Millennial,1,0,1,0,0,-1.0,8.444444444444445,0.9108400680852977,0.35714285714285715,7,0.44020720490261217,1.0416666664496528
6,7,Jason Taylor,9.166666666666666,7.194133333333332,3,1.0,0,Athlete,33,RunnerUp,9.0,2,Edyta Sliwinska,Baseline,Millennial,1,0,1,0,0,1.166666666666666,8.547619047619047,0.8751417118804335,1.0,6,0.23207779639437903,1.0416666664496528
6,8,Jason Taylor,8.666666666666666,-1.798533333333333,3,4.0,0,Athlete,33,RunnerUp,9.0,2,Edyta Sliwinska,Baseline,Millennial,1,0,1,0,0,-0.5,8.5625,0.8113162928131832,0.4,5,0.19928629122843222,1.0416666664496528
6,9,Jason Taylor,9.166666666666666,1.3489,3,3.0,0,Athlete,33,RunnerUp,9.0,2,Edyta Sliwinska,Baseline,Millennial,1,0,1,0,0,0.5,8.629629629629628,0.7851830013945871,0.5,4,0.1593380086915794,1.0416666664496528
29,1,Jeannie Mai,6.0,0.0,3,6.0,0,Tv Personality,41,Withdrew,,9,Brandon Armstrong,Baseline,GenX,1,0,0,1,0,0.0,6.0,0.0,0.5333333333333333,15,0.4586531304965921,0.45454545450413225
29,2,Jeannie Mai,6.0,0.0,3,6.0,0,Tv Personality,41,Withdrew,,9,Brandon Armstrong,Baseline,GenX,1,0,0,1,0,0.0,6.0,0.0,0.5,15,0.31639157203440565,0.45454545450413225
29,3,Jeannie Mai,7.333333333333333,0.7707999999999999,3,4.0,0,Tv Personality,41,Withdrew,,9,Brandon Armstrong,Baseline,GenX,1,0,0,1,0,1.333333333333333,6.444444444444444,0.7698003589195007,0.7142857142857143,14,0.5059628499334231,0.45454545450413225
29,4,Jeannie Mai,7.0,-4.0466999999999995,3,10.0,0,Tv Personality,41,Withdrew,,9,Brandon Armstrong,Baseline,GenX,1,0,0,1,0,-0.33333333333333304,6.583333333333333,0.6871842709362764,0.19230769230769232,13,0.30617401395313787,0.45454545450413225
29,5,Jeannie Mai,8.0,0.0,3,5.0,0,Tv Personality,41,Withdrew,,9,Brandon Armstrong,Baseline,GenX,1,0,0,1,0,1.0,6.866666666666665,0.8692269873603528,0.5,12,0.44681844876186,0.45454545450413225
29,6,Jeannie Mai,8.333333333333334,1.3489,3,6.0,0,Tv Personality,41,Withdrew,,9,Brandon Armstrong,Baseline,GenX,1,0,0,1,0,0.3333333333333339,7.111111111111111,0.981306762925316,0.5454545454545454,11,0.43896422409120317,0.45454545450413225
29,7,Jeannie Mai,8.333333333333334,-2.6978,3,8.0,0,Tv Personality,41,Withdrew,,9,Brandon Armstrong,Baseline,GenX,1,0,0,1,0,0.0,7.285714285714286,1.0079052613579391,0.3,10,0.31099594861117197,0.45454545450413225
7,1,Jeffrey Ross,4.0,-10.11675,3,13.0,0,Comedian,43,Eliminated,1.0,13,Edyta Sliwinska,Baseline,GenX,1,0,0,1,0,0.0,4.0,0.0,0.07692307692307693,13,0.46761395795733807,1.1538461535798816
34,1,Jen Affleck,6.0,0.0,2,6.0,0,Tv Personality,26,Eliminated,7.0,9,Jan Ravnik,Baseline,Millennial,1,0,1,0,0,0.0,6.0,0.0,0.5714285714285714,14,0.4627624262862272,0.9999999998
34,2,Jen Affleck,7.333333333333333,1.3489,3,1.0,0,Tv Personality,26,Eliminated,7.0,9,Jan Ravnik,Baseline,Millennial,1,0,1,0,0,1.333333333333333,6.666666666666666,0.9428090415820635,0.8928571428571429,14,0.3416136418926476,0.9999999998
34,3,Jen Affleck,6.333333333333333,-2.6978,3,10.0,0,Tv Personality,26,Eliminated,7.0,9,Jan Ravnik,Baseline,Millennial,1,0,1,0,0,-1.0,6.5555555555555545,0.693888666488711,0.25,12,0.31108428718662545,0.9999999998
34,4,Jen Affleck,7.666666666666667,-1.3489,3,5.0,0,Tv Personality,26,Eliminated,7.0,9,Jan Ravnik,Baseline,Millennial,1,0,1,0,0,1.333333333333334,6.833333333333333,0.7934920476158726,0.5454545454545454,11,0.29030495428456765,0.9999999998
34,5,Jen Affleck,7.25,-2.0233499999999998,4,8.0,0,Tv Personality,26,Eliminated,7.0,9,Jan Ravnik,Baseline,Millennial,1,0,1,0,0,-0.41666666666666696,6.916666666666667,0.7120003121097945,0.25,10,0.4041638843974973,0.9999999998
34,6,Jen Affleck,8.0,-5.3956,4,7.0,0,Tv Personality,26,Eliminated,7.0,9,Jan Ravnik,Baseline,Millennial,1,0,1,0,0,0.75,7.097222222222222,0.775343412564657,0.35,10,0.460625841237017,0.9999999998
34,7,Jen Affleck,8.5,-2.589888,4,7.0,0,Tv Personality,26,Eliminated,7.0,9,Jan Ravnik,Baseline,Millennial,1,0,1,0,0,0.5,7.297619047619047,0.8843510160432454,0.3333333333333333,9,0.5260998838984093,0.9999999998
33,1,Jenn Tran,6.333333333333333,1.3489,3,6.0,0,Tv Personality,26,Eliminated,6.0,7,Sasha Farber,Baseline,Millennial,1,0,1,0,0,0.0,6.333333333333333,0.0,0.5769230769230769,13,0.3459611525374582,0.8333333331944445
33,2,Jenn Tran,6.333333333333333,-2.6978,3,9.0,0,Tv Personality,26,Eliminated,6.0,7,Sasha Farber,Baseline,Millennial,1,0,1,0,0,0.0,6.333333333333333,0.0,0.34615384615384615,13,0.40777614797778233,0.8333333331944445
33,3,Jenn Tran,7.75,0.8992666666666665,4,3.0,0,Tv Personality,26,Eliminated,6.0,7,Sasha Farber,Baseline,Millennial,1,0,1,0,0,1.416666666666667,6.8055555555555545,0.8179128813519699,0.7727272727272727,11,0.48023983477103066,0.8333333331944445
33,4,Jenn Tran,8.0,0.0,4,4.0,0,Tv Personality,26,Eliminated,6.0,7,Sasha Farber,Baseline,Millennial,1,0,1,0,0,0.25,7.104166666666666,0.8959140790483413,0.4444444444444444,9,0.24113156160144034,0.8333333331944445
33,5,Jenn Tran,8.5,0.0,3,4.0,0,Tv Personality,26,Eliminated,6.0,7,Sasha Farber,Baseline,Millennial,1,0,1,0,0,0.5,7.383333333333333,0.9958246164193107,0.5625,8,0.16727006482522272,0.8333333331944445
33,6,Jenn Tran,10.333333333333334,0.67445,3,3.0,0,Tv Personality,26,Eliminated,6.0,7,Sasha Farber,Baseline,Millennial,1,0,1,0,0,1.833333333333334,7.875,1.4979152178945248,0.6428571428571429,7,0.4330874815477384,0.8333333331944445
26,1,Jennie Finch Daigle,7.0,0.0,3,5.0,0,Athlete,37,Eliminated,3.0,6,Keo Motsepe,Baseline,Millennial,1,0,1,0,0,0.0,7.0,0.0,0.55,10,0.3679753688408884,0.4477611939897527
26,2,Jennie Finch Daigle,7.875,-2.0233499999999998,4,6.0,0,Athlete,37,Eliminated,3.0,6,Keo Motsepe,Baseline,Millennial,1,0,1,0,0,0.875,7.4375,0.6187184335382291,0.3125,8,0.29927657257065027,0.4477611939897527
26,3,Jennie Finch Daigle,7.25,-6.294866666666666,4,6.0,0,Athlete,37,Eliminated,3.0,6,Keo Motsepe,Baseline,Millennial,1,0,1,0,0,-0.625,7.375,0.45069390943299864,0.16666666666666666,6,0.45572779556481996,0.4477611939897527
5,1,Jennie Garth,7.0,0.0,3,5.0,0,Actor/Actress,35,Eliminated,9.0,4,Derek Hough,Baseline,Millennial,1,0,1,0,0,0.0,7.0,0.0,0.5,12,0.43333212536664834,0.9999999998
5,2,Jennie Garth,7.0,0.0,3,5.0,0,Actor/Actress,35,Eliminated,9.0,4,Derek Hough,Baseline,Millennial,1,0,1,0,0,0.0,7.0,0.0,0.45454545454545453,11,0.49926936703821634,0.9999999998
5,3,Jennie Garth,8.666666666666666,1.3489,3,4.0,0,Actor/Actress,35,Eliminated,9.0,4,Derek Hough,Baseline,Millennial,1,0,1,0,0,1.666666666666666,7.5555555555555545,0.9622504486493759,0.65,10,0.48404598740959837,0.9999999998
5,4,Jennie Garth,9.0,0.0,3,2.0,0,Actor/Actress,35,Eliminated,9.0,4,Derek Hough,Baseline,Millennial,1,0,1,0,0,0.3333333333333339,7.916666666666666,1.0671873729054748,0.7777777777777778,9,0.3459611525374582,0.9999999998
5,5,Jennie Garth,8.333333333333334,0.67445,3,5.0,0,Actor/Actress,35,Eliminated,9.0,4,Derek Hough,Baseline,Millennial,1,0,1,0,0,-0.6666666666666661,8.0,0.9428090415820635,0.5,8,0.44211573266568344,0.9999999998
5,6,Jennie Garth,9.0,0.0,3,3.0,0,Actor/Actress,35,Eliminated,9.0,4,Derek Hough,Baseline,Millennial,1,0,1,0,0,0.6666666666666661,8.166666666666666,0.9368979548370132,0.7142857142857143,7,0.41475381280507095,0.9999999998
5,7,Jennie Garth,8.833333333333334,2.6978,3,2.0,0,Actor/Actress,35,Eliminated,9.0,4,Derek Hough,Baseline,Millennial,1,0,1,0,0,-0.16666666666666607,8.261904761904763,0.8916128896407597,0.8333333333333334,6,0.10431121227324179,0.9999999998
5,8,Jennie Garth,8.333333333333334,-0.67445,3,4.0,0,Actor/Actress,35,Eliminated,9.0,4,Derek Hough,Baseline,Millennial,1,0,1,0,0,-0.5,8.270833333333334,0.8258593408042626,0.4,5,0.26899351830355234,0.9999999998
5,9,Jennie Garth,9.666666666666666,-2.6978,3,3.0,0,Actor/Actress,35,Eliminated,9.0,4,Derek Hough,Baseline,Millennial,1,0,1,0,0,1.3333333333333321,8.425925925925926,0.9018157267082184,0.5,4,0.14123804909032478,0.9999999998
11,1,Jennifer Grey,8.0,4.0466999999999995,3,1.0,0,Actor/Actress,50,Winner,9.0,1,Derek Hough,Baseline,GenX,1,0,0,1,0,0.0,8.0,0.0,1.0,12,0.49711840367327736,1.4285714281632653
11,2,Jennifer Grey,8.0,4.0466999999999995,3,1.0,0,Actor/Actress,50,Winner,9.0,1,Derek Hough,Baseline,GenX,1,0,0,1,0,0.0,8.0,0.0,1.0,11,0.486830811549821,1.4285714281632653
11,3,Jennifer Grey,8.0,0.0,3,2.0,0,Actor/Actress,50,Winner,9.0,1,Derek Hough,Baseline,GenX,1,0,0,1,0,0.0,8.0,0.0,0.8,10,0.3899869355281724,1.4285714281632653
11,4,Jennifer Grey,9.333333333333334,5.095844444444444,3,1.0,0,Actor/Actress,50,Winner,9.0,1,Derek Hough,Baseline,GenX,1,0,0,1,0,1.333333333333334,8.333333333333334,0.6666666666666669,1.0,9,0.6522347657141515,1.4285714281632653
11,5,Jennifer Grey,8.333333333333334,1.3489,3,2.0,0,Actor/Actress,50,Winner,9.0,1,Derek Hough,Baseline,GenX,1,0,0,1,0,-1.0,8.333333333333334,0.5773502691896258,0.875,8,0.43008614613880125,1.4285714281632653
11,6,Jennifer Grey,9.666666666666666,-1.0117002925073117,3,5.0,0,Actor/Actress,50,Winner,9.0,1,Derek Hough,Baseline,GenX,1,0,0,1,0,1.3333333333333321,8.555555555555555,0.7503085784948501,0.42857142857142855,7,0.6250382784599849,1.4285714281632653
11,7,Jennifer Grey,9.125,6.7445,4,1.0,0,Actor/Actress,50,Winner,9.0,1,Derek Hough,Baseline,GenX,1,0,0,1,0,-0.5416666666666661,8.636904761904763,0.7179551908612792,0.9166666666666666,6,0.17753985897962493,1.4285714281632653
11,8,Jennifer Grey,9.5,1.3488999999999998,3,1.0,0,Actor/Actress,50,Winner,9.0,1,Derek Hough,Baseline,GenX,1,0,0,1,0,0.375,8.744791666666666,0.7313954033975817,0.9,5,0.3724655283719484,1.4285714281632653
11,9,Jennifer Grey,10.0,2.0233499999999998,3,1.0,0,Actor/Actress,50,Winner,9.0,1,Derek Hough,Baseline,GenX,1,0,0,1,0,0.5,8.88425925925926,0.8019555574028918,1.0,4,0.21714110395230168,1.4285714281632653
2,1,Jerry Rice,7.0,0.0,3,5.0,0,Athlete,43,RunnerUp,7.0,2,Anna Trebunskaya,Baseline,GenX,1,0,0,1,0,0.0,7.0,0.0,0.6,10,0.611207926325423,0.9999999998
2,2,Jerry Rice,7.666666666666667,1.798533333333333,3,4.0,0,Athlete,43,RunnerUp,7.0,2,Anna Trebunskaya,Baseline,GenX,1,0,0,1,0,0.666666666666667,7.333333333333334,0.47140452079103157,0.6666666666666666,9,0.6249006826786333,0.9999999998
2,3,Jerry Rice,6.333333333333333,-3.37225,3,7.0,0,Athlete,43,RunnerUp,7.0,2,Anna Trebunskaya,Baseline,GenX,1,0,0,1,0,-1.333333333333334,7.0,0.666666666666667,0.25,8,0.6679176515427974,0.9999999998
2,4,Jerry Rice,8.0,0.0,3,5.0,0,Athlete,43,RunnerUp,7.0,2,Anna Trebunskaya,Baseline,GenX,1,0,0,1,0,1.666666666666667,7.25,0.7391185942027819,0.42857142857142855,7,0.999999999557445,0.9999999998
2,5,Jerry Rice,7.666666666666667,-1.3489,3,5.0,0,Athlete,43,RunnerUp,7.0,2,Anna Trebunskaya,Baseline,GenX,1,0,0,1,0,-0.33333333333333304,7.333333333333333,0.6666666666666669,0.3333333333333333,6,0.43176946429931184,0.9999999998
2,6,Jerry Rice,7.666666666666667,-2.6978,3,4.0,0,Athlete,43,RunnerUp,7.0,2,Anna Trebunskaya,Baseline,GenX,1,0,0,1,0,0.0,7.388888888888889,0.6116159530899062,0.3,5,0.5173667882126445,0.9999999998
2,7,Jerry Rice,6.833333333333333,-10.020399999999999,3,4.0,0,Athlete,43,RunnerUp,7.0,2,Anna Trebunskaya,Baseline,GenX,1,0,0,1,0,-0.8333333333333339,7.309523809523809,0.596506584892494,0.25,4,0.4966207044959312,0.9999999998
3,1,Jerry Springer,5.333333333333333,-0.8992666666666665,3,9.0,0,Tv Personality,62,Eliminated,7.0,5,Kym Johnson,Baseline,Boomer,1,0,0,0,1,0.0,5.333333333333333,0.0,0.2727272727272727,11,0.6156691610882334,0.9999999998
3,2,Jerry Springer,6.333333333333333,-6.7445,3,10.0,0,Tv Personality,62,Eliminated,7.0,5,Kym Johnson,Baseline,Boomer,1,0,0,0,1,1.0,5.833333333333333,0.7071067811865476,0.1,10,0.42867833173589404,0.9999999998
3,3,Jerry Springer,7.0,-2.6977999999999995,3,8.0,0,Tv Personality,62,Eliminated,7.0,5,Kym Johnson,Baseline,Boomer,1,0,0,0,1,0.666666666666667,6.222222222222221,0.8388704928078611,0.2222222222222222,9,0.40399558795697227,0.9999999998
3,4,Jerry Springer,7.333333333333333,-2.6978,3,7.0,0,Tv Personality,62,Eliminated,7.0,5,Kym Johnson,Baseline,Boomer,1,0,0,0,1,0.33333333333333304,6.5,0.8819171036881968,0.25,8,0.45125042141248917,0.9999999998
3,5,Jerry Springer,8.0,-4.0466999999999995,3,6.0,0,Tv Personality,62,Eliminated,7.0,5,Kym Johnson,Baseline,Boomer,1,0,0,0,1,0.666666666666667,6.8,1.016530045465127,0.21428571428571427,7,0.2159447251290409,0.9999999998
3,6,Jerry Springer,6.0,-4.0466999999999995,3,5.0,0,Tv Personality,62,Eliminated,7.0,5,Kym Johnson,Baseline,Boomer,1,0,0,0,1,-2.0,6.666666666666667,0.9660917830792959,0.2,5,0.5379870366071047,0.9999999998
3,7,Jerry Springer,7.666666666666667,-10.7912,3,5.0,0,Tv Personality,62,Eliminated,7.0,5,Kym Johnson,Baseline,Boomer,1,0,0,0,1,1.666666666666667,6.809523809523809,0.959497222838566,0.2,5,0.3420071809385997,0.9999999998
29,1,Jesse Metcalfe,6.0,0.0,3,6.0,0,Actor/Actress,41,Eliminated,5.0,12,Sharna Burgess,Baseline,GenX,1,0,0,1,0,0.0,6.0,0.0,0.5333333333333333,15,0.4586531304965921,0.8955223878993095
29,2,Jesse Metcalfe,6.666666666666667,2.6978,3,4.0,0,Actor/Actress,41,Eliminated,5.0,12,Sharna Burgess,Baseline,GenX,1,0,0,1,0,0.666666666666667,6.333333333333334,0.47140452079103157,0.8,15,0.31639157203440565,0.8955223878993095
29,3,Jesse Metcalfe,6.666666666666667,-0.7707999999999999,3,9.0,0,Actor/Actress,41,Eliminated,5.0,12,Sharna Burgess,Baseline,GenX,1,0,0,1,0,0.0,6.4444444444444455,0.3849001794597504,0.42857142857142855,14,0.5059628499334231,0.8955223878993095
29,4,Jesse Metcalfe,7.0,-4.0466999999999995,3,10.0,0,Actor/Actress,41,Eliminated,5.0,12,Sharna Burgess,Baseline,GenX,1,0,0,1,0,0.33333333333333304,6.583333333333334,0.4194352464039303,0.19230769230769232,13,0.30617401395313787,0.8955223878993095
29,5,Jesse Metcalfe,6.333333333333333,-5.3956,3,11.0,0,Actor/Actress,41,Eliminated,5.0,12,Sharna Burgess,Baseline,GenX,1,0,0,1,0,-0.666666666666667,6.533333333333333,0.38005847503304596,0.125,12,0.44681844876186,0.8955223878993095
31,1,Jessie James Decker,5.0,-2.6978,4,12.0,0,Singer/Rapper,34,Eliminated,6.0,10,Alan Bersten,Baseline,Millennial,1,0,1,0,0,0.0,5.0,0.0,0.25,16,0.4962325678954129,0.9999999998
31,2,Jessie James Decker,6.25,-3.2373600000000002,4,12.0,0,Singer/Rapper,34,Eliminated,6.0,10,Alan Bersten,Baseline,Millennial,1,0,1,0,0,1.25,5.625,0.8838834764831844,0.26666666666666666,15,0.3666293746095938,0.9999999998
31,3,Jessie James Decker,6.5,-2.15824,4,11.0,0,Singer/Rapper,34,Eliminated,6.0,10,Alan Bersten,Baseline,Millennial,1,0,1,0,0,0.25,5.916666666666667,0.8036375634160795,0.2857142857142857,14,0.37876251151361706,0.9999999998
31,4,Jessie James Decker,7.75,-0.67445,4,8.0,0,Singer/Rapper,34,Eliminated,6.0,10,Alan Bersten,Baseline,Millennial,1,0,1,0,0,1.25,6.375,1.1273124382057236,0.46153846153846156,13,0.3953571721926616,0.9999999998
31,5,Jessie James Decker,9.0,-1.6186800000000001,4,7.0,0,Singer/Rapper,34,Eliminated,6.0,10,Alan Bersten,Baseline,Millennial,1,0,1,0,0,1.25,6.9,1.526843148460247,0.4583333333333333,12,0.37602750171537164,0.9999999998
31,6,Jessie James Decker,8.0,-5.3956,4,9.0,0,Singer/Rapper,34,Eliminated,6.0,10,Alan Bersten,Baseline,Millennial,1,0,1,0,0,-1.0,7.083333333333333,1.4375905768565216,0.2,10,0.35084095845467406,0.9999999998
30,1,Jimmie Allen,5.5,-2.6978,4,13.0,0,Singer/Rapper,36,Eliminated,8.0,7,Emma Slater,Baseline,Millennial,1,0,1,0,0,0.0,5.5,0.0,0.2,15,0.4260464104775318,0.6315789472886426
30,2,Jimmie Allen,6.75,4.0466999999999995,4,5.0,0,Singer/Rapper,36,Eliminated,8.0,7,Emma Slater,Baseline,Millennial,1,0,1,0,0,1.25,6.125,0.8838834764831844,0.6666666666666666,15,0.45935864257411446,0.6315789472886426
30,3,Jimmie Allen,6.666666666666667,-1.3489,3,10.0,0,Singer/Rapper,36,Eliminated,8.0,7,Emma Slater,Baseline,Millennial,1,0,1,0,0,-0.08333333333333304,6.305555555555556,0.6988747569671737,0.32142857142857145,14,0.29177648852342086,0.6315789472886426
30,4,Jimmie Allen,8.125,-0.6744499999999999,4,7.0,0,Singer/Rapper,36,Eliminated,8.0,7,Emma Slater,Baseline,Millennial,1,0,1,0,0,1.458333333333333,6.760416666666667,1.0738769974049895,0.5,13,0.33713528172762924,0.6315789472886426
30,5,Jimmie Allen,8.5,-2.6978,4,8.0,0,Singer/Rapper,36,Eliminated,8.0,7,Emma Slater,Baseline,Millennial,1,0,1,0,0,0.375,7.108333333333334,1.2124928407577877,0.36363636363636365,11,0.3735594089309465,0.6315789472886426
30,6,Jimmie Allen,9.5,2.6978,4,3.0,0,Singer/Rapper,36,Eliminated,8.0,7,Emma Slater,Baseline,Millennial,1,0,1,0,0,1.0,7.5069444444444455,1.4592655750474348,0.75,10,0.2913253614880169,0.6315789472886426
30,7,Jimmie Allen,9.5,2.15824,4,3.0,0,Singer/Rapper,36,Eliminated,8.0,7,Emma Slater,Baseline,Millennial,1,0,1,0,0,0.0,7.791666666666667,1.5303639726839138,0.7222222222222222,9,0.3498704421875686,0.6315789472886426
30,8,Jimmie Allen,8.0,-7.194133333333332,4,8.0,0,Singer/Rapper,36,Eliminated,8.0,7,Emma Slater,Baseline,Millennial,1,0,1,0,0,-1.5,7.817708333333334,1.4187550258634152,0.125,8,0.4264566622918705,0.6315789472886426
9,1,Joanna Krupa,11.3333,4.522851666357834,3,1.0,0,Model,30,Eliminated,9.0,4,Derek Hough,Baseline,Millennial,1,0,1,0,0,0.0,11.3333,0.0,1.0,16,0.7859138369788743,1.2499999996875
9,2,Joanna Krupa,6.666666666666667,-1.3489,3,7.0,0,Model,30,Eliminated,9.0,4,Derek Hough,Baseline,Millennial,1,0,1,0,0,-4.6666333333333325,8.999983333333333,3.2998080753111814,0.5357142857142857,14,0.4556015122439362,1.2499999996875
9,3,Joanna Krupa,7.666666666666667,6.7445,3,3.0,0,Model,30,Eliminated,9.0,4,Derek Hough,Baseline,Millennial,1,0,1,0,0,1.0,8.555544444444445,2.4570194229624662,0.8461538461538461,13,0.5708475093633384,1.2499999996875
9,4,Joanna Krupa,8.666666666666666,1.3489,3,3.0,0,Model,30,Eliminated,9.0,4,Derek Hough,Baseline,Millennial,1,0,1,0,0,0.9999999999999991,8.583325,2.00691720480553,0.8181818181818182,11,0.6760139186794596,1.2499999996875
9,5,Joanna Krupa,8.0,0.0,3,4.0,0,Model,30,Eliminated,9.0,4,Derek Hough,Baseline,Millennial,1,0,1,0,0,-0.6666666666666661,8.466660000000001,1.757509917847786,0.6,10,0.3666588158943709,1.2499999996875
9,6,Joanna Krupa,11.999966666666666,2.8564297068840774,3,1.0,0,Model,30,Eliminated,9.0,4,Derek Hough,Baseline,Millennial,1,0,1,0,0,3.9999666666666656,9.055544444444445,2.133490619271272,1.0,9,0.7538076457857609,1.2499999996875
9,7,Joanna Krupa,9.166666666666666,2.6978,3,1.0,0,Model,30,Eliminated,9.0,4,Derek Hough,Baseline,Millennial,1,0,1,0,0,-2.8332999999999995,9.071419047619047,1.9480543814997624,1.0,7,0.3024082953907326,1.2499999996875
9,8,Joanna Krupa,8.666666666666666,1.3489,3,2.0,0,Model,30,Eliminated,9.0,4,Derek Hough,Baseline,Millennial,1,0,1,0,0,-0.5,9.020825,1.8092161549898313,0.8,5,0.2789227982655418,1.2499999996875
9,9,Joanna Krupa,9.0,1.349034876512339,3,2.0,0,Model,30,Eliminated,9.0,4,Derek Hough,Baseline,Millennial,1,0,1,0,0,0.3333333333333339,9.018511111111112,1.6923809840806463,0.75,4,0.26933129001834333,1.2499999996875
22,1,Jodie Sweetin,6.666666666666667,-1.3489,3,8.0,0,Actor/Actress,34,Eliminated,8.0,6,Keo Motsepe,Baseline,Millennial,1,0,1,0,0,0.0,6.666666666666667,0.0,0.375,12,0.4877442861994343,0.40540540537253467
22,2,Jodie Sweetin,7.0,0.0,3,3.0,0,Actor/Actress,34,Eliminated,8.0,6,Keo Motsepe,Baseline,Millennial,1,0,1,0,0,0.33333333333333304,6.833333333333334,0.2357022603955153,0.7916666666666666,12,0.4636580673185359,0.40540540537253467
22,3,Jodie Sweetin,7.666666666666667,2.6978,3,3.0,0,Actor/Actress,34,Eliminated,8.0,6,Keo Motsepe,Baseline,Millennial,1,0,1,0,0,0.666666666666667,7.111111111111112,0.5091750772173153,0.7727272727272727,11,0.30492889283715907,0.40540540537253467
22,4,Jodie Sweetin,6.75,-3.37225,4,9.0,0,Actor/Actress,34,Eliminated,8.0,6,Keo Motsepe,Baseline,Millennial,1,0,1,0,0,-0.916666666666667,7.020833333333334,0.453254690891131,0.2,10,0.4648875844007378,0.40540540537253467
22,5,Jodie Sweetin,8.75,4.0466999999999995,4,2.0,0,Actor/Actress,34,Eliminated,8.0,6,Keo Motsepe,Baseline,Millennial,1,0,1,0,0,2.0,7.366666666666667,0.8672273827165128,0.8888888888888888,9,0.3911670460246567,0.40540540537253467
22,6,Jodie Sweetin,8.333333333333334,1.3489,3,4.0,0,Actor/Actress,34,Eliminated,8.0,6,Keo Motsepe,Baseline,Millennial,1,0,1,0,0,-0.4166666666666661,7.527777777777779,0.8702915645962604,0.6111111111111112,9,0.35966785659869965,0.40540540537253467
22,7,Jodie Sweetin,8.5,-4.0466999999999995,3,8.0,0,Actor/Actress,34,Eliminated,8.0,6,Keo Motsepe,Baseline,Millennial,1,0,1,0,0,0.16666666666666607,7.666666666666667,0.8753306253660403,0.125,8,0.1421522207639567,0.40540540537253467
22,8,Jodie Sweetin,10.0,2.0233499999999998,3,1.0,0,Actor/Actress,34,Eliminated,8.0,6,Keo Motsepe,Baseline,Millennial,1,0,1,0,0,1.5,7.958333333333334,1.156417566150561,0.9166666666666666,6,0.28630213384560527,0.40540540537253467
27,1,Joe Amabile,4.666666666666667,-7.418949999999999,3,13.0,0,Tv Personality,32,Eliminated,8.0,6,Jenna Johnson,Baseline,Millennial,1,0,1,0,0,0.0,4.666666666666667,0.0,0.07692307692307693,13,0.3774877622322794,0.7142857141836735
27,2,Joe Amabile,5.833333333333333,-5.170783333333333,3,12.0,0,Tv Personality,32,Eliminated,8.0,6,Jenna Johnson,Baseline,Millennial,1,0,1,0,0,1.166666666666666,5.25,0.8249579113843051,0.08333333333333333,12,0.44306691366167916,0.7142857141836735
27,3,Joe Amabile,6.0,-4.0466999999999995,3,11.0,0,Tv Personality,32,Eliminated,8.0,6,Jenna Johnson,Baseline,Millennial,1,0,1,0,0,0.16666666666666696,5.5,0.7264831572567787,0.09090909090909091,11,0.50360920609646,0.7142857141836735
27,4,Joe Amabile,5.0,-6.937199999999999,3,10.0,0,Tv Personality,32,Eliminated,8.0,6,Jenna Johnson,Baseline,Millennial,1,0,1,0,0,-1.0,5.375,0.6437016792364703,0.1,10,0.5768115562129592,0.7142857141836735
27,5,Joe Amabile,5.666666666666667,-9.4423,3,9.0,0,Tv Personality,32,Eliminated,8.0,6,Jenna Johnson,Baseline,Millennial,1,0,1,0,0,0.666666666666667,5.433333333333334,0.5725188012439222,0.1111111111111111,9,0.5665549008476075,0.7142857141836735
27,6,Joe Amabile,7.333333333333333,-2.6978,3,7.0,0,Tv Personality,32,Eliminated,8.0,6,Jenna Johnson,Baseline,Millennial,1,0,1,0,0,1.666666666666666,5.75,0.9294562329065789,0.2777777777777778,9,0.5813004297982594,0.7142857141836735
27,7,Joe Amabile,7.833333333333333,-9.4423,3,8.0,0,Tv Personality,32,Eliminated,8.0,6,Jenna Johnson,Baseline,Millennial,1,0,1,0,0,0.5,6.047619047619048,1.1575608363913708,0.125,8,0.27297298151778654,0.7142857141836735
27,8,Joe Amabile,7.666666666666667,-3.297311111111111,3,5.0,0,Tv Personality,32,Eliminated,8.0,6,Jenna Johnson,Baseline,Millennial,1,0,1,0,0,-0.16666666666666607,6.25,1.2149857925879117,0.3333333333333333,6,0.48179285188361864,0.7142857141836735
4,1,Joey Fatone,8.0,4.0466999999999995,3,1.0,0,Singer/Rapper,30,RunnerUp,9.0,2,Kym Johnson,Baseline,Millennial,1,0,1,0,0,0.0,8.0,0.0,1.0,11,0.4984762460179316,0.9999999998
4,2,Joey Fatone,8.0,4.0466999999999995,3,3.0,0,Singer/Rapper,30,RunnerUp,9.0,2,Kym Johnson,Baseline,Millennial,1,0,1,0,0,0.0,8.0,0.0,0.7727272727272727,11,0.396332693824844,0.9999999998
4,3,Joey Fatone,8.0,4.0466999999999995,3,1.0,0,Singer/Rapper,30,RunnerUp,9.0,2,Kym Johnson,Baseline,Millennial,1,0,1,0,0,0.0,8.0,0.0,0.85,10,0.3796189342990133,0.9999999998
4,4,Joey Fatone,9.333333333333334,4.72115,3,1.0,0,Singer/Rapper,30,RunnerUp,9.0,2,Kym Johnson,Baseline,Millennial,1,0,1,0,0,1.333333333333334,8.333333333333334,0.6666666666666669,1.0,9,0.6857795631655893,0.9999999998
4,5,Joey Fatone,8.333333333333334,1.1240833333333333,3,3.0,0,Singer/Rapper,30,RunnerUp,9.0,2,Kym Johnson,Baseline,Millennial,1,0,1,0,0,-1.0,8.333333333333334,0.5773502691896258,0.75,8,0.8565504981186443,0.9999999998
4,6,Joey Fatone,9.0,2.0233499999999998,3,3.0,0,Singer/Rapper,30,RunnerUp,9.0,2,Kym Johnson,Baseline,Millennial,1,0,1,0,0,0.6666666666666661,8.444444444444445,0.5837300238472755,0.7142857142857143,7,0.5230440988019412,0.9999999998
4,7,Joey Fatone,9.833333333333334,1.686125,3,1.0,0,Singer/Rapper,30,RunnerUp,9.0,2,Kym Johnson,Baseline,Millennial,1,0,1,0,0,0.8333333333333339,8.642857142857142,0.7480132415430959,0.9166666666666666,6,0.6166725012165456,0.9999999998
4,8,Joey Fatone,9.166666666666666,0.53956,3,2.0,0,Singer/Rapper,30,RunnerUp,9.0,2,Kym Johnson,Baseline,Millennial,1,0,1,0,0,-0.6666666666666679,8.708333333333334,0.7168604389202192,0.8,5,0.5840496462933458,0.9999999998
4,9,Joey Fatone,10.0,0.0,3,1.0,0,Singer/Rapper,30,RunnerUp,9.0,2,Kym Johnson,Baseline,Millennial,1,0,1,0,0,0.8333333333333339,8.851851851851853,0.7968882382100588,0.875,4,0.07061902454516251,0.9999999998
15,1,Joey Fatone,6.833333333333333,-0.67445,3,10.0,0,Singer/Rapper,35,Eliminated,2.0,12,Kym Johnson,Baseline,Millennial,1,0,1,0,0,0.0,6.833333333333333,0.0,0.3076923076923077,13,0.2944450500991418,0.8461538460106509
15,2,Joey Fatone,7.5,0.0,3,7.0,0,Singer/Rapper,35,Eliminated,2.0,12,Kym Johnson,Baseline,Millennial,1,0,1,0,0,0.666666666666667,7.166666666666666,0.4714045207910322,0.4166666666666667,12,0.32227699063508836,0.8461538460106509
33,1,Joey Graziadei,7.0,4.0466999999999995,3,3.0,0,Tv Personality,29,Winner,7.0,1,Jenna Johnson,Baseline,Millennial,1,0,1,0,0,0.0,7.0,0.0,0.8076923076923077,13,0.3459611525374582,0.7954545453279959
33,2,Joey Graziadei,7.333333333333333,1.3489,3,2.0,0,Tv Personality,29,Winner,7.0,1,Jenna Johnson,Baseline,Millennial,1,0,1,0,0,0.33333333333333304,7.166666666666666,0.23570226039551595,0.8461538461538461,13,0.40777614797778233,0.7954545453279959
33,3,Joey Graziadei,8.75,4.496333333333333,4,1.0,0,Tv Personality,29,Winner,7.0,1,Jenna Johnson,Baseline,Millennial,1,0,1,0,0,1.416666666666667,7.694444444444444,0.9292071490932078,1.0,11,0.48023983477103066,0.7954545453279959
33,4,Joey Graziadei,9.0,21.5824,4,1.0,0,Tv Personality,29,Winner,7.0,1,Jenna Johnson,Baseline,Millennial,1,0,1,0,0,0.25,8.020833333333332,1.0008676791220268,0.9444444444444444,9,0.24113156160144034,0.7954545453279959
33,5,Joey Graziadei,8.666666666666666,1.3489,3,2.0,0,Tv Personality,29,Winner,7.0,1,Jenna Johnson,Baseline,Millennial,1,0,1,0,0,-0.3333333333333339,8.15,0.9136313382443837,0.8125,8,0.16727006482522272,0.7954545453279959
33,6,Joey Graziadei,10.666666666666666,1.3489,3,1.0,0,Tv Personality,29,Winner,7.0,1,Jenna Johnson,Baseline,Millennial,1,0,1,0,0,2.0,8.569444444444445,1.3127755442685667,0.9285714285714286,7,0.4330874815477384,0.7954545453279959
33,7,Joey Graziadei,9.166666666666666,1.9269999999999998,3,2.0,0,Tv Personality,29,Winner,7.0,1,Jenna Johnson,Baseline,Millennial,1,0,1,0,0,-1.5,8.654761904761903,1.219468398361834,0.8333333333333334,6,0.3011205324272617,0.7954545453279959
3,1,Joey Lawrence,7.0,1.3488999999999998,3,5.0,0,Actor/Actress,30,Finalist,8.0,3,Edyta Sliwinska,Baseline,Millennial,1,0,1,0,0,0.0,7.0,0.0,0.6363636363636364,11,0.6156691610882334,0.9999999998
3,2,Joey Lawrence,9.666666666666666,6.7445,3,1.0,0,Actor/Actress,30,Finalist,8.0,3,Edyta Sliwinska,Baseline,Millennial,1,0,1,0,0,2.666666666666666,8.333333333333332,1.885618083164127,1.0,10,0.42867833173589404,0.9999999998
3,3,Joey Lawrence,7.333333333333333,-1.798533333333333,3,4.0,0,Actor/Actress,30,Finalist,8.0,3,Edyta Sliwinska,Baseline,Millennial,1,0,1,0,0,-2.333333333333333,8.0,1.4529663145135576,0.5,9,0.40399558795697227,0.9999999998
3,4,Joey Lawrence,9.0,4.0466999999999995,3,3.0,0,Actor/Actress,30,Finalist,8.0,3,Edyta Sliwinska,Baseline,Millennial,1,0,1,0,0,1.666666666666667,8.25,1.2874033584729407,0.75,8,0.45125042141248917,0.9999999998
3,5,Joey Lawrence,8.333333333333334,-2.6978,3,5.0,0,Actor/Actress,30,Finalist,8.0,3,Edyta Sliwinska,Baseline,Millennial,1,0,1,0,0,-0.6666666666666661,8.266666666666667,1.1155467020454342,0.42857142857142855,7,0.2159447251290409,0.9999999998
3,6,Joey Lawrence,8.0,0.0,3,3.0,0,Actor/Actress,30,Finalist,8.0,3,Edyta Sliwinska,Baseline,Millennial,1,0,1,0,0,-0.3333333333333339,8.222222222222223,1.0036968702787747,0.6,5,0.5379870366071047,0.9999999998
3,7,Joey Lawrence,9.5,4.0466999999999995,3,1.0,0,Actor/Actress,30,Finalist,8.0,3,Edyta Sliwinska,Baseline,Millennial,1,0,1,0,0,1.5,8.404761904761905,1.0357370915204893,0.9,5,0.3420071809385997,0.9999999998
3,8,Joey Lawrence,9.0,0.0,3,2.0,0,Actor/Actress,30,Finalist,8.0,3,Edyta Sliwinska,Baseline,Millennial,1,0,1,0,0,-0.5,8.479166666666666,0.9817279065706964,0.625,4,0.1277546222602921,0.9999999998
1,1,Joey Mcintyre,6.666666666666667,2.6978,3,1.0,0,Singer/Rapper,32,Finalist,4.0,3,Ashly Delgrosso,Baseline,Millennial,1,0,1,0,0,0.0,6.666666666666667,0.0,0.8333333333333334,6,0.40038841227878064,0.9999999998
1,2,Joey Mcintyre,7.0,1.0116749999999999,3,3.0,0,Singer/Rapper,32,Finalist,4.0,3,Ashly Delgrosso,Baseline,Millennial,1,0,1,0,0,0.33333333333333304,6.833333333333334,0.2357022603955153,0.6666666666666666,6,0.6558623636356736,0.9999999998
1,3,Joey Mcintyre,7.333333333333333,0.8992666666666665,3,3.0,0,Singer/Rapper,32,Finalist,4.0,3,Ashly Delgrosso,Baseline,Millennial,1,0,1,0,0,0.33333333333333304,7.0,0.3333333333333328,0.6,5,0.7331527486766434,0.9999999998
1,4,Joey Mcintyre,6.666666666666667,-1.686125,3,4.0,0,Singer/Rapper,32,Finalist,4.0,3,Ashly Delgrosso,Baseline,Millennial,1,0,1,0,0,-0.6666666666666661,6.916666666666667,0.3191423692521123,0.25,4,0.4342822079046034,0.9999999998
1,1,John O'Hurley,6.666666666666667,2.6978,3,1.0,0,Actor/Actress,50,RunnerUp,4.0,2,Charlotte Jorgensen,Baseline,GenX,1,0,0,1,0,0.0,6.666666666666667,0.0,0.8333333333333334,6,0.40038841227878064,0.9999999998
1,2,John O'Hurley,8.666666666666666,4.383925,3,1.0,0,Actor/Actress,50,RunnerUp,4.0,2,Charlotte Jorgensen,Baseline,GenX,1,0,0,1,0,1.9999999999999991,7.666666666666666,1.4142135623730947,1.0,6,0.6558623636356736,0.9999999998
1,3,John O'Hurley,8.0,2.6977999999999995,3,2.0,0,Actor/Actress,50,RunnerUp,4.0,2,Charlotte Jorgensen,Baseline,GenX,1,0,0,1,0,-0.6666666666666661,7.777777777777779,1.018350154434631,0.8,5,0.7331527486766434,0.9999999998
1,4,John O'Hurley,7.0,-1.0116749999999999,3,3.0,0,Actor/Actress,50,RunnerUp,4.0,2,Charlotte Jorgensen,Baseline,GenX,1,0,0,1,0,-1.0,7.583333333333334,0.9179284245476834,0.5,4,0.4342822079046034,0.9999999998
4,1,John Ratzenberger,5.666666666666667,-0.67445,3,8.0,0,Actor/Actress,59,Eliminated,7.0,6,Edyta Sliwinska,Baseline,GenX,1,0,0,1,0,0.0,5.666666666666667,0.0,0.36363636363636365,11,0.4984762460179316,1.1538461535798816
4,2,John Ratzenberger,7.0,0.0,3,6.0,0,Actor/Actress,59,Eliminated,7.0,6,Edyta Sliwinska,Baseline,GenX,1,0,0,1,0,1.333333333333333,6.333333333333334,0.9428090415820629,0.4090909090909091,11,0.396332693824844,1.1538461535798816
4,3,John Ratzenberger,6.666666666666667,-1.3489,3,9.0,0,Actor/Actress,59,Eliminated,7.0,6,Edyta Sliwinska,Baseline,GenX,1,0,0,1,0,-0.33333333333333304,6.4444444444444455,0.6938886664887106,0.2,10,0.3796189342990133,1.1538461535798816
4,4,John Ratzenberger,5.333333333333333,-3.37225,3,7.0,0,Actor/Actress,59,Eliminated,7.0,6,Edyta Sliwinska,Baseline,GenX,1,0,0,1,0,-1.333333333333334,6.166666666666667,0.7934920476158722,0.2777777777777778,9,0.6857795631655893,1.1538461535798816
4,5,John Ratzenberger,6.0,-2.0233499999999998,3,6.0,0,Actor/Actress,59,Eliminated,7.0,6,Edyta Sliwinska,Baseline,GenX,1,0,0,1,0,0.666666666666667,6.133333333333334,0.6912147117775908,0.375,8,0.8565504981186443,1.1538461535798816
4,6,John Ratzenberger,6.333333333333333,-3.37225,3,7.0,0,Actor/Actress,59,Eliminated,7.0,6,Edyta Sliwinska,Baseline,GenX,1,0,0,1,0,0.33333333333333304,6.166666666666667,0.6236095644623235,0.14285714285714285,7,0.5230440988019412,1.1538461535798816
4,7,John Ratzenberger,7.5,-3.0350249999999996,3,5.0,0,Actor/Actress,59,Eliminated,7.0,6,Edyta Sliwinska,Baseline,GenX,1,0,0,1,0,1.166666666666667,6.357142857142857,0.7602909495991176,0.3333333333333333,6,0.6166725012165456,1.1538461535798816
27,1,John Schneider,6.0,-2.0233499999999998,3,9.0,0,Actor/Actress,58,Eliminated,7.0,8,Emma Slater,Baseline,GenX,1,0,0,1,0,0.0,6.0,0.0,0.3076923076923077,13,0.3774877622322794,0.6716417909545556
27,2,John Schneider,7.166666666666667,-1.5737166666666667,3,8.0,0,Actor/Actress,58,Eliminated,7.0,8,Emma Slater,Baseline,GenX,1,0,0,1,0,1.166666666666667,6.583333333333334,0.8249579113843053,0.4166666666666667,12,0.44306691366167916,0.6716417909545556
27,3,John Schneider,7.0,-2.0233499999999998,3,10.0,0,Actor/Actress,58,Eliminated,7.0,8,Emma Slater,Baseline,GenX,1,0,0,1,0,-0.16666666666666696,6.722222222222222,0.6309898162000303,0.18181818181818182,11,0.50360920609646,0.6716417909545556
27,4,John Schneider,7.0,-2.3124,3,8.0,0,Actor/Actress,58,Eliminated,7.0,8,Emma Slater,Baseline,GenX,1,0,0,1,0,0.0,6.791666666666667,0.5335936864527372,0.3,10,0.5768115562129592,0.6716417909545556
27,5,John Schneider,8.0,0.0,3,6.0,0,Actor/Actress,58,Eliminated,7.0,8,Emma Slater,Baseline,GenX,1,0,0,1,0,1.0,7.033333333333333,0.7110243002567179,0.3888888888888889,9,0.5665549008476075,0.6716417909545556
27,6,John Schneider,6.333333333333333,-4.31648,3,9.0,0,Actor/Actress,58,Eliminated,7.0,8,Emma Slater,Baseline,GenX,1,0,0,1,0,-1.666666666666667,6.916666666666667,0.6972166887783962,0.1111111111111111,9,0.5813004297982594,0.6716417909545556
27,7,John Schneider,9.0,0.0,3,5.0,0,Actor/Actress,58,Eliminated,7.0,8,Emma Slater,Baseline,GenX,1,0,0,1,0,2.666666666666667,7.214285714285714,1.0124881604899265,0.5,8,0.27297298151778654,0.6716417909545556
26,1,Johnny Damon,6.0,-2.0233499999999998,3,9.0,0,Athlete,44,Eliminated,1.0,9,Emma Slater,Baseline,GenX,1,0,0,1,0,0.0,6.0,0.0,0.2,10,0.3679753688408884,0.6896551723186682
29,1,Johnny Weir,6.0,0.0,3,6.0,0,Athlete,36,Eliminated,10.0,6,Britt Stewart,Baseline,Millennial,1,0,1,0,0,0.0,6.0,0.0,0.5333333333333333,15,0.4586531304965921,0.9999999998
29,2,Johnny Weir,6.0,0.0,3,6.0,0,Athlete,36,Eliminated,10.0,6,Britt Stewart,Baseline,Millennial,1,0,1,0,0,0.0,6.0,0.0,0.5,15,0.31639157203440565,0.9999999998
29,3,Johnny Weir,8.0,2.3124,3,1.0,0,Athlete,36,Eliminated,10.0,6,Britt Stewart,Baseline,Millennial,1,0,1,0,0,2.0,6.666666666666667,1.1547005383792515,0.9642857142857143,14,0.5059628499334231,0.9999999998
29,4,Johnny Weir,8.0,0.0,3,3.0,0,Athlete,36,Eliminated,10.0,6,Britt Stewart,Baseline,Millennial,1,0,1,0,0,0.0,7.0,1.1547005383792515,0.6923076923076923,13,0.30617401395313787,0.9999999998
29,5,Johnny Weir,9.666666666666666,5.3956,3,1.0,0,Athlete,36,Eliminated,10.0,6,Britt Stewart,Baseline,Millennial,1,0,1,0,0,1.666666666666666,7.533333333333333,1.5563490039905001,1.0,12,0.44681844876186,0.9999999998
29,6,Johnny Weir,7.333333333333333,-2.6978,3,9.0,0,Athlete,36,Eliminated,10.0,6,Britt Stewart,Baseline,Millennial,1,0,1,0,0,-2.333333333333333,7.5,1.3944333775567923,0.2727272727272727,11,0.43896422409120317,0.9999999998
29,7,Johnny Weir,9.0,0.0,3,2.0,0,Athlete,36,Eliminated,10.0,6,Britt Stewart,Baseline,Millennial,1,0,1,0,0,1.666666666666667,7.714285714285714,1.3934844605516565,0.8,10,0.31099594861117197,0.9999999998
29,8,Johnny Weir,10.0,4.0466999999999995,3,1.0,0,Athlete,36,Eliminated,10.0,6,Britt Stewart,Baseline,Millennial,1,0,1,0,0,1.0,8.0,1.522320701251979,0.9375,8,0.2923894771165262,0.9999999998
29,9,Johnny Weir,10.0,1.011826743662815,3,1.0,0,Athlete,36,Eliminated,10.0,6,Britt Stewart,Baseline,Millennial,1,0,1,0,0,0.0,8.222222222222221,1.5723301886761007,0.9285714285714286,7,0.3698505511411933,0.9999999998
29,10,Johnny Weir,9.5,0.0,3,4.0,0,Athlete,36,Eliminated,10.0,6,Britt Stewart,Baseline,Millennial,1,0,1,0,0,-0.5,8.35,1.5364903088323736,0.4166666666666667,6,0.1234226908160677,0.9999999998
30,1,Jojo Siwa,7.25,6.7445,4,1.0,0,Social Media Personality,18,RunnerUp,9.0,2,Jenna Johnson,Baseline,GenZ,1,1,0,0,0,0.0,7.25,0.0,1.0,15,0.4260464104775318,0.8333333331944445
30,2,Jojo Siwa,7.75,9.4423,4,2.0,0,Social Media Personality,18,RunnerUp,9.0,2,Jenna Johnson,Baseline,GenZ,1,1,0,0,0,0.5,7.5,0.3535533905932738,0.9333333333333333,15,0.45935864257411446,0.8333333331944445
30,3,Jojo Siwa,8.0,4.0466999999999995,3,1.0,0,Social Media Personality,18,RunnerUp,9.0,2,Jenna Johnson,Baseline,GenZ,1,1,0,0,0,0.25,7.666666666666667,0.3818813079129866,0.9285714285714286,14,0.29177648852342086,0.8333333331944445
30,4,Jojo Siwa,8.75,2.6978,4,2.0,0,Social Media Personality,18,RunnerUp,9.0,2,Jenna Johnson,Baseline,GenZ,1,1,0,0,0,0.75,7.9375,0.6249999999999999,0.8846153846153846,13,0.33713528172762924,0.8333333331944445
30,5,Jojo Siwa,10.0,5.3956,4,1.0,0,Social Media Personality,18,RunnerUp,9.0,2,Jenna Johnson,Baseline,GenZ,1,1,0,0,0,1.25,8.35,1.069462481810372,1.0,11,0.3735594089309465,0.8333333331944445
30,6,Jojo Siwa,10.0,5.3956,4,1.0,0,Social Media Personality,18,RunnerUp,9.0,2,Jenna Johnson,Baseline,GenZ,1,1,0,0,0,0.0,8.625,1.169935895679759,0.95,10,0.2913253614880169,0.8333333331944445
30,7,Jojo Siwa,9.75,3.2373600000000002,4,2.0,0,Social Media Personality,18,RunnerUp,9.0,2,Jenna Johnson,Baseline,GenZ,1,1,0,0,0,-0.25,8.785714285714286,1.14953406710222,0.8888888888888888,9,0.3498704421875686,0.8333333331944445
30,8,Jojo Siwa,10.25,0.8992666666666665,4,4.0,0,Social Media Personality,18,RunnerUp,9.0,2,Jenna Johnson,Baseline,GenZ,1,1,0,0,0,0.5,8.96875,1.183498898544964,0.625,8,0.4264566622918705,0.8333333331944445
30,9,Jojo Siwa,10.0,2.6978,4,1.0,0,Social Media Personality,18,RunnerUp,9.0,2,Jenna Johnson,Baseline,GenZ,1,1,0,0,0,-0.25,9.083333333333334,1.159202311936963,1.0,6,0.199967613869675,0.8333333331944445
19,1,Jonathan Bennett,7.5,1.3489,4,6.0,0,Actor/Actress,33,Eliminated,6.0,9,Allison Holker,Baseline,Millennial,1,0,1,0,0,0.0,7.5,0.0,0.6153846153846154,13,0.5160608028665913,0.9999999998
19,2,Jonathan Bennett,7.5,0.0,4,7.0,0,Actor/Actress,33,Eliminated,6.0,9,Allison Holker,Baseline,Millennial,1,0,1,0,0,0.0,7.5,0.0,0.5,12,0.34613980535212147,0.9999999998
19,3,Jonathan Bennett,8.0,0.0,4,4.0,0,Actor/Actress,33,Eliminated,6.0,9,Allison Holker,Baseline,Millennial,1,0,1,0,0,0.5,7.666666666666667,0.28867513459481275,0.6363636363636364,11,0.4983770171434502,0.9999999998
19,4,Jonathan Bennett,6.0,-5.3956,4,10.0,0,Actor/Actress,33,Eliminated,6.0,9,Allison Holker,Baseline,Millennial,1,0,1,0,0,-2.0,7.25,0.8660254037844387,0.1,10,0.6408988180463647,0.9999999998
19,5,Jonathan Bennett,6.0,-4.796088888888889,4,7.0,0,Actor/Actress,33,Eliminated,6.0,9,Allison Holker,Baseline,Millennial,1,0,1,0,0,0.0,7.0,0.9354143466934854,0.3333333333333333,9,0.6379741452460631,0.9999999998
19,6,Jonathan Bennett,8.0,0.0,4,5.0,0,Actor/Actress,33,Eliminated,6.0,9,Allison Holker,Baseline,Millennial,1,0,1,0,0,2.0,7.166666666666667,0.9309493362512629,0.5,9,0.40693072682428794,0.9999999998
34,1,Jordan Chiles,5.0,-1.3489,2,9.0,0,Athlete,24,Finalist,10.0,3,Ezra Sosa (Apolo Anton Ohno Week 9),Baseline,GenZ,1,1,0,0,0,0.0,5.0,0.0,0.32142857142857145,14,0.4627624262862272,0.9999999998
34,2,Jordan Chiles,7.333333333333333,1.3489,3,1.0,0,Athlete,24,Finalist,10.0,3,Ezra Sosa (Apolo Anton Ohno Week 9),Baseline,GenZ,1,1,0,0,0,2.333333333333333,6.166666666666666,1.649915822768611,0.8928571428571429,14,0.3416136418926476,0.9999999998
34,3,Jordan Chiles,8.0,4.0466999999999995,3,1.0,0,Athlete,24,Finalist,10.0,3,Ezra Sosa (Apolo Anton Ohno Week 9),Baseline,GenZ,1,1,0,0,0,0.666666666666667,6.777777777777778,1.5752718754175363,0.9583333333333334,12,0.31108428718662545,0.9999999998
34,4,Jordan Chiles,8.0,0.0,3,2.0,0,Athlete,24,Finalist,10.0,3,Ezra Sosa (Apolo Anton Ohno Week 9),Baseline,GenZ,1,1,0,0,0,0.0,7.083333333333333,1.4240006242195888,0.8181818181818182,11,0.29030495428456765,0.9999999998
34,5,Jordan Chiles,8.0,0.0,4,5.0,0,Athlete,24,Finalist,10.0,3,Ezra Sosa (Apolo Anton Ohno Week 9),Baseline,GenZ,1,1,0,0,0,0.0,7.266666666666666,1.299572579307862,0.6,10,0.4041638843974973,0.9999999998
34,6,Jordan Chiles,9.75,4.0466999999999995,4,1.0,0,Athlete,24,Finalist,10.0,3,Ezra Sosa (Apolo Anton Ohno Week 9),Baseline,GenZ,1,1,0,0,0,1.75,7.6805555555555545,1.542379714981102,0.95,10,0.460625841237017,0.9999999998
34,7,Jordan Chiles,9.5,0.8632960000000001,4,4.0,0,Athlete,24,Finalist,10.0,3,Ezra Sosa (Apolo Anton Ohno Week 9),Baseline,GenZ,1,1,0,0,0,-0.25,7.94047619047619,1.566957926320022,0.6111111111111112,9,0.5260998838984093,0.9999999998
34,8,Jordan Chiles,9.75,1.3489,4,2.0,0,Athlete,24,Finalist,10.0,3,Ezra Sosa (Apolo Anton Ohno Week 9),Baseline,GenZ,1,1,0,0,0,0.25,8.166666666666666,1.585524799203371,0.875,8,0.1868674562694525,0.9999999998
34,9,Jordan Chiles,9.75,-0.8992666666666665,4,5.0,0,Athlete,24,Finalist,10.0,3,Ezra Sosa (Apolo Anton Ohno Week 9),Baseline,GenZ,1,1,0,0,0,0.0,8.342592592592592,1.5742306566999096,0.42857142857142855,7,0.5261922064197656,0.9999999998
34,10,Jordan Chiles,9.5,0.0,3,4.0,0,Athlete,24,Finalist,10.0,3,Ezra Sosa (Apolo Anton Ohno Week 9),Baseline,GenZ,1,1,0,0,0,-0.25,8.458333333333332,1.528661360653679,0.4166666666666667,6,0.10077420506021913,0.9999999998
25,1,Jordan Fisher,7.333333333333333,5.3956,3,1.0,0,Actor/Actress,23,Winner,10.0,1,Lindsay Arnold,Baseline,GenZ,1,1,0,0,0,0.0,7.333333333333333,0.0,0.9615384615384616,13,0.3689849053575016,1.2499999996875
25,2,Jordan Fisher,8.0,4.0466999999999995,3,1.0,0,Actor/Actress,23,Winner,10.0,1,Lindsay Arnold,Baseline,GenZ,1,1,0,0,0,0.666666666666667,7.666666666666666,0.4714045207910322,0.9615384615384616,13,0.32635345291716955,1.2499999996875
25,3,Jordan Fisher,8.333333333333334,5.3956,3,2.0,0,Actor/Actress,23,Winner,10.0,1,Lindsay Arnold,Baseline,GenZ,1,1,0,0,0,0.3333333333333339,7.888888888888889,0.5091750772173164,0.9090909090909091,11,0.32865933280605497,1.2499999996875
25,4,Jordan Fisher,9.666666666666666,5.0,3,1.0,0,Actor/Actress,23,Winner,10.0,1,Lindsay Arnold,Baseline,GenZ,1,1,0,0,0,1.3333333333333321,8.333333333333334,0.9813067629253167,1.0,11,0.28962268552870457,1.2499999996875
25,5,Jordan Fisher,10.0,4.0466999999999995,3,1.0,0,Actor/Actress,23,Winner,10.0,1,Lindsay Arnold,Baseline,GenZ,1,1,0,0,0,0.3333333333333339,8.666666666666668,1.1303883305208786,1.0,10,0.37092052770744643,1.2499999996875
25,6,Jordan Fisher,9.75,3.2373600000000002,4,2.0,0,Actor/Actress,23,Winner,10.0,1,Lindsay Arnold,Baseline,GenZ,1,1,0,0,0,-0.25,8.847222222222223,1.1035506667453359,0.8888888888888888,9,0.5189417288061872,1.2499999996875
25,7,Jordan Fisher,9.0,0.0,3,4.0,0,Actor/Actress,23,Winner,10.0,1,Lindsay Arnold,Baseline,GenZ,1,1,0,0,0,-0.75,8.869047619047619,1.0090529375051795,0.5625,8,0.30981358245498597,1.2499999996875
25,8,Jordan Fisher,10.0,6.070049999999999,3,1.0,0,Actor/Actress,23,Winner,10.0,1,Lindsay Arnold,Baseline,GenZ,1,1,0,0,0,1.0,9.010416666666666,1.016176208785459,1.0,6,0.3472691388757993,1.2499999996875
25,9,Jordan Fisher,9.666666666666666,2.15824,3,1.0,0,Actor/Actress,23,Winner,10.0,1,Lindsay Arnold,Baseline,GenZ,1,1,0,0,0,-0.3333333333333339,9.083333333333334,0.975391659226636,1.0,5,0.3172501667528296,1.2499999996875
25,10,Jordan Fisher,10.0,0.0,4,1.0,0,Actor/Actress,23,Winner,10.0,1,Lindsay Arnold,Baseline,GenZ,1,1,0,0,0,0.3333333333333339,9.175,0.9642130418758387,0.875,4,0.1312925956335496,1.2499999996875
31,1,Jordin Sparks,6.5,1.3489,4,7.0,0,Singer/Rapper,32,Eliminated,7.0,9,Brandon Armstrong,Baseline,Millennial,1,0,1,0,0,0.0,6.5,0.0,0.625,16,0.4962325678954129,0.48780487800118977
31,2,Jordin Sparks,6.75,-1.07912,4,9.0,0,Singer/Rapper,32,Eliminated,7.0,9,Brandon Armstrong,Baseline,Millennial,1,0,1,0,0,0.25,6.625,0.1767766952966369,0.43333333333333335,15,0.3666293746095938,0.48780487800118977
31,3,Jordin Sparks,7.25,1.07912,4,7.0,0,Singer/Rapper,32,Eliminated,7.0,9,Brandon Armstrong,Baseline,Millennial,1,0,1,0,0,0.5,6.833333333333333,0.3818813079129868,0.5357142857142857,14,0.37876251151361706,0.48780487800118977
31,4,Jordin Sparks,8.5,1.3489,4,4.0,0,Singer/Rapper,32,Eliminated,7.0,9,Brandon Armstrong,Baseline,Millennial,1,0,1,0,0,1.25,7.25,0.8897565210026094,0.7307692307692307,13,0.3953571721926616,0.48780487800118977
31,5,Jordin Sparks,8.875,-2.15824,4,9.0,0,Singer/Rapper,32,Eliminated,7.0,9,Brandon Armstrong,Baseline,Millennial,1,0,1,0,0,0.375,7.575,1.0591860082157432,0.3333333333333333,12,0.37602750171537164,0.48780487800118977
31,6,Jordin Sparks,8.5,-2.6978,4,5.0,0,Singer/Rapper,32,Eliminated,7.0,9,Brandon Armstrong,Baseline,Millennial,1,0,1,0,0,-0.375,7.729166666666667,1.0198549733499693,0.45,10,0.35084095845467406,0.48780487800118977
31,7,Jordin Sparks,8.625,-2.0233499999999998,4,8.0,0,Singer/Rapper,32,Eliminated,7.0,9,Brandon Armstrong,Baseline,Millennial,1,0,1,0,0,0.125,7.857142857142857,0.9906557472320087,0.2222222222222222,9,0.2653023984663571,0.48780487800118977
31,1,Joseph Baena,5.75,-0.67445,4,9.0,0,Actor/Actress,24,Eliminated,5.0,11,Daniella Karagach,Baseline,GenZ,1,1,0,0,0,0.0,5.75,0.0,0.5,16,0.4962325678954129,2.49999999875
31,2,Joseph Baena,6.0,-4.31648,4,13.0,0,Actor/Actress,24,Eliminated,5.0,11,Daniella Karagach,Baseline,GenZ,1,1,0,0,0,0.25,5.875,0.1767766952966369,0.2,15,0.3666293746095938,2.49999999875
31,3,Joseph Baena,7.25,1.07912,4,7.0,0,Actor/Actress,24,Eliminated,5.0,11,Daniella Karagach,Baseline,GenZ,1,1,0,0,0,1.25,6.333333333333333,0.8036375634160797,0.5357142857142857,14,0.37876251151361706,2.49999999875
31,4,Joseph Baena,7.0,-2.6978,4,11.0,0,Actor/Actress,24,Eliminated,5.0,11,Daniella Karagach,Baseline,GenZ,1,1,0,0,0,-0.25,6.5,0.7359800721939873,0.19230769230769232,13,0.3953571721926616,2.49999999875
31,5,Joseph Baena,8.75,-2.6978,4,10.0,0,Actor/Actress,24,Eliminated,5.0,11,Daniella Karagach,Baseline,GenZ,1,1,0,0,0,1.75,6.95,1.1911129249571597,0.25,12,0.37602750171537164,2.49999999875
26,1,Josh Norman,8.0,2.0233499999999998,3,1.0,0,Athlete,30,RunnerUp,3.0,2,Sharna Burgess,Baseline,Millennial,1,0,1,0,0,0.0,8.0,0.0,0.95,10,0.3679753688408884,0.7812499998779296
26,2,Josh Norman,7.875,-2.0233499999999998,4,6.0,0,Athlete,30,RunnerUp,3.0,2,Sharna Burgess,Baseline,Millennial,1,0,1,0,0,-0.125,7.9375,0.08838834764831845,0.3125,8,0.29927657257065027,0.7812499998779296
26,3,Josh Norman,9.5,1.798533333333333,4,2.0,0,Athlete,30,RunnerUp,3.0,2,Sharna Burgess,Baseline,Millennial,1,0,1,0,0,1.625,8.458333333333334,0.9042722672587791,0.8333333333333334,6,0.45572779556481996,0.7812499998779296
5,1,Josie Maran,5.333333333333333,-6.7445,3,12.0,0,Model,29,Eliminated,1.0,12,Alec Mazo,Baseline,Millennial,1,0,1,0,0,0.0,5.333333333333333,0.0,0.08333333333333333,12,0.43333212536664834,0.8333333331944445
27,1,Juan Pablo Di Pace,7.333333333333333,3.3722499999999997,3,3.0,0,Actor/Actress,39,Eliminated,8.0,5,Cheryl Burke,Baseline,Millennial,1,0,1,0,0,0.0,7.333333333333333,0.0,0.8076923076923077,13,0.3774877622322794,0.9433962262370951
27,2,Juan Pablo Di Pace,8.666666666666666,2.4729833333333335,3,1.0,0,Actor/Actress,39,Eliminated,8.0,5,Cheryl Burke,Baseline,Millennial,1,0,1,0,0,1.333333333333333,8.0,0.9428090415820629,0.9166666666666666,12,0.44306691366167916,0.9433962262370951
27,3,Juan Pablo Di Pace,10.0,4.0466999999999995,3,1.0,0,Actor/Actress,39,Eliminated,8.0,5,Cheryl Burke,Baseline,Millennial,1,0,1,0,0,1.333333333333334,8.666666666666666,1.3333333333333335,1.0,11,0.50360920609646,0.9433962262370951
27,4,Juan Pablo Di Pace,8.0,0.0,3,5.0,0,Actor/Actress,39,Eliminated,8.0,5,Cheryl Burke,Baseline,Millennial,1,0,1,0,0,-2.0,8.5,1.1385500851066221,0.55,10,0.5768115562129592,0.9433962262370951
27,5,Juan Pablo Di Pace,9.666666666666666,6.7445,3,1.0,0,Actor/Actress,39,Eliminated,8.0,5,Cheryl Burke,Baseline,Millennial,1,0,1,0,0,1.666666666666666,8.733333333333333,1.1155467020454342,0.9444444444444444,9,0.5665549008476075,0.9433962262370951
27,6,Juan Pablo Di Pace,10.0,1.6186800000000001,3,1.0,0,Actor/Actress,39,Eliminated,8.0,5,Cheryl Burke,Baseline,Millennial,1,0,1,0,0,0.3333333333333339,8.944444444444445,1.123816249643581,0.9444444444444444,9,0.5813004297982594,0.9433962262370951
27,7,Juan Pablo Di Pace,9.333333333333334,2.6978,3,3.0,0,Actor/Actress,39,Eliminated,8.0,5,Cheryl Burke,Baseline,Millennial,1,0,1,0,0,-0.6666666666666661,9.0,1.036375450343202,0.75,8,0.27297298151778654,0.9433962262370951
27,8,Juan Pablo Di Pace,10.0,0.8992666666666667,3,1.0,0,Actor/Actress,39,Eliminated,8.0,5,Cheryl Burke,Baseline,Millennial,1,0,1,0,0,0.6666666666666661,9.125,1.0225629176901154,1.0,6,0.48179285188361864,0.9433962262370951
29,1,Justina Machado,7.0,4.0466999999999995,3,1.0,0,Actor/Actress,48,Active,,4,Sasha Farber,Baseline,GenX,1,0,0,1,0,0.0,7.0,0.0,0.9666666666666667,15,0.4586531304965921,0.8749999998468749
29,2,Justina Machado,7.0,4.0466999999999995,3,2.0,0,Actor/Actress,48,Active,,4,Sasha Farber,Baseline,GenX,1,0,0,1,0,0.0,7.0,0.0,0.9,15,0.31639157203440565,0.8749999998468749
29,3,Justina Machado,6.333333333333333,-1.5415999999999999,3,10.0,0,Actor/Actress,48,Active,,4,Sasha Farber,Baseline,GenX,1,0,0,1,0,-0.666666666666667,6.777777777777778,0.3849001794597507,0.35714285714285715,14,0.5059628499334231,0.8749999998468749
29,4,Justina Machado,8.0,0.0,3,3.0,0,Actor/Actress,48,Active,,4,Sasha Farber,Baseline,GenX,1,0,0,1,0,1.666666666666667,7.083333333333333,0.687184270936277,0.6923076923076923,13,0.30617401395313787,0.8749999998468749
29,5,Justina Machado,8.0,0.0,3,5.0,0,Actor/Actress,48,Active,,4,Sasha Farber,Baseline,GenX,1,0,0,1,0,0.0,7.266666666666666,0.7226494462892935,0.5,12,0.44681844876186,0.8749999998468749
29,6,Justina Machado,9.0,4.0466999999999995,3,1.0,0,Actor/Actress,48,Active,,4,Sasha Farber,Baseline,GenX,1,0,0,1,0,1.0,7.5555555555555545,0.9583937179043479,0.8636363636363636,11,0.43896422409120317,0.8749999998468749
29,7,Justina Machado,8.666666666666666,-1.3489,3,5.0,0,Actor/Actress,48,Active,,4,Sasha Farber,Baseline,GenX,1,0,0,1,0,-0.3333333333333339,7.714285714285714,0.9704632614370015,0.5,10,0.31099594861117197,0.8749999998468749
29,8,Justina Machado,9.6666,2.6975302200000026,3,3.0,0,Actor/Actress,48,Active,,4,Sasha Farber,Baseline,GenX,1,0,0,1,0,0.9999333333333347,7.958325,1.1330038038785106,0.75,8,0.2923894771165262,0.8749999998468749
29,9,Justina Machado,8.6666,-3.0348732563371845,3,5.0,0,Actor/Actress,48,Active,,4,Sasha Farber,Baseline,GenX,1,0,0,1,0,-1.0,8.037022222222223,1.0858060104006713,0.42857142857142855,7,0.3698505511411933,0.8749999998468749
29,10,Justina Machado,9.666666666666666,1.3489,3,3.0,0,Actor/Actress,48,Active,,4,Sasha Farber,Baseline,GenX,1,0,0,1,0,1.0000666666666653,8.199986666666666,1.1461027902105443,0.6666666666666666,6,0.1234226908160677,0.8749999998468749
29,11,Justina Machado,10.0,0.0,3,1.0,0,Actor/Actress,48,Active,,4,Sasha Farber,Baseline,GenX,1,0,0,1,0,0.3333333333333339,8.363624242424242,1.2152144927351445,1.0,1,0.0,0.8749999998468749
29,1,Kaitlyn Bristowe,6.666666666666667,2.6978,3,3.0,0,Tv Personality,35,Winner,10.0,1,Artem Chigvintsev,Baseline,Millennial,1,0,1,0,0,0.0,6.666666666666667,0.0,0.8333333333333334,15,0.4586531304965921,0.5714285713632653
29,2,Kaitlyn Bristowe,7.333333333333333,5.3956,3,1.0,0,Tv Personality,35,Winner,10.0,1,Artem Chigvintsev,Baseline,Millennial,1,0,1,0,0,0.6666666666666661,7.0,0.47140452079103123,1.0,15,0.31639157203440565,0.5714285713632653
29,3,Kaitlyn Bristowe,7.666666666666667,1.5415999999999999,3,3.0,0,Tv Personality,35,Winner,10.0,1,Artem Chigvintsev,Baseline,Millennial,1,0,1,0,0,0.3333333333333339,7.222222222222222,0.5091750772173155,0.8571428571428571,14,0.5059628499334231,0.5714285713632653
29,4,Kaitlyn Bristowe,8.333333333333334,1.3489,3,2.0,0,Tv Personality,35,Winner,10.0,1,Artem Chigvintsev,Baseline,Millennial,1,0,1,0,0,0.666666666666667,7.5,0.6938886664887112,0.9230769230769231,13,0.30617401395313787,0.5714285713632653
29,5,Kaitlyn Bristowe,9.0,3.2373600000000002,3,2.0,0,Tv Personality,35,Winner,10.0,1,Artem Chigvintsev,Baseline,Millennial,1,0,1,0,0,0.6666666666666661,7.8,0.9006170724070865,0.9166666666666666,12,0.44681844876186,0.5714285713632653
29,6,Kaitlyn Bristowe,9.0,4.0466999999999995,3,1.0,0,Tv Personality,35,Winner,10.0,1,Artem Chigvintsev,Baseline,Millennial,1,0,1,0,0,0.0,8.0,0.9428090415820636,0.8636363636363636,11,0.43896422409120317,0.5714285713632653
29,7,Kaitlyn Bristowe,8.0,-4.0466999999999995,3,9.0,0,Tv Personality,35,Winner,10.0,1,Artem Chigvintsev,Baseline,Millennial,1,0,1,0,0,-1.0,8.0,0.8606629658238706,0.2,10,0.31099594861117197,0.5714285713632653
29,8,Kaitlyn Bristowe,9.333333333333334,1.3489,3,4.0,0,Tv Personality,35,Winner,10.0,1,Artem Chigvintsev,Baseline,Millennial,1,0,1,0,0,1.333333333333334,8.166666666666666,0.9258200997725518,0.625,8,0.2923894771165262,0.5714285713632653
29,9,Kaitlyn Bristowe,10.0,1.011826743662815,3,1.0,0,Tv Personality,35,Winner,10.0,1,Artem Chigvintsev,Baseline,Millennial,1,0,1,0,0,0.6666666666666661,8.37037037037037,1.0599324460188289,0.9285714285714286,7,0.3698505511411933,0.5714285713632653
29,10,Kaitlyn Bristowe,10.0,4.0466999999999995,3,1.0,0,Tv Personality,35,Winner,10.0,1,Artem Chigvintsev,Baseline,Millennial,1,0,1,0,0,0.0,8.533333333333333,1.1243653902820907,0.9166666666666666,6,0.1234226908160677,0.5714285713632653
28,1,Karamo Brown,5.666666666666667,0.67445,3,5.0,0,Tv Personality,38,Eliminated,7.0,8,Jenna Johnson,Baseline,Millennial,1,0,1,0,0,0.0,5.666666666666667,0.0,0.625,12,0.43787372148581377,0.7499999998875
28,2,Karamo Brown,6.333333333333333,0.67445,3,6.0,0,Tv Personality,38,Eliminated,7.0,8,Jenna Johnson,Baseline,Millennial,1,0,1,0,0,0.6666666666666661,6.0,0.47140452079103123,0.5416666666666666,12,0.47956350834282285,0.7499999998875
28,3,Karamo Brown,5.333333333333333,-2.4525454545454544,3,8.0,0,Tv Personality,38,Eliminated,7.0,8,Jenna Johnson,Baseline,Millennial,1,0,1,0,0,-1.0,5.777777777777778,0.5091750772173155,0.3,10,0.6133798883273475,0.7499999998875
28,4,Karamo Brown,7.0,0.0,4,6.0,0,Tv Personality,38,Eliminated,7.0,8,Jenna Johnson,Baseline,Millennial,1,0,1,0,0,1.666666666666667,6.083333333333333,0.7391185942027818,0.45,10,0.5078145797829611,0.7499999998875
28,5,Karamo Brown,7.0,-2.0233499999999998,3,8.0,0,Tv Personality,38,Eliminated,7.0,8,Jenna Johnson,Baseline,Millennial,1,0,1,0,0,0.0,6.266666666666667,0.7601169500660921,0.2222222222222222,9,0.3793003283391501,0.7499999998875
28,6,Karamo Brown,8.333333333333334,-2.6978,3,6.0,0,Tv Personality,38,Eliminated,7.0,8,Jenna Johnson,Baseline,Millennial,1,0,1,0,0,1.333333333333334,6.611111111111112,1.0835469874786579,0.3888888888888889,9,0.2856680198138214,0.7499999998875
28,7,Karamo Brown,8.166666666666666,-1.3489,3,6.0,0,Tv Personality,38,Eliminated,7.0,8,Jenna Johnson,Baseline,Millennial,1,0,1,0,0,-0.16666666666666785,6.833333333333334,1.1506841765115547,0.375,8,0.30539195900041965,0.7499999998875
26,1,Kareem Abdul-Jabbar,5.666666666666667,-2.6978,3,10.0,0,Athlete,71,Eliminated,2.0,8,Lindsay Arnold,Baseline,Boomer,1,0,0,0,1,0.0,5.666666666666667,0.0,0.1,10,0.3679753688408884,1.4285714281632653
26,2,Kareem Abdul-Jabbar,7.375,-4.72115,4,8.0,0,Athlete,71,Eliminated,2.0,8,Lindsay Arnold,Baseline,Boomer,1,0,0,0,1,1.708333333333333,6.520833333333334,1.2079740845270182,0.125,8,0.29927657257065027,1.4285714281632653
28,1,Kate Flannery,5.0,-2.0233499999999998,3,9.0,0,Actor/Actress,55,Eliminated,8.0,7,Pasha Pashkov,Baseline,GenX,1,0,0,1,0,0.0,5.0,0.0,0.2916666666666667,12,0.43787372148581377,0.9999999998
28,2,Kate Flannery,7.0,2.0233499999999998,3,2.0,0,Actor/Actress,55,Eliminated,8.0,7,Pasha Pashkov,Baseline,GenX,1,0,0,1,0,2.0,6.0,1.4142135623730951,0.9166666666666666,12,0.47956350834282285,0.9999999998
28,3,Kate Flannery,8.0,1.4715272727272726,3,1.0,0,Actor/Actress,55,Eliminated,8.0,7,Pasha Pashkov,Baseline,GenX,1,0,0,1,0,1.0,6.666666666666667,1.5275252316519465,0.95,10,0.6133798883273475,0.9999999998
28,4,Kate Flannery,6.5,-2.6978,4,8.0,0,Actor/Actress,55,Eliminated,8.0,7,Pasha Pashkov,Baseline,GenX,1,0,0,1,0,-1.5,6.625,1.25,0.3,10,0.5078145797829611,0.9999999998
28,5,Kate Flannery,8.0,0.0,3,5.0,0,Actor/Actress,55,Eliminated,8.0,7,Pasha Pashkov,Baseline,GenX,1,0,0,1,0,1.5,6.9,1.2449899597988732,0.5,9,0.3793003283391501,0.9999999998
28,6,Kate Flannery,9.0,0.0,3,1.0,0,Actor/Actress,55,Eliminated,8.0,7,Pasha Pashkov,Baseline,GenX,1,0,0,1,0,1.0,7.25,1.4053469322555194,0.8888888888888888,9,0.2856680198138214,0.9999999998
28,7,Kate Flannery,8.0,-2.0233499999999998,3,7.0,0,Actor/Actress,55,Eliminated,8.0,7,Pasha Pashkov,Baseline,GenX,1,0,0,1,0,-1.0,7.357142857142857,1.313845682030609,0.25,8,0.30539195900041965,0.9999999998
28,8,Kate Flannery,8.6666,-1.5175504387609686,3,5.0,0,Actor/Actress,55,Eliminated,8.0,7,Pasha Pashkov,Baseline,GenX,1,0,0,1,0,0.6666000000000007,7.520825,1.3015093498923254,0.42857142857142855,7,0.6478244180031981,0.9999999998
10,1,Kate Gosselin,5.333333333333333,-1.3489,3,9.0,0,Tv Personality,35,Eliminated,5.0,8,Tony Dovolani,Baseline,Millennial,1,0,1,0,0,0.0,5.333333333333333,0.0,0.2727272727272727,11,0.49807921190792886,0.7843137253671665
10,2,Kate Gosselin,5.0,-4.0466999999999995,3,10.0,0,Tv Personality,35,Eliminated,5.0,8,Tony Dovolani,Baseline,Millennial,1,0,1,0,0,-0.33333333333333304,5.166666666666666,0.2357022603955153,0.18181818181818182,11,0.6597220325535085,0.7843137253671665
10,3,Kate Gosselin,5.0,-8.093399999999999,3,9.0,0,Tv Personality,35,Eliminated,5.0,8,Tony Dovolani,Baseline,Millennial,1,0,1,0,0,0.0,5.111111111111111,0.19245008972987476,0.2,10,0.5608715150290308,0.7843137253671665
10,4,Kate Gosselin,5.333333333333333,-2.360575,3,9.0,0,Tv Personality,35,Eliminated,5.0,8,Tony Dovolani,Baseline,Millennial,1,0,1,0,0,0.33333333333333304,5.166666666666666,0.19245008972987498,0.1111111111111111,9,0.5404812987363725,0.7843137253671665
10,5,Kate Gosselin,5.0,-3.5970666666666666,3,8.0,0,Tv Personality,35,Eliminated,5.0,8,Tony Dovolani,Baseline,Millennial,1,0,1,0,0,-0.33333333333333304,5.133333333333333,0.18257418583505505,0.125,8,0.6961217507010304,0.7843137253671665
14,1,Katherine Jenkins,8.666666666666666,6.7445,3,1.0,0,Singer/Rapper,31,RunnerUp,9.0,2,Mark Ballas,Baseline,Millennial,1,0,1,0,0,0.0,8.666666666666666,0.0,0.9583333333333334,12,0.31763966986668124,0.8035714284422831
14,2,Katherine Jenkins,8.666666666666666,6.7445,3,1.0,0,Singer/Rapper,31,RunnerUp,9.0,2,Mark Ballas,Baseline,Millennial,1,0,1,0,0,0.0,8.666666666666666,0.0,0.9583333333333334,12,0.42874242358520726,0.8035714284422831
14,3,Katherine Jenkins,9.666666666666666,6.7445,3,1.0,0,Singer/Rapper,31,RunnerUp,9.0,2,Mark Ballas,Baseline,Millennial,1,0,1,0,0,1.0,9.0,0.5773502691896255,1.0,11,0.26687070216692765,0.8035714284422831
14,4,Katherine Jenkins,8.0,0.0,3,4.0,0,Singer/Rapper,31,RunnerUp,9.0,2,Mark Ballas,Baseline,Millennial,1,0,1,0,0,-1.666666666666666,8.75,0.6871842709362767,0.7,10,0.34805157127333136,0.8035714284422831
14,5,Katherine Jenkins,9.666666666666666,3.37225,3,1.0,0,Singer/Rapper,31,RunnerUp,9.0,2,Mark Ballas,Baseline,Millennial,1,0,1,0,0,1.666666666666666,8.933333333333334,0.7226494462892931,0.9444444444444444,9,0.5290360116779419,0.8035714284422831
14,6,Katherine Jenkins,12.999966666666666,3.9070364046385073,3,1.0,0,Singer/Rapper,31,RunnerUp,9.0,2,Mark Ballas,Baseline,Millennial,1,0,1,0,0,3.3332999999999995,9.611105555555556,1.7815804469835406,1.0,8,0.7511618976913882,0.8035714284422831
14,7,Katherine Jenkins,9.0,0.0,3,2.0,0,Singer/Rapper,31,RunnerUp,9.0,2,Mark Ballas,Baseline,Millennial,1,0,1,0,0,-3.9999666666666656,9.52380476190476,1.6426728445532917,0.8571428571428571,7,0.22476239603259227,0.8035714284422831
14,8,Katherine Jenkins,9.166666666666666,-0.67445,3,3.0,0,Singer/Rapper,31,RunnerUp,9.0,2,Mark Ballas,Baseline,Millennial,1,0,1,0,0,0.16666666666666607,9.4791625,1.5260522651639108,0.5833333333333334,6,0.15990606043517003,0.8035714284422831
14,9,Katherine Jenkins,9.333333333333334,-1.3489,3,4.0,0,Singer/Rapper,31,RunnerUp,9.0,2,Mark Ballas,Baseline,Millennial,1,0,1,0,0,0.16666666666666785,9.462959259259257,1.4283185854720708,0.25,4,0.09522267327127348,0.8035714284422831
9,1,Kathy Ireland,6.666633333333333,-2.1424385013809104,3,12.0,0,Model,46,Eliminated,2.0,14,Tony Dovolani,Baseline,GenX,1,0,0,1,0,0.0,6.666633333333333,0.0,0.28125,16,0.7859138369788743,0.9459459457669832
9,2,Kathy Ireland,6.0,-4.0466999999999995,3,13.0,0,Model,46,Eliminated,2.0,14,Tony Dovolani,Baseline,GenX,1,0,0,1,0,-0.6666333333333334,6.333316666666667,0.4713809505649922,0.10714285714285714,14,0.4556015122439362,0.9459459457669832
28,1,Kel Mitchell,5.333333333333333,-0.67445,3,7.0,0,Actor/Actress,41,RunnerUp,10.0,2,Witney Carson,Baseline,GenX,1,0,0,1,0,0.0,5.333333333333333,0.0,0.4583333333333333,12,0.43787372148581377,0.8620689653686088
28,2,Kel Mitchell,6.666666666666667,1.3489,3,3.0,0,Actor/Actress,41,RunnerUp,10.0,2,Witney Carson,Baseline,GenX,1,0,0,1,0,1.333333333333334,6.0,0.9428090415820638,0.75,12,0.47956350834282285,0.8620689653686088
28,3,Kel Mitchell,6.666666666666667,-0.49050909090909084,3,6.0,0,Actor/Actress,41,RunnerUp,10.0,2,Witney Carson,Baseline,GenX,1,0,0,1,0,0.0,6.222222222222222,0.7698003589195014,0.45,10,0.6133798883273475,0.8620689653686088
28,4,Kel Mitchell,8.0,5.3956,4,1.0,0,Actor/Actress,41,RunnerUp,10.0,2,Witney Carson,Baseline,GenX,1,0,0,1,0,1.333333333333333,6.666666666666667,1.0886621079036347,0.85,10,0.5078145797829611,0.8620689653686088
28,5,Kel Mitchell,8.666666666666666,1.3489,3,2.0,0,Actor/Actress,41,RunnerUp,10.0,2,Witney Carson,Baseline,GenX,1,0,0,1,0,0.6666666666666661,7.0666666666666655,1.2995725793078619,0.8333333333333334,9,0.3793003283391501,0.8620689653686088
28,6,Kel Mitchell,8.666666666666666,-1.3489,3,4.0,0,Actor/Actress,41,RunnerUp,10.0,2,Witney Carson,Baseline,GenX,1,0,0,1,0,0.0,7.333333333333333,1.3333333333333333,0.6111111111111112,9,0.2856680198138214,0.8620689653686088
28,7,Kel Mitchell,8.5,0.0,3,5.0,0,Actor/Actress,41,RunnerUp,10.0,2,Witney Carson,Baseline,GenX,1,0,0,1,0,-0.16666666666666607,7.5,1.2945755775256713,0.5,8,0.30539195900041965,0.8620689653686088
28,8,Kel Mitchell,9.999933333333333,0.5058501462536562,3,4.0,0,Actor/Actress,41,RunnerUp,10.0,2,Witney Carson,Baseline,GenX,1,0,0,1,0,1.499933333333333,7.812491666666666,1.4891998759054557,0.5714285714285714,7,0.6478244180031981,0.8620689653686088
28,9,Kel Mitchell,9.25,1.3489,4,2.0,0,Actor/Actress,41,RunnerUp,10.0,2,Witney Carson,Baseline,GenX,1,0,0,1,0,-0.7499333333333329,7.972214814814815,1.4731276567515863,0.8333333333333334,6,0.5638778459091766,0.8620689653686088
28,10,Kel Mitchell,9.5,4.0466999999999995,3,2.0,0,Actor/Actress,41,RunnerUp,10.0,2,Witney Carson,Baseline,GenX,1,0,0,1,0,0.25,8.124993333333332,1.4705084366207626,0.8,5,0.2273410164886406,0.8620689653686088
16,1,Kellie Pickler,7.0,4.0466999999999995,3,2.0,0,Singer/Rapper,26,Winner,10.0,1,Derek Hough,Baseline,Millennial,1,0,1,0,0,0.0,7.0,0.0,0.8333333333333334,12,0.43333212536664834,1.6129032252861601
16,2,Kellie Pickler,8.666666666666666,4.383925,3,1.0,0,Singer/Rapper,26,Winner,10.0,1,Derek Hough,Baseline,Millennial,1,0,1,0,0,1.666666666666666,7.833333333333333,1.1785113019775788,0.9583333333333334,12,0.5423210352279798,1.6129032252861601
16,3,Kellie Pickler,8.333333333333334,2.6978,3,3.0,0,Singer/Rapper,26,Winner,10.0,1,Derek Hough,Baseline,Millennial,1,0,1,0,0,-0.33333333333333215,8.0,0.8819171036881968,0.8181818181818182,11,0.5569510497714374,1.6129032252861601
16,4,Kellie Pickler,8.666666666666666,6.7445,3,2.0,0,Singer/Rapper,26,Winner,10.0,1,Derek Hough,Baseline,Millennial,1,0,1,0,0,0.33333333333333215,8.166666666666666,0.7934920476158721,0.85,10,0.4877780857411537,1.6129032252861601
16,5,Kellie Pickler,9.0,2.0233499999999998,3,2.0,0,Singer/Rapper,26,Winner,10.0,1,Derek Hough,Baseline,Millennial,1,0,1,0,0,0.3333333333333339,8.333333333333332,0.7817359599705717,0.8888888888888888,9,0.5797384912032801,1.6129032252861601
16,6,Kellie Pickler,9.0,6.07005,3,1.0,0,Singer/Rapper,26,Winner,10.0,1,Derek Hough,Baseline,Millennial,1,0,1,0,0,0.0,8.444444444444445,0.7503085784948507,1.0,8,0.35359918454235945,1.6129032252861601
16,7,Kellie Pickler,9.666666666666666,1.3489,3,3.0,0,Singer/Rapper,26,Winner,10.0,1,Derek Hough,Baseline,Millennial,1,0,1,0,0,0.6666666666666661,8.619047619047619,0.8261595987094039,0.7142857142857143,7,0.7312421113649391,1.6129032252861601
16,8,Kellie Pickler,9.166666666666666,1.1240833333333333,3,3.0,0,Singer/Rapper,26,Winner,10.0,1,Derek Hough,Baseline,Millennial,1,0,1,0,0,-0.5,8.6875,0.7889992656966432,0.6666666666666666,6,0.43864487487552734,1.6129032252861601
16,9,Kellie Pickler,9.666666666666666,0.67445,3,3.0,0,Singer/Rapper,26,Winner,10.0,1,Derek Hough,Baseline,Millennial,1,0,1,0,0,0.5,8.796296296296296,0.8069910581296645,0.6,5,0.25337105425618095,1.6129032252861601
16,10,Kellie Pickler,10.0,0.0,3,1.0,0,Singer/Rapper,26,Winner,10.0,1,Derek Hough,Baseline,Millennial,1,0,1,0,0,0.3333333333333339,8.916666666666666,0.8507440461729762,0.875,4,0.14124446904833549,1.6129032252861601
1,1,Kelly Monaco,4.333333333333333,-6.7445,3,6.0,0,Actor/Actress,29,Winner,4.0,1,Alec Mazo,Baseline,Millennial,1,0,1,0,0,0.0,4.333333333333333,0.0,0.16666666666666666,6,0.40038841227878064,0.9999999998
1,2,Kelly Monaco,5.666666666666667,-1.6861249999999999,3,5.0,0,Actor/Actress,29,Winner,4.0,1,Alec Mazo,Baseline,Millennial,1,0,1,0,0,1.333333333333334,5.0,0.9428090415820638,0.3333333333333333,6,0.6558623636356736,0.9999999998
1,3,Kelly Monaco,7.0,0.0,3,4.0,0,Actor/Actress,29,Winner,4.0,1,Alec Mazo,Baseline,Millennial,1,0,1,0,0,1.333333333333333,5.666666666666667,1.3333333333333335,0.4,5,0.7331527486766434,0.9999999998
1,4,Kelly Monaco,8.666666666666666,2.360575,3,1.0,0,Actor/Actress,29,Winner,4.0,1,Alec Mazo,Baseline,Millennial,1,0,1,0,0,1.666666666666666,6.416666666666666,1.8534252575124748,1.0,4,0.4342822079046034,0.9999999998
15,1,Kelly Monaco,7.166666666666667,0.67445,3,6.0,0,Actor/Actress,36,Finalist,9.0,3,Valentin Chmerkovskiy,Baseline,Millennial,1,0,1,0,0,0.0,7.166666666666667,0.0,0.5384615384615384,13,0.2944450500991418,0.4761904761451247
15,2,Kelly Monaco,7.333333333333333,-1.07912,3,10.0,0,Actor/Actress,36,Finalist,9.0,3,Valentin Chmerkovskiy,Baseline,Millennial,1,0,1,0,0,0.16666666666666607,7.25,0.1178511301977575,0.25,12,0.32227699063508836,0.4761904761451247
15,3,Kelly Monaco,9.0,2.0233499999999998,3,1.0,0,Actor/Actress,36,Finalist,9.0,3,Valentin Chmerkovskiy,Baseline,Millennial,1,0,1,0,0,1.666666666666667,7.833333333333333,1.0137937550497034,0.9545454545454546,11,0.20163019077307118,0.4761904761451247
15,4,Kelly Monaco,9.375,2.0233499999999998,4,3.0,0,Actor/Actress,36,Finalist,9.0,3,Valentin Chmerkovskiy,Baseline,Millennial,1,0,1,0,0,0.375,8.21875,1.1310920444256352,0.7777777777777778,9,0.35325558404867186,0.4761904761451247
15,5,Kelly Monaco,8.583333333333334,-4.796088888888889,3,8.0,0,Actor/Actress,36,Finalist,9.0,3,Valentin Chmerkovskiy,Baseline,Millennial,1,0,1,0,0,-0.7916666666666661,8.291666666666668,0.9930312739844156,0.125,8,0.1723475897236556,0.4761904761451247
15,6,Kelly Monaco,9.0,-2.0233499999999998,3,7.0,0,Actor/Actress,36,Finalist,9.0,3,Valentin Chmerkovskiy,Baseline,Millennial,1,0,1,0,0,0.4166666666666661,8.409722222222223,0.9340832800527341,0.25,8,0.2048631540320305,0.4761904761451247
15,7,Kelly Monaco,12.0,0.40476712468498843,3,3.0,0,Actor/Actress,36,Finalist,9.0,3,Valentin Chmerkovskiy,Baseline,Millennial,1,0,1,0,0,3.0,8.922619047619047,1.6026649846147052,0.7142857142857143,7,0.539380041253953,0.4761904761451247
15,8,Kelly Monaco,9.444433333333334,-0.44972326000000135,3,5.0,0,Actor/Actress,36,Finalist,9.0,3,Valentin Chmerkovskiy,Baseline,Millennial,1,0,1,0,0,-2.5555666666666657,8.987845833333333,1.4952049165648975,0.42857142857142855,7,0.21908088718211424,0.4761904761451247
15,9,Kelly Monaco,9.036999999999999,-2.9328044141817364,3,4.0,0,Actor/Actress,36,Finalist,9.0,3,Valentin Chmerkovskiy,Baseline,Millennial,1,0,1,0,0,-0.4074333333333353,8.993307407407407,1.3987320986619136,0.4,5,0.1619106807935631,0.4761904761451247
9,1,Kelly Osbourne,10.333266666666667,3.094527592626906,3,4.0,0,Tv Personality,24,Finalist,9.0,3,Louis Van Amstel,Baseline,GenZ,1,1,0,0,0,0.0,10.333266666666667,0.0,0.8125,16,0.7859138369788743,0.9090909089256198
9,2,Kelly Osbourne,6.333333333333333,-2.6978,3,9.0,0,Tv Personality,24,Finalist,9.0,3,Louis Van Amstel,Baseline,GenZ,1,1,0,0,0,-3.999933333333334,8.3333,2.828379984294111,0.32142857142857145,14,0.4556015122439362,0.9090909089256198
9,3,Kelly Osbourne,6.666666666666667,2.6978,3,6.0,0,Tv Personality,24,Finalist,9.0,3,Louis Van Amstel,Baseline,GenZ,1,1,0,0,0,0.3333333333333339,7.777755555555555,2.219404324821648,0.5769230769230769,13,0.5708475093633384,0.9090909089256198
9,4,Kelly Osbourne,7.666666666666667,-0.67445,3,6.0,0,Tv Personality,24,Finalist,9.0,3,Louis Van Amstel,Baseline,GenZ,1,1,0,0,0,1.0,7.749983333333334,1.8129870996047746,0.5454545454545454,11,0.6760139186794596,0.9090909089256198
9,5,Kelly Osbourne,8.0,0.0,3,4.0,0,Tv Personality,24,Finalist,9.0,3,Louis Van Amstel,Baseline,GenZ,1,1,0,0,0,0.33333333333333304,7.799986666666666,1.5740690373113315,0.6,10,0.3666588158943709,0.9090909089256198
9,6,Kelly Osbourne,8.333266666666667,-2.3804929782765987,3,6.0,0,Tv Personality,24,Finalist,9.0,3,Louis Van Amstel,Baseline,GenZ,1,1,0,0,0,0.3332666666666668,7.888866666666668,1.4246236674216028,0.4444444444444444,9,0.7538076457857609,0.9090909089256198
9,7,Kelly Osbourne,8.666666666666666,0.67445,3,3.0,0,Tv Personality,24,Finalist,9.0,3,Louis Van Amstel,Baseline,GenZ,1,1,0,0,0,0.33339999999999925,7.999980952380953,1.3333111113227547,0.6428571428571429,7,0.3024082953907326,0.9090909089256198
9,8,Kelly Osbourne,8.5,0.0,3,3.0,0,Tv Personality,24,Finalist,9.0,3,Louis Van Amstel,Baseline,GenZ,1,1,0,0,0,-0.16666666666666607,8.062483333333333,1.247000846857568,0.6,5,0.2789227982655418,0.9090909089256198
9,9,Kelly Osbourne,8.6666,-1.3490348765123532,3,3.0,0,Tv Personality,24,Finalist,9.0,3,Louis Van Amstel,Baseline,GenZ,1,1,0,0,0,0.16660000000000075,8.129607407407407,1.1837168136586858,0.5,4,0.26933129001834333,0.9090909089256198
12,1,Kendra Wilkinson,6.0,0.0,3,7.0,0,Tv Personality,25,Eliminated,7.0,6,Louis Van Amstel,Baseline,GenZ,1,1,0,0,0,0.0,6.0,0.0,0.4090909090909091,11,0.50164120636026,0.8749999998468749
12,2,Kendra Wilkinson,6.333333333333333,1.3489,3,6.0,0,Tv Personality,25,Eliminated,7.0,6,Louis Van Amstel,Baseline,GenZ,1,1,0,0,0,0.33333333333333304,6.166666666666666,0.23570226039551595,0.5454545454545454,11,0.3689299109603921,0.8749999998468749
12,3,Kendra Wilkinson,7.666666666666667,2.6978,3,3.0,0,Tv Personality,25,Eliminated,7.0,6,Louis Van Amstel,Baseline,GenZ,1,1,0,0,0,1.333333333333334,6.666666666666667,0.8819171036881975,0.75,10,0.42980495215899384,0.8749999998468749
12,4,Kendra Wilkinson,6.0,-8.093399999999999,3,9.0,0,Tv Personality,25,Eliminated,7.0,6,Louis Van Amstel,Baseline,GenZ,1,1,0,0,0,-1.666666666666667,6.5,0.7934920476158727,0.1111111111111111,9,0.35713792233437924,0.8749999998468749
12,5,Kendra Wilkinson,7.333333333333333,-1.3489,3,6.0,0,Tv Personality,25,Eliminated,7.0,6,Louis Van Amstel,Baseline,GenZ,1,1,0,0,0,1.333333333333333,6.666666666666667,0.7817359599705718,0.25,8,0.32271516485598767,0.8749999998468749
12,6,Kendra Wilkinson,8.333333333333334,-2.6978,3,5.0,0,Tv Personality,25,Eliminated,7.0,6,Louis Van Amstel,Baseline,GenZ,1,1,0,0,0,1.0000000000000009,6.9444444444444455,0.9756289519340087,0.42857142857142855,7,0.3267043789129004,0.8749999998468749
12,7,Kendra Wilkinson,7.625,-4.0466999999999995,4,4.0,0,Tv Personality,25,Eliminated,7.0,6,Louis Van Amstel,Baseline,GenZ,1,1,0,0,0,-0.7083333333333339,7.041666666666667,0.9270248108869581,0.5,6,0.15808827952431234,0.8749999998468749
2,1,Kenny Mayne,4.333333333333333,-3.9240727272727267,3,9.0,0,Sports Broadcaster,46,Eliminated,1.0,10,Andrea Hale,Baseline,GenX,1,0,0,1,0,0.0,4.333333333333333,0.0,0.2,10,0.611207926325423,0.9999999998
30,1,Kenya Moore,6.5,2.6978,4,5.0,0,Tv Personality,50,Eliminated,6.0,10,Brandon Armstrong,Baseline,GenX,1,0,0,1,0,0.0,6.5,0.0,0.7,15,0.4260464104775318,0.48387096769510923
30,2,Kenya Moore,6.0,0.0,4,10.0,0,Tv Personality,50,Eliminated,6.0,10,Brandon Armstrong,Baseline,GenX,1,0,0,1,0,-0.5,6.25,0.3535533905932738,0.3333333333333333,15,0.45935864257411446,0.48387096769510923
30,3,Kenya Moore,7.0,0.0,3,7.0,0,Tv Personality,50,Eliminated,6.0,10,Brandon Armstrong,Baseline,GenX,1,0,0,1,0,1.0,6.5,0.5,0.5,14,0.29177648852342086,0.48387096769510923
30,4,Kenya Moore,7.375,-4.72115,4,10.0,0,Tv Personality,50,Eliminated,6.0,10,Brandon Armstrong,Baseline,GenX,1,0,0,1,0,0.375,6.71875,0.5983919423477113,0.3076923076923077,13,0.33713528172762924,0.48387096769510923
30,5,Kenya Moore,9.0,0.0,4,3.0,0,Tv Personality,50,Eliminated,6.0,10,Brandon Armstrong,Baseline,GenX,1,0,0,1,0,1.625,7.175,1.1442792491345808,0.6363636363636364,11,0.3735594089309465,0.48387096769510923
30,6,Kenya Moore,8.0,-5.3956,4,10.0,0,Tv Personality,50,Eliminated,6.0,10,Brandon Armstrong,Baseline,GenX,1,0,0,1,0,-1.0,7.3125,1.0774680969754975,0.1,10,0.2913253614880169,0.48387096769510923
17,1,Keyshawn Johnson,5.666666666666667,-4.31648,3,11.0,0,Athlete,41,Eliminated,2.0,12,Sharna Burgess,Baseline,GenX,1,0,0,1,0,0.0,5.666666666666667,0.0,0.16666666666666666,12,0.5199731865129118,0.7142857141836735
17,2,Keyshawn Johnson,6.0,-6.4747200000000005,3,11.0,0,Athlete,41,Eliminated,2.0,12,Sharna Burgess,Baseline,GenX,1,0,0,1,0,0.33333333333333304,5.833333333333334,0.2357022603955153,0.16666666666666666,12,0.4484757246093171,0.7142857141836735
22,1,Kim Fields,6.666666666666667,-1.3489,3,8.0,0,Actor/Actress,46,Eliminated,7.0,8,Sasha Farber,Baseline,GenX,1,0,0,1,0,0.0,6.666666666666667,0.0,0.375,12,0.4877442861994343,0.624999999921875
22,2,Kim Fields,6.333333333333333,-2.6978,3,9.0,0,Actor/Actress,46,Eliminated,7.0,8,Sasha Farber,Baseline,GenX,1,0,0,1,0,-0.3333333333333339,6.5,0.23570226039551626,0.2916666666666667,12,0.4636580673185359,0.624999999921875
22,3,Kim Fields,7.333333333333333,1.3489,3,5.0,0,Actor/Actress,46,Eliminated,7.0,8,Sasha Farber,Baseline,GenX,1,0,0,1,0,1.0,6.777777777777778,0.5091750772173155,0.6363636363636364,11,0.30492889283715907,0.624999999921875
22,4,Kim Fields,8.0,0.0,4,6.0,0,Actor/Actress,46,Eliminated,7.0,8,Sasha Farber,Baseline,GenX,1,0,0,1,0,0.666666666666667,7.083333333333333,0.7391185942027818,0.45,10,0.4648875844007378,0.624999999921875
22,5,Kim Fields,7.0,-5.3956,4,7.0,0,Actor/Actress,46,Eliminated,7.0,8,Sasha Farber,Baseline,GenX,1,0,0,1,0,-1.0,7.0666666666666655,0.6411794687223782,0.2777777777777778,9,0.3911670460246567,0.624999999921875
22,6,Kim Fields,8.0,0.0,3,6.0,0,Actor/Actress,46,Eliminated,7.0,8,Sasha Farber,Baseline,GenX,1,0,0,1,0,1.0,7.222222222222221,0.6885303726590963,0.3333333333333333,9,0.35966785659869965,0.624999999921875
22,7,Kim Fields,8.666666666666666,-2.6978,3,5.0,0,Actor/Actress,46,Eliminated,7.0,8,Sasha Farber,Baseline,GenX,1,0,0,1,0,0.6666666666666661,7.428571428571429,0.8325393042503717,0.375,8,0.1421522207639567,0.624999999921875
7,1,Kim Kardashian,6.166666666666667,-1.3489,3,8.0,0,Tv Personality,27,Eliminated,2.0,11,Mark Ballas,Baseline,Millennial,1,0,1,0,0,0.0,6.166666666666667,0.0,0.38461538461538464,13,0.46761395795733807,1.2499999996875
7,2,Kim Kardashian,5.666666666666667,-5.3956,3,9.0,0,Tv Personality,27,Eliminated,2.0,11,Mark Ballas,Baseline,Millennial,1,0,1,0,0,-0.5,5.916666666666667,0.3535533905932738,0.2727272727272727,11,0.45446442969466816,1.2499999996875
21,1,Kim Zolciak-Biermann,4.0,-4.0466999999999995,3,13.0,0,Tv Personality,37,Withdrew,,11,Tony Dovolani,Baseline,Millennial,1,0,1,0,0,0.0,4.0,0.0,0.07692307692307693,13,0.6601447958346751,0.6785714284793367
21,2,Kim Zolciak-Biermann,6.166666666666667,-3.5970666666666666,3,9.0,0,Tv Personality,37,Withdrew,,11,Tony Dovolani,Baseline,Millennial,1,0,1,0,0,2.166666666666667,5.083333333333334,1.5320646925708528,0.3076923076923077,13,0.446165184304094,0.6785714284793367
12,1,Kirstie Alley,7.666666666666667,6.7445,3,2.0,0,Actor/Actress,60,RunnerUp,9.0,2,Maksim Chmerkoskiy,Baseline,GenX,1,0,0,1,0,0.0,7.666666666666667,0.0,0.9090909090909091,11,0.50164120636026,0.7627118642904338
12,2,Kirstie Alley,6.666666666666667,2.6978,3,5.0,0,Actor/Actress,60,RunnerUp,9.0,2,Maksim Chmerkoskiy,Baseline,GenX,1,0,0,1,0,-1.0,7.166666666666667,0.7071067811865476,0.6363636363636364,11,0.3689299109603921,0.7627118642904338
12,3,Kirstie Alley,7.0,0.0,3,5.0,0,Actor/Actress,60,RunnerUp,9.0,2,Maksim Chmerkoskiy,Baseline,GenX,1,0,0,1,0,0.33333333333333304,7.111111111111112,0.5091750772173156,0.5,10,0.42980495215899384,0.7627118642904338
12,4,Kirstie Alley,7.333333333333333,-2.6978,3,7.0,0,Actor/Actress,60,RunnerUp,9.0,2,Maksim Chmerkoskiy,Baseline,GenX,1,0,0,1,0,0.33333333333333304,7.166666666666667,0.4303314829119351,0.3333333333333333,9,0.35713792233437924,0.7627118642904338
12,5,Kirstie Alley,7.666666666666667,-0.67445,3,5.0,0,Actor/Actress,60,RunnerUp,9.0,2,Maksim Chmerkoskiy,Baseline,GenX,1,0,0,1,0,0.3333333333333339,7.2666666666666675,0.4346134936801766,0.5,8,0.32271516485598767,0.7627118642904338
12,6,Kirstie Alley,8.666666666666666,-1.3489,3,4.0,0,Actor/Actress,60,RunnerUp,9.0,2,Maksim Chmerkoskiy,Baseline,GenX,1,0,0,1,0,0.9999999999999991,7.5,0.6912147117775905,0.5714285714285714,7,0.3267043789129004,0.7627118642904338
12,7,Kirstie Alley,7.5,-5.3956,4,5.0,0,Actor/Actress,60,RunnerUp,9.0,2,Maksim Chmerkoskiy,Baseline,GenX,1,0,0,1,0,-1.166666666666666,7.5,0.6309898162000303,0.25,6,0.15808827952431234,0.7627118642904338
12,8,Kirstie Alley,8.833333333333334,-1.3489,3,3.0,0,Actor/Actress,60,RunnerUp,9.0,2,Maksim Chmerkoskiy,Baseline,GenX,1,0,0,1,0,1.333333333333334,7.666666666666667,0.7506610843064022,0.6,5,0.2607780306831043,0.7627118642904338
12,9,Kirstie Alley,9.0,-1.1562,3,3.0,0,Actor/Actress,60,RunnerUp,9.0,2,Maksim Chmerkoskiy,Baseline,GenX,1,0,0,1,0,0.16666666666666607,7.814814814814814,0.8310152945361995,0.5,4,0.7883954318505385,0.7627118642904338
15,1,Kirstie Alley,6.333333333333333,-2.6978,3,12.0,0,Actor/Actress,61,Eliminated,8.0,7,Maksim Chmerkoskiy,Baseline,Boomer,1,0,0,0,1,0.0,6.333333333333333,0.0,0.15384615384615385,13,0.2944450500991418,0.8571428569959184
15,2,Kirstie Alley,7.0,-3.2373600000000002,3,11.0,0,Actor/Actress,61,Eliminated,8.0,7,Maksim Chmerkoskiy,Baseline,Boomer,1,0,0,0,1,0.666666666666667,6.666666666666666,0.4714045207910322,0.16666666666666666,12,0.32227699063508836,0.8571428569959184
15,3,Kirstie Alley,8.0,-2.0233499999999998,3,9.0,0,Actor/Actress,61,Eliminated,8.0,7,Maksim Chmerkoskiy,Baseline,Boomer,1,0,0,0,1,1.0,7.111111111111111,0.8388704928078615,0.22727272727272727,11,0.20163019077307118,0.8571428569959184
15,4,Kirstie Alley,7.5,-8.093399999999999,4,9.0,0,Actor/Actress,61,Eliminated,8.0,7,Maksim Chmerkoskiy,Baseline,Boomer,1,0,0,0,1,-0.5,7.208333333333333,0.7120003121097948,0.1111111111111111,9,0.35325558404867186,0.8571428569959184
15,5,Kirstie Alley,8.75,-3.5970666666666666,3,7.0,0,Actor/Actress,61,Eliminated,8.0,7,Maksim Chmerkoskiy,Baseline,Boomer,1,0,0,0,1,1.25,7.516666666666666,0.9249624617007741,0.25,8,0.1723475897236556,0.8571428569959184
15,6,Kirstie Alley,9.166666666666666,-1.3489,3,5.0,0,Actor/Actress,61,Eliminated,8.0,7,Maksim Chmerkoskiy,Baseline,Boomer,1,0,0,0,1,0.4166666666666661,7.791666666666667,1.0668619612885468,0.4375,8,0.2048631540320305,0.8571428569959184
15,7,Kirstie Alley,9.3333,-6.070292811712465,3,7.0,0,Actor/Actress,61,Eliminated,8.0,7,Maksim Chmerkoskiy,Baseline,Boomer,1,0,0,0,1,0.1666333333333334,8.011899999999999,1.134907228872981,0.14285714285714285,7,0.539380041253953,0.8571428569959184
15,8,Kirstie Alley,8.5,-8.093399999999999,3,7.0,0,Actor/Actress,61,Eliminated,8.0,7,Maksim Chmerkoskiy,Baseline,Boomer,1,0,0,0,1,-0.8332999999999995,8.0729125,1.064796957012321,0.14285714285714285,7,0.21908088718211424,0.8571428569959184
6,1,Kristi Yamaguchi,9.0,4.0466999999999995,3,1.0,0,Athlete,36,Winner,9.0,1,Mark Ballas,Baseline,Millennial,1,0,1,0,0,0.0,9.0,0.0,1.0,12,0.5700360697074371,0.7142857141836735
6,2,Kristi Yamaguchi,9.0,4.0466999999999995,3,1.0,0,Athlete,36,Winner,9.0,1,Mark Ballas,Baseline,Millennial,1,0,1,0,0,0.0,9.0,0.0,0.9583333333333334,12,0.6209750281031806,0.7142857141836735
6,3,Kristi Yamaguchi,9.0,6.070049999999999,3,1.0,0,Athlete,36,Winner,9.0,1,Mark Ballas,Baseline,Millennial,1,0,1,0,0,0.0,9.0,0.0,1.0,10,0.3859358227489988,0.7142857141836735
6,4,Kristi Yamaguchi,9.666666666666666,6.7445,3,1.0,0,Athlete,36,Winner,9.0,1,Mark Ballas,Baseline,Millennial,1,0,1,0,0,0.6666666666666661,9.166666666666666,0.3333333333333332,0.9444444444444444,9,0.4947915244151312,0.7142857141836735
6,5,Kristi Yamaguchi,9.666666666666666,3.37225,3,1.0,0,Athlete,36,Winner,9.0,1,Mark Ballas,Baseline,Millennial,1,0,1,0,0,0.0,9.266666666666666,0.3651483716701107,1.0,8,0.4172448490929672,0.7142857141836735
6,6,Kristi Yamaguchi,10.0,4.0466999999999995,3,1.0,0,Athlete,36,Winner,9.0,1,Mark Ballas,Baseline,Millennial,1,0,1,0,0,0.3333333333333339,9.388888888888888,0.44305337860837557,1.0,7,0.44020720490261217,0.7142857141836735
6,7,Kristi Yamaguchi,9.0,5.395599999999999,3,2.0,0,Athlete,36,Winner,9.0,1,Mark Ballas,Baseline,Millennial,1,0,1,0,0,-1.0,9.333333333333332,0.4303314829119353,0.8333333333333334,6,0.23207779639437903,0.7142857141836735
6,8,Kristi Yamaguchi,9.166666666666666,0.8992666666666665,3,2.0,0,Athlete,36,Winner,9.0,1,Mark Ballas,Baseline,Millennial,1,0,1,0,0,0.16666666666666607,9.3125,0.4027435672389827,0.8,5,0.19928629122843222,0.7142857141836735
6,9,Kristi Yamaguchi,9.5,4.0466999999999995,3,1.0,0,Athlete,36,Winner,9.0,1,Mark Ballas,Baseline,Millennial,1,0,1,0,0,0.3333333333333339,9.333333333333334,0.3818813079129868,1.0,4,0.1593380086915794,0.7142857141836735
13,1,Kristin Cavallari,6.333333333333333,0.67445,3,5.0,0,Tv Personality,24,Eliminated,3.0,10,Mark Ballas,Baseline,GenZ,1,1,0,0,0,0.0,6.333333333333333,0.0,0.6666666666666666,12,0.4001000815088156,0.8695652172400756
13,2,Kristin Cavallari,7.333333333333333,1.3489,3,2.0,0,Tv Personality,24,Eliminated,3.0,10,Mark Ballas,Baseline,GenZ,1,1,0,0,0,1.0,6.833333333333333,0.7071067811865476,0.8636363636363636,11,0.2882533034576482,0.8695652172400756
13,3,Kristin Cavallari,8.0,0.0,3,4.0,0,Tv Personality,24,Eliminated,3.0,10,Mark Ballas,Baseline,GenZ,1,1,0,0,0,0.666666666666667,7.222222222222221,0.8388704928078611,0.55,10,0.38749895520066063,0.8695652172400756
11,1,Kurt Warner,6.333333333333333,0.67445,3,5.0,0,Athlete,39,Eliminated,8.0,5,Anna Trebunskaya,Baseline,Millennial,1,0,1,0,0,0.0,6.333333333333333,0.0,0.625,12,0.49711840367327736,0.6944444443479938
11,2,Kurt Warner,7.0,0.0,3,5.0,0,Athlete,39,Eliminated,8.0,5,Anna Trebunskaya,Baseline,Millennial,1,0,1,0,0,0.666666666666667,6.666666666666666,0.4714045207910322,0.5454545454545454,11,0.486830811549821,0.6944444443479938
11,3,Kurt Warner,7.666666666666667,-1.3489,3,5.0,0,Athlete,39,Eliminated,8.0,5,Anna Trebunskaya,Baseline,Millennial,1,0,1,0,0,0.666666666666667,7.0,0.6666666666666672,0.55,10,0.3899869355281724,0.6944444443479938
11,4,Kurt Warner,5.666666666666667,-1.4987777777777778,3,7.0,0,Athlete,39,Eliminated,8.0,5,Anna Trebunskaya,Baseline,Millennial,1,0,1,0,0,-2.0,6.666666666666667,0.8606629658238706,0.3333333333333333,9,0.6522347657141515,0.6944444443479938
11,5,Kurt Warner,8.0,0.0,3,3.0,0,Athlete,39,Eliminated,8.0,5,Anna Trebunskaya,Baseline,Millennial,1,0,1,0,0,2.333333333333333,6.933333333333333,0.9545214042184236,0.6875,8,0.43008614613880125,0.6944444443479938
11,6,Kurt Warner,7.3333,-8.093703510087744,3,7.0,0,Athlete,39,Eliminated,8.0,5,Anna Trebunskaya,Baseline,Millennial,1,0,1,0,0,-0.6666999999999996,6.999994444444444,0.8692244309131539,0.14285714285714285,7,0.6250382784599849,0.6944444443479938
11,7,Kurt Warner,8.75,2.6978,4,3.0,0,Athlete,39,Eliminated,8.0,5,Anna Trebunskaya,Baseline,Millennial,1,0,1,0,0,1.4166999999999996,7.249995238095238,1.033019217566853,0.6666666666666666,6,0.17753985897962493,0.6944444443479938
11,8,Kurt Warner,8.0,-2.6977999999999995,3,4.0,0,Athlete,39,Eliminated,8.0,5,Anna Trebunskaya,Baseline,Millennial,1,0,1,0,0,-0.75,7.343745833333333,0.9924692131385121,0.4,5,0.3724655283719484,0.6944444443479938
11,1,Kyle Massey,7.666666666666667,3.37225,3,2.0,0,Actor/Actress,19,RunnerUp,9.0,2,Lacey Schwimmer,Baseline,GenZ,1,1,0,0,0,0.0,7.666666666666667,0.0,0.875,12,0.49711840367327736,0.8823529410207612
11,2,Kyle Massey,7.333333333333333,1.3489,3,3.0,0,Actor/Actress,19,RunnerUp,9.0,2,Lacey Schwimmer,Baseline,GenZ,1,1,0,0,0,-0.3333333333333339,7.5,0.23570226039551626,0.7727272727272727,11,0.486830811549821,0.8823529410207612
11,3,Kyle Massey,7.666666666666667,-1.3489,3,5.0,0,Actor/Actress,19,RunnerUp,9.0,2,Lacey Schwimmer,Baseline,GenZ,1,1,0,0,0,0.3333333333333339,7.555555555555556,0.19245008972987565,0.55,10,0.3899869355281724,0.8823529410207612
11,4,Kyle Massey,6.666666666666667,0.29975555555555555,3,4.0,0,Actor/Actress,19,RunnerUp,9.0,2,Lacey Schwimmer,Baseline,GenZ,1,1,0,0,0,-1.0,7.333333333333334,0.4714045207910315,0.6666666666666666,9,0.6522347657141515,0.8823529410207612
11,5,Kyle Massey,6.666666666666667,-5.3956,3,7.0,0,Actor/Actress,19,RunnerUp,9.0,2,Lacey Schwimmer,Baseline,GenZ,1,1,0,0,0,0.0,7.2,0.5055250296034365,0.25,8,0.43008614613880125,0.8823529410207612
11,6,Kyle Massey,9.999966666666666,-0.00010117002925236207,3,4.0,0,Actor/Actress,19,RunnerUp,9.0,2,Lacey Schwimmer,Baseline,GenZ,1,1,0,0,0,3.3332999999999986,7.666661111111111,1.2292599400392026,0.5714285714285714,7,0.6250382784599849,0.8823529410207612
11,7,Kyle Massey,8.375,-1.3489,4,5.0,0,Actor/Actress,19,RunnerUp,9.0,2,Lacey Schwimmer,Baseline,GenZ,1,1,0,0,0,-1.6249666666666656,7.767852380952381,1.1536511800073166,0.3333333333333333,6,0.17753985897962493,0.8823529410207612
11,8,Kyle Massey,9.333333333333334,0.8992666666666665,3,3.0,0,Actor/Actress,19,RunnerUp,9.0,2,Lacey Schwimmer,Baseline,GenZ,1,1,0,0,0,0.9583333333333339,7.9635375,1.2029639322777348,0.6,5,0.3724655283719484,0.8823529410207612
11,9,Kyle Massey,9.666666666666666,0.67445,3,2.0,0,Actor/Actress,19,RunnerUp,9.0,2,Lacey Schwimmer,Baseline,GenZ,1,1,0,0,0,0.33333333333333215,8.152774074074074,1.260367515160401,0.75,4,0.21714110395230168,0.8823529410207612
4,1,Laila Ali,7.666666666666667,3.37225,3,2.0,0,Athlete,29,Finalist,9.0,3,Maksim Chmerkoskiy,Baseline,Millennial,1,0,1,0,0,0.0,7.666666666666667,0.0,0.9090909090909091,11,0.4984762460179316,0.769230769112426
4,2,Laila Ali,9.0,8.093399999999999,3,1.0,0,Athlete,29,Finalist,9.0,3,Maksim Chmerkoskiy,Baseline,Millennial,1,0,1,0,0,1.333333333333333,8.333333333333334,0.9428090415820629,1.0,11,0.396332693824844,0.769230769112426
4,3,Laila Ali,7.0,0.0,3,6.0,0,Athlete,29,Finalist,9.0,3,Maksim Chmerkoskiy,Baseline,Millennial,1,0,1,0,0,-2.0,7.888888888888889,1.0183501544346312,0.4,10,0.3796189342990133,0.769230769112426
4,4,Laila Ali,7.0,0.0,3,5.0,0,Athlete,29,Finalist,9.0,3,Maksim Chmerkoskiy,Baseline,Millennial,1,0,1,0,0,0.0,7.666666666666667,0.9428090415820635,0.5,9,0.6857795631655893,0.769230769112426
4,5,Laila Ali,9.333333333333334,2.4729833333333335,3,2.0,0,Athlete,29,Finalist,9.0,3,Maksim Chmerkoskiy,Baseline,Millennial,1,0,1,0,0,2.333333333333334,8.0,1.1055415967851334,0.875,8,0.8565504981186443,0.769230769112426
4,6,Laila Ali,9.333333333333334,2.6978,3,1.0,0,Athlete,29,Finalist,9.0,3,Maksim Chmerkoskiy,Baseline,Millennial,1,0,1,0,0,0.0,8.222222222222223,1.1287488977066933,0.9285714285714286,7,0.5230440988019412,0.769230769112426
4,7,Laila Ali,9.833333333333334,1.686125,3,1.0,0,Athlete,29,Finalist,9.0,3,Maksim Chmerkoskiy,Baseline,Millennial,1,0,1,0,0,0.5,8.452380952380953,1.1968874978625534,0.9166666666666666,6,0.6166725012165456,0.769230769112426
4,8,Laila Ali,8.833333333333334,-0.53956,3,3.0,0,Athlete,29,Finalist,9.0,3,Maksim Chmerkoskiy,Baseline,Millennial,1,0,1,0,0,-1.0,8.5,1.1162579209267662,0.6,5,0.5840496462933458,0.769230769112426
4,9,Laila Ali,10.0,0.0,3,1.0,0,Athlete,29,Finalist,9.0,3,Maksim Chmerkoskiy,Baseline,Millennial,1,0,1,0,0,1.166666666666666,8.666666666666666,1.157703665787484,0.875,4,0.07061902454516251,0.769230769112426
28,1,Lamar Odom,3.6666666666666665,-7.41895,3,12.0,0,Athlete,39,Eliminated,4.0,10,Peta Murgatroyd,Baseline,Millennial,1,0,1,0,0,0.0,3.6666666666666665,0.0,0.08333333333333333,12,0.43787372148581377,0.8208955222532858
28,2,Lamar Odom,4.0,-4.0466999999999995,3,12.0,0,Athlete,39,Eliminated,4.0,10,Peta Murgatroyd,Baseline,Millennial,1,0,1,0,0,0.3333333333333335,3.833333333333333,0.2357022603955161,0.08333333333333333,12,0.47956350834282285,0.8208955222532858
28,3,Lamar Odom,4.0,-4.4145818181818175,3,10.0,0,Athlete,39,Eliminated,4.0,10,Peta Murgatroyd,Baseline,Millennial,1,0,1,0,0,0.0,3.888888888888889,0.19245008972987546,0.1,10,0.6133798883273475,0.8208955222532858
28,4,Lamar Odom,5.0,-10.7912,4,10.0,0,Athlete,39,Eliminated,4.0,10,Peta Murgatroyd,Baseline,Millennial,1,0,1,0,0,1.0,4.166666666666666,0.5773502691896257,0.1,10,0.5078145797829611,0.8208955222532858
7,1,Lance Bass,7.166666666666667,2.6978,3,3.0,0,Singer/Rapper,29,Finalist,9.0,3,Lacey Schwimmer,Baseline,Millennial,1,0,1,0,0,0.0,7.166666666666667,0.0,0.8076923076923077,13,0.46761395795733807,0.9999999998
7,2,Lance Bass,6.666666666666667,-1.3489,3,7.0,0,Singer/Rapper,29,Finalist,9.0,3,Lacey Schwimmer,Baseline,Millennial,1,0,1,0,0,-0.5,6.916666666666667,0.3535533905932738,0.45454545454545453,11,0.45446442969466816,0.9999999998
7,3,Lance Bass,7.333333333333333,1.3489,3,4.0,0,Singer/Rapper,29,Finalist,9.0,3,Lacey Schwimmer,Baseline,Millennial,1,0,1,0,0,0.6666666666666661,7.055555555555556,0.3469443332443553,0.6111111111111112,9,0.49722893583777245,0.9999999998
7,4,Lance Bass,8.666666666666666,2.6978,3,1.0,0,Singer/Rapper,29,Finalist,9.0,3,Lacey Schwimmer,Baseline,Millennial,1,0,1,0,0,1.333333333333333,7.458333333333333,0.8539125638299664,0.9444444444444444,9,0.3840516658994702,0.9999999998
7,5,Lance Bass,7.0,-2.0233499999999998,3,7.0,0,Singer/Rapper,29,Finalist,9.0,3,Lacey Schwimmer,Baseline,Millennial,1,0,1,0,0,-1.666666666666666,7.366666666666665,0.7673909622147557,0.1875,8,0.48567564156210624,0.9999999998
7,6,Lance Bass,9.0,4.0466999999999995,3,1.0,0,Singer/Rapper,29,Finalist,9.0,3,Lacey Schwimmer,Baseline,Millennial,1,0,1,0,0,2.0,7.638888888888888,0.9569434365419625,1.0,7,0.5927017263992317,0.9999999998
7,7,Lance Bass,8.333333333333334,0.67445,3,2.0,0,Singer/Rapper,29,Finalist,9.0,3,Lacey Schwimmer,Baseline,Millennial,1,0,1,0,0,-0.6666666666666661,7.738095238095238,0.9121461407091422,0.75,6,0.46415559278875823,0.9999999998
7,8,Lance Bass,8.333333333333334,-0.67445,3,3.0,0,Singer/Rapper,29,Finalist,9.0,3,Lacey Schwimmer,Baseline,Millennial,1,0,1,0,0,0.0,7.8125,0.8703105630695726,0.6,5,0.24463147698635002,0.9999999998
7,9,Lance Bass,9.5,9.71208,3,1.0,0,Singer/Rapper,29,Finalist,9.0,3,Lacey Schwimmer,Baseline,Millennial,1,0,1,0,0,1.166666666666666,8.0,0.9895285072531599,1.0,4,0.34792128806784095,0.9999999998
28,1,Lauren Alaina,6.333333333333333,3.3722499999999997,3,3.0,0,Singer/Rapper,24,Active,,4,Gleb Savchenko,Baseline,GenZ,1,1,0,0,0,0.0,6.333333333333333,0.0,0.8333333333333334,12,0.43787372148581377,0.5660377357849768
28,2,Lauren Alaina,6.333333333333333,0.67445,3,6.0,0,Singer/Rapper,24,Active,,4,Gleb Savchenko,Baseline,GenZ,1,1,0,0,0,0.0,6.333333333333333,0.0,0.5416666666666666,12,0.47956350834282285,0.5660377357849768
28,3,Lauren Alaina,6.666666666666667,-0.49050909090909084,3,6.0,0,Singer/Rapper,24,Active,,4,Gleb Savchenko,Baseline,GenZ,1,1,0,0,0,0.3333333333333339,6.444444444444444,0.19245008972987546,0.45,10,0.6133798883273475,0.5660377357849768
28,4,Lauren Alaina,8.0,5.3956,4,1.0,0,Singer/Rapper,24,Active,,4,Gleb Savchenko,Baseline,GenZ,1,1,0,0,0,1.333333333333333,6.833333333333333,0.793492047615872,0.85,10,0.5078145797829611,0.5660377357849768
28,5,Lauren Alaina,7.666666666666667,-0.67445,3,7.0,0,Singer/Rapper,24,Active,,4,Gleb Savchenko,Baseline,GenZ,1,1,0,0,0,-0.33333333333333304,7.0,0.7817359599705713,0.3333333333333333,9,0.3793003283391501,0.5660377357849768
28,6,Lauren Alaina,8.666666666666666,-1.3489,3,4.0,0,Singer/Rapper,24,Active,,4,Gleb Savchenko,Baseline,GenZ,1,1,0,0,0,0.9999999999999991,7.277777777777778,0.9756289519340079,0.6111111111111112,9,0.2856680198138214,0.5660377357849768
28,7,Lauren Alaina,9.0,2.0233499999999998,3,1.0,0,Singer/Rapper,24,Active,,4,Gleb Savchenko,Baseline,GenZ,1,1,0,0,0,0.3333333333333339,7.523809523809524,1.103146054215495,0.875,8,0.30539195900041965,0.5660377357849768
28,8,Lauren Alaina,8.0,-2.5291495612390316,3,6.0,0,Singer/Rapper,24,Active,,4,Gleb Savchenko,Baseline,GenZ,1,1,0,0,0,-1.0,7.583333333333333,1.0350983390135307,0.2857142857142857,7,0.6478244180031981,0.5660377357849768
28,9,Lauren Alaina,8.75,-1.3489,4,5.0,0,Singer/Rapper,24,Active,,4,Gleb Savchenko,Baseline,GenZ,1,1,0,0,0,0.75,7.712962962962962,1.043424442832941,0.3333333333333333,6,0.5638778459091766,0.5660377357849768
28,10,Lauren Alaina,9.0,0.0,3,3.0,0,Singer/Rapper,24,Active,,4,Gleb Savchenko,Baseline,GenZ,1,1,0,0,0,0.25,7.841666666666666,1.0646175340596074,0.5,5,0.2273410164886406,0.5660377357849768
28,11,Lauren Alaina,9.5,0.0,3,1.0,0,Singer/Rapper,24,Active,,4,Gleb Savchenko,Baseline,GenZ,1,1,0,0,0,0.5,7.992424242424241,1.1269763784462192,1.0,1,0.0,0.5660377357849768
34,1,Lauren Jauregui,6.5,0.67445,2,4.0,0,Singer/Rapper,29,Eliminated,3.0,12,Brandon Armstrong,Baseline,Millennial,1,0,1,0,0,0.0,6.5,0.0,0.75,14,0.4627624262862272,0.5737704917374362
34,2,Lauren Jauregui,7.0,0.0,3,5.0,0,Singer/Rapper,29,Eliminated,3.0,12,Brandon Armstrong,Baseline,Millennial,1,0,1,0,0,0.5,6.75,0.3535533905932738,0.6071428571428571,14,0.3416136418926476,0.5737704917374362
34,3,Lauren Jauregui,6.0,-4.0466999999999995,3,11.0,0,Singer/Rapper,29,Eliminated,3.0,12,Brandon Armstrong,Baseline,Millennial,1,0,1,0,0,-1.0,6.5,0.5,0.125,12,0.31108428718662545,0.5737704917374362
23,1,Laurie Hernandez,7.75,9.4423,4,1.0,0,Athlete,16,Winner,11.0,1,Valentin Chmerkovskiy,Baseline,GenZ,1,1,0,0,0,0.0,7.75,0.0,0.9615384615384616,13,0.3571948801843556,0.9999999998
23,2,Laurie Hernandez,8.0,5.3956,4,1.0,0,Athlete,16,Winner,11.0,1,Valentin Chmerkovskiy,Baseline,GenZ,1,1,0,0,0,0.25,7.875,0.1767766952966369,1.0,13,0.3393969869703097,0.9999999998
23,3,Laurie Hernandez,7.75,4.0466999999999995,4,2.0,0,Athlete,16,Winner,11.0,1,Valentin Chmerkovskiy,Baseline,GenZ,1,1,0,0,0,-0.25,7.833333333333333,0.14433756729740638,0.9166666666666666,12,0.3351138365713949,0.9999999998
23,4,Laurie Hernandez,10.0,8.093399999999999,3,1.0,0,Athlete,16,Winner,11.0,1,Valentin Chmerkovskiy,Baseline,GenZ,1,1,0,0,0,2.25,8.375,1.0897247358851685,1.0,11,0.47614799152396176,0.9999999998
23,5,Laurie Hernandez,8.333333333333334,1.3489,3,5.0,0,Athlete,16,Winner,11.0,1,Valentin Chmerkovskiy,Baseline,GenZ,1,1,0,0,0,-1.666666666666666,8.366666666666667,0.9439132493096081,0.5555555555555556,9,0.2670765415358769,0.9999999998
23,6,Laurie Hernandez,9.25,3.23736,4,3.0,0,Athlete,16,Winner,11.0,1,Valentin Chmerkovskiy,Baseline,GenZ,1,1,0,0,0,0.9166666666666661,8.51388888888889,0.9180545049582154,0.7222222222222222,9,0.47408556627827925,0.9999999998
23,7,Laurie Hernandez,8.625,0.67445,4,3.0,0,Athlete,16,Winner,11.0,1,Valentin Chmerkovskiy,Baseline,GenZ,1,1,0,0,0,-0.625,8.529761904761905,0.8391168354240447,0.625,8,0.2015012068525293,0.9999999998
23,8,Laurie Hernandez,11.0,1.3488999999999998,3,2.0,0,Athlete,16,Winner,11.0,1,Valentin Chmerkovskiy,Baseline,GenZ,1,1,0,0,0,2.375,8.838541666666666,1.168883416966943,0.8571428571428571,7,0.6690734446527706,0.9999999998
23,9,Laurie Hernandez,10.0,5.3956,4,1.0,0,Athlete,16,Winner,11.0,1,Valentin Chmerkovskiy,Baseline,GenZ,1,1,0,0,0,-1.0,8.967592592592592,1.159909332876422,0.9166666666666666,6,0.20300527052245879,0.9999999998
23,10,Laurie Hernandez,10.0,0.0,3,1.0,0,Athlete,16,Winner,11.0,1,Valentin Chmerkovskiy,Baseline,GenZ,1,1,0,0,0,0.0,9.070833333333333,1.1412661503461519,0.9,5,0.12342269081606787,0.9999999998
23,11,Laurie Hernandez,9.833300000000001,2.158887536753662,4,1.0,0,Athlete,16,Winner,11.0,1,Valentin Chmerkovskiy,Baseline,GenZ,1,1,0,0,0,-0.16669999999999874,9.140148484848485,1.1068378724359702,1.0,4,0.1930224013992307,0.9999999998
8,1,Lawrence Taylor,5.333333333333333,-1.798533333333333,3,11.0,0,Athlete,50,Eliminated,7.0,7,Edyta Sliwinska,Baseline,GenX,1,0,0,1,0,0.0,5.333333333333333,0.0,0.23076923076923078,13,0.5052533901080313,0.8974358972748192
8,2,Lawrence Taylor,6.666666666666667,-0.67445,3,6.0,0,Athlete,50,Eliminated,7.0,7,Edyta Sliwinska,Baseline,GenX,1,0,0,1,0,1.333333333333334,6.0,0.9428090415820638,0.5384615384615384,13,0.5569947257167678,0.8974358972748192
8,3,Lawrence Taylor,6.666666666666667,-1.6601846153846154,3,8.0,0,Athlete,50,Eliminated,7.0,7,Edyta Sliwinska,Baseline,GenX,1,0,0,1,0,0.0,6.222222222222222,0.7698003589195014,0.4166666666666667,12,0.8197399719654512,0.8974358972748192
8,4,Lawrence Taylor,6.333333333333333,-1.686125,3,8.0,0,Athlete,50,Eliminated,7.0,7,Edyta Sliwinska,Baseline,GenX,1,0,0,1,0,-0.3333333333333339,6.25,0.6309898162000307,0.36363636363636365,11,0.8727302162833207,0.8974358972748192
8,5,Lawrence Taylor,6.666666666666667,-2.6978,3,8.0,0,Athlete,50,Eliminated,7.0,7,Edyta Sliwinska,Baseline,GenX,1,0,0,1,0,0.3333333333333339,6.333333333333334,0.5773502691896261,0.2222222222222222,9,0.5110184890411691,0.8974358972748192
8,6,Lawrence Taylor,7.333333333333333,-1.3489,3,6.0,0,Athlete,50,Eliminated,7.0,7,Edyta Sliwinska,Baseline,GenX,1,0,0,1,0,0.6666666666666661,6.5,0.6582805886043834,0.375,8,0.6442250432639264,0.8974358972748192
8,7,Lawrence Taylor,7.0,-8.093399999999999,3,7.0,0,Athlete,50,Eliminated,7.0,7,Edyta Sliwinska,Baseline,GenX,1,0,0,1,0,-0.33333333333333304,6.571428571428571,0.6299407883487123,0.14285714285714285,7,0.39948152909330925,0.8974358972748192
19,1,Lea Thompson,8.0,2.6978,4,3.0,0,Actor/Actress,53,Eliminated,9.0,6,Artem Chigvintsev,Baseline,GenX,1,0,0,1,0,0.0,8.0,0.0,0.8076923076923077,13,0.5160608028665913,0.9999999998
19,2,Lea Thompson,8.75,6.7444999999999995,4,1.0,0,Actor/Actress,53,Eliminated,9.0,6,Artem Chigvintsev,Baseline,GenX,1,0,0,1,0,0.75,8.375,0.5303300858899106,1.0,12,0.34613980535212147,0.9999999998
19,3,Lea Thompson,7.75,-1.3489,4,7.0,0,Actor/Actress,53,Eliminated,9.0,6,Artem Chigvintsev,Baseline,GenX,1,0,0,1,0,-1.0,8.166666666666666,0.520416499866533,0.45454545454545453,11,0.4983770171434502,0.9999999998
19,4,Lea Thompson,9.75,4.72115,4,2.0,0,Actor/Actress,53,Eliminated,9.0,6,Artem Chigvintsev,Baseline,GenX,1,0,0,1,0,2.0,8.5625,0.898494110535326,0.9,10,0.6408988180463647,0.9999999998
19,5,Lea Thompson,8.5,1.1990222222222222,4,2.0,0,Actor/Actress,53,Eliminated,9.0,6,Artem Chigvintsev,Baseline,GenX,1,0,0,1,0,-1.25,8.55,0.7786205751198718,0.8333333333333334,9,0.6379741452460631,0.9999999998
19,6,Lea Thompson,8.0,0.0,4,5.0,0,Actor/Actress,53,Eliminated,9.0,6,Artem Chigvintsev,Baseline,GenX,1,0,0,1,0,-0.5,8.458333333333334,0.7317217139505064,0.5,9,0.40693072682428794,0.9999999998
19,7,Lea Thompson,8.75,4.0466999999999995,4,2.0,0,Actor/Actress,53,Eliminated,9.0,6,Artem Chigvintsev,Baseline,GenX,1,0,0,1,0,0.75,8.5,0.6770032003863301,0.875,8,0.35475637925085574,0.9999999998
19,8,Lea Thompson,8.0,-3.043671794871795,4,5.0,0,Actor/Actress,53,Eliminated,9.0,6,Artem Chigvintsev,Baseline,GenX,1,0,0,1,0,-0.75,8.4375,0.6512350903146596,0.42857142857142855,7,0.7527152917135025,0.9999999998
19,9,Lea Thompson,8.75,-2.15824,4,5.0,0,Actor/Actress,53,Eliminated,9.0,6,Artem Chigvintsev,Baseline,GenX,1,0,0,1,0,0.75,8.472222222222221,0.6180165405913053,0.3333333333333333,6,0.4149567676500508,0.9999999998
17,1,Leah Remini,7.0,0.0,3,8.0,0,Actor/Actress,43,Eliminated,10.0,5,Tony Dovolani,Baseline,GenX,1,0,0,1,0,0.0,7.0,0.0,0.375,12,0.5199731865129118,0.6880733944007238
17,2,Leah Remini,8.0,0.0,3,4.0,0,Actor/Actress,43,Eliminated,10.0,5,Tony Dovolani,Baseline,GenX,1,0,0,1,0,1.0,7.5,0.7071067811865476,0.6666666666666666,12,0.4484757246093171,0.6880733944007238
17,3,Leah Remini,8.0,0.0,3,6.0,0,Actor/Actress,43,Eliminated,10.0,5,Tony Dovolani,Baseline,GenX,1,0,0,1,0,0.0,7.666666666666667,0.5773502691896257,0.45454545454545453,11,0.5590854517439097,0.6880733944007238
17,4,Leah Remini,8.0,0.0,3,4.0,0,Actor/Actress,43,Eliminated,10.0,5,Tony Dovolani,Baseline,GenX,1,0,0,1,0,0.0,7.75,0.4999999999999999,0.55,10,0.44008948670157627,0.6880733944007238
17,5,Leah Remini,7.333333333333333,-6.7445,3,9.0,0,Actor/Actress,43,Eliminated,10.0,5,Tony Dovolani,Baseline,GenX,1,0,0,1,0,-0.666666666666667,7.666666666666667,0.47140452079103173,0.1111111111111111,9,0.2898692456016402,0.6880733944007238
17,6,Leah Remini,9.3333,-0.6743656958576055,3,5.0,0,Actor/Actress,43,Eliminated,10.0,5,Tony Dovolani,Baseline,GenX,1,0,0,1,0,1.9999666666666664,7.9444388888888895,0.8004512617314103,0.5,8,0.42049341849041905,0.6880733944007238
17,7,Leah Remini,8.833333333333334,-1.3489,3,7.0,0,Actor/Actress,43,Eliminated,10.0,5,Tony Dovolani,Baseline,GenX,1,0,0,1,0,-0.49996666666666556,8.07142380952381,0.8042458428988647,0.25,8,0.23303861218816335,0.6880733944007238
17,8,Leah Remini,9.333333333333334,1.3489,3,3.0,0,Actor/Actress,43,Eliminated,10.0,5,Tony Dovolani,Baseline,GenX,1,0,0,1,0,0.5,8.229162500000001,0.8680217200554917,0.6428571428571429,7,0.33915469425313977,0.6880733944007238
17,9,Leah Remini,9.0,0.0,3,3.0,0,Actor/Actress,43,Eliminated,10.0,5,Tony Dovolani,Baseline,GenX,1,0,0,1,0,-0.3333333333333339,8.314811111111112,0.8516455568160053,0.5833333333333334,6,0.41659239388677904,0.6880733944007238
17,10,Leah Remini,8.125,-3.147433333333333,4,4.0,0,Actor/Actress,43,Eliminated,10.0,5,Tony Dovolani,Baseline,GenX,1,0,0,1,0,-0.875,8.29583,0.8051795291642632,0.4,5,0.42129980199254885,0.6880733944007238
4,1,Leeza Gibbons,5.0,-2.0233499999999998,3,10.0,0,Tv Personality,50,Eliminated,4.0,9,Tony Dovolani,Baseline,GenX,1,0,0,1,0,0.0,5.0,0.0,0.18181818181818182,11,0.4984762460179316,1.1111111108641976
4,2,Leeza Gibbons,7.0,0.0,3,6.0,0,Tv Personality,50,Eliminated,4.0,9,Tony Dovolani,Baseline,GenX,1,0,0,1,0,2.0,6.0,1.4142135623730951,0.4090909090909091,11,0.396332693824844,1.1111111108641976
4,3,Leeza Gibbons,8.0,4.0466999999999995,3,1.0,0,Tv Personality,50,Eliminated,4.0,9,Tony Dovolani,Baseline,GenX,1,0,0,1,0,1.0,6.666666666666667,1.5275252316519465,0.85,10,0.3796189342990133,1.1111111108641976
4,4,Leeza Gibbons,5.333333333333333,-3.37225,3,7.0,0,Tv Personality,50,Eliminated,4.0,9,Tony Dovolani,Baseline,GenX,1,0,0,1,0,-2.666666666666667,6.333333333333333,1.4142135623730951,0.2777777777777778,9,0.6857795631655893,1.1111111108641976
32,1,Lele Pons,6.333333333333333,1.9269999999999998,3,4.0,0,Social Media Personality,27,Eliminated,7.0,8,Brandon Armstrong,Baseline,Millennial,1,0,1,0,0,0.0,6.333333333333333,0.0,0.7857142857142857,14,0.5167192700762964,0.49999999995
32,2,Lele Pons,7.0,2.0233499999999998,3,3.0,0,Social Media Personality,27,Eliminated,7.0,8,Brandon Armstrong,Baseline,Millennial,1,0,1,0,0,0.666666666666667,6.666666666666666,0.4714045207910322,0.8076923076923077,13,0.5399540890069909,0.49999999995
32,3,Lele Pons,6.75,0.67445,4,5.0,0,Social Media Personality,27,Eliminated,7.0,8,Brandon Armstrong,Baseline,Millennial,1,0,1,0,0,-0.25,6.694444444444444,0.33678765702728214,0.6666666666666666,12,0.538842474800634,0.49999999995
32,4,Lele Pons,7.333333333333333,1.3489,3,5.0,0,Social Media Personality,27,Eliminated,7.0,8,Brandon Armstrong,Baseline,Millennial,1,0,1,0,0,0.583333333333333,6.854166666666666,0.4214997473748203,0.6363636363636364,11,0.4316930922346303,0.49999999995
32,5,Lele Pons,8.0,0.0,3,4.0,0,Social Media Personality,27,Eliminated,7.0,8,Brandon Armstrong,Baseline,Millennial,1,0,1,0,0,0.666666666666667,7.083333333333333,0.6291528696058962,0.55,10,0.4664939229167582,0.49999999995
32,6,Lele Pons,9.25,0.7707999999999999,4,5.0,0,Social Media Personality,27,Eliminated,7.0,8,Brandon Armstrong,Baseline,Millennial,1,0,1,0,0,1.25,7.444444444444444,1.0483673373746791,0.5555555555555556,9,0.5153253660800832,0.49999999995
32,7,Lele Pons,9.125,1.3489,4,3.0,0,Social Media Personality,27,Eliminated,7.0,8,Brandon Armstrong,Baseline,Millennial,1,0,1,0,0,-0.125,7.684523809523809,1.1486347428520403,0.75,8,0.21729018814696918,0.49999999995
8,1,Lil' Kim,7.0,2.6977999999999995,3,4.0,0,Singer/Rapper,34,Eliminated,9.0,5,Derek Hough,Baseline,Millennial,1,0,1,0,0,0.0,7.0,0.0,0.7692307692307693,13,0.5052533901080313,1.3636363632644628
8,2,Lil' Kim,7.666666666666667,1.3489,3,4.0,0,Singer/Rapper,34,Eliminated,9.0,5,Derek Hough,Baseline,Millennial,1,0,1,0,0,0.666666666666667,7.333333333333334,0.47140452079103157,0.7692307692307693,13,0.5569947257167678,1.3636363632644628
8,3,Lil' Kim,8.333333333333334,0.41504615384615384,3,4.0,0,Singer/Rapper,34,Eliminated,9.0,5,Derek Hough,Baseline,Millennial,1,0,1,0,0,0.666666666666667,7.666666666666667,0.6666666666666667,0.75,12,0.8197399719654512,1.3636363632644628
8,4,Lil' Kim,9.0,1.0116749999999999,3,3.0,0,Singer/Rapper,34,Eliminated,9.0,5,Derek Hough,Baseline,Millennial,1,0,1,0,0,0.6666666666666661,8.0,0.8606629658238705,0.8181818181818182,11,0.8727302162833207,1.3636363632644628
8,5,Lil' Kim,8.666666666666666,1.3489,3,2.0,0,Singer/Rapper,34,Eliminated,9.0,5,Derek Hough,Baseline,Millennial,1,0,1,0,0,-0.3333333333333339,8.133333333333333,0.8027729719194864,0.8333333333333334,9,0.5110184890411691,1.3636363632644628
8,6,Lil' Kim,9.333333333333334,2.6978,3,1.0,0,Singer/Rapper,34,Eliminated,9.0,5,Derek Hough,Baseline,Millennial,1,0,1,0,0,0.6666666666666679,8.333333333333334,0.8692269873603535,1.0,8,0.6442250432639264,1.3636363632644628
8,7,Lil' Kim,8.666666666666666,-1.3489,3,5.0,0,Singer/Rapper,34,Eliminated,9.0,5,Derek Hough,Baseline,Millennial,1,0,1,0,0,-0.6666666666666679,8.380952380952381,0.8034317926884933,0.42857142857142855,7,0.39948152909330925,1.3636363632644628
8,8,Lil' Kim,9.333333333333334,1.5415999999999999,3,1.0,0,Singer/Rapper,34,Eliminated,9.0,5,Derek Hough,Baseline,Millennial,1,0,1,0,0,0.6666666666666679,8.5,0.8164965809277267,1.0,6,0.25973282394927005,1.3636363632644628
8,9,Lil' Kim,8.666666666666666,-1.3489,3,4.0,0,Singer/Rapper,34,Eliminated,9.0,5,Derek Hough,Baseline,Millennial,1,0,1,0,0,-0.6666666666666679,8.518518518518519,0.7657804862272352,0.4,5,0.33639355175374314,1.3636363632644628
25,1,Lindsey Stirling,7.333333333333333,5.3956,3,1.0,0,Musician,31,RunnerUp,10.0,2,Mark Ballas,Baseline,Millennial,1,0,1,0,0,0.0,7.333333333333333,0.0,0.9615384615384616,13,0.3689849053575016,0.899999999838
25,2,Lindsey Stirling,7.5,2.0233499999999998,3,4.0,0,Musician,31,RunnerUp,10.0,2,Mark Ballas,Baseline,Millennial,1,0,1,0,0,0.16666666666666696,7.416666666666666,0.11785113019775845,0.7307692307692307,13,0.32635345291716955,0.899999999838
25,3,Lindsey Stirling,9.0,8.093399999999999,3,1.0,0,Musician,31,RunnerUp,10.0,2,Mark Ballas,Baseline,Millennial,1,0,1,0,0,1.5,7.944444444444444,0.9179284245476842,1.0,11,0.32865933280605497,0.899999999838
25,4,Lindsey Stirling,8.666666666666666,2.0,3,3.0,0,Musician,31,RunnerUp,10.0,2,Mark Ballas,Baseline,Millennial,1,0,1,0,0,-0.3333333333333339,8.125,0.8319432851039968,0.8181818181818182,11,0.28962268552870457,0.899999999838
25,5,Lindsey Stirling,9.333333333333334,1.3489,3,3.0,0,Musician,31,RunnerUp,10.0,2,Mark Ballas,Baseline,Millennial,1,0,1,0,0,0.6666666666666679,8.366666666666665,0.9006170724070868,0.8,10,0.37092052770744643,0.899999999838
25,6,Lindsey Stirling,10.0,4.31648,4,1.0,0,Musician,31,RunnerUp,10.0,2,Mark Ballas,Baseline,Millennial,1,0,1,0,0,0.6666666666666661,8.638888888888888,1.0457143579957764,1.0,9,0.5189417288061872,0.899999999838
25,7,Lindsey Stirling,8.5,-2.0233499999999998,3,6.0,0,Musician,31,RunnerUp,10.0,2,Mark Ballas,Baseline,Millennial,1,0,1,0,0,-1.5,8.619047619047619,0.956044540814477,0.375,8,0.30981358245498597,0.899999999838
25,8,Lindsey Stirling,9.0,2.0233499999999998,3,2.0,0,Musician,31,RunnerUp,10.0,2,Mark Ballas,Baseline,Millennial,1,0,1,0,0,0.5,8.666666666666666,0.8953140798553889,0.8333333333333334,6,0.3472691388757993,0.899999999838
25,9,Lindsey Stirling,9.5,1.6186800000000001,3,2.0,0,Musician,31,RunnerUp,10.0,2,Mark Ballas,Baseline,Millennial,1,0,1,0,0,0.5,8.75925925925926,0.882354454126033,0.8,5,0.3172501667528296,0.899999999838
25,10,Lindsey Stirling,10.0,0.0,4,1.0,0,Musician,31,RunnerUp,10.0,2,Mark Ballas,Baseline,Millennial,1,0,1,0,0,0.5,8.883333333333333,0.9197758717867021,0.875,4,0.1312925956335496,0.899999999838
2,1,Lisa Rinna,6.333333333333333,-0.9810181818181817,3,7.0,0,Actor/Actress,42,Eliminated,7.0,4,Louis Van Amstel,Baseline,GenX,1,0,0,1,0,0.0,6.333333333333333,0.0,0.4,10,0.611207926325423,0.8333333331944445
2,2,Lisa Rinna,6.666666666666667,-0.8992666666666665,3,7.0,0,Actor/Actress,42,Eliminated,7.0,4,Louis Van Amstel,Baseline,GenX,1,0,0,1,0,0.3333333333333339,6.5,0.23570226039551626,0.3333333333333333,9,0.6249006826786333,0.8333333331944445
2,3,Lisa Rinna,8.333333333333334,0.67445,3,4.0,0,Actor/Actress,42,Eliminated,7.0,4,Louis Van Amstel,Baseline,GenX,1,0,0,1,0,1.666666666666667,7.111111111111112,1.0715167512214399,0.625,8,0.6679176515427974,0.8333333331944445
2,4,Lisa Rinna,8.666666666666666,1.3489,3,2.0,0,Actor/Actress,42,Eliminated,7.0,4,Louis Van Amstel,Baseline,GenX,1,0,0,1,0,0.33333333333333215,7.5,1.1706281947614154,0.7857142857142857,7,0.999999999557445,0.8333333331944445
2,5,Lisa Rinna,8.333333333333334,1.3489,3,3.0,0,Actor/Actress,42,Eliminated,7.0,4,Louis Van Amstel,Baseline,GenX,1,0,0,1,0,-0.33333333333333215,7.666666666666667,1.0801234497346435,0.6666666666666666,6,0.43176946429931184,0.8333333331944445
2,6,Lisa Rinna,9.0,0.0,3,3.0,0,Actor/Actress,42,Eliminated,7.0,4,Louis Van Amstel,Baseline,GenX,1,0,0,1,0,0.6666666666666661,7.888888888888889,1.10888666221108,0.6,5,0.5173667882126445,0.8333333331944445
2,7,Lisa Rinna,8.833333333333334,-0.7707999999999999,3,3.0,0,Actor/Actress,42,Eliminated,7.0,4,Louis Van Amstel,Baseline,GenX,1,0,0,1,0,-0.16666666666666607,8.023809523809524,1.0733668534645562,0.5,4,0.4966207044959312,0.8333333331944445
16,1,Lisa Vanderpump,6.0,0.0,3,8.0,0,Tv Personality,52,Eliminated,4.0,10,Gleb Savchenko,Baseline,GenX,1,0,0,1,0,0.0,6.0,0.0,0.3333333333333333,12,0.43333212536664834,0.9999999998
16,2,Lisa Vanderpump,6.0,-1.0116749999999999,3,8.0,0,Tv Personality,52,Eliminated,4.0,10,Gleb Savchenko,Baseline,GenX,1,0,0,1,0,0.0,6.0,0.0,0.3333333333333333,12,0.5423210352279798,0.9999999998
16,3,Lisa Vanderpump,7.0,0.0,3,6.0,0,Tv Personality,52,Eliminated,4.0,10,Gleb Savchenko,Baseline,GenX,1,0,0,1,0,1.0,6.333333333333333,0.5773502691896258,0.45454545454545453,11,0.5569510497714374,0.9999999998
16,4,Lisa Vanderpump,6.0,-4.0466999999999995,3,9.0,0,Tv Personality,52,Eliminated,4.0,10,Gleb Savchenko,Baseline,GenX,1,0,0,1,0,-1.0,6.25,0.5,0.15,10,0.4877780857411537,0.9999999998
19,1,Lolo Jones,5.5,-4.0466999999999995,4,12.0,0,Athlete,32,Eliminated,1.0,13,Keo Motsepe,Baseline,Millennial,1,0,1,0,0,0.0,5.5,0.0,0.15384615384615385,13,0.5160608028665913,0.9999999998
9,1,Louie Vito,8.999933333333333,1.1901589732729791,3,7.0,0,Athlete,21,Eliminated,6.0,8,Chelsie Hightower,Baseline,GenZ,1,1,0,0,0,0.0,8.999933333333333,0.0,0.59375,16,0.7859138369788743,1.2499999996875
9,2,Louie Vito,6.333333333333333,-2.6978,3,9.0,0,Athlete,21,Eliminated,6.0,8,Chelsie Hightower,Baseline,GenZ,1,1,0,0,0,-2.6666,7.666633333333333,1.8855709427120477,0.32142857142857145,14,0.4556015122439362,1.2499999996875
9,3,Louie Vito,6.666666666666667,2.6978,3,6.0,0,Athlete,21,Eliminated,6.0,8,Chelsie Hightower,Baseline,GenZ,1,1,0,0,0,0.3333333333333339,7.333311111111111,1.452928078564621,0.5769230769230769,13,0.5708475093633384,1.2499999996875
9,4,Louie Vito,5.333333333333333,-5.3956,3,10.0,0,Athlete,21,Eliminated,6.0,8,Chelsie Hightower,Baseline,GenZ,1,1,0,0,0,-1.333333333333334,6.833316666666667,1.5515511954886385,0.13636363636363635,11,0.6760139186794596,1.2499999996875
9,5,Louie Vito,7.333333333333333,-1.798533333333333,3,8.0,0,Athlete,21,Eliminated,6.0,8,Chelsie Hightower,Baseline,GenZ,1,1,0,0,0,2.0,6.93332,1.3621624967512342,0.25,10,0.3666588158943709,1.2499999996875
9,6,Louie Vito,8.0,-2.856477314839325,3,7.0,0,Athlete,21,Eliminated,6.0,8,Chelsie Hightower,Baseline,GenZ,1,1,0,0,0,0.666666666666667,7.1111,1.2938406796991833,0.3333333333333333,9,0.7538076457857609,1.2499999996875
9,1,Macy Gray,6.3333,-2.6185306562193924,3,15.0,0,Singer/Rapper,42,Eliminated,1.0,15,Jonathan Roberts,Baseline,GenX,1,0,0,1,0,0.0,6.3333,0.0,0.09375,16,0.7859138369788743,0.6521739129584121
11,1,Margaret Cho,5.0,-2.0233499999999998,3,10.0,0,Comedian,41,Eliminated,3.0,10,Louis Van Amstel,Baseline,GenX,1,0,0,1,0,0.0,5.0,0.0,0.16666666666666666,12,0.49711840367327736,0.9999999998
11,2,Margaret Cho,6.0,-4.0466999999999995,3,9.0,0,Comedian,41,Eliminated,3.0,10,Louis Van Amstel,Baseline,GenX,1,0,0,1,0,1.0,5.5,0.7071067811865476,0.22727272727272727,11,0.486830811549821,0.9999999998
11,3,Margaret Cho,6.0,-8.093399999999999,3,10.0,0,Comedian,41,Eliminated,3.0,10,Louis Van Amstel,Baseline,GenX,1,0,0,1,0,0.0,5.666666666666667,0.5773502691896257,0.1,10,0.3899869355281724,0.9999999998
14,1,Maria Menounos,7.0,0.0,3,8.0,0,Tv Personality,33,Eliminated,9.0,4,Derek Hough,Baseline,Millennial,1,0,1,0,0,0.0,7.0,0.0,0.375,12,0.31763966986668124,1.5999999994879999
14,2,Maria Menounos,8.333333333333334,5.3956,3,3.0,0,Tv Personality,33,Eliminated,9.0,4,Derek Hough,Baseline,Millennial,1,0,1,0,0,1.333333333333334,7.666666666666667,0.9428090415820638,0.7916666666666666,12,0.42874242358520726,1.5999999994879999
14,3,Maria Menounos,9.0,4.0466999999999995,3,3.0,0,Tv Personality,33,Eliminated,9.0,4,Derek Hough,Baseline,Millennial,1,0,1,0,0,0.6666666666666661,8.111111111111112,1.0183501544346314,0.8181818181818182,11,0.26687070216692765,1.5999999994879999
14,4,Maria Menounos,8.666666666666666,2.6978,3,2.0,0,Tv Personality,33,Eliminated,9.0,4,Derek Hough,Baseline,Millennial,1,0,1,0,0,-0.3333333333333339,8.25,0.8766518798921945,0.85,10,0.34805157127333136,1.5999999994879999
14,5,Maria Menounos,9.0,2.0233499999999998,3,3.0,0,Tv Personality,33,Eliminated,9.0,4,Derek Hough,Baseline,Millennial,1,0,1,0,0,0.3333333333333339,8.4,0.8299933065325822,0.7222222222222222,9,0.5290360116779419,1.5999999994879999
14,6,Maria Menounos,9.999966666666666,-1.116331996813872,3,6.0,0,Tv Personality,33,Eliminated,9.0,4,Derek Hough,Baseline,Millennial,1,0,1,0,0,0.9999666666666656,8.666661111111111,0.9888174756673673,0.375,8,0.7511618976913882,1.5999999994879999
14,7,Maria Menounos,9.5,4.0466999999999995,3,1.0,0,Tv Personality,33,Eliminated,9.0,4,Derek Hough,Baseline,Millennial,1,0,1,0,0,-0.49996666666666556,8.785709523809524,0.9560374846816423,1.0,7,0.22476239603259227,1.5999999994879999
14,8,Maria Menounos,8.833333333333334,-3.3722499999999993,3,5.0,0,Tv Personality,33,Eliminated,9.0,4,Derek Hough,Baseline,Millennial,1,0,1,0,0,-0.6666666666666661,8.7916625,0.8852788548997085,0.3333333333333333,6,0.15990606043517003,1.5999999994879999
14,9,Maria Menounos,9.833333333333334,2.6978,3,1.0,0,Tv Personality,33,Eliminated,9.0,4,Derek Hough,Baseline,Millennial,1,0,1,0,0,1.0,8.907403703703704,0.8979521455395113,1.0,4,0.09522267327127348,1.5999999994879999
5,1,Marie Osmond,7.0,0.0,3,5.0,0,Singer/Rapper,47,Finalist,9.0,3,Jonathan Roberts,Baseline,GenX,1,0,0,1,0,0.0,7.0,0.0,0.5,12,0.43333212536664834,0.7894736840858726
5,2,Marie Osmond,8.0,4.0466999999999995,3,3.0,0,Singer/Rapper,47,Finalist,9.0,3,Jonathan Roberts,Baseline,GenX,1,0,0,1,0,1.0,7.5,0.7071067811865476,0.8181818181818182,11,0.49926936703821634,0.7894736840858726
5,3,Marie Osmond,8.666666666666666,1.3489,3,4.0,0,Singer/Rapper,47,Finalist,9.0,3,Jonathan Roberts,Baseline,GenX,1,0,0,1,0,0.6666666666666661,7.888888888888888,0.838870492807861,0.65,10,0.48404598740959837,0.7894736840858726
5,4,Marie Osmond,8.666666666666666,-1.3489,3,5.0,0,Singer/Rapper,47,Finalist,9.0,3,Jonathan Roberts,Baseline,GenX,1,0,0,1,0,0.0,8.083333333333332,0.787635937708768,0.4444444444444444,9,0.3459611525374582,0.7894736840858726
5,5,Marie Osmond,7.0,-2.0233499999999998,3,7.0,0,Singer/Rapper,47,Finalist,9.0,3,Jonathan Roberts,Baseline,GenX,1,0,0,1,0,-1.666666666666666,7.866666666666665,0.8366600265340752,0.1875,8,0.44211573266568344,0.7894736840858726
5,6,Marie Osmond,7.666666666666667,-5.3956,3,6.0,0,Singer/Rapper,47,Finalist,9.0,3,Jonathan Roberts,Baseline,GenX,1,0,0,1,0,0.666666666666667,7.833333333333333,0.7527726527090807,0.2857142857142857,7,0.41475381280507095,0.7894736840858726
5,7,Marie Osmond,8.666666666666666,1.3489,3,3.0,0,Singer/Rapper,47,Finalist,9.0,3,Jonathan Roberts,Baseline,GenX,1,0,0,1,0,0.9999999999999991,7.952380952380952,0.7559289460184542,0.5833333333333334,6,0.10431121227324179,0.7894736840858726
5,8,Marie Osmond,8.166666666666666,-1.3489,3,5.0,0,Singer/Rapper,47,Finalist,9.0,3,Jonathan Roberts,Baseline,GenX,1,0,0,1,0,-0.5,7.979166666666666,0.7039429765866791,0.2,5,0.26899351830355234,0.7894736840858726
5,9,Marie Osmond,9.333333333333334,-5.3956,3,4.0,0,Singer/Rapper,47,Finalist,9.0,3,Jonathan Roberts,Baseline,GenX,1,0,0,1,0,1.1666666666666679,8.129629629629628,0.7983393257333286,0.25,4,0.14123804909032478,0.7894736840858726
23,1,Marilu Henner,6.75,4.0466999999999995,4,3.0,0,Actor/Actress,64,Eliminated,9.0,6,Derek Hough,Baseline,Boomer,1,0,0,0,1,0.0,6.75,0.0,0.8076923076923077,13,0.3571948801843556,1.818181817520661
23,2,Marilu Henner,6.75,-1.3489,4,7.0,0,Actor/Actress,64,Eliminated,9.0,6,Derek Hough,Baseline,Boomer,1,0,0,0,1,0.0,6.75,0.0,0.5384615384615384,13,0.3393969869703097,1.818181817520661
23,3,Marilu Henner,7.0,0.0,4,5.0,0,Actor/Actress,64,Eliminated,9.0,6,Derek Hough,Baseline,Boomer,1,0,0,0,1,0.25,6.833333333333333,0.14433756729740657,0.625,12,0.3351138365713949,1.818181817520661
23,4,Marilu Henner,7.0,-4.0466999999999995,3,10.0,0,Actor/Actress,64,Eliminated,9.0,6,Derek Hough,Baseline,Boomer,1,0,0,0,1,0.0,6.875,0.14433756729740657,0.18181818181818182,11,0.47614799152396176,1.818181817520661
23,5,Marilu Henner,9.0,4.0466999999999995,3,2.0,0,Actor/Actress,64,Eliminated,9.0,6,Derek Hough,Baseline,Boomer,1,0,0,0,1,2.0,7.3,0.9585144756340407,0.8333333333333334,9,0.2670765415358769,1.818181817520661
23,6,Marilu Henner,8.5,0.0,4,5.0,0,Actor/Actress,64,Eliminated,9.0,6,Derek Hough,Baseline,Boomer,1,0,0,0,1,-0.5,7.5,0.9874208829065749,0.5555555555555556,9,0.47408556627827925,1.818181817520661
23,7,Marilu Henner,8.0,-2.6978,4,8.0,0,Actor/Actress,64,Eliminated,9.0,6,Derek Hough,Baseline,Boomer,1,0,0,0,1,-0.5,7.571428571428571,0.9209854970162591,0.125,8,0.2015012068525293,1.818181817520661
23,8,Marilu Henner,7.666666666666667,-3.147433333333333,3,7.0,0,Actor/Actress,64,Eliminated,9.0,6,Derek Hough,Baseline,Boomer,1,0,0,0,1,-0.33333333333333304,7.583333333333333,0.8533314732122583,0.14285714285714285,7,0.6690734446527706,1.818181817520661
23,9,Marilu Henner,9.0,0.0,4,5.0,0,Actor/Actress,64,Eliminated,9.0,6,Derek Hough,Baseline,Boomer,1,0,0,0,1,1.333333333333333,7.740740740740741,0.927440890266475,0.25,6,0.20300527052245879,1.818181817520661
6,1,Mario,8.0,2.0233499999999998,3,2.0,0,Singer/Rapper,21,Eliminated,8.0,5,Karina Smirnoff,Baseline,GenZ,1,1,0,0,0,0.0,8.0,0.0,0.875,12,0.5700360697074371,0.9374999998242188
6,2,Mario,8.666666666666666,3.37225,3,3.0,0,Singer/Rapper,21,Eliminated,8.0,5,Karina Smirnoff,Baseline,GenZ,1,1,0,0,0,0.6666666666666661,8.333333333333332,0.4714045207910319,0.8333333333333334,12,0.6209750281031806,0.9374999998242188
6,3,Mario,7.0,-2.0233499999999998,3,6.0,0,Singer/Rapper,21,Eliminated,8.0,5,Karina Smirnoff,Baseline,GenZ,1,1,0,0,0,-1.666666666666666,7.888888888888888,0.8388704928078606,0.35,10,0.3859358227489988,0.9374999998242188
6,4,Mario,8.0,0.0,3,5.0,0,Singer/Rapper,21,Eliminated,8.0,5,Karina Smirnoff,Baseline,GenZ,1,1,0,0,0,1.0,7.916666666666666,0.6871842709362764,0.4444444444444444,9,0.4947915244151312,0.9374999998242188
6,5,Mario,9.0,2.0233499999999998,3,2.0,0,Singer/Rapper,21,Eliminated,8.0,5,Karina Smirnoff,Baseline,GenZ,1,1,0,0,0,1.0,8.133333333333333,0.7673909622147558,0.8125,8,0.4172448490929672,0.9374999998242188
6,6,Mario,9.333333333333334,1.3489,3,2.0,0,Singer/Rapper,21,Eliminated,8.0,5,Karina Smirnoff,Baseline,GenZ,1,1,0,0,0,0.3333333333333339,8.333333333333334,0.8432740427115681,0.8571428571428571,7,0.44020720490261217,0.9374999998242188
6,7,Mario,8.5,0.0,3,4.0,0,Singer/Rapper,21,Eliminated,8.0,5,Karina Smirnoff,Baseline,GenZ,1,1,0,0,0,-0.8333333333333339,8.357142857142858,0.7723735149271025,0.4166666666666667,6,0.23207779639437903,0.9374999998242188
6,8,Mario,8.833333333333334,-0.8992666666666665,3,3.0,0,Singer/Rapper,21,Eliminated,8.0,5,Karina Smirnoff,Baseline,GenZ,1,1,0,0,0,0.3333333333333339,8.416666666666666,0.7346308866924534,0.6,5,0.19928629122843222,0.9374999998242188
3,1,Mario Lopez,8.666666666666666,3.5970666666666666,3,1.0,0,Actor/Actress,32,RunnerUp,8.0,2,Karina Smirnoff,Baseline,Millennial,1,0,1,0,0,0.0,8.666666666666666,0.0,1.0,11,0.6156691610882334,0.9999999998
3,2,Mario Lopez,7.0,-4.0466999999999995,3,7.0,0,Actor/Actress,32,RunnerUp,8.0,2,Karina Smirnoff,Baseline,Millennial,1,0,1,0,0,-1.666666666666666,7.833333333333333,1.1785113019775788,0.3,10,0.42867833173589404,0.9999999998
3,3,Mario Lopez,7.333333333333333,-1.798533333333333,3,4.0,0,Actor/Actress,32,RunnerUp,8.0,2,Karina Smirnoff,Baseline,Millennial,1,0,1,0,0,0.33333333333333304,7.666666666666667,0.8819171036881965,0.5,9,0.40399558795697227,0.9999999998
3,4,Mario Lopez,9.666666666666666,6.7445,3,1.0,0,Actor/Actress,32,RunnerUp,8.0,2,Karina Smirnoff,Baseline,Millennial,1,0,1,0,0,2.333333333333333,8.166666666666666,1.2322818340454906,1.0,8,0.45125042141248917,0.9999999998
3,5,Mario Lopez,9.0,0.0,3,1.0,0,Actor/Actress,32,RunnerUp,8.0,2,Karina Smirnoff,Baseline,Millennial,1,0,1,0,0,-0.6666666666666661,8.333333333333332,1.1303883305208782,0.7857142857142857,7,0.2159447251290409,0.9999999998
3,6,Mario Lopez,9.333333333333334,2.6978,3,1.0,0,Actor/Actress,32,RunnerUp,8.0,2,Karina Smirnoff,Baseline,Millennial,1,0,1,0,0,0.3333333333333339,8.5,1.0903618155864088,1.0,5,0.5379870366071047,0.9999999998
3,7,Mario Lopez,9.333333333333334,2.6978,3,3.0,0,Actor/Actress,32,RunnerUp,8.0,2,Karina Smirnoff,Baseline,Millennial,1,0,1,0,0,0.0,8.619047619047619,1.044005311263832,0.6,5,0.3420071809385997,0.9999999998
3,8,Mario Lopez,9.5,3.2373600000000002,3,1.0,0,Actor/Actress,32,RunnerUp,8.0,2,Karina Smirnoff,Baseline,Millennial,1,0,1,0,0,0.16666666666666607,8.729166666666666,1.0155048005794953,1.0,4,0.1277546222602921,0.9999999998
6,1,Marissa Jaret Winokur,6.0,-2.0233499999999998,3,8.0,0,Actor/Actress,35,Eliminated,9.0,4,Tony Dovolani,Baseline,Millennial,1,0,1,0,0,0.0,6.0,0.0,0.375,12,0.5700360697074371,0.8333333331944445
6,2,Marissa Jaret Winokur,7.0,0.0,3,6.0,0,Actor/Actress,35,Eliminated,9.0,4,Tony Dovolani,Baseline,Millennial,1,0,1,0,0,1.0,6.5,0.7071067811865476,0.5416666666666666,12,0.6209750281031806,0.8333333331944445
6,3,Marissa Jaret Winokur,6.333333333333333,-4.72115,3,10.0,0,Actor/Actress,35,Eliminated,9.0,4,Tony Dovolani,Baseline,Millennial,1,0,1,0,0,-0.666666666666667,6.444444444444444,0.5091750772173156,0.1,10,0.3859358227489988,0.8333333331944445
6,4,Marissa Jaret Winokur,8.0,0.0,3,5.0,0,Actor/Actress,35,Eliminated,9.0,4,Tony Dovolani,Baseline,Millennial,1,0,1,0,0,1.666666666666667,6.833333333333333,0.8819171036881966,0.4444444444444444,9,0.4947915244151312,0.8333333331944445
6,5,Marissa Jaret Winokur,8.0,0.0,3,4.0,0,Actor/Actress,35,Eliminated,9.0,4,Tony Dovolani,Baseline,Millennial,1,0,1,0,0,0.0,7.0666666666666655,0.9249624617007736,0.625,8,0.4172448490929672,0.8333333331944445
6,6,Marissa Jaret Winokur,8.666666666666666,-1.3489,3,4.0,0,Actor/Actress,35,Eliminated,9.0,4,Tony Dovolani,Baseline,Millennial,1,0,1,0,0,0.6666666666666661,7.333333333333333,1.0540925533894592,0.5714285714285714,7,0.44020720490261217,0.8333333331944445
6,7,Marissa Jaret Winokur,8.666666666666666,1.798533333333333,3,3.0,0,Actor/Actress,35,Eliminated,9.0,4,Tony Dovolani,Baseline,Millennial,1,0,1,0,0,0.0,7.523809523809524,1.0862293403762293,0.6666666666666666,6,0.23207779639437903,0.8333333331944445
6,8,Marissa Jaret Winokur,8.333333333333334,-3.597066666666666,3,5.0,0,Actor/Actress,35,Eliminated,9.0,4,Tony Dovolani,Baseline,Millennial,1,0,1,0,0,-0.33333333333333215,7.625,1.0455878577403082,0.2,5,0.19928629122843222,0.8333333331944445
6,9,Marissa Jaret Winokur,8.666666666666666,-2.6978,3,4.0,0,Actor/Actress,35,Eliminated,9.0,4,Tony Dovolani,Baseline,Millennial,1,0,1,0,0,0.33333333333333215,7.74074074074074,1.0378634273482994,0.25,4,0.1593380086915794,0.8333333331944445
5,1,Mark Cuban,7.0,0.0,3,5.0,0,Tv Personality,49,Eliminated,5.0,8,Kym Johnson,Baseline,GenX,1,0,0,1,0,0.0,7.0,0.0,0.5,12,0.43333212536664834,1.4285714281632653
5,2,Mark Cuban,6.0,-4.0466999999999995,3,10.0,0,Tv Personality,49,Eliminated,5.0,8,Kym Johnson,Baseline,GenX,1,0,0,1,0,-1.0,6.5,0.7071067811865476,0.18181818181818182,11,0.49926936703821634,1.4285714281632653
5,3,Mark Cuban,6.666666666666667,-2.6978,3,9.0,0,Tv Personality,49,Eliminated,5.0,8,Kym Johnson,Baseline,GenX,1,0,0,1,0,0.666666666666667,6.555555555555556,0.5091750772173156,0.2,10,0.48404598740959837,1.4285714281632653
5,4,Mark Cuban,7.333333333333333,-6.7445,3,9.0,0,Tv Personality,49,Eliminated,5.0,8,Kym Johnson,Baseline,GenX,1,0,0,1,0,0.6666666666666661,6.75,0.569275042553311,0.1111111111111111,9,0.3459611525374582,1.4285714281632653
5,5,Mark Cuban,7.0,-2.0233499999999998,3,7.0,0,Tv Personality,49,Eliminated,5.0,8,Kym Johnson,Baseline,GenX,1,0,0,1,0,-0.33333333333333304,6.8,0.5055250296034367,0.1875,8,0.44211573266568344,1.4285714281632653
9,1,Mark Dacascos,9.6666,2.142343282949943,3,6.0,0,Actor/Actress,45,Eliminated,7.0,6,Lacey Schwimmer,Baseline,GenX,1,0,0,1,0,0.0,9.6666,0.0,0.6875,16,0.7859138369788743,0.9090909089256198
9,2,Mark Dacascos,7.0,0.0,3,4.0,0,Actor/Actress,45,Eliminated,7.0,6,Lacey Schwimmer,Baseline,GenX,1,0,0,1,0,-2.6666000000000007,8.333300000000001,1.8855709427120488,0.7142857142857143,14,0.4556015122439362,0.9090909089256198
9,3,Mark Dacascos,6.0,0.0,3,9.0,0,Actor/Actress,45,Eliminated,7.0,6,Lacey Schwimmer,Baseline,GenX,1,0,0,1,0,-1.0,7.555533333333334,1.8953764410621277,0.38461538461538464,13,0.5708475093633384,0.9090909089256198
9,4,Mark Dacascos,7.333333333333333,-1.3489,3,7.0,0,Actor/Actress,45,Eliminated,7.0,6,Lacey Schwimmer,Baseline,GenX,1,0,0,1,0,1.333333333333333,7.499983333333334,1.551551195488639,0.45454545454545453,11,0.6760139186794596,0.9090909089256198
9,5,Mark Dacascos,8.666666666666666,1.798533333333333,3,3.0,0,Actor/Actress,45,Eliminated,7.0,6,Lacey Schwimmer,Baseline,GenX,1,0,0,1,0,1.333333333333333,7.733320000000001,1.441427533461958,0.8,10,0.3666588158943709,0.9090909089256198
9,6,Mark Dacascos,10.666666666666666,0.9521591049464417,3,4.0,0,Actor/Actress,45,Eliminated,7.0,6,Lacey Schwimmer,Baseline,GenX,1,0,0,1,0,2.0,8.222211111111111,1.7596186457634844,0.6666666666666666,9,0.7538076457857609,0.9090909089256198
9,7,Mark Dacascos,7.166666666666667,-5.3956,3,7.0,0,Actor/Actress,45,Eliminated,7.0,6,Lacey Schwimmer,Baseline,GenX,1,0,0,1,0,-3.499999999999999,8.071419047619047,1.6551080146979715,0.14285714285714285,7,0.3024082953907326,0.9090909089256198
22,1,Marla Maples,7.0,0.0,3,4.0,0,Tv Personality,52,Eliminated,4.0,10,Tony Dovolani,Baseline,GenX,1,0,0,1,0,0.0,7.0,0.0,0.625,12,0.4877442861994343,0.6622516555414236
22,2,Marla Maples,6.666666666666667,-1.3489,3,5.0,0,Tv Personality,52,Eliminated,4.0,10,Tony Dovolani,Baseline,GenX,1,0,0,1,0,-0.33333333333333304,6.833333333333334,0.23570226039551595,0.5416666666666666,12,0.4636580673185359,0.6622516555414236
22,3,Marla Maples,7.0,0.0,3,6.0,0,Tv Personality,52,Eliminated,4.0,10,Tony Dovolani,Baseline,GenX,1,0,0,1,0,0.33333333333333304,6.888888888888889,0.19245008972987515,0.5,11,0.30492889283715907,0.6622516555414236
22,4,Marla Maples,7.0,-2.6978,4,8.0,0,Tv Personality,52,Eliminated,4.0,10,Tony Dovolani,Baseline,GenX,1,0,0,1,0,0.0,6.916666666666667,0.16666666666666652,0.3,10,0.4648875844007378,0.6622516555414236
6,1,Marlee Matlin,7.333333333333333,0.67445,3,4.0,0,Actor/Actress,42,Eliminated,6.0,7,Fabian Sanchez,Baseline,GenX,1,0,0,1,0,0.0,7.333333333333333,0.0,0.7083333333333334,12,0.5700360697074371,0.9999999998
6,2,Marlee Matlin,8.0,2.0233499999999998,3,4.0,0,Actor/Actress,42,Eliminated,6.0,7,Fabian Sanchez,Baseline,GenX,1,0,0,1,0,0.666666666666667,7.666666666666666,0.4714045207910322,0.7083333333333334,12,0.6209750281031806,0.9999999998
6,3,Marlee Matlin,7.0,-2.0233499999999998,3,6.0,0,Actor/Actress,42,Eliminated,6.0,7,Fabian Sanchez,Baseline,GenX,1,0,0,1,0,-1.0,7.444444444444444,0.5091750772173155,0.35,10,0.3859358227489988,0.9999999998
6,4,Marlee Matlin,8.0,0.0,3,5.0,0,Actor/Actress,42,Eliminated,6.0,7,Fabian Sanchez,Baseline,GenX,1,0,0,1,0,1.0,7.583333333333333,0.5,0.4444444444444444,9,0.4947915244151312,0.9999999998
6,5,Marlee Matlin,7.333333333333333,-1.3489,3,7.0,0,Actor/Actress,42,Eliminated,6.0,7,Fabian Sanchez,Baseline,GenX,1,0,0,1,0,-0.666666666666667,7.533333333333333,0.44721359549995804,0.25,8,0.4172448490929672,0.9999999998
6,6,Marlee Matlin,7.0,-8.093399999999999,3,7.0,0,Actor/Actress,42,Eliminated,6.0,7,Fabian Sanchez,Baseline,GenX,1,0,0,1,0,-0.33333333333333304,7.444444444444444,0.4554200340426489,0.14285714285714285,7,0.44020720490261217,0.9999999998
30,1,Martin Kove,3.25,-14.837899999999998,4,15.0,0,Actor/Actress,75,Eliminated,2.0,15,Britt Stewart,Baseline,Boomer,1,0,0,0,1,0.0,3.25,0.0,0.06666666666666667,15,0.4260464104775318,0.8333333331944445
30,2,Martin Kove,3.75,-12.1401,4,15.0,0,Actor/Actress,75,Eliminated,2.0,15,Britt Stewart,Baseline,Boomer,1,0,0,0,1,0.5,3.5,0.3535533905932738,0.06666666666666667,15,0.45935864257411446,0.8333333331944445
14,1,Martina Navratilova,6.666666666666667,-1.3489,3,10.0,0,Athlete,55,Eliminated,2.0,12,Tony Dovolani,Baseline,GenX,1,0,0,1,0,0.0,6.666666666666667,0.0,0.16666666666666666,12,0.31763966986668124,0.7058823528415226
14,2,Martina Navratilova,5.666666666666667,-5.3956,3,12.0,0,Athlete,55,Eliminated,2.0,12,Tony Dovolani,Baseline,GenX,1,0,0,1,0,-1.0,6.166666666666667,0.7071067811865476,0.08333333333333333,12,0.42874242358520726,0.7058823528415226
27,1,Mary Lou Retton,6.666666666666667,0.67445,3,5.0,0,Athlete,50,Eliminated,6.0,9,Sasha Farber,Baseline,GenX,1,0,0,1,0,0.0,6.666666666666667,0.0,0.6153846153846154,13,0.3774877622322794,0.8928571426977041
27,2,Mary Lou Retton,7.666666666666667,-0.22481666666666664,3,7.0,0,Athlete,50,Eliminated,6.0,9,Sasha Farber,Baseline,GenX,1,0,0,1,0,1.0,7.166666666666667,0.7071067811865476,0.5,12,0.44306691366167916,0.8928571426977041
27,3,Mary Lou Retton,8.0,0.0,3,7.0,0,Athlete,50,Eliminated,6.0,9,Sasha Farber,Baseline,GenX,1,0,0,1,0,0.33333333333333304,7.4444444444444455,0.6938886664887107,0.45454545454545453,11,0.50360920609646,0.8928571426977041
27,4,Mary Lou Retton,8.666666666666666,1.5415999999999999,3,2.0,0,Athlete,50,Eliminated,6.0,9,Sasha Farber,Baseline,GenX,1,0,0,1,0,0.6666666666666661,7.75,0.8333333333333329,0.85,10,0.5768115562129592,0.8928571426977041
27,5,Mary Lou Retton,8.333333333333334,1.3489,3,5.0,0,Athlete,50,Eliminated,6.0,9,Sasha Farber,Baseline,GenX,1,0,0,1,0,-0.33333333333333215,7.866666666666667,0.7673909622147556,0.5555555555555556,9,0.5665549008476075,0.8928571426977041
27,6,Mary Lou Retton,8.0,-1.6186800000000001,3,6.0,0,Athlete,50,Eliminated,6.0,9,Sasha Farber,Baseline,GenX,1,0,0,1,0,-0.3333333333333339,7.888888888888889,0.6885303726590961,0.4444444444444444,9,0.5813004297982594,0.8928571426977041
28,1,Mary Wilson,5.666666666666667,0.67445,3,5.0,0,Singer/Rapper,75,Eliminated,2.0,12,Brandon Armstrong,Baseline,Boomer,1,0,0,0,1,0.0,5.666666666666667,0.0,0.625,12,0.43787372148581377,0.49999999995
28,2,Mary Wilson,5.0,-2.0233499999999998,3,10.0,0,Singer/Rapper,75,Eliminated,2.0,12,Brandon Armstrong,Baseline,Boomer,1,0,0,0,1,-0.666666666666667,5.333333333333334,0.4714045207910322,0.20833333333333334,12,0.47956350834282285,0.49999999995
2,1,Master P,4.0,-4.4145818181818175,3,10.0,0,Singer/Rapper,35,Eliminated,4.0,7,Ashly Delgrosso,Baseline,Millennial,1,0,1,0,0,0.0,4.0,0.0,0.1,10,0.611207926325423,1.6666666661111111
2,2,Master P,5.333333333333333,-4.496333333333332,3,9.0,0,Singer/Rapper,35,Eliminated,4.0,7,Ashly Delgrosso,Baseline,Millennial,1,0,1,0,0,1.333333333333333,4.666666666666666,0.9428090415820635,0.1111111111111111,9,0.6249006826786333,1.6666666661111111
2,3,Master P,4.666666666666667,-6.7445,3,8.0,0,Singer/Rapper,35,Eliminated,4.0,7,Ashly Delgrosso,Baseline,Millennial,1,0,1,0,0,-0.6666666666666661,4.666666666666667,0.6666666666666667,0.125,8,0.6679176515427974,1.6666666661111111
2,4,Master P,2.6666666666666665,-10.7912,3,7.0,0,Singer/Rapper,35,Eliminated,4.0,7,Ashly Delgrosso,Baseline,Millennial,1,0,1,0,0,-2.0000000000000004,4.166666666666667,1.138550085106622,0.14285714285714285,7,0.999999999557445,1.6666666661111111
30,1,Matt James,6.0,0.0,4,9.0,0,Athlete,29,Eliminated,4.0,12,Lindsay Arnold,Baseline,Millennial,1,0,1,0,0,0.0,6.0,0.0,0.36666666666666664,15,0.4260464104775318,1.0714285711989795
30,2,Matt James,5.5,-2.6978,4,14.0,0,Athlete,29,Eliminated,4.0,12,Lindsay Arnold,Baseline,Millennial,1,0,1,0,0,-0.5,5.75,0.3535533905932738,0.13333333333333333,15,0.45935864257411446,1.0714285711989795
30,3,Matt James,6.666666666666667,-1.3489,3,10.0,0,Athlete,29,Eliminated,4.0,12,Lindsay Arnold,Baseline,Millennial,1,0,1,0,0,1.166666666666667,6.055555555555556,0.5853140973807079,0.32142857142857145,14,0.29177648852342086,1.0714285711989795
30,4,Matt James,7.125,-6.070049999999999,4,12.0,0,Athlete,29,Eliminated,4.0,12,Lindsay Arnold,Baseline,Millennial,1,0,1,0,0,0.45833333333333304,6.322916666666667,0.717163103252438,0.15384615384615385,13,0.33713528172762924,1.0714285711989795
32,1,Matt Walsh,4.0,-3.4685999999999995,3,12.0,0,Comedian,58,Eliminated,1.0,14,Koko Iwasaki,Baseline,GenX,1,0,0,1,0,0.0,4.0,0.0,0.14285714285714285,14,0.5167192700762964,0.7142857141836735
23,1,Maureen Mccormick,5.5,-2.6978,4,11.0,0,Actor/Actress,60,Eliminated,7.0,8,Artem Chigvintsev,Baseline,GenX,1,0,0,1,0,0.0,5.5,0.0,0.19230769230769232,13,0.3571948801843556,0.5999999999279999
23,2,Maureen Mccormick,6.5,-2.6978,4,8.0,0,Actor/Actress,60,Eliminated,7.0,8,Artem Chigvintsev,Baseline,GenX,1,0,0,1,0,1.0,6.0,0.7071067811865476,0.4230769230769231,13,0.3393969869703097,0.5999999999279999
23,3,Maureen Mccormick,7.0,0.0,4,5.0,0,Actor/Actress,60,Eliminated,7.0,8,Artem Chigvintsev,Baseline,GenX,1,0,0,1,0,0.5,6.333333333333333,0.7637626158259734,0.625,12,0.3351138365713949,0.5999999999279999
23,4,Maureen Mccormick,8.0,0.0,3,4.0,0,Actor/Actress,60,Eliminated,7.0,8,Artem Chigvintsev,Baseline,GenX,1,0,0,1,0,1.0,6.75,1.0408329997330665,0.6818181818181818,11,0.47614799152396176,0.5999999999279999
23,5,Maureen Mccormick,8.0,0.0,3,6.0,0,Actor/Actress,60,Eliminated,7.0,8,Artem Chigvintsev,Baseline,GenX,1,0,0,1,0,0.0,7.0,1.0606601717798214,0.2777777777777778,9,0.2670765415358769,0.5999999999279999
23,6,Maureen Mccormick,7.75,-3.23736,4,6.0,0,Actor/Actress,60,Eliminated,7.0,8,Artem Chigvintsev,Baseline,GenX,1,0,0,1,0,-0.25,7.125,0.9968701018688444,0.4444444444444444,9,0.47408556627827925,0.5999999999279999
23,7,Maureen Mccormick,8.25,-1.3489,4,6.0,0,Actor/Actress,60,Eliminated,7.0,8,Artem Chigvintsev,Baseline,GenX,1,0,0,1,0,0.5,7.285714285714286,1.0044543650303739,0.3125,8,0.2015012068525293,0.5999999999279999
7,1,Maurice Greene,6.5,0.0,3,7.0,0,Athlete,34,Eliminated,8.0,5,Cheryl Burke,Baseline,Millennial,1,0,1,0,0,0.0,6.5,0.0,0.5384615384615384,13,0.46761395795733807,1.3157894733379503
7,2,Maurice Greene,6.333333333333333,-2.6978,3,8.0,0,Athlete,34,Eliminated,8.0,5,Cheryl Burke,Baseline,Millennial,1,0,1,0,0,-0.16666666666666696,6.416666666666666,0.11785113019775781,0.36363636363636365,11,0.45446442969466816,1.3157894733379503
7,3,Maurice Greene,8.0,4.0466999999999995,3,3.0,0,Athlete,34,Eliminated,8.0,5,Cheryl Burke,Baseline,Millennial,1,0,1,0,0,1.666666666666667,6.944444444444444,0.9179284245476841,0.7777777777777778,9,0.49722893583777245,1.3157894733379503
7,4,Maurice Greene,6.666666666666667,-5.3956,3,8.0,0,Athlete,34,Eliminated,8.0,5,Cheryl Burke,Baseline,Millennial,1,0,1,0,0,-1.333333333333333,6.875,0.7622457074451249,0.2222222222222222,9,0.3840516658994702,1.3157894733379503
7,5,Maurice Greene,9.0,2.0233499999999998,3,3.0,0,Athlete,34,Eliminated,8.0,5,Cheryl Burke,Baseline,Millennial,1,0,1,0,0,2.333333333333333,7.3,1.1571036638473189,0.75,8,0.48567564156210624,1.3157894733379503
7,6,Maurice Greene,7.0,-4.0466999999999995,3,6.0,0,Athlete,34,Eliminated,8.0,5,Cheryl Burke,Baseline,Millennial,1,0,1,0,0,-2.0,7.25,1.0421665467242323,0.2857142857142857,7,0.5927017263992317,1.3157894733379503
7,7,Maurice Greene,8.333333333333334,0.67445,3,2.0,0,Athlete,34,Eliminated,8.0,5,Cheryl Burke,Baseline,Millennial,1,0,1,0,0,1.333333333333334,7.404761904761905,1.0357370915204895,0.75,6,0.46415559278875823,1.3157894733379503
7,8,Maurice Greene,8.0,-2.0233499999999998,3,4.0,0,Athlete,34,Eliminated,8.0,5,Cheryl Burke,Baseline,Millennial,1,0,1,0,0,-0.3333333333333339,7.479166666666667,0.9817279065706968,0.3,5,0.24463147698635002,1.3157894733379503
32,1,Mauricio Umansky,5.0,-1.1562,3,9.0,0,Tv Personality,53,Eliminated,6.0,9,Emma Slater,Baseline,GenX,1,0,0,1,0,0.0,5.0,0.0,0.39285714285714285,14,0.5167192700762964,0.6481481480641289
32,2,Mauricio Umansky,4.0,-4.0466999999999995,3,13.0,0,Tv Personality,53,Eliminated,6.0,9,Emma Slater,Baseline,GenX,1,0,0,1,0,-1.0,4.5,0.7071067811865476,0.07692307692307693,13,0.5399540890069909,0.6481481480641289
32,3,Mauricio Umansky,5.75,-2.0233499999999998,4,10.0,0,Tv Personality,53,Eliminated,6.0,9,Emma Slater,Baseline,GenX,1,0,0,1,0,1.75,4.916666666666667,0.8779711460710614,0.25,12,0.538842474800634,0.6481481480641289
32,4,Mauricio Umansky,6.333333333333333,-2.6978,3,9.0,0,Tv Personality,53,Eliminated,6.0,9,Emma Slater,Baseline,GenX,1,0,0,1,0,0.583333333333333,5.270833333333333,1.0077822185373184,0.2727272727272727,11,0.4316930922346303,0.6481481480641289
32,5,Mauricio Umansky,8.0,0.0,3,4.0,0,Tv Personality,53,Eliminated,6.0,9,Emma Slater,Baseline,GenX,1,0,0,1,0,1.666666666666667,5.816666666666666,1.5004628915401033,0.55,10,0.4664939229167582,0.6481481480641289
32,6,Mauricio Umansky,8.25,-2.3124,4,6.0,0,Tv Personality,53,Eliminated,6.0,9,Emma Slater,Baseline,GenX,1,0,0,1,0,0.25,6.222222222222221,1.669719426419589,0.4444444444444444,9,0.5153253660800832,0.6481481480641289
5,1,Mel B,8.0,4.0466999999999995,3,3.0,0,Singer/Rapper,32,RunnerUp,9.0,2,Maksim Chmerkoskiy,Baseline,Millennial,1,0,1,0,0,0.0,8.0,0.0,0.7916666666666666,12,0.43333212536664834,0.9374999998242188
5,2,Mel B,7.666666666666667,2.6978,3,4.0,0,Singer/Rapper,32,RunnerUp,9.0,2,Maksim Chmerkoskiy,Baseline,Millennial,1,0,1,0,0,-0.33333333333333304,7.833333333333334,0.23570226039551595,0.7272727272727273,11,0.49926936703821634,0.9374999998242188
5,3,Mel B,9.0,2.0233499999999998,3,1.0,0,Singer/Rapper,32,RunnerUp,9.0,2,Maksim Chmerkoskiy,Baseline,Millennial,1,0,1,0,0,1.333333333333333,8.222222222222223,0.6938886664887103,0.9,10,0.48404598740959837,0.9374999998242188
5,4,Mel B,8.666666666666666,-1.3489,3,5.0,0,Singer/Rapper,32,RunnerUp,9.0,2,Maksim Chmerkoskiy,Baseline,Millennial,1,0,1,0,0,-0.3333333333333339,8.333333333333334,0.6085806194501838,0.4444444444444444,9,0.3459611525374582,0.9374999998242188
5,5,Mel B,9.666666666666666,3.37225,3,1.0,0,Singer/Rapper,32,RunnerUp,9.0,2,Maksim Chmerkoskiy,Baseline,Millennial,1,0,1,0,0,1.0,8.6,0.7958224257542208,1.0,8,0.44211573266568344,0.9374999998242188
5,6,Mel B,10.0,4.0466999999999995,3,1.0,0,Singer/Rapper,32,RunnerUp,9.0,2,Maksim Chmerkoskiy,Baseline,Millennial,1,0,1,0,0,0.3333333333333339,8.833333333333334,0.9128709291752766,1.0,7,0.41475381280507095,0.9374999998242188
5,7,Mel B,9.0,4.0466999999999995,3,1.0,0,Singer/Rapper,32,RunnerUp,9.0,2,Maksim Chmerkoskiy,Baseline,Millennial,1,0,1,0,0,-1.0,8.857142857142858,0.8357108940373448,1.0,6,0.10431121227324179,0.9374999998242188
5,8,Mel B,9.333333333333334,3.37225,3,2.0,0,Singer/Rapper,32,RunnerUp,9.0,2,Maksim Chmerkoskiy,Baseline,Millennial,1,0,1,0,0,0.3333333333333339,8.916666666666666,0.7918232927769471,0.8,5,0.26899351830355234,0.9374999998242188
5,9,Mel B,10.0,0.0,3,1.0,0,Singer/Rapper,32,RunnerUp,9.0,2,Maksim Chmerkoskiy,Baseline,Millennial,1,0,1,0,0,0.6666666666666661,9.037037037037036,0.8240220541217405,0.875,4,0.14123804909032478,0.9374999998242188
30,1,Melanie C,6.75,4.0466999999999995,4,4.0,0,Singer/Rapper,47,Eliminated,5.0,11,Gleb Savchenko,Baseline,GenX,1,0,0,1,0,0.0,6.75,0.0,0.8,15,0.4260464104775318,0.6153846153088758
30,2,Melanie C,7.5,8.093399999999999,4,3.0,0,Singer/Rapper,47,Eliminated,5.0,11,Gleb Savchenko,Baseline,GenX,1,0,0,1,0,0.75,7.125,0.5303300858899106,0.8666666666666667,15,0.45935864257411446,0.6153846153088758
30,3,Melanie C,7.333333333333333,1.3489,3,5.0,0,Singer/Rapper,47,Eliminated,5.0,11,Gleb Savchenko,Baseline,GenX,1,0,0,1,0,-0.16666666666666696,7.194444444444444,0.39381796885438397,0.6785714285714286,14,0.29177648852342086,0.6153846153088758
30,4,Melanie C,8.25,0.0,4,6.0,0,Singer/Rapper,47,Eliminated,5.0,11,Gleb Savchenko,Baseline,GenX,1,0,0,1,0,0.916666666666667,7.458333333333333,0.618016540591305,0.6153846153846154,13,0.33713528172762924,0.6153846153088758
30,5,Melanie C,9.0,0.0,4,3.0,0,Singer/Rapper,47,Eliminated,5.0,11,Gleb Savchenko,Baseline,GenX,1,0,0,1,0,0.75,7.766666666666666,0.8728147315184104,0.6363636363636364,11,0.3735594089309465,0.6153846153088758
14,1,Melissa Gilbert,6.666666666666667,-1.3489,3,10.0,0,Actor/Actress,47,Eliminated,8.0,5,Maksim Chmerkoskiy,Baseline,GenX,1,0,0,1,0,0.0,6.666666666666667,0.0,0.16666666666666666,12,0.31763966986668124,0.8461538460106509
14,2,Melissa Gilbert,6.666666666666667,-1.3489,3,10.0,0,Actor/Actress,47,Eliminated,8.0,5,Maksim Chmerkoskiy,Baseline,GenX,1,0,0,1,0,0.0,6.666666666666667,0.0,0.25,12,0.42874242358520726,0.8461538460106509
14,3,Melissa Gilbert,8.0,0.0,3,7.0,0,Actor/Actress,47,Eliminated,8.0,5,Maksim Chmerkoskiy,Baseline,GenX,1,0,0,1,0,1.333333333333333,7.111111111111112,0.7698003589195007,0.2727272727272727,11,0.26687070216692765,0.8461538460106509
14,4,Melissa Gilbert,7.333333333333333,-2.6978,3,6.0,0,Actor/Actress,47,Eliminated,8.0,5,Maksim Chmerkoskiy,Baseline,GenX,1,0,0,1,0,-0.666666666666667,7.166666666666667,0.6382847385042251,0.4,10,0.34805157127333136,0.8461538460106509
14,5,Melissa Gilbert,7.0,-2.0233499999999998,3,8.0,0,Actor/Actress,47,Eliminated,8.0,5,Maksim Chmerkoskiy,Baseline,GenX,1,0,0,1,0,-0.33333333333333304,7.133333333333333,0.5577733510227167,0.2222222222222222,9,0.5290360116779419,0.8461538460106509
14,6,Melissa Gilbert,10.0,-1.1162761816094107,3,5.0,0,Actor/Actress,47,Eliminated,8.0,5,Maksim Chmerkoskiy,Baseline,GenX,1,0,0,1,0,3.0,7.611111111111112,1.2722100921304302,0.5,8,0.7511618976913882,0.8461538460106509
14,7,Melissa Gilbert,7.833333333333333,-9.4423,3,7.0,0,Actor/Actress,47,Eliminated,8.0,5,Maksim Chmerkoskiy,Baseline,GenX,1,0,0,1,0,-2.166666666666667,7.642857142857143,1.1643968850096196,0.14285714285714285,7,0.22476239603259227,0.8461538460106509
14,8,Melissa Gilbert,8.5,-6.070049999999999,3,6.0,0,Actor/Actress,47,Eliminated,8.0,5,Maksim Chmerkoskiy,Baseline,GenX,1,0,0,1,0,0.666666666666667,7.75,1.1198072396480803,0.16666666666666666,6,0.15990606043517003,0.8461538460106509
9,1,Melissa Joan Hart,8.0,-0.2380222728114999,3,9.0,0,Actor/Actress,33,Eliminated,6.0,9,Mark Ballas,Baseline,Millennial,1,0,1,0,0,0.0,8.0,0.0,0.5,16,0.7859138369788743,0.9999999998
9,2,Melissa Joan Hart,6.333333333333333,-2.6978,3,9.0,0,Actor/Actress,33,Eliminated,6.0,9,Mark Ballas,Baseline,Millennial,1,0,1,0,0,-1.666666666666667,7.166666666666666,1.178511301977579,0.32142857142857145,14,0.4556015122439362,0.9999999998
9,3,Melissa Joan Hart,6.333333333333333,1.3489,3,8.0,0,Actor/Actress,33,Eliminated,6.0,9,Mark Ballas,Baseline,Millennial,1,0,1,0,0,0.0,6.888888888888888,0.9622504486493761,0.46153846153846156,13,0.5708475093633384,0.9999999998
9,4,Melissa Joan Hart,9.333333333333334,2.6978,3,1.0,0,Actor/Actress,33,Eliminated,6.0,9,Mark Ballas,Baseline,Millennial,1,0,1,0,0,3.000000000000001,7.5,1.452966314513558,0.9545454545454546,11,0.6760139186794596,0.9999999998
9,5,Melissa Joan Hart,7.666666666666667,-0.8992666666666665,3,7.0,0,Actor/Actress,33,Eliminated,6.0,9,Mark Ballas,Baseline,Millennial,1,0,1,0,0,-1.666666666666667,7.533333333333333,1.2605113600792694,0.4,10,0.3666588158943709,0.9999999998
9,6,Melissa Joan Hart,7.9999666666666664,-2.856524922794573,3,8.0,0,Actor/Actress,33,Eliminated,6.0,9,Mark Ballas,Baseline,Millennial,1,0,1,0,0,0.3332999999999995,7.6111055555555565,1.1434169066475306,0.2222222222222222,9,0.7538076457857609,0.9999999998
8,1,Melissa Rycroft,7.666666666666667,4.496333333333332,3,2.0,0,Tv Personality,26,Finalist,10.0,3,Tony Dovolani,Baseline,Millennial,1,0,1,0,0,0.0,7.666666666666667,0.0,0.8846153846153846,13,0.5052533901080313,0.8823529410207612
8,2,Melissa Rycroft,8.666666666666666,3.37225,3,2.0,0,Tv Personality,26,Finalist,10.0,3,Tony Dovolani,Baseline,Millennial,1,0,1,0,0,0.9999999999999991,8.166666666666666,0.7071067811865472,0.9230769230769231,13,0.5569947257167678,0.8823529410207612
8,3,Melissa Rycroft,9.0,1.2451384615384615,3,1.0,0,Tv Personality,26,Finalist,10.0,3,Tony Dovolani,Baseline,Millennial,1,0,1,0,0,0.3333333333333339,8.444444444444445,0.6938886664887108,0.9166666666666666,12,0.8197399719654512,0.8823529410207612
8,4,Melissa Rycroft,9.666666666666666,1.686125,3,2.0,0,Tv Personality,26,Finalist,10.0,3,Tony Dovolani,Baseline,Millennial,1,0,1,0,0,0.6666666666666661,8.75,0.833333333333333,0.9090909090909091,11,0.8727302162833207,0.8823529410207612
8,5,Melissa Rycroft,8.333333333333334,0.67445,3,4.0,0,Tv Personality,26,Finalist,10.0,3,Tony Dovolani,Baseline,Millennial,1,0,1,0,0,-1.3333333333333321,8.666666666666668,0.7453559924999296,0.6666666666666666,9,0.5110184890411691,0.8823529410207612
8,6,Melissa Rycroft,9.0,2.0233499999999998,3,2.0,0,Tv Personality,26,Finalist,10.0,3,Tony Dovolani,Baseline,Millennial,1,0,1,0,0,0.6666666666666661,8.722222222222223,0.6804138174397715,0.875,8,0.6442250432639264,0.8823529410207612
8,7,Melissa Rycroft,9.666666666666666,2.6978,3,1.0,0,Tv Personality,26,Finalist,10.0,3,Tony Dovolani,Baseline,Millennial,1,0,1,0,0,0.6666666666666661,8.857142857142858,0.716398990247413,1.0,7,0.39948152909330925,0.8823529410207612
8,8,Melissa Rycroft,7.666666666666667,-6.166399999999999,3,6.0,0,Tv Personality,26,Finalist,10.0,3,Tony Dovolani,Baseline,Millennial,1,0,1,0,0,-1.9999999999999991,8.708333333333334,0.7855338898249339,0.16666666666666666,6,0.25973282394927005,0.8823529410207612
8,9,Melissa Rycroft,9.5,2.0233499999999998,3,1.0,0,Tv Personality,26,Finalist,10.0,3,Tony Dovolani,Baseline,Millennial,1,0,1,0,0,1.833333333333333,8.796296296296298,0.7807482956975106,1.0,5,0.33639355175374314,0.8823529410207612
8,10,Melissa Rycroft,9.166666666666666,-0.38539999999999996,3,3.0,0,Tv Personality,26,Finalist,10.0,3,Tony Dovolani,Baseline,Millennial,1,0,1,0,0,-0.3333333333333339,8.833333333333332,0.7453559924999297,0.5,4,0.36818065497615426,0.8823529410207612
15,1,Melissa Rycroft,7.0,0.0,3,9.0,0,Tv Personality,29,Winner,9.0,1,Tony Dovolani,Baseline,Millennial,1,0,1,0,0,0.0,7.0,0.0,0.38461538461538464,13,0.2944450500991418,0.6701030926936975
15,2,Melissa Rycroft,7.833333333333333,2.15824,3,5.0,0,Tv Personality,29,Winner,9.0,1,Tony Dovolani,Baseline,Millennial,1,0,1,0,0,0.833333333333333,7.416666666666666,0.5892556509887897,0.6666666666666666,12,0.32227699063508836,0.6701030926936975
15,3,Melissa Rycroft,9.0,2.0233499999999998,3,1.0,0,Tv Personality,29,Winner,9.0,1,Tony Dovolani,Baseline,Millennial,1,0,1,0,0,1.166666666666667,7.944444444444444,1.0046189622236186,0.9545454545454546,11,0.20163019077307118,0.6701030926936975
15,4,Melissa Rycroft,9.25,1.3489,4,4.0,0,Tv Personality,29,Winner,9.0,1,Tony Dovolani,Baseline,Millennial,1,0,1,0,0,0.25,8.270833333333332,1.048312135450761,0.6666666666666666,9,0.35325558404867186,0.6701030926936975
15,5,Melissa Rycroft,9.416666666666666,1.1990222222222222,3,2.0,0,Tv Personality,29,Winner,9.0,1,Tony Dovolani,Baseline,Millennial,1,0,1,0,0,0.16666666666666607,8.5,1.0424996669330677,0.6875,8,0.1723475897236556,0.6701030926936975
15,6,Melissa Rycroft,9.833333333333334,1.3489,3,3.0,0,Tv Personality,29,Winner,9.0,1,Tony Dovolani,Baseline,Millennial,1,0,1,0,0,0.41666666666666785,8.722222222222221,1.0796947442405853,0.75,8,0.2048631540320305,0.6701030926936975
15,7,Melissa Rycroft,12.999966666666666,2.8328033121324836,3,1.0,0,Tv Personality,29,Winner,9.0,1,Tony Dovolani,Baseline,Millennial,1,0,1,0,0,3.1666333333333316,9.33332857142857,1.893570016547088,1.0,7,0.539380041253953,0.6701030926936975
15,8,Melissa Rycroft,10.0,4.0466999999999995,3,1.0,0,Tv Personality,29,Winner,9.0,1,Tony Dovolani,Baseline,Millennial,1,0,1,0,0,-2.9999666666666656,9.4166625,1.7688793421607414,1.0,7,0.21908088718211424,0.6701030926936975
15,9,Melissa Rycroft,9.592566666666666,0.5863497378101266,3,2.0,0,Tv Personality,29,Winner,9.0,1,Tony Dovolani,Baseline,Millennial,1,0,1,0,0,-0.40743333333333354,9.436207407407407,1.6556736972854034,0.8,5,0.1619106807935631,0.6701030926936975
30,1,Melora Hardin,6.5,2.6978,4,5.0,0,Actor/Actress,54,Eliminated,9.0,6,Artem Chigvintsev,Baseline,GenX,1,0,0,1,0,0.0,6.5,0.0,0.7,15,0.4260464104775318,0.6338028168210672
30,2,Melora Hardin,6.75,4.0466999999999995,4,5.0,0,Actor/Actress,54,Eliminated,9.0,6,Artem Chigvintsev,Baseline,GenX,1,0,0,1,0,0.25,6.625,0.1767766952966369,0.6666666666666666,15,0.45935864257411446,0.6338028168210672
30,3,Melora Hardin,7.666666666666667,2.6978,3,4.0,0,Actor/Actress,54,Eliminated,9.0,6,Artem Chigvintsev,Baseline,GenX,1,0,0,1,0,0.916666666666667,6.972222222222222,0.614259566319333,0.7857142857142857,14,0.29177648852342086,0.6338028168210672
30,4,Melora Hardin,9.125,4.72115,4,1.0,0,Actor/Actress,54,Eliminated,9.0,6,Artem Chigvintsev,Baseline,GenX,1,0,0,1,0,1.458333333333333,7.510416666666667,1.1875,1.0,13,0.33713528172762924,0.6338028168210672
30,5,Melora Hardin,9.0,0.0,4,3.0,0,Actor/Actress,54,Eliminated,9.0,6,Artem Chigvintsev,Baseline,GenX,1,0,0,1,0,-0.125,7.8083333333333345,1.2253117517141867,0.6363636363636364,11,0.3735594089309465,0.6338028168210672
30,6,Melora Hardin,8.5,-2.6978,4,8.0,0,Actor/Actress,54,Eliminated,9.0,6,Artem Chigvintsev,Baseline,GenX,1,0,0,1,0,-0.5,7.923611111111112,1.131744188148279,0.25,10,0.2913253614880169,0.6338028168210672
30,7,Melora Hardin,9.5,2.15824,4,3.0,0,Actor/Actress,54,Eliminated,9.0,6,Artem Chigvintsev,Baseline,GenX,1,0,0,1,0,1.0,8.148809523809524,1.1926319766575233,0.7222222222222222,9,0.3498704421875686,0.6338028168210672
30,8,Melora Hardin,10.5,1.798533333333333,4,1.0,0,Actor/Actress,54,Eliminated,9.0,6,Artem Chigvintsev,Baseline,GenX,1,0,0,1,0,1.0,8.442708333333334,1.3820952398384587,0.875,8,0.4264566622918705,0.6338028168210672
30,9,Melora Hardin,9.0,-2.6978,4,5.0,0,Actor/Actress,54,Eliminated,9.0,6,Artem Chigvintsev,Baseline,GenX,1,0,0,1,0,-1.5,8.50462962962963,1.3061095160442076,0.3333333333333333,6,0.199967613869675,0.6338028168210672
18,1,Meryl Davis,8.0,4.0466999999999995,3,3.0,0,Athlete,27,Winner,10.0,1,Maksim Chmerkoskiy,Baseline,Millennial,1,0,1,0,0,0.0,8.0,0.0,0.75,12,0.4824767313646609,0.8441558440133243
18,2,Meryl Davis,8.333333333333334,5.3956,3,1.0,0,Athlete,27,Winner,10.0,1,Maksim Chmerkoskiy,Baseline,Millennial,1,0,1,0,0,0.3333333333333339,8.166666666666668,0.23570226039551562,0.9090909090909091,11,0.4367050005272007,0.8441558440133243
18,3,Meryl Davis,9.75,4.0466999999999995,4,1.0,0,Athlete,27,Winner,10.0,1,Maksim Chmerkoskiy,Baseline,Millennial,1,0,1,0,0,1.416666666666666,8.694444444444445,0.9292071490932068,1.0,9,0.32309124605207246,0.8441558440133243
18,4,Meryl Davis,9.75,9.4423,4,1.0,0,Athlete,27,Winner,10.0,1,Maksim Chmerkoskiy,Baseline,Millennial,1,0,1,0,0,0.0,8.958333333333334,0.9242113755341176,1.0,9,0.33191624498489414,0.8441558440133243
18,5,Meryl Davis,9.0,0.0,4,5.0,0,Athlete,27,Winner,10.0,1,Maksim Chmerkoskiy,Baseline,Millennial,1,0,1,0,0,-0.75,8.966666666666667,0.8006074082983629,0.5,9,0.3823756526858896,0.8441558440133243
18,6,Meryl Davis,10.0,5.3956,4,1.0,0,Athlete,27,Winner,10.0,1,Maksim Chmerkoskiy,Baseline,Millennial,1,0,1,0,0,1.0,9.13888888888889,0.831108140220477,1.0,8,0.31709701677202323,0.8441558440133243
18,7,Meryl Davis,9.75,4.0466999999999995,4,1.0,0,Athlete,27,Winner,10.0,1,Maksim Chmerkoskiy,Baseline,Millennial,1,0,1,0,0,-0.25,9.226190476190476,0.7930751880926886,1.0,7,0.2135697698452491,0.8441558440133243
18,8,Meryl Davis,9.0,-2.6978,4,4.0,0,Athlete,27,Winner,10.0,1,Maksim Chmerkoskiy,Baseline,Millennial,1,0,1,0,0,-0.75,9.197916666666666,0.7385871056946582,0.3333333333333333,6,0.21755828225034984,0.8441558440133243
18,9,Meryl Davis,10.0,5.3956,4,1.0,0,Athlete,27,Winner,10.0,1,Maksim Chmerkoskiy,Baseline,Millennial,1,0,1,0,0,1.0,9.287037037037036,0.7408130751719213,1.0,5,0.1641037835932963,0.8441558440133243
18,10,Meryl Davis,10.0,0.9523327309945584,3,1.0,0,Athlete,27,Winner,10.0,1,Maksim Chmerkoskiy,Baseline,Millennial,1,0,1,0,0,0.0,9.358333333333333,0.7339328357604715,1.0,4,0.2693429607887732,0.8441558440133243
13,1,Metta World Peace (Ron),4.666666666666667,-2.6978,3,12.0,0,Athlete,31,Eliminated,1.0,12,Peta Murgatroyd,Baseline,Millennial,1,0,1,0,0,0.0,4.666666666666667,0.0,0.08333333333333333,12,0.4001000815088156,0.9999999998
11,1,Michael Bolton,5.333333333333333,-1.3489,3,9.0,0,Singer/Rapper,57,Eliminated,2.0,11,Chelsie Hightower,Baseline,GenX,1,0,0,1,0,0.0,5.333333333333333,0.0,0.3333333333333333,12,0.49711840367327736,0.7894736840858726
11,2,Michael Bolton,4.0,-12.1401,3,11.0,0,Singer/Rapper,57,Eliminated,2.0,11,Chelsie Hightower,Baseline,GenX,1,0,0,1,0,-1.333333333333333,4.666666666666666,0.9428090415820629,0.09090909090909091,11,0.486830811549821,0.7894736840858726
9,1,Michael Irvin,6.333333333333333,-2.618483047003909,3,14.0,0,Athlete,43,Eliminated,7.0,7,Anna Demidova,Baseline,GenX,1,0,0,1,0,0.0,6.333333333333333,0.0,0.1875,16,0.7859138369788743,0.9999999998
9,2,Michael Irvin,6.666666666666667,-1.3489,3,7.0,0,Athlete,43,Eliminated,7.0,7,Anna Demidova,Baseline,GenX,1,0,0,1,0,0.3333333333333339,6.5,0.23570226039551626,0.5357142857142857,14,0.4556015122439362,0.9999999998
9,3,Michael Irvin,4.666666666666667,-5.3956,3,13.0,0,Athlete,43,Eliminated,7.0,7,Anna Demidova,Baseline,GenX,1,0,0,1,0,-2.0,5.888888888888889,1.0715167512214394,0.07692307692307693,13,0.5708475093633384,0.9999999998
9,4,Michael Irvin,5.333333333333333,-5.3956,3,10.0,0,Athlete,43,Eliminated,7.0,7,Anna Demidova,Baseline,GenX,1,0,0,1,0,0.6666666666666661,5.75,0.9179284245476838,0.13636363636363635,11,0.6760139186794596,0.9999999998
9,5,Michael Irvin,7.0,-2.6977999999999995,3,10.0,0,Athlete,43,Eliminated,7.0,7,Anna Demidova,Baseline,GenX,1,0,0,1,0,1.666666666666667,6.0,0.9718253158075502,0.1,10,0.3666588158943709,0.9999999998
9,6,Michael Irvin,7.333266666666667,-3.8087316356962617,3,9.0,0,Athlete,43,Eliminated,7.0,7,Anna Demidova,Baseline,GenX,1,0,0,1,0,0.3332666666666668,6.222211111111111,1.0255838449210104,0.1111111111111111,9,0.7538076457857609,0.9999999998
9,7,Michael Irvin,7.833333333333333,-2.6978,3,6.0,0,Athlete,43,Eliminated,7.0,7,Anna Demidova,Baseline,GenX,1,0,0,1,0,0.5000666666666662,6.452371428571429,1.1168414933507087,0.2857142857142857,7,0.3024082953907326,0.9999999998
20,1,Michael Sam,6.5,-2.6978,4,5.0,0,Athlete,25,Eliminated,4.0,10,Peta Murgatroyd,Baseline,GenZ,1,1,0,0,0,0.0,6.5,0.0,0.5833333333333334,12,0.35460930964766507,0.8536585364396193
20,2,Michael Sam,7.0,0.0,4,6.0,0,Athlete,25,Eliminated,4.0,10,Peta Murgatroyd,Baseline,GenZ,1,1,0,0,0,0.5,6.75,0.3535533905932738,0.4583333333333333,12,0.3903364158374489,0.8536585364396193
20,3,Michael Sam,6.0,-2.6978,4,9.0,0,Athlete,25,Eliminated,4.0,10,Peta Murgatroyd,Baseline,GenZ,1,1,0,0,0,-1.0,6.5,0.5,0.2727272727272727,11,0.5102920942332644,0.8536585364396193
20,4,Michael Sam,7.5,-1.3489,4,7.0,0,Athlete,25,Eliminated,4.0,10,Peta Murgatroyd,Baseline,GenZ,1,1,0,0,0,1.5,6.75,0.6454972243679028,0.35,10,0.4180589861580331,0.8536585364396193
19,1,Michael Waltrip,6.25,-2.0233499999999998,4,10.0,0,Racing Driver,51,Eliminated,8.0,7,Emma Slater,Baseline,GenX,1,0,0,1,0,0.0,6.25,0.0,0.2692307692307692,13,0.5160608028665913,0.7142857141836735
19,2,Michael Waltrip,6.0,-8.093399999999999,4,12.0,0,Racing Driver,51,Eliminated,8.0,7,Emma Slater,Baseline,GenX,1,0,0,1,0,-0.25,6.125,0.1767766952966369,0.08333333333333333,12,0.34613980535212147,0.7142857141836735
19,3,Michael Waltrip,7.0,-5.3956,4,10.0,0,Racing Driver,51,Eliminated,8.0,7,Emma Slater,Baseline,GenX,1,0,0,1,0,1.0,6.416666666666667,0.520416499866533,0.18181818181818182,11,0.4983770171434502,0.7142857141836735
19,4,Michael Waltrip,6.25,-4.72115,4,9.0,0,Racing Driver,51,Eliminated,8.0,7,Emma Slater,Baseline,GenX,1,0,0,1,0,-0.75,6.375,0.43301270189221924,0.2,10,0.6408988180463647,0.7142857141836735
19,5,Michael Waltrip,5.0,-7.194133333333333,4,9.0,0,Racing Driver,51,Eliminated,8.0,7,Emma Slater,Baseline,GenX,1,0,0,1,0,-1.25,6.1,0.7202430145443965,0.1111111111111111,9,0.6379741452460631,0.7142857141836735
19,6,Michael Waltrip,7.5,-1.3489,4,7.0,0,Racing Driver,51,Eliminated,8.0,7,Emma Slater,Baseline,GenX,1,0,0,1,0,2.5,6.333333333333333,0.8612007121842542,0.3333333333333333,9,0.40693072682428794,0.7142857141836735
19,7,Michael Waltrip,7.0,-5.3956,4,8.0,0,Racing Driver,51,Eliminated,8.0,7,Emma Slater,Baseline,GenX,1,0,0,1,0,-0.5,6.428571428571429,0.8255589736945624,0.125,8,0.35475637925085574,0.7142857141836735
19,8,Michael Waltrip,6.25,-6.917435897435897,4,7.0,0,Racing Driver,51,Eliminated,8.0,7,Emma Slater,Baseline,GenX,1,0,0,1,0,-0.75,6.40625,0.7669221882675863,0.14285714285714285,7,0.7527152917135025,0.7142857141836735
30,1,"Mike ""The Miz"" Mizanin",6.0,0.0,4,9.0,0,Athlete,40,Eliminated,7.0,9,Witney Carson,Baseline,Millennial,1,0,1,0,0,0.0,6.0,0.0,0.36666666666666664,15,0.4260464104775318,0.9166666664986112
30,2,"Mike ""The Miz"" Mizanin",6.5,2.6978,4,8.0,0,Athlete,40,Eliminated,7.0,9,Witney Carson,Baseline,Millennial,1,0,1,0,0,0.5,6.25,0.3535533905932738,0.5333333333333333,15,0.45935864257411446,0.9166666664986112
30,3,"Mike ""The Miz"" Mizanin",7.333333333333333,1.3489,3,5.0,0,Athlete,40,Eliminated,7.0,9,Witney Carson,Baseline,Millennial,1,0,1,0,0,0.833333333333333,6.611111111111111,0.6735753140545634,0.6785714285714286,14,0.29177648852342086,0.9166666664986112
30,4,"Mike ""The Miz"" Mizanin",8.125,-0.6744499999999999,4,7.0,0,Athlete,40,Eliminated,7.0,9,Witney Carson,Baseline,Millennial,1,0,1,0,0,0.791666666666667,6.989583333333333,0.935646315536901,0.5,13,0.33713528172762924,0.9166666664986112
30,5,"Mike ""The Miz"" Mizanin",8.0,-5.3956,4,9.0,0,Athlete,40,Eliminated,7.0,9,Witney Carson,Baseline,Millennial,1,0,1,0,0,-0.125,7.1916666666666655,0.9277736194184922,0.22727272727272727,11,0.3735594089309465,0.9166666664986112
30,6,"Mike ""The Miz"" Mizanin",8.5,-2.6978,4,8.0,0,Athlete,40,Eliminated,7.0,9,Witney Carson,Baseline,Millennial,1,0,1,0,0,0.5,7.409722222222221,0.9868639536242892,0.25,10,0.2913253614880169,0.9166666664986112
30,7,"Mike ""The Miz"" Mizanin",8.0,-4.31648,4,9.0,0,Athlete,40,Eliminated,7.0,9,Witney Carson,Baseline,Millennial,1,0,1,0,0,-0.5,7.494047619047619,0.9280943524147355,0.1111111111111111,9,0.3498704421875686,0.9166666664986112
12,1,Mike Catherwood,4.333333333333333,-6.7445,3,11.0,0,Radio Personality,32,Eliminated,2.0,11,Lacey Schwimmer,Baseline,Millennial,1,0,1,0,0,0.0,4.333333333333333,0.0,0.09090909090909091,11,0.50164120636026,1.0526315787257619
12,2,Mike Catherwood,5.666666666666667,-1.3489,3,9.0,0,Radio Personality,32,Eliminated,2.0,11,Lacey Schwimmer,Baseline,Millennial,1,0,1,0,0,1.333333333333334,5.0,0.9428090415820638,0.18181818181818182,11,0.3689299109603921,1.0526315787257619
27,1,Milo Manheim,6.666666666666667,0.67445,3,5.0,0,Actor/Actress,17,RunnerUp,8.0,2,Witney Carson,Baseline,GenZ,1,1,0,0,0,0.0,6.666666666666667,0.0,0.6153846153846154,13,0.3774877622322794,0.8035714284422831
27,2,Milo Manheim,8.666666666666666,2.4729833333333335,3,1.0,0,Actor/Actress,17,RunnerUp,8.0,2,Witney Carson,Baseline,GenZ,1,1,0,0,0,1.9999999999999991,7.666666666666666,1.4142135623730947,0.9166666666666666,12,0.44306691366167916,0.8035714284422831
27,3,Milo Manheim,9.0,2.0233499999999998,3,2.0,0,Actor/Actress,17,RunnerUp,8.0,2,Witney Carson,Baseline,GenZ,1,1,0,0,0,0.3333333333333339,8.111111111111112,1.2619796324000607,0.8181818181818182,11,0.50360920609646,0.8035714284422831
27,4,Milo Manheim,9.666666666666666,3.8539999999999996,3,1.0,0,Actor/Actress,17,RunnerUp,8.0,2,Witney Carson,Baseline,GenZ,1,1,0,0,0,0.6666666666666661,8.5,1.2909944487358054,1.0,10,0.5768115562129592,0.8035714284422831
27,5,Milo Manheim,9.0,4.0466999999999995,3,3.0,0,Actor/Actress,17,RunnerUp,8.0,2,Witney Carson,Baseline,GenZ,1,1,0,0,0,-0.6666666666666661,8.6,1.1401754250991378,0.7777777777777778,9,0.5665549008476075,0.8035714284422831
27,6,Milo Manheim,10.0,1.6186800000000001,3,1.0,0,Actor/Actress,17,RunnerUp,8.0,2,Witney Carson,Baseline,GenZ,1,1,0,0,0,1.0,8.833333333333334,1.1690451944500122,0.9444444444444444,9,0.5813004297982594,0.8035714284422831
27,7,Milo Manheim,9.666666666666666,5.3956,3,2.0,0,Actor/Actress,17,RunnerUp,8.0,2,Witney Carson,Baseline,GenZ,1,1,0,0,0,-0.3333333333333339,8.952380952380953,1.112697280528374,0.875,8,0.27297298151778654,0.8035714284422831
27,8,Milo Manheim,9.166666666666666,-0.5995111111111111,3,4.0,0,Actor/Actress,17,RunnerUp,8.0,2,Witney Carson,Baseline,GenZ,1,1,0,0,0,-0.5,8.979166666666666,1.0329396331413983,0.5,6,0.48179285188361864,0.8035714284422831
32,1,Mira Sorvino,5.666666666666667,0.38539999999999996,3,7.0,0,Actor/Actress,55,Eliminated,5.0,10,Gleb Savchenko,Baseline,GenX,1,0,0,1,0,0.0,5.666666666666667,0.0,0.5714285714285714,14,0.5167192700762964,0.624999999921875
32,2,Mira Sorvino,6.0,0.0,3,7.0,0,Actor/Actress,55,Eliminated,5.0,10,Gleb Savchenko,Baseline,GenX,1,0,0,1,0,0.33333333333333304,5.833333333333334,0.2357022603955153,0.5,13,0.5399540890069909,0.624999999921875
32,3,Mira Sorvino,6.5,0.0,4,6.0,0,Actor/Actress,55,Eliminated,5.0,10,Gleb Savchenko,Baseline,GenX,1,0,0,1,0,0.5,6.055555555555556,0.41943524640392993,0.5833333333333334,12,0.538842474800634,0.624999999921875
32,4,Mira Sorvino,7.0,0.0,3,6.0,0,Actor/Actress,55,Eliminated,5.0,10,Gleb Savchenko,Baseline,GenX,1,0,0,1,0,0.5,6.291666666666667,0.5833333333333328,0.45454545454545453,11,0.4316930922346303,0.624999999921875
32,5,Mira Sorvino,7.333333333333333,-1.5415999999999999,3,8.0,0,Actor/Actress,55,Eliminated,5.0,10,Gleb Savchenko,Baseline,GenX,1,0,0,1,0,0.33333333333333304,6.5,0.6871842709362763,0.3,10,0.4664939229167582,0.624999999921875
26,1,Mirai Nagasu,7.666666666666667,1.3489,3,3.0,0,Athlete,25,Eliminated,3.0,4,Alan Bersten,Baseline,GenZ,1,1,0,0,0,0.0,7.666666666666667,0.0,0.75,10,0.3679753688408884,0.41666666663194446
26,2,Mirai Nagasu,9.25,5.3956,4,1.0,0,Athlete,25,Eliminated,3.0,4,Alan Bersten,Baseline,GenZ,1,1,0,0,0,1.583333333333333,8.458333333333334,1.1195857368786997,0.9375,8,0.29927657257065027,0.41666666663194446
26,3,Mirai Nagasu,8.75,-0.8992666666666665,4,3.0,0,Athlete,25,Eliminated,3.0,4,Alan Bersten,Baseline,GenZ,1,1,0,0,0,-0.5,8.555555555555555,0.8093779046851921,0.5833333333333334,6,0.45572779556481996,0.41666666663194446
22,1,Mischa Barton,5.333333333333333,-6.7445,3,10.0,0,Actor/Actress,30,Eliminated,3.0,11,Artem Chigvintsev,Baseline,Millennial,1,0,1,0,0,0.0,5.333333333333333,0.0,0.25,12,0.4877442861994343,0.7142857141836735
22,2,Mischa Barton,5.0,-8.093399999999999,3,11.0,0,Actor/Actress,30,Eliminated,3.0,11,Artem Chigvintsev,Baseline,Millennial,1,0,1,0,0,-0.33333333333333304,5.166666666666666,0.2357022603955153,0.16666666666666666,12,0.4636580673185359,0.7142857141836735
22,3,Mischa Barton,6.0,-4.0466999999999995,3,11.0,0,Actor/Actress,30,Eliminated,3.0,11,Artem Chigvintsev,Baseline,Millennial,1,0,1,0,0,1.0,5.444444444444444,0.5091750772173159,0.09090909090909091,11,0.30492889283715907,0.7142857141836735
7,1,Misty May-Treanor,7.0,2.0233499999999998,3,5.0,0,Athlete,31,Withdrew,,10,Maksim Chmerkoskiy,Baseline,Millennial,1,0,1,0,0,0.0,7.0,0.0,0.6923076923076923,13,0.46761395795733807,1.1111111108641976
7,2,Misty May-Treanor,7.0,0.0,3,4.0,0,Athlete,31,Withdrew,,10,Maksim Chmerkoskiy,Baseline,Millennial,1,0,1,0,0,0.0,7.0,0.0,0.6363636363636364,11,0.45446442969466816,1.1111111108641976
29,1,Monica Aldama,6.333333333333333,1.3489,3,5.0,0,Tv Personality,48,Eliminated,7.0,10,Valentin Chmerkovskiy,Baseline,GenX,1,0,0,1,0,0.0,6.333333333333333,0.0,0.7333333333333333,15,0.4586531304965921,0.9493670884273353
29,2,Monica Aldama,5.333333333333333,-2.6978,3,12.0,0,Tv Personality,48,Eliminated,7.0,10,Valentin Chmerkovskiy,Baseline,GenX,1,0,0,1,0,-1.0,5.833333333333333,0.7071067811865476,0.23333333333333334,15,0.31639157203440565,0.9493670884273353
29,3,Monica Aldama,7.0,0.0,3,7.0,0,Tv Personality,48,Eliminated,7.0,10,Valentin Chmerkovskiy,Baseline,GenX,1,0,0,1,0,1.666666666666667,6.222222222222221,0.8388704928078611,0.5357142857142857,14,0.5059628499334231,0.9493670884273353
29,4,Monica Aldama,8.0,0.0,3,3.0,0,Tv Personality,48,Eliminated,7.0,10,Valentin Chmerkovskiy,Baseline,GenX,1,0,0,1,0,1.0,6.666666666666666,1.1221672153735642,0.6923076923076923,13,0.30617401395313787,0.9493670884273353
29,5,Monica Aldama,8.666666666666666,2.15824,3,3.0,0,Tv Personality,48,Eliminated,7.0,10,Valentin Chmerkovskiy,Baseline,GenX,1,0,0,1,0,0.6666666666666661,7.0666666666666655,1.3207741837439297,0.7916666666666666,12,0.44681844876186,0.9493670884273353
29,6,Monica Aldama,9.0,4.0466999999999995,3,1.0,0,Tv Personality,48,Eliminated,7.0,10,Valentin Chmerkovskiy,Baseline,GenX,1,0,0,1,0,0.3333333333333339,7.388888888888888,1.4207457613938246,0.8636363636363636,11,0.43896422409120317,0.9493670884273353
29,7,Monica Aldama,7.333333333333333,-6.7445,3,10.0,0,Tv Personality,48,Eliminated,7.0,10,Valentin Chmerkovskiy,Baseline,GenX,1,0,0,1,0,-1.666666666666667,7.3809523809523805,1.2971274735120224,0.1,10,0.31099594861117197,0.9493670884273353
6,1,Monica Seles,5.0,-4.0466999999999995,3,11.0,0,Athlete,34,Eliminated,2.0,11,Jonathan Roberts,Baseline,Millennial,1,0,1,0,0,0.0,5.0,0.0,0.125,12,0.5700360697074371,0.9090909089256198
6,2,Monica Seles,5.0,-4.0466999999999995,3,12.0,0,Athlete,34,Eliminated,2.0,11,Jonathan Roberts,Baseline,Millennial,1,0,1,0,0,0.0,5.0,0.0,0.08333333333333333,12,0.6209750281031806,0.9090909089256198
3,1,Monique Coleman,6.333333333333333,0.4496333333333333,3,6.0,0,Actor/Actress,25,Eliminated,8.0,4,Louis Van Amstel,Baseline,GenZ,1,1,0,0,0,0.0,6.333333333333333,0.0,0.5454545454545454,11,0.6156691610882334,0.9999999998
3,2,Monique Coleman,8.666666666666666,2.6978,3,2.0,0,Actor/Actress,25,Eliminated,8.0,4,Louis Van Amstel,Baseline,GenZ,1,1,0,0,0,2.333333333333333,7.5,1.6499158227686104,0.9,10,0.42867833173589404,0.9999999998
3,3,Monique Coleman,9.0,2.6977999999999995,3,1.0,0,Actor/Actress,25,Eliminated,8.0,4,Louis Van Amstel,Baseline,GenZ,1,1,0,0,0,0.3333333333333339,8.0,1.4529663145135576,0.9444444444444444,9,0.40399558795697227,0.9999999998
3,4,Monique Coleman,8.0,0.0,3,4.0,0,Actor/Actress,25,Eliminated,8.0,4,Louis Van Amstel,Baseline,GenZ,1,1,0,0,0,-1.0,8.0,1.1863420280034787,0.5,8,0.45125042141248917,0.9999999998
3,5,Monique Coleman,9.0,0.0,3,1.0,0,Actor/Actress,25,Eliminated,8.0,4,Louis Van Amstel,Baseline,GenZ,1,1,0,0,0,1.0,8.2,1.120515754264774,0.7857142857142857,7,0.2159447251290409,0.9999999998
3,6,Monique Coleman,7.666666666666667,-0.67445,3,4.0,0,Actor/Actress,25,Eliminated,8.0,4,Louis Van Amstel,Baseline,GenZ,1,1,0,0,0,-1.333333333333333,8.11111111111111,1.02559828970794,0.4,5,0.5379870366071047,0.9999999998
3,7,Monique Coleman,9.0,0.0,3,4.0,0,Actor/Actress,25,Eliminated,8.0,4,Louis Van Amstel,Baseline,GenZ,1,1,0,0,0,1.333333333333333,8.238095238095237,0.9946949227868761,0.4,5,0.3420071809385997,0.9999999998
3,8,Monique Coleman,8.833333333333334,-1.07912,3,4.0,0,Actor/Actress,25,Eliminated,8.0,4,Louis Van Amstel,Baseline,GenZ,1,1,0,0,0,-0.16666666666666607,8.3125,0.9446486707295529,0.25,4,0.1277546222602921,0.9999999998
24,1,Mr. T,5.0,-2.6978,4,11.0,0,Actor/Actress,64,Eliminated,4.0,10,Kym Herjavec,Baseline,Boomer,1,0,0,0,1,0.0,5.0,0.0,0.16666666666666666,12,0.5077415287029913,0.9999999998
24,2,Mr. T,5.5,-4.0466999999999995,4,11.0,0,Actor/Actress,64,Eliminated,4.0,10,Kym Herjavec,Baseline,Boomer,1,0,0,0,1,0.5,5.25,0.3535533905932738,0.125,12,0.3694657571555838,0.9999999998
24,3,Mr. T,6.0,-2.6978,4,9.0,0,Actor/Actress,64,Eliminated,4.0,10,Kym Herjavec,Baseline,Boomer,1,0,0,0,1,0.5,5.5,0.5,0.18181818181818182,11,0.44606142611441296,0.9999999998
24,4,Mr. T,7.0,-4.31648,4,10.0,0,Actor/Actress,64,Eliminated,4.0,10,Kym Herjavec,Baseline,Boomer,1,0,0,0,1,1.0,5.875,0.8539125638299665,0.1,10,0.36209665770517047,0.9999999998
9,1,Mya,10.3333,3.094575201842389,3,3.0,0,Singer/Rapper,29,RunnerUp,9.0,2,Dmitry Chaplin,Baseline,Millennial,1,0,1,0,0,0.0,10.3333,0.0,0.875,16,0.7859138369788743,0.45454545450413225
9,2,Mya,9.0,8.093399999999999,3,1.0,0,Singer/Rapper,29,RunnerUp,9.0,2,Dmitry Chaplin,Baseline,Millennial,1,0,1,0,0,-1.3332999999999995,9.66665,0.9427854713560241,0.9642857142857143,14,0.4556015122439362,0.45454545450413225
9,3,Mya,9.0,12.1401,3,1.0,0,Singer/Rapper,29,RunnerUp,9.0,2,Dmitry Chaplin,Baseline,Millennial,1,0,1,0,0,0.0,9.444433333333334,0.7697811139105285,1.0,13,0.5708475093633384,0.45454545450413225
9,4,Mya,9.333333333333334,2.6978,3,1.0,0,Singer/Rapper,29,RunnerUp,9.0,2,Dmitry Chaplin,Baseline,Millennial,1,0,1,0,0,0.3333333333333339,9.416658333333334,0.6309736746137322,0.9545454545454546,11,0.6760139186794596,0.45454545450413225
9,5,Mya,9.0,2.6977999999999995,3,2.0,0,Singer/Rapper,29,RunnerUp,9.0,2,Dmitry Chaplin,Baseline,Millennial,1,0,1,0,0,-0.3333333333333339,9.333326666666668,0.577335835444925,0.9,10,0.3666588158943709,0.45454545450413225
9,6,Mya,11.0,1.4282386574196626,3,2.0,0,Singer/Rapper,29,RunnerUp,9.0,2,Dmitry Chaplin,Baseline,Millennial,1,0,1,0,0,2.0,9.611105555555556,0.854177967513319,0.8888888888888888,9,0.7538076457857609,0.45454545450413225
9,7,Mya,8.166666666666666,-1.3489,3,5.0,0,Singer/Rapper,29,RunnerUp,9.0,2,Dmitry Chaplin,Baseline,Millennial,1,0,1,0,0,-2.833333333333334,9.404757142857141,0.9518793719705609,0.42857142857142855,7,0.3024082953907326,0.45454545450413225
9,8,Mya,9.833333333333334,10.7912,3,1.0,0,Singer/Rapper,29,RunnerUp,9.0,2,Dmitry Chaplin,Baseline,Millennial,1,0,1,0,0,1.6666666666666679,9.458329166666667,0.8942006717782818,1.0,5,0.2789227982655418,0.45454545450413225
9,9,Mya,9.666633333333333,6.743825617438249,3,1.0,0,Singer/Rapper,29,RunnerUp,9.0,2,Dmitry Chaplin,Baseline,Millennial,1,0,1,0,0,-0.16670000000000051,9.481474074074075,0.8393251258497605,1.0,4,0.26933129001834333,0.45454545450413225
13,1,Nancy Grace,5.333333333333333,-1.3489,3,9.0,0,Tv Personality,51,Eliminated,8.0,5,Tristan Macmanus,Baseline,GenX,1,0,0,1,0,0.0,5.333333333333333,0.0,0.2916666666666667,12,0.4001000815088156,0.9999999998
13,2,Nancy Grace,7.0,0.0,3,4.0,0,Tv Personality,51,Eliminated,8.0,5,Tristan Macmanus,Baseline,GenX,1,0,0,1,0,1.666666666666667,6.166666666666666,1.1785113019775797,0.5909090909090909,11,0.2882533034576482,0.9999999998
13,3,Nancy Grace,7.0,-3.0,3,9.0,0,Tv Personality,51,Eliminated,8.0,5,Tristan Macmanus,Baseline,GenX,1,0,0,1,0,0.0,6.444444444444444,0.9622504486493768,0.2,10,0.38749895520066063,0.9999999998
13,4,Nancy Grace,7.0,-4.0466999999999995,3,6.0,0,Tv Personality,51,Eliminated,8.0,5,Tristan Macmanus,Baseline,GenX,1,0,0,1,0,0.0,6.583333333333333,0.8333333333333339,0.3333333333333333,9,0.42867833173589376,0.9999999998
13,5,Nancy Grace,7.333333333333333,-2.6978,3,6.0,0,Tv Personality,51,Eliminated,8.0,5,Tristan Macmanus,Baseline,GenX,1,0,0,1,0,0.33333333333333304,6.7333333333333325,0.7958224257542219,0.375,8,0.4097263080640605,0.9999999998
13,6,Nancy Grace,8.0,0.0,3,3.0,0,Tv Personality,51,Eliminated,8.0,5,Tristan Macmanus,Baseline,GenX,1,0,0,1,0,0.666666666666667,6.944444444444444,0.8798147953257405,0.7142857142857143,7,0.5883145326532028,0.9999999998
13,7,Nancy Grace,7.333333333333333,-3.0831999999999997,3,6.0,0,Tv Personality,51,Eliminated,8.0,5,Tristan Macmanus,Baseline,GenX,1,0,0,1,0,-0.666666666666667,7.0,0.8164965809277263,0.16666666666666666,6,0.23518265407988617,0.9999999998
13,8,Nancy Grace,7.333333333333333,-9.4423,3,5.0,0,Tv Personality,51,Eliminated,8.0,5,Tristan Macmanus,Baseline,GenX,1,0,0,1,0,0.0,7.041666666666666,0.7650604291933158,0.2,5,0.41854670825990764,0.9999999998
24,1,Nancy Kerrigan,7.0,2.6978,4,3.0,0,Athlete,47,Eliminated,7.0,7,Artem Chigvintsev,Baseline,GenX,1,0,0,1,0,0.0,7.0,0.0,0.75,12,0.5077415287029913,0.6060606059871442
24,2,Nancy Kerrigan,7.0,0.0,4,5.0,0,Athlete,47,Eliminated,7.0,7,Artem Chigvintsev,Baseline,GenX,1,0,0,1,0,0.0,7.0,0.0,0.5833333333333334,12,0.3694657571555838,0.6060606059871442
24,3,Nancy Kerrigan,8.25,3.37225,4,2.0,0,Athlete,47,Eliminated,7.0,7,Artem Chigvintsev,Baseline,GenX,1,0,0,1,0,1.25,7.416666666666667,0.721687836487032,0.8636363636363636,11,0.44606142611441296,0.6060606059871442
24,4,Nancy Kerrigan,8.25,1.07912,4,4.0,0,Athlete,47,Eliminated,7.0,7,Artem Chigvintsev,Baseline,GenX,1,0,0,1,0,0.0,7.625,0.721687836487032,0.7,10,0.36209665770517047,0.6060606059871442
24,5,Nancy Kerrigan,9.0,5.3956,4,3.0,0,Athlete,47,Eliminated,7.0,7,Artem Chigvintsev,Baseline,GenX,1,0,0,1,0,0.75,7.9,0.876783895837509,0.7777777777777778,9,0.37835288634956515,0.6060606059871442
24,6,Nancy Kerrigan,8.375,-0.5995111111111111,4,5.0,0,Athlete,47,Eliminated,7.0,7,Artem Chigvintsev,Baseline,GenX,1,0,0,1,0,-0.625,7.979166666666667,0.8078391960450213,0.5,8,0.2673542650595688,0.6060606059871442
24,7,Nancy Kerrigan,9.0,0.0,4,4.0,0,Athlete,47,Eliminated,7.0,7,Artem Chigvintsev,Baseline,GenX,1,0,0,1,0,0.625,8.125,0.832291014809924,0.5714285714285714,7,0.4490923486826755,0.6060606059871442
27,1,Nancy Mckeon,6.5,0.0,3,8.0,0,Actor/Actress,52,Eliminated,3.0,11,Valentin Chmerkovskiy,Baseline,GenX,1,0,0,1,0,0.0,6.5,0.0,0.46153846153846156,13,0.3774877622322794,1.101694915011491
27,2,Nancy Mckeon,6.833333333333333,-2.4729833333333335,3,9.0,0,Actor/Actress,52,Eliminated,3.0,11,Valentin Chmerkovskiy,Baseline,GenX,1,0,0,1,0,0.33333333333333304,6.666666666666666,0.23570226039551595,0.3333333333333333,12,0.44306691366167916,1.101694915011491
27,3,Nancy Mckeon,7.333333333333333,-1.3489,3,9.0,0,Actor/Actress,52,Eliminated,3.0,11,Valentin Chmerkovskiy,Baseline,GenX,1,0,0,1,0,0.5,6.888888888888888,0.41943524640393076,0.2727272727272727,11,0.50360920609646,1.101694915011491
20,1,Nastia Liukin,7.5,2.6978,4,3.0,0,Athlete,25,Eliminated,9.0,4,Derek Hough,Baseline,GenZ,1,1,0,0,0,0.0,7.5,0.0,0.8333333333333334,12,0.35460930964766507,1.7948717942274819
20,2,Nastia Liukin,8.5,8.093399999999999,4,1.0,0,Athlete,25,Eliminated,9.0,4,Derek Hough,Baseline,GenZ,1,1,0,0,0,1.0,8.0,0.7071067811865476,1.0,12,0.3903364158374489,1.7948717942274819
20,3,Nastia Liukin,8.5,4.0466999999999995,4,1.0,0,Athlete,25,Eliminated,9.0,4,Derek Hough,Baseline,GenZ,1,1,0,0,0,0.0,8.166666666666666,0.5773502691896258,0.9545454545454546,11,0.5102920942332644,1.7948717942274819
20,4,Nastia Liukin,9.0,2.6978,4,2.0,0,Athlete,25,Eliminated,9.0,4,Derek Hough,Baseline,GenZ,1,1,0,0,0,0.5,8.375,0.629152869605896,0.9,10,0.4180589861580331,1.7948717942274819
20,5,Nastia Liukin,9.5,6.7444999999999995,4,2.0,0,Athlete,25,Eliminated,9.0,4,Derek Hough,Baseline,GenZ,1,1,0,0,0,0.5,8.6,0.7416198487095664,0.8333333333333334,9,0.6406334904348918,1.7948717942274819
20,6,Nastia Liukin,9.125,3.23736,4,2.0,0,Athlete,25,Eliminated,9.0,4,Derek Hough,Baseline,GenZ,1,1,0,0,0,-0.375,8.6875,0.6970921746799345,0.8125,8,0.17178297693773606,1.7948717942274819
20,7,Nastia Liukin,10.25,2.589888,4,1.0,0,Athlete,25,Eliminated,9.0,4,Derek Hough,Baseline,GenZ,1,1,0,0,0,1.125,8.910714285714286,0.8681706272935281,1.0,7,0.42713953969049817,1.7948717942274819
20,8,Nastia Liukin,9.5,2.0233499999999998,4,3.0,0,Athlete,25,Eliminated,9.0,4,Derek Hough,Baseline,GenZ,1,1,0,0,0,-0.75,8.984375,0.8303331409741515,0.6666666666666666,6,0.461179145750284,1.7948717942274819
20,9,Nastia Liukin,10.0,0.0,4,1.0,0,Athlete,25,Eliminated,9.0,4,Derek Hough,Baseline,GenZ,1,1,0,0,0,0.5,9.097222222222221,0.8472791419859482,0.875,4,0.10592853681774375,1.7948717942274819
9,1,Natalie Coughlin,8.999933333333333,1.190158973272979,3,7.0,0,Athlete,27,Eliminated,5.0,10,Alec Mazo,Baseline,Millennial,1,0,1,0,0,0.0,8.999933333333333,0.0,0.59375,16,0.7859138369788743,0.624999999921875
9,2,Natalie Coughlin,7.0,0.0,3,4.0,0,Athlete,27,Eliminated,5.0,10,Alec Mazo,Baseline,Millennial,1,0,1,0,0,-1.999933333333333,7.9999666666666664,1.4141664219210157,0.7142857142857143,14,0.4556015122439362,0.624999999921875
9,3,Natalie Coughlin,8.666666666666666,10.7912,3,2.0,0,Athlete,27,Eliminated,5.0,10,Alec Mazo,Baseline,Millennial,1,0,1,0,0,1.666666666666666,8.222199999999999,1.0714925561000306,0.9230769230769231,13,0.5708475093633384,0.624999999921875
9,4,Natalie Coughlin,8.0,0.0,3,4.0,0,Athlete,27,Eliminated,5.0,10,Alec Mazo,Baseline,Millennial,1,0,1,0,0,-0.6666666666666661,8.16665,0.8818961060418917,0.6818181818181818,11,0.6760139186794596,0.624999999921875
9,5,Natalie Coughlin,7.333333333333333,-1.798533333333333,3,8.0,0,Athlete,27,Eliminated,5.0,10,Alec Mazo,Baseline,Millennial,1,0,1,0,0,-0.666666666666667,7.999986666666667,0.8498169742819787,0.25,10,0.3666588158943709,0.624999999921875
29,1,Nelly,5.333333333333333,-2.6978,3,12.0,0,Singer/Rapper,45,Finalist,10.0,3,Daniella Karagach,Baseline,GenX,1,0,0,1,0,0.0,5.333333333333333,0.0,0.26666666666666666,15,0.4586531304965921,0.9999999998
29,2,Nelly,6.0,0.0,3,6.0,0,Singer/Rapper,45,Finalist,10.0,3,Daniella Karagach,Baseline,GenX,1,0,0,1,0,0.666666666666667,5.666666666666666,0.4714045207910322,0.5,15,0.31639157203440565,0.9999999998
29,3,Nelly,6.0,-2.3124,3,11.0,0,Singer/Rapper,45,Finalist,10.0,3,Daniella Karagach,Baseline,GenX,1,0,0,1,0,0.0,5.777777777777778,0.3849001794597509,0.25,14,0.5059628499334231,0.9999999998
29,4,Nelly,7.0,-4.0466999999999995,3,10.0,0,Singer/Rapper,45,Finalist,10.0,3,Daniella Karagach,Baseline,GenX,1,0,0,1,0,1.0,6.083333333333333,0.687184270936277,0.19230769230769232,13,0.30617401395313787,0.9999999998
29,5,Nelly,8.0,0.0,3,5.0,0,Singer/Rapper,45,Finalist,10.0,3,Daniella Karagach,Baseline,GenX,1,0,0,1,0,1.0,6.466666666666666,1.043498389499902,0.5,12,0.44681844876186,0.9999999998
29,6,Nelly,8.0,0.0,3,7.0,0,Singer/Rapper,45,Finalist,10.0,3,Daniella Karagach,Baseline,GenX,1,0,0,1,0,0.0,6.722222222222221,1.1238162496435808,0.4090909090909091,11,0.43896422409120317,0.9999999998
29,7,Nelly,9.0,0.0,3,2.0,0,Singer/Rapper,45,Finalist,10.0,3,Daniella Karagach,Baseline,GenX,1,0,0,1,0,1.0,7.047619047619047,1.339272486707165,0.8,10,0.31099594861117197,0.9999999998
29,8,Nelly,8.0,-4.0466999999999995,3,8.0,0,Singer/Rapper,45,Finalist,10.0,3,Daniella Karagach,Baseline,GenX,1,0,0,1,0,-1.0,7.166666666666666,1.284832148879242,0.125,8,0.2923894771165262,0.9999999998
29,9,Nelly,8.0,-5.057919769011554,3,7.0,0,Singer/Rapper,45,Finalist,10.0,3,Daniella Karagach,Baseline,GenX,1,0,0,1,0,0.0,7.259259259259259,1.2335335172874733,0.14285714285714285,7,0.3698505511411933,0.9999999998
29,10,Nelly,9.333333333333334,-1.3489,3,6.0,0,Singer/Rapper,45,Finalist,10.0,3,Daniella Karagach,Baseline,GenX,1,0,0,1,0,1.333333333333334,7.466666666666667,1.3351839009599826,0.16666666666666666,6,0.1234226908160677,0.9999999998
18,1,Nene Leakes,7.0,0.0,3,7.0,0,Tv Personality,46,Eliminated,7.0,7,Tony Dovolani,Baseline,GenX,1,0,0,1,0,0.0,7.0,0.0,0.4166666666666667,12,0.4824767313646609,0.7017543858664205
18,2,Nene Leakes,7.0,0.0,3,7.0,0,Tv Personality,46,Eliminated,7.0,7,Tony Dovolani,Baseline,GenX,1,0,0,1,0,0.0,7.0,0.0,0.3181818181818182,11,0.4367050005272007,0.7017543858664205
18,3,Nene Leakes,7.75,-6.7445,4,8.0,0,Tv Personality,46,Eliminated,7.0,7,Tony Dovolani,Baseline,GenX,1,0,0,1,0,0.75,7.25,0.4330127018922193,0.2222222222222222,9,0.32309124605207246,0.7017543858664205
18,4,Nene Leakes,8.0,0.0,4,6.0,0,Tv Personality,46,Eliminated,7.0,7,Tony Dovolani,Baseline,GenX,1,0,0,1,0,0.25,7.4375,0.5153882032022076,0.3888888888888889,9,0.33191624498489414,0.7017543858664205
18,5,Nene Leakes,9.0,0.0,4,5.0,0,Tv Personality,46,Eliminated,7.0,7,Tony Dovolani,Baseline,GenX,1,0,0,1,0,1.0,7.75,0.82915619758885,0.5,9,0.3823756526858896,0.7017543858664205
18,6,Nene Leakes,8.25,-4.0466999999999995,4,6.0,0,Tv Personality,46,Eliminated,7.0,7,Tony Dovolani,Baseline,GenX,1,0,0,1,0,-0.75,7.833333333333333,0.7691987172809551,0.375,8,0.31709701677202323,0.7017543858664205
18,7,Nene Leakes,8.25,-4.0466999999999995,4,7.0,0,Tv Personality,46,Eliminated,7.0,7,Tony Dovolani,Baseline,GenX,1,0,0,1,0,0.0,7.892857142857143,0.7196229171289245,0.14285714285714285,7,0.2135697698452491,0.7017543858664205
29,1,Nev Schulman,6.666666666666667,2.6978,3,3.0,0,Producer,35,RunnerUp,10.0,2,Jenna Johnson,Baseline,Millennial,1,0,1,0,0,0.0,6.666666666666667,0.0,0.8333333333333334,15,0.4586531304965921,0.7142857141836735
29,2,Nev Schulman,7.0,4.0466999999999995,3,2.0,0,Producer,35,RunnerUp,10.0,2,Jenna Johnson,Baseline,Millennial,1,0,1,0,0,0.33333333333333304,6.833333333333334,0.2357022603955153,0.9,15,0.31639157203440565,0.7142857141836735
29,3,Nev Schulman,8.0,2.3124,3,1.0,0,Producer,35,RunnerUp,10.0,2,Jenna Johnson,Baseline,Millennial,1,0,1,0,0,1.0,7.222222222222222,0.6938886664887106,0.9642857142857143,14,0.5059628499334231,0.7142857141836735
29,4,Nev Schulman,8.0,0.0,3,3.0,0,Producer,35,RunnerUp,10.0,2,Jenna Johnson,Baseline,Millennial,1,0,1,0,0,0.0,7.416666666666667,0.6871842709362765,0.6923076923076923,13,0.30617401395313787,0.7142857141836735
29,5,Nev Schulman,8.666666666666666,2.15824,3,3.0,0,Producer,35,RunnerUp,10.0,2,Jenna Johnson,Baseline,Millennial,1,0,1,0,0,0.6666666666666661,7.666666666666666,0.8164965809277255,0.7916666666666666,12,0.44681844876186,0.7142857141836735
29,6,Nev Schulman,8.666666666666666,2.6978,3,5.0,0,Producer,35,RunnerUp,10.0,2,Jenna Johnson,Baseline,Millennial,1,0,1,0,0,0.0,7.833333333333333,0.8366600265340749,0.6363636363636364,11,0.43896422409120317,0.7142857141836735
29,7,Nev Schulman,10.0,4.0466999999999995,3,1.0,0,Producer,35,RunnerUp,10.0,2,Jenna Johnson,Baseline,Millennial,1,0,1,0,0,1.333333333333334,8.142857142857142,1.11980723964808,1.0,10,0.31099594861117197,0.7142857141836735
29,8,Nev Schulman,10.0,4.0466999999999995,3,1.0,0,Producer,35,RunnerUp,10.0,2,Jenna Johnson,Baseline,Millennial,1,0,1,0,0,0.0,8.375,1.2271725147477754,0.9375,8,0.2923894771165262,0.7142857141836735
29,9,Nev Schulman,9.6666,0.0,3,3.0,0,Producer,35,RunnerUp,10.0,2,Jenna Johnson,Baseline,Millennial,1,0,1,0,0,-0.33339999999999925,8.518511111111112,1.2259964455268384,0.6428571428571429,7,0.3698505511411933,0.7142857141836735
29,10,Nev Schulman,10.0,4.0466999999999995,3,1.0,0,Producer,35,RunnerUp,10.0,2,Jenna Johnson,Baseline,Millennial,1,0,1,0,0,0.33339999999999925,8.66666,1.247213189949971,0.9166666666666666,6,0.1234226908160677,0.7142857141836735
21,1,Nick Carter,8.0,1.3488999999999998,3,1.0,0,Singer/Rapper,35,RunnerUp,11.0,2,Sharna Burgess,Baseline,Millennial,1,0,1,0,0,0.0,8.0,0.0,0.9615384615384616,13,0.6601447958346751,0.6410256409434583
21,2,Nick Carter,7.5,0.0,3,4.0,0,Singer/Rapper,35,RunnerUp,11.0,2,Sharna Burgess,Baseline,Millennial,1,0,1,0,0,-0.5,7.75,0.3535533905932738,0.6538461538461539,13,0.446165184304094,0.6410256409434583
21,3,Nick Carter,9.0,4.31648,4,1.0,0,Singer/Rapper,35,RunnerUp,11.0,2,Sharna Burgess,Baseline,Millennial,1,0,1,0,0,1.5,8.166666666666666,0.7637626158259736,0.95,10,0.545144606709089,0.6410256409434583
21,4,Nick Carter,9.0,2.0233499999999998,3,2.0,0,Singer/Rapper,35,RunnerUp,11.0,2,Sharna Burgess,Baseline,Millennial,1,0,1,0,0,0.0,8.375,0.7500000000000002,0.8,10,0.6070398743083226,0.6410256409434583
21,5,Nick Carter,8.75,-0.67445,4,5.0,0,Singer/Rapper,35,RunnerUp,11.0,2,Sharna Burgess,Baseline,Millennial,1,0,1,0,0,-0.25,8.45,0.6708203932499371,0.5555555555555556,9,0.556258550366338,0.6410256409434583
21,6,Nick Carter,9.75,2.0233499999999998,4,4.0,0,Singer/Rapper,35,RunnerUp,11.0,2,Sharna Burgess,Baseline,Millennial,1,0,1,0,0,1.0,8.666666666666666,0.8010409893798615,0.6666666666666666,9,0.654027973633366,0.6410256409434583
21,7,Nick Carter,9.0,0.0,3,6.0,0,Singer/Rapper,35,RunnerUp,11.0,2,Sharna Burgess,Baseline,Millennial,1,0,1,0,0,-0.75,8.714285714285714,0.74202104963083,0.3125,8,0.11662348072918957,0.6410256409434583
21,8,Nick Carter,11.0,8.093399999999999,3,1.0,0,Singer/Rapper,35,RunnerUp,11.0,2,Sharna Burgess,Baseline,Millennial,1,0,1,0,0,2.0,9.0,1.0606601717798216,1.0,7,0.43189472916258315,0.6410256409434583
21,9,Nick Carter,9.166666666666666,0.4496333333333333,3,3.0,0,Singer/Rapper,35,RunnerUp,11.0,2,Sharna Burgess,Baseline,Millennial,1,0,1,0,0,-1.833333333333334,9.018518518518519,0.9937109336990748,0.6666666666666666,6,0.33450140748703683,0.6410256409434583
21,10,Nick Carter,9.0,-2.6978,3,4.0,0,Singer/Rapper,35,RunnerUp,11.0,2,Sharna Burgess,Baseline,Millennial,1,0,1,0,0,-0.16666666666666607,9.016666666666667,0.9368979548370134,0.25,4,0.3319162449848941,0.6410256409434583
21,11,Nick Carter,10.0,0.0,3,1.0,0,Singer/Rapper,35,RunnerUp,11.0,2,Sharna Burgess,Baseline,Millennial,1,0,1,0,0,1.0,9.106060606060607,0.9369653357536984,0.75,4,0.14752570702095252,0.6410256409434583
25,1,Nick Lachey,6.0,0.0,3,7.0,0,Singer/Rapper,43,Eliminated,6.0,9,Peta Murgatroyd,Baseline,GenX,1,0,0,1,0,0.0,6.0,0.0,0.46153846153846156,13,0.3689849053575016,0.8620689653686088
25,2,Nick Lachey,6.333333333333333,-2.6978,3,11.0,0,Singer/Rapper,43,Eliminated,6.0,9,Peta Murgatroyd,Baseline,GenX,1,0,0,1,0,0.33333333333333304,6.166666666666666,0.23570226039551595,0.19230769230769232,13,0.32635345291716955,0.8620689653686088
25,3,Nick Lachey,7.0,0.0,3,6.0,0,Singer/Rapper,43,Eliminated,6.0,9,Peta Murgatroyd,Baseline,GenX,1,0,0,1,0,0.666666666666667,6.444444444444444,0.509175077217316,0.36363636363636365,11,0.32865933280605497,0.8620689653686088
25,4,Nick Lachey,7.333333333333333,-2.0,3,11.0,0,Singer/Rapper,43,Eliminated,6.0,9,Peta Murgatroyd,Baseline,GenX,1,0,0,1,0,0.33333333333333304,6.666666666666666,0.6085806194501849,0.09090909090909091,11,0.28962268552870457,0.8620689653686088
25,5,Nick Lachey,7.333333333333333,-6.7445,3,10.0,0,Singer/Rapper,43,Eliminated,6.0,9,Peta Murgatroyd,Baseline,GenX,1,0,0,1,0,0.0,6.8,0.6055300708194986,0.1,10,0.37092052770744643,0.8620689653686088
25,6,Nick Lachey,6.5,-10.7912,4,9.0,0,Singer/Rapper,43,Eliminated,6.0,9,Peta Murgatroyd,Baseline,GenX,1,0,0,1,0,-0.833333333333333,6.75,0.5552777082985897,0.1111111111111111,9,0.5189417288061872,0.8620689653686088
24,1,Nick Viall,6.0,0.0,4,7.0,0,Tv Personality,36,Eliminated,7.0,6,Peta Murgatroyd,Baseline,Millennial,1,0,1,0,0,0.0,6.0,0.0,0.4583333333333333,12,0.5077415287029913,0.8653846152348372
24,2,Nick Viall,6.25,-2.0233499999999998,4,9.0,0,Tv Personality,36,Eliminated,7.0,6,Peta Murgatroyd,Baseline,Millennial,1,0,1,0,0,0.25,6.125,0.1767766952966369,0.2916666666666667,12,0.3694657571555838,0.8653846152348372
24,3,Nick Viall,6.5,-1.3489,4,7.0,0,Tv Personality,36,Eliminated,7.0,6,Peta Murgatroyd,Baseline,Millennial,1,0,1,0,0,0.25,6.25,0.25,0.4090909090909091,11,0.44606142611441296,0.8653846152348372
24,4,Nick Viall,7.5,-2.15824,4,8.0,0,Tv Personality,36,Eliminated,7.0,6,Peta Murgatroyd,Baseline,Millennial,1,0,1,0,0,1.0,6.5625,0.6574889099191459,0.25,10,0.36209665770517047,0.8653846152348372
24,5,Nick Viall,8.5,2.6978,4,4.0,0,Tv Personality,36,Eliminated,7.0,6,Peta Murgatroyd,Baseline,Millennial,1,0,1,0,0,1.0,6.95,1.036822067666386,0.6111111111111112,9,0.37835288634956515,0.8653846152348372
24,6,Nick Viall,7.625,-4.196577777777778,4,8.0,0,Tv Personality,36,Eliminated,7.0,6,Peta Murgatroyd,Baseline,Millennial,1,0,1,0,0,-0.875,7.0625,0.9674386285444674,0.125,8,0.2673542650595688,0.8653846152348372
24,7,Nick Viall,8.5,-1.798533333333333,4,5.0,0,Tv Personality,36,Eliminated,7.0,6,Peta Murgatroyd,Baseline,Millennial,1,0,1,0,0,0.875,7.267857142857143,1.0368938275078166,0.42857142857142855,7,0.4490923486826755,0.8653846152348372
17,1,"Nicole ""Snooki"" Polizzi",7.666666666666667,2.15824,3,4.0,0,Tv Personality,25,Eliminated,7.0,8,Sasha Farber,Baseline,GenZ,1,1,0,0,0,0.0,7.666666666666667,0.0,0.7083333333333334,12,0.5199731865129118,0.9999999998
17,2,"Nicole ""Snooki"" Polizzi",6.666666666666667,-4.31648,3,9.0,0,Tv Personality,25,Eliminated,7.0,8,Sasha Farber,Baseline,GenZ,1,1,0,0,0,-1.0,7.166666666666667,0.7071067811865476,0.3333333333333333,12,0.4484757246093171,0.9999999998
17,3,"Nicole ""Snooki"" Polizzi",8.333333333333334,1.3489,3,4.0,0,Tv Personality,25,Eliminated,7.0,8,Sasha Farber,Baseline,GenZ,1,1,0,0,0,1.666666666666667,7.555555555555556,0.8388704928078611,0.6818181818181818,11,0.5590854517439097,0.9999999998
17,4,"Nicole ""Snooki"" Polizzi",8.0,0.0,3,4.0,0,Tv Personality,25,Eliminated,7.0,8,Sasha Farber,Baseline,GenZ,1,1,0,0,0,-0.3333333333333339,7.666666666666667,0.7200822998230955,0.55,10,0.44008948670157627,0.9999999998
17,5,"Nicole ""Snooki"" Polizzi",9.0,0.0,3,3.0,0,Tv Personality,25,Eliminated,7.0,8,Sasha Farber,Baseline,GenZ,1,1,0,0,0,1.0,7.9333333333333345,0.8628119403696521,0.6666666666666666,9,0.2898692456016402,0.9999999998
17,6,"Nicole ""Snooki"" Polizzi",10.0,2.0235017474563115,3,4.0,0,Tv Personality,25,Eliminated,7.0,8,Sasha Farber,Baseline,GenZ,1,1,0,0,0,1.0,8.277777777777779,1.1434191739722606,0.625,8,0.42049341849041905,0.9999999998
17,7,"Nicole ""Snooki"" Polizzi",9.0,0.0,3,5.0,0,Tv Personality,25,Eliminated,7.0,8,Sasha Farber,Baseline,GenZ,1,1,0,0,0,-1.0,8.380952380952381,1.0788981249502492,0.4375,8,0.23303861218816335,0.9999999998
10,1,Nicole Scherzinger,8.333333333333334,4.72115,3,1.0,0,Singer/Rapper,31,Winner,9.0,1,Derek Hough,Baseline,Millennial,1,0,1,0,0,0.0,8.333333333333334,0.0,1.0,11,0.49807921190792886,1.2499999996875
10,2,Nicole Scherzinger,9.333333333333334,4.72115,3,1.0,0,Singer/Rapper,31,Winner,9.0,1,Derek Hough,Baseline,Millennial,1,0,1,0,0,1.0,8.833333333333334,0.7071067811865476,1.0,11,0.6597220325535085,1.2499999996875
10,3,Nicole Scherzinger,7.666666666666667,2.6978,3,2.0,0,Singer/Rapper,31,Winner,9.0,1,Derek Hough,Baseline,Millennial,1,0,1,0,0,-1.666666666666667,8.444444444444445,0.8388704928078611,0.85,10,0.5608715150290308,1.2499999996875
10,4,Nicole Scherzinger,8.333333333333334,3.709475,3,2.0,0,Singer/Rapper,31,Winner,9.0,1,Derek Hough,Baseline,Millennial,1,0,1,0,0,0.666666666666667,8.416666666666668,0.6871842709362768,0.8888888888888888,9,0.5404812987363725,1.2499999996875
10,5,Nicole Scherzinger,9.666666666666666,4.796088888888889,3,1.0,0,Singer/Rapper,31,Winner,9.0,1,Derek Hough,Baseline,Millennial,1,0,1,0,0,1.3333333333333321,8.666666666666668,0.8164965809277254,1.0,8,0.6961217507010304,1.2499999996875
10,6,Nicole Scherzinger,11.999966666666666,5.66534762704746,3,1.0,0,Singer/Rapper,31,Winner,9.0,1,Derek Hough,Baseline,Millennial,1,0,1,0,0,2.3332999999999995,9.222216666666666,1.5443924851971178,1.0,7,0.6107868872008763,1.2499999996875
10,7,Nicole Scherzinger,9.0,4.0466999999999995,3,1.0,0,Singer/Rapper,31,Winner,9.0,1,Derek Hough,Baseline,Millennial,1,0,1,0,0,-2.9999666666666656,9.190471428571428,1.4123306192023541,0.9166666666666666,6,0.14315106692280277,1.2499999996875
10,8,Nicole Scherzinger,9.833333333333334,3.5970666666666666,3,1.0,0,Singer/Rapper,31,Winner,9.0,1,Derek Hough,Baseline,Millennial,1,0,1,0,0,0.8333333333333339,9.270829166666667,1.3271709529047584,1.0,5,0.4825450660058031,1.2499999996875
10,9,Nicole Scherzinger,9.833333333333334,1.3489,3,1.0,0,Singer/Rapper,31,Winner,9.0,1,Derek Hough,Baseline,Millennial,1,0,1,0,0,0.0,9.33332962962963,1.2555344148171015,0.875,4,0.24463147698635032,1.2499999996875
10,1,Niecy Nash,6.0,0.0,3,6.0,0,Actor/Actress,40,Eliminated,8.0,5,Louis Van Amstel,Baseline,Millennial,1,0,1,0,0,0.0,6.0,0.0,0.45454545454545453,11,0.49807921190792886,0.9999999998
10,2,Niecy Nash,7.0,0.0,3,5.0,0,Actor/Actress,40,Eliminated,8.0,5,Louis Van Amstel,Baseline,Millennial,1,0,1,0,0,1.0,6.5,0.7071067811865476,0.6363636363636364,11,0.6597220325535085,0.9999999998
10,3,Niecy Nash,7.0,0.0,3,4.0,0,Actor/Actress,40,Eliminated,8.0,5,Louis Van Amstel,Baseline,Millennial,1,0,1,0,0,0.0,6.666666666666667,0.5773502691896257,0.6,10,0.5608715150290308,0.9999999998
10,4,Niecy Nash,6.0,-1.0116749999999999,3,7.0,0,Actor/Actress,40,Eliminated,8.0,5,Louis Van Amstel,Baseline,Millennial,1,0,1,0,0,-1.0,6.5,0.5773502691896257,0.3333333333333333,9,0.5404812987363725,0.9999999998
10,5,Niecy Nash,6.0,-1.7985333333333333,3,6.0,0,Actor/Actress,40,Eliminated,8.0,5,Louis Van Amstel,Baseline,Millennial,1,0,1,0,0,0.0,6.4,0.5477225575051662,0.3125,8,0.6961217507010304,0.9999999998
10,6,Niecy Nash,8.6666,-2.4279714405711905,3,6.0,0,Actor/Actress,40,Eliminated,8.0,5,Louis Van Amstel,Baseline,Millennial,1,0,1,0,0,2.6666000000000007,6.777766666666667,1.0470176343627966,0.2857142857142857,7,0.6107868872008763,0.9999999998
10,7,Niecy Nash,8.166666666666666,-2.6978,3,6.0,0,Actor/Actress,40,Eliminated,8.0,5,Louis Van Amstel,Baseline,Millennial,1,0,1,0,0,-0.4999333333333347,6.976180952380952,1.0904658975184842,0.16666666666666666,6,0.14315106692280277,0.9999999998
10,8,Niecy Nash,7.166666666666667,-3.5970666666666666,3,5.0,0,Actor/Actress,40,Eliminated,8.0,5,Louis Van Amstel,Baseline,Millennial,1,0,1,0,0,-0.9999999999999991,6.999991666666666,1.0118190442630208,0.2,5,0.4825450660058031,0.9999999998
25,1,Nikki Bella,6.666666666666667,2.6978,3,4.0,0,Athlete,33,Eliminated,7.0,8,Artem Chigvintsev,Baseline,Millennial,1,0,1,0,0,0.0,6.666666666666667,0.0,0.7692307692307693,13,0.3689849053575016,0.624999999921875
25,2,Nikki Bella,6.5,-2.0233499999999998,3,9.0,0,Athlete,33,Eliminated,7.0,8,Artem Chigvintsev,Baseline,Millennial,1,0,1,0,0,-0.16666666666666696,6.583333333333334,0.11785113019775845,0.34615384615384615,13,0.32635345291716955,0.624999999921875
25,3,Nikki Bella,7.0,0.0,3,6.0,0,Athlete,33,Eliminated,7.0,8,Artem Chigvintsev,Baseline,Millennial,1,0,1,0,0,0.5,6.722222222222222,0.2545875386086577,0.36363636363636365,11,0.32865933280605497,0.624999999921875
25,4,Nikki Bella,8.0,0.0,3,4.0,0,Athlete,33,Eliminated,7.0,8,Artem Chigvintsev,Baseline,Millennial,1,0,1,0,0,1.0,7.041666666666667,0.6718548123582123,0.5,11,0.28962268552870457,0.624999999921875
25,5,Nikki Bella,9.0,0.0,3,4.0,0,Athlete,33,Eliminated,7.0,8,Artem Chigvintsev,Baseline,Millennial,1,0,1,0,0,1.0,7.4333333333333345,1.0514540197058335,0.65,10,0.37092052770744643,0.624999999921875
25,6,Nikki Bella,9.0,0.0,4,4.0,0,Athlete,33,Eliminated,7.0,8,Artem Chigvintsev,Baseline,Millennial,1,0,1,0,0,0.0,7.6944444444444455,1.1373295558098004,0.6111111111111112,9,0.5189417288061872,0.624999999921875
25,7,Nikki Bella,8.0,-4.0466999999999995,3,8.0,0,Athlete,33,Eliminated,7.0,8,Artem Chigvintsev,Baseline,Millennial,1,0,1,0,0,-1.0,7.738095238095239,1.0446386175466809,0.125,8,0.30981358245498597,0.624999999921875
27,1,Nikki Glaser,5.833333333333333,-2.6978,3,12.0,0,Comedian,34,Eliminated,1.0,13,Gleb Savchenko,Baseline,Millennial,1,0,1,0,0,0.0,5.833333333333333,0.0,0.15384615384615385,13,0.3774877622322794,0.624999999921875
20,1,Noah Galloway,6.5,-2.6978,4,5.0,0,Motivational Speaker,33,Finalist,9.0,3,Sharna Burgess,Baseline,Millennial,1,0,1,0,0,0.0,6.5,0.0,0.5833333333333334,12,0.35460930964766507,0.5555555554938272
20,2,Noah Galloway,6.75,-1.3489,4,10.0,0,Motivational Speaker,33,Finalist,9.0,3,Sharna Burgess,Baseline,Millennial,1,0,1,0,0,0.25,6.625,0.1767766952966369,0.25,12,0.3903364158374489,0.5555555554938272
20,3,Noah Galloway,7.5,1.3489,4,5.0,0,Motivational Speaker,33,Finalist,9.0,3,Sharna Burgess,Baseline,Millennial,1,0,1,0,0,0.75,6.916666666666667,0.520416499866533,0.6363636363636364,11,0.5102920942332644,0.5555555554938272
20,4,Noah Galloway,8.0,0.0,4,6.0,0,Motivational Speaker,33,Finalist,9.0,3,Sharna Burgess,Baseline,Millennial,1,0,1,0,0,0.5,7.1875,0.6884463184107626,0.5,10,0.4180589861580331,0.5555555554938272
20,5,Noah Galloway,7.0,0.0,4,5.0,0,Motivational Speaker,33,Finalist,9.0,3,Sharna Burgess,Baseline,Millennial,1,0,1,0,0,-1.0,7.15,0.6020797289396147,0.5,9,0.6406334904348918,0.5555555554938272
20,6,Noah Galloway,8.5,-2.15824,4,6.0,0,Motivational Speaker,33,Finalist,9.0,3,Sharna Burgess,Baseline,Millennial,1,0,1,0,0,1.5,7.375,0.7705517503711219,0.3125,8,0.17178297693773606,0.5555555554938272
20,7,Noah Galloway,9.5,0.0,4,3.0,0,Motivational Speaker,33,Finalist,9.0,3,Sharna Burgess,Baseline,Millennial,1,0,1,0,0,1.0,7.678571428571429,1.0676520745921643,0.7142857142857143,7,0.42713953969049817,0.5555555554938272
20,8,Noah Galloway,7.875,-2.360575,4,5.0,0,Motivational Speaker,33,Finalist,9.0,3,Sharna Burgess,Baseline,Millennial,1,0,1,0,0,-1.625,7.703125,0.9908904274871738,0.3333333333333333,6,0.461179145750284,0.5555555554938272
20,9,Noah Galloway,9.5,-5.3956,4,4.0,0,Motivational Speaker,33,Finalist,9.0,3,Sharna Burgess,Baseline,Millennial,1,0,1,0,0,1.625,7.902777777777778,1.103576886512419,0.25,4,0.10592853681774375,0.5555555554938272
24,1,Normani,6.75,2.0233499999999998,4,6.0,0,Singer/Rapper,20,Finalist,9.0,3,Valentin Chmerkovskiy,Baseline,GenZ,1,1,0,0,0,0.0,6.75,0.0,0.5833333333333334,12,0.5077415287029913,1.0784313723164167
24,2,Normani,8.0,2.6978,4,1.0,0,Singer/Rapper,20,Finalist,9.0,3,Valentin Chmerkovskiy,Baseline,GenZ,1,1,0,0,0,1.25,7.375,0.8838834764831844,0.9583333333333334,12,0.3694657571555838,1.0784313723164167
24,3,Normani,8.5,4.0466999999999995,4,1.0,0,Singer/Rapper,20,Finalist,9.0,3,Valentin Chmerkovskiy,Baseline,GenZ,1,1,0,0,0,0.5,7.75,0.9013878188659973,1.0,11,0.44606142611441296,1.0784313723164167
24,4,Normani,8.0,0.0,4,5.0,0,Singer/Rapper,20,Finalist,9.0,3,Valentin Chmerkovskiy,Baseline,GenZ,1,1,0,0,0,-0.5,7.8125,0.7465197027987048,0.55,10,0.36209665770517047,1.0784313723164167
24,5,Normani,9.75,9.4423,4,1.0,0,Singer/Rapper,20,Finalist,9.0,3,Valentin Chmerkovskiy,Baseline,GenZ,1,1,0,0,0,1.75,8.2,1.081087415521983,1.0,9,0.37835288634956515,1.0784313723164167
24,6,Normani,9.0,2.3980444444444444,4,2.0,0,Singer/Rapper,20,Finalist,9.0,3,Valentin Chmerkovskiy,Baseline,GenZ,1,1,0,0,0,-0.75,8.333333333333334,1.0206207261596578,0.875,8,0.2673542650595688,1.0784313723164167
24,7,Normani,10.5,5.3956,4,1.0,0,Singer/Rapper,20,Finalist,9.0,3,Valentin Chmerkovskiy,Baseline,GenZ,1,1,0,0,0,1.5,8.642857142857142,1.2404396302079668,1.0,7,0.4490923486826755,1.0784313723164167
24,8,Normani,9.875,3.147433333333333,4,1.0,0,Singer/Rapper,20,Finalist,9.0,3,Valentin Chmerkovskiy,Baseline,GenZ,1,1,0,0,0,-0.625,8.796875,1.2282709609737705,1.0,5,0.4618422361657111,1.0784313723164167
24,9,Normani,9.5,0.0,4,3.0,0,Singer/Rapper,20,Finalist,9.0,3,Valentin Chmerkovskiy,Baseline,GenZ,1,1,0,0,0,-0.375,8.875,1.1726039399558579,0.5,4,0.2319678850472748,1.0784313723164167
22,1,Nyle Dimarco,7.666666666666667,2.6978,3,1.0,0,Model,26,Winner,9.0,1,Peta Murgatroyd,Baseline,Millennial,1,0,1,0,0,0.0,7.666666666666667,0.0,0.9166666666666666,12,0.4877442861994343,0.7843137253671665
22,2,Nyle Dimarco,6.666666666666667,-1.3489,3,5.0,0,Model,26,Winner,9.0,1,Peta Murgatroyd,Baseline,Millennial,1,0,1,0,0,-1.0,7.166666666666667,0.7071067811865476,0.5416666666666666,12,0.4636580673185359,0.7843137253671665
22,3,Nyle Dimarco,8.333333333333334,5.3956,3,1.0,0,Model,26,Winner,9.0,1,Peta Murgatroyd,Baseline,Millennial,1,0,1,0,0,1.666666666666667,7.555555555555556,0.8388704928078611,1.0,11,0.30492889283715907,0.7843137253671665
22,4,Nyle Dimarco,8.5,1.3489,4,5.0,0,Model,26,Winner,9.0,1,Peta Murgatroyd,Baseline,Millennial,1,0,1,0,0,0.16666666666666607,7.791666666666667,0.8319432851039964,0.6,10,0.4648875844007378,0.7843137253671665
22,5,Nyle Dimarco,9.25,6.7445,4,1.0,0,Model,26,Winner,9.0,1,Peta Murgatroyd,Baseline,Millennial,1,0,1,0,0,0.75,8.083333333333334,0.9718253158075498,1.0,9,0.3911670460246567,0.7843137253671665
22,6,Nyle Dimarco,8.333333333333334,1.3489,3,4.0,0,Model,26,Winner,9.0,1,Peta Murgatroyd,Baseline,Millennial,1,0,1,0,0,-0.9166666666666661,8.125,0.8751983902077414,0.6111111111111112,9,0.35966785659869965,0.7843137253671665
22,7,Nyle Dimarco,9.333333333333334,2.6978,3,1.0,0,Model,26,Winner,9.0,1,Peta Murgatroyd,Baseline,Millennial,1,0,1,0,0,1.0,8.297619047619047,0.9202670994833697,1.0,8,0.1421522207639567,0.7843137253671665
22,8,Nyle Dimarco,9.666666666666666,0.67445,3,3.0,0,Model,26,Winner,9.0,1,Peta Murgatroyd,Baseline,Millennial,1,0,1,0,0,0.33333333333333215,8.46875,0.9798946128951582,0.6666666666666666,6,0.28630213384560527,0.7843137253671665
22,9,Nyle Dimarco,9.5,0.0,3,3.0,0,Model,26,Winner,9.0,1,Peta Murgatroyd,Baseline,Millennial,1,0,1,0,0,-0.16666666666666607,8.583333333333334,0.9789450103725607,0.6,5,0.15295026107435583,0.7843137253671665
30,1,Olivia Jade,6.25,1.3489,4,7.0,0,Social Media Personality,21,Eliminated,8.0,8,Valentin Chmerkovskiy,Baseline,GenZ,1,1,0,0,0,0.0,6.25,0.0,0.5666666666666667,15,0.4260464104775318,0.8988764043327863
30,2,Olivia Jade,6.75,4.0466999999999995,4,5.0,0,Social Media Personality,21,Eliminated,8.0,8,Valentin Chmerkovskiy,Baseline,GenZ,1,1,0,0,0,0.5,6.5,0.3535533905932738,0.6666666666666666,15,0.45935864257411446,0.8988764043327863
30,3,Olivia Jade,8.0,4.0466999999999995,3,1.0,0,Social Media Personality,21,Eliminated,8.0,8,Valentin Chmerkovskiy,Baseline,GenZ,1,1,0,0,0,1.25,7.0,0.9013878188659973,0.9285714285714286,14,0.29177648852342086,0.8988764043327863
30,4,Olivia Jade,8.75,2.6977999999999995,4,2.0,0,Social Media Personality,21,Eliminated,8.0,8,Valentin Chmerkovskiy,Baseline,GenZ,1,1,0,0,0,0.75,7.4375,1.143368561167687,0.8846153846153846,13,0.33713528172762924,0.8988764043327863
30,5,Olivia Jade,9.0,0.0,4,3.0,0,Social Media Personality,21,Eliminated,8.0,8,Valentin Chmerkovskiy,Baseline,GenZ,1,1,0,0,0,0.25,7.75,1.2119199643540823,0.6363636363636364,11,0.3735594089309465,0.8988764043327863
30,6,Olivia Jade,9.0,0.0,4,5.0,0,Social Media Personality,21,Eliminated,8.0,8,Valentin Chmerkovskiy,Baseline,GenZ,1,1,0,0,0,0.0,7.958333333333333,1.1980887557550428,0.5,10,0.2913253614880169,0.8988764043327863
30,7,Olivia Jade,10.5,6.4747200000000005,4,1.0,0,Social Media Personality,21,Eliminated,8.0,8,Valentin Chmerkovskiy,Baseline,GenZ,1,1,0,0,0,1.5,8.321428571428571,1.4556948921555022,1.0,9,0.3498704421875686,0.8988764043327863
30,8,Olivia Jade,9.0,-3.597066666666666,4,6.0,0,Social Media Personality,21,Eliminated,8.0,8,Valentin Chmerkovskiy,Baseline,GenZ,1,1,0,0,0,-1.5,8.40625,1.3688988014354564,0.375,8,0.4264566622918705,0.8988764043327863
22,1,Paige Vanzant,7.0,0.0,3,4.0,0,Athlete,22,RunnerUp,9.0,2,Mark Ballas,Baseline,GenZ,1,1,0,0,0,0.0,7.0,0.0,0.625,12,0.4877442861994343,0.8673469386250521
22,2,Paige Vanzant,8.0,4.0466999999999995,3,1.0,0,Athlete,22,RunnerUp,9.0,2,Mark Ballas,Baseline,GenZ,1,1,0,0,0,1.0,7.5,0.7071067811865476,0.9583333333333334,12,0.4636580673185359,0.8673469386250521
22,3,Paige Vanzant,7.666666666666667,2.6978,3,3.0,0,Athlete,22,RunnerUp,9.0,2,Mark Ballas,Baseline,GenZ,1,1,0,0,0,-0.33333333333333304,7.555555555555556,0.5091750772173156,0.7727272727272727,11,0.30492889283715907,0.8673469386250521
22,4,Paige Vanzant,9.0,2.6978,4,1.0,0,Athlete,22,RunnerUp,9.0,2,Mark Ballas,Baseline,GenZ,1,1,0,0,0,1.333333333333333,7.916666666666667,0.8333333333333337,0.95,10,0.4648875844007378,0.8673469386250521
22,5,Paige Vanzant,7.75,-1.3489,4,4.0,0,Athlete,22,RunnerUp,9.0,2,Mark Ballas,Baseline,GenZ,1,1,0,0,0,-1.25,7.883333333333335,0.7255266286559641,0.6666666666666666,9,0.3911670460246567,0.8673469386250521
22,6,Paige Vanzant,9.333333333333334,5.3956,3,2.0,0,Athlete,22,RunnerUp,9.0,2,Mark Ballas,Baseline,GenZ,1,1,0,0,0,1.583333333333334,8.125,0.8783665395367577,0.8888888888888888,9,0.35966785659869965,0.8673469386250521
22,7,Paige Vanzant,9.166666666666666,1.3489,3,2.0,0,Athlete,22,RunnerUp,9.0,2,Mark Ballas,Baseline,GenZ,1,1,0,0,0,-0.16666666666666785,8.273809523809524,0.8932803229948233,0.75,8,0.1421522207639567,0.8673469386250521
22,8,Paige Vanzant,9.333333333333334,-0.67445,3,4.0,0,Athlete,22,RunnerUp,9.0,2,Mark Ballas,Baseline,GenZ,1,1,0,0,0,0.16666666666666785,8.40625,0.907899087987346,0.5,6,0.28630213384560527,0.8673469386250521
22,9,Paige Vanzant,9.833333333333334,2.6978,3,2.0,0,Athlete,22,RunnerUp,9.0,2,Mark Ballas,Baseline,GenZ,1,1,0,0,0,0.5,8.564814814814817,0.9734119704408466,0.8,5,0.15295026107435583,0.8673469386250521
10,1,Pamela Anderson,7.0,2.0233499999999998,3,3.0,0,Model,42,Eliminated,7.0,6,Damian Whitewood,Baseline,GenX,1,0,0,1,0,0.0,7.0,0.0,0.7727272727272727,11,0.49807921190792886,0.9999999998
10,2,Pamela Anderson,7.333333333333333,0.67445,3,4.0,0,Model,42,Eliminated,7.0,6,Damian Whitewood,Baseline,GenX,1,0,0,1,0,0.33333333333333304,7.166666666666666,0.23570226039551595,0.7272727272727273,11,0.6597220325535085,0.9999999998
10,3,Pamela Anderson,7.0,0.0,3,4.0,0,Model,42,Eliminated,7.0,6,Damian Whitewood,Baseline,GenX,1,0,0,1,0,-0.33333333333333304,7.111111111111111,0.19245008972987515,0.6,10,0.5608715150290308,0.9999999998
10,4,Pamela Anderson,7.833333333333333,2.6978,3,3.0,0,Model,42,Eliminated,7.0,6,Damian Whitewood,Baseline,GenX,1,0,0,1,0,0.833333333333333,7.291666666666666,0.39381796885438414,0.7777777777777778,9,0.5404812987363725,0.9999999998
10,5,Pamela Anderson,7.0,0.0,3,5.0,0,Model,42,Eliminated,7.0,6,Damian Whitewood,Baseline,GenX,1,0,0,1,0,-0.833333333333333,7.2333333333333325,0.3651483716701107,0.5,8,0.6961217507010304,0.9999999998
10,6,Pamela Anderson,9.999933333333333,0.8093238135237302,3,4.0,0,Model,42,Eliminated,7.0,6,Damian Whitewood,Baseline,GenX,1,0,0,1,0,2.999933333333333,7.6944333333333335,1.1757320811590823,0.5714285714285714,7,0.6107868872008763,0.9999999998
10,7,Pamela Anderson,8.5,0.0,3,4.0,0,Model,42,Eliminated,7.0,6,Damian Whitewood,Baseline,GenX,1,0,0,1,0,-1.499933333333333,7.809514285714286,1.1156434547359826,0.4166666666666667,6,0.14315106692280277,0.9999999998
15,1,Pamela Anderson,5.666666666666667,-5.3956,3,13.0,0,Model,45,Eliminated,1.0,13,Tristan Macmanus,Baseline,GenX,1,0,0,1,0,0.0,5.666666666666667,0.0,0.07692307692307693,13,0.2944450500991418,0.769230769112426
20,1,Patti Labelle,6.25,-4.0466999999999995,4,8.0,0,Singer/Rapper,70,Eliminated,6.0,8,Artem Chigvintsev,Baseline,Boomer,1,0,0,0,1,0.0,6.25,0.0,0.3333333333333333,12,0.35460930964766507,0.8333333331944445
20,2,Patti Labelle,7.0,0.0,4,6.0,0,Singer/Rapper,70,Eliminated,6.0,8,Artem Chigvintsev,Baseline,Boomer,1,0,0,0,1,0.75,6.625,0.5303300858899106,0.4583333333333333,12,0.3903364158374489,0.8333333331944445
20,3,Patti Labelle,5.5,-4.0466999999999995,4,10.0,0,Singer/Rapper,70,Eliminated,6.0,8,Artem Chigvintsev,Baseline,Boomer,1,0,0,0,1,-1.5,6.25,0.75,0.13636363636363635,11,0.5102920942332644,0.8333333331944445
20,4,Patti Labelle,7.5,-1.3489,4,7.0,0,Singer/Rapper,70,Eliminated,6.0,8,Artem Chigvintsev,Baseline,Boomer,1,0,0,0,1,2.0,6.5625,0.875,0.35,10,0.4180589861580331,0.8333333331944445
20,5,Patti Labelle,6.75,-0.67445,4,7.0,0,Singer/Rapper,70,Eliminated,6.0,8,Artem Chigvintsev,Baseline,Boomer,1,0,0,0,1,-0.75,6.6,0.7623975340988454,0.2777777777777778,9,0.6406334904348918,0.8333333331944445
20,6,Patti Labelle,8.5,-2.15824,4,6.0,0,Singer/Rapper,70,Eliminated,6.0,8,Artem Chigvintsev,Baseline,Boomer,1,0,0,0,1,1.75,6.916666666666667,1.0327955589886446,0.3125,8,0.17178297693773606,0.8333333331944445
21,1,Paula Deen,5.0,-2.6977999999999995,3,9.0,0,Tv Personality,68,Eliminated,6.0,9,Louis Van Amstel,Baseline,Boomer,1,0,0,0,1,0.0,5.0,0.0,0.3076923076923077,13,0.6601447958346751,0.8333333331944445
21,2,Paula Deen,6.166666666666667,-3.5970666666666666,3,9.0,0,Tv Personality,68,Eliminated,6.0,9,Louis Van Amstel,Baseline,Boomer,1,0,0,0,1,1.166666666666667,5.583333333333334,0.8249579113843053,0.3076923076923077,13,0.446165184304094,0.8333333331944445
21,3,Paula Deen,5.0,-12.94944,4,10.0,0,Tv Personality,68,Eliminated,6.0,9,Louis Van Amstel,Baseline,Boomer,1,0,0,0,1,-1.166666666666667,5.388888888888889,0.6735753140545635,0.1,10,0.545144606709089,0.8333333331944445
21,4,Paula Deen,6.0,-4.0466999999999995,3,9.0,0,Tv Personality,68,Eliminated,6.0,9,Louis Van Amstel,Baseline,Boomer,1,0,0,0,1,1.0,5.541666666666667,0.6291528696058958,0.2,10,0.6070398743083226,0.8333333331944445
21,5,Paula Deen,6.5,-6.7444999999999995,4,9.0,0,Tv Personality,68,Eliminated,6.0,9,Louis Van Amstel,Baseline,Boomer,1,0,0,0,1,0.5,5.733333333333333,0.693221144769514,0.1111111111111111,9,0.556258550366338,0.8333333331944445
21,6,Paula Deen,6.0,-8.093399999999999,4,9.0,0,Tv Personality,68,Eliminated,6.0,9,Louis Van Amstel,Baseline,Boomer,1,0,0,0,1,-0.5,5.777777777777778,0.6295206877429019,0.1111111111111111,9,0.654027973633366,0.8333333331944445
4,1,Paulina Porizkova,6.333333333333333,0.67445,3,5.0,0,Model,41,Eliminated,2.0,11,Alec Mazo,Baseline,GenX,1,0,0,1,0,0.0,6.333333333333333,0.0,0.5909090909090909,11,0.4984762460179316,4.999999995
4,2,Paulina Porizkova,7.0,0.0,3,6.0,0,Model,41,Eliminated,2.0,11,Alec Mazo,Baseline,GenX,1,0,0,1,0,0.666666666666667,6.666666666666666,0.4714045207910322,0.4090909090909091,11,0.396332693824844,4.999999995
6,1,Penn Jillette,5.333333333333333,-3.37225,3,10.0,0,Magician,53,Eliminated,2.0,12,Kym Johnson,Baseline,GenX,1,0,0,1,0,0.0,5.333333333333333,0.0,0.25,12,0.5700360697074371,0.9999999998
6,2,Penn Jillette,5.666666666666667,-2.6978,3,10.0,0,Magician,53,Eliminated,2.0,12,Kym Johnson,Baseline,GenX,1,0,0,1,0,0.3333333333333339,5.5,0.23570226039551626,0.25,12,0.6209750281031806,0.9999999998
12,1,Petra Nemcova,6.0,0.0,3,7.0,0,Model,31,Eliminated,5.0,8,Dmitry Chaplin,Baseline,Millennial,1,0,1,0,0,0.0,6.0,0.0,0.4090909090909091,11,0.50164120636026,0.769230769112426
12,2,Petra Nemcova,6.0,0.0,3,7.0,0,Model,31,Eliminated,5.0,8,Dmitry Chaplin,Baseline,Millennial,1,0,1,0,0,0.0,6.0,0.0,0.4090909090909091,11,0.3689299109603921,0.769230769112426
12,3,Petra Nemcova,8.333333333333334,5.3956,3,1.0,0,Model,31,Eliminated,5.0,8,Dmitry Chaplin,Baseline,Millennial,1,0,1,0,0,2.333333333333334,6.777777777777779,1.3471506281091272,0.95,10,0.42980495215899384,0.769230769112426
12,4,Petra Nemcova,7.666666666666667,-1.3489,3,4.0,0,Model,31,Eliminated,5.0,8,Dmitry Chaplin,Baseline,Millennial,1,0,1,0,0,-0.666666666666667,7.0,1.1863420280034793,0.5555555555555556,9,0.35713792233437924,0.769230769112426
12,5,Petra Nemcova,7.333333333333333,-1.3489,3,6.0,0,Model,31,Eliminated,5.0,8,Dmitry Chaplin,Baseline,Millennial,1,0,1,0,0,-0.3333333333333339,7.066666666666667,1.038160766826496,0.25,8,0.32271516485598767,0.769230769112426
33,1,Phaedra Parks,6.333333333333333,1.3489,3,6.0,0,Tv Personality,51,Eliminated,5.0,8,Val Chmerkovskiy,Baseline,GenX,1,0,0,1,0,0.0,6.333333333333333,0.0,0.5769230769230769,13,0.3459611525374582,0.9999999998
33,2,Phaedra Parks,7.0,0.0,3,5.0,0,Tv Personality,51,Eliminated,5.0,8,Val Chmerkovskiy,Baseline,GenX,1,0,0,1,0,0.666666666666667,6.666666666666666,0.4714045207910322,0.6153846153846154,13,0.40777614797778233,0.9999999998
33,3,Phaedra Parks,7.0,-1.7985333333333333,4,7.0,0,Tv Personality,51,Eliminated,5.0,8,Val Chmerkovskiy,Baseline,GenX,1,0,0,1,0,0.0,6.777777777777778,0.3849001794597509,0.4090909090909091,11,0.48023983477103066,0.9999999998
33,4,Phaedra Parks,8.0,0.0,4,4.0,0,Tv Personality,51,Eliminated,5.0,8,Val Chmerkovskiy,Baseline,GenX,1,0,0,1,0,1.0,7.083333333333333,0.687184270936277,0.4444444444444444,9,0.24113156160144034,0.9999999998
33,5,Phaedra Parks,8.0,-4.0466999999999995,3,6.0,0,Tv Personality,51,Eliminated,5.0,8,Val Chmerkovskiy,Baseline,GenX,1,0,0,1,0,0.0,7.266666666666666,0.7226494462892936,0.25,8,0.16727006482522272,0.9999999998
6,1,Priscilla Presley,8.0,2.0233499999999998,3,2.0,0,Actor/Actress,62,Eliminated,5.0,8,Louis Van Amstel,Baseline,Boomer,1,0,0,0,1,0.0,8.0,0.0,0.875,12,0.5700360697074371,1.0714285711989795
6,2,Priscilla Presley,7.0,0.0,3,6.0,0,Actor/Actress,62,Eliminated,5.0,8,Louis Van Amstel,Baseline,Boomer,1,0,0,0,1,-1.0,7.5,0.7071067811865476,0.5416666666666666,12,0.6209750281031806,1.0714285711989795
6,3,Priscilla Presley,8.666666666666666,4.72115,3,2.0,0,Actor/Actress,62,Eliminated,5.0,8,Louis Van Amstel,Baseline,Boomer,1,0,0,0,1,1.666666666666666,7.888888888888888,0.838870492807861,0.9,10,0.3859358227489988,1.0714285711989795
6,4,Priscilla Presley,7.333333333333333,-2.6978,3,8.0,0,Actor/Actress,62,Eliminated,5.0,8,Louis Van Amstel,Baseline,Boomer,1,0,0,0,1,-1.333333333333333,7.75,0.7391185942027816,0.2222222222222222,9,0.4947915244151312,1.0714285711989795
6,5,Priscilla Presley,7.0,-2.0233499999999998,3,8.0,0,Actor/Actress,62,Eliminated,5.0,8,Louis Van Amstel,Baseline,Boomer,1,0,0,0,1,-0.33333333333333304,7.6,0.7226494462892933,0.125,8,0.4172448490929672,1.0714285711989795
1,1,Rachel Hunter,6.666666666666667,2.6978,3,1.0,0,Model,35,Eliminated,4.0,4,Jonathan Roberts,Baseline,Millennial,1,0,1,0,0,0.0,6.666666666666667,0.0,0.8333333333333334,6,0.40038841227878064,0.9999999998
1,2,Rachel Hunter,8.0,3.0350249999999996,3,2.0,0,Model,35,Eliminated,4.0,4,Jonathan Roberts,Baseline,Millennial,1,0,1,0,0,1.333333333333333,7.333333333333334,0.9428090415820629,0.8333333333333334,6,0.6558623636356736,0.9999999998
1,3,Rachel Hunter,8.666666666666666,4.496333333333332,3,1.0,0,Model,35,Eliminated,4.0,4,Jonathan Roberts,Baseline,Millennial,1,0,1,0,0,0.6666666666666661,7.777777777777779,1.0183501544346305,1.0,5,0.7331527486766434,0.9999999998
1,4,Rachel Hunter,8.333333333333334,1.6861249999999997,3,2.0,0,Model,35,Eliminated,4.0,4,Jonathan Roberts,Baseline,Millennial,1,0,1,0,0,-0.33333333333333215,7.916666666666667,0.8766518798921941,0.75,4,0.4342822079046034,0.9999999998
12,1,Ralph Macchio,8.0,8.093399999999999,3,1.0,0,Actor/Actress,49,Eliminated,9.0,4,Karina Smirnoff,Baseline,GenX,1,0,0,1,0,0.0,8.0,0.0,1.0,11,0.50164120636026,0.7407407406310014
12,2,Ralph Macchio,7.0,4.0466999999999995,3,4.0,0,Actor/Actress,49,Eliminated,9.0,4,Karina Smirnoff,Baseline,GenX,1,0,0,1,0,-1.0,7.5,0.7071067811865476,0.7272727272727273,11,0.3689299109603921,0.7407407406310014
12,3,Ralph Macchio,7.0,0.0,3,5.0,0,Actor/Actress,49,Eliminated,9.0,4,Karina Smirnoff,Baseline,GenX,1,0,0,1,0,0.0,7.333333333333333,0.5773502691896257,0.5,10,0.42980495215899384,0.7407407406310014
12,4,Ralph Macchio,8.333333333333334,1.3489,3,2.0,0,Actor/Actress,49,Eliminated,9.0,4,Karina Smirnoff,Baseline,GenX,1,0,0,1,0,1.333333333333334,7.583333333333334,0.6871842709362771,0.8333333333333334,9,0.35713792233437924,0.7407407406310014
12,5,Ralph Macchio,7.333333333333333,-1.3489,3,6.0,0,Actor/Actress,49,Eliminated,9.0,4,Karina Smirnoff,Baseline,GenX,1,0,0,1,0,-1.0000000000000009,7.533333333333333,0.6055300708194986,0.25,8,0.32271516485598767,0.7407407406310014
12,6,Ralph Macchio,8.0,-4.0466999999999995,3,6.0,0,Actor/Actress,49,Eliminated,9.0,4,Karina Smirnoff,Baseline,GenX,1,0,0,1,0,0.666666666666667,7.611111111111112,0.5741338081228364,0.2857142857142857,7,0.3267043789129004,0.7407407406310014
12,7,Ralph Macchio,8.25,2.6978,4,1.0,0,Actor/Actress,49,Eliminated,9.0,4,Karina Smirnoff,Baseline,GenX,1,0,0,1,0,0.25,7.702380952380953,0.577063814064481,0.9166666666666666,6,0.15808827952431234,0.7407407406310014
12,8,Ralph Macchio,7.666666666666667,-10.7912,3,5.0,0,Actor/Actress,49,Eliminated,9.0,4,Karina Smirnoff,Baseline,GenX,1,0,0,1,0,-0.583333333333333,7.697916666666667,0.5344064724325278,0.2,5,0.2607780306831043,0.7407407406310014
12,9,Ralph Macchio,8.0,-3.4685999999999995,3,4.0,0,Actor/Actress,49,Eliminated,9.0,4,Karina Smirnoff,Baseline,GenX,1,0,0,1,0,0.33333333333333304,7.731481481481481,0.5099322152968286,0.25,4,0.7883954318505385,0.7407407406310014
19,1,Randy Couture,7.75,2.0233499999999998,4,5.0,0,Athlete,51,Eliminated,3.0,11,Karina Smirnoff,Baseline,GenX,1,0,0,1,0,0.0,7.75,0.0,0.6923076923076923,13,0.5160608028665913,0.8426966290714556
19,2,Randy Couture,7.0,-2.6978,4,8.0,0,Athlete,51,Eliminated,3.0,11,Karina Smirnoff,Baseline,GenX,1,0,0,1,0,-0.75,7.375,0.5303300858899106,0.2916666666666667,12,0.34613980535212147,0.8426966290714556
19,3,Randy Couture,6.5,-8.093399999999999,4,11.0,0,Athlete,51,Eliminated,3.0,11,Karina Smirnoff,Baseline,GenX,1,0,0,1,0,-0.5,7.083333333333333,0.6291528696058957,0.09090909090909091,11,0.4983770171434502,0.8426966290714556
24,1,Rashad Jennings,7.75,4.72115,4,2.0,0,Athlete,32,Winner,9.0,1,Emma Slater,Baseline,Millennial,1,0,1,0,0,0.0,7.75,0.0,0.9166666666666666,12,0.5077415287029913,0.5660377357849768
24,2,Rashad Jennings,8.0,2.6978,4,1.0,0,Athlete,32,Winner,9.0,1,Emma Slater,Baseline,Millennial,1,0,1,0,0,0.25,7.875,0.1767766952966369,0.9583333333333334,12,0.3694657571555838,0.5660377357849768
24,3,Rashad Jennings,7.0,0.0,4,6.0,0,Athlete,32,Winner,9.0,1,Emma Slater,Baseline,Millennial,1,0,1,0,0,-1.0,7.583333333333333,0.520416499866533,0.5454545454545454,11,0.44606142611441296,0.5660377357849768
24,4,Rashad Jennings,9.75,7.553840000000001,4,1.0,0,Athlete,32,Winner,9.0,1,Emma Slater,Baseline,Millennial,1,0,1,0,0,2.75,8.125,1.1636866703140785,1.0,10,0.36209665770517047,0.5660377357849768
24,5,Rashad Jennings,8.0,0.0,4,6.0,0,Athlete,32,Winner,9.0,1,Emma Slater,Baseline,Millennial,1,0,1,0,0,-1.75,8.1,1.0093314619093174,0.3888888888888889,9,0.37835288634956515,0.5660377357849768
24,6,Rashad Jennings,8.75,1.1990222222222222,4,3.0,0,Athlete,32,Winner,9.0,1,Emma Slater,Baseline,Millennial,1,0,1,0,0,0.75,8.208333333333334,0.9409658158863514,0.75,8,0.2673542650595688,0.5660377357849768
24,7,Rashad Jennings,9.75,2.6978,4,2.0,0,Athlete,32,Winner,9.0,1,Emma Slater,Baseline,Millennial,1,0,1,0,0,1.0,8.428571428571429,1.0379696297970153,0.7857142857142857,7,0.4490923486826755,0.5660377357849768
24,8,Rashad Jennings,9.375,1.3488999999999998,4,2.0,0,Athlete,32,Winner,9.0,1,Emma Slater,Baseline,Millennial,1,0,1,0,0,-0.375,8.546875,1.0175633974633445,0.8,5,0.4618422361657111,0.5660377357849768
24,9,Rashad Jennings,9.625,0.67445,4,2.0,0,Athlete,32,Winner,9.0,1,Emma Slater,Baseline,Millennial,1,0,1,0,0,0.25,8.666666666666666,1.0174262872562325,0.75,4,0.2319678850472748,0.5660377357849768
28,1,Ray Lewis,5.0,-2.0233499999999998,3,9.0,0,Athlete,44,Withdrew,,11,Cheryl Burke,Baseline,GenX,1,0,0,1,0,0.0,5.0,0.0,0.2916666666666667,12,0.43787372148581377,0.9459459457669832
28,2,Ray Lewis,5.0,-2.0233499999999998,3,10.0,0,Athlete,44,Withdrew,,11,Cheryl Burke,Baseline,GenX,1,0,0,1,0,0.0,5.0,0.0,0.20833333333333334,12,0.47956350834282285,0.9459459457669832
20,1,Redfoo,5.5,-8.093399999999999,4,11.0,0,Singer/Rapper,39,Eliminated,2.0,12,Emma Slater,Baseline,Millennial,1,0,1,0,0,0.0,5.5,0.0,0.125,12,0.35460930964766507,0.7142857141836735
20,2,Redfoo,7.75,4.0466999999999995,4,5.0,0,Singer/Rapper,39,Eliminated,2.0,12,Emma Slater,Baseline,Millennial,1,0,1,0,0,2.25,6.625,1.590990257669732,0.6666666666666666,12,0.3903364158374489,0.7142857141836735
33,1,Reginald Veljohnson,5.333333333333333,-2.6978,3,12.0,0,Actor/Actress,74,Eliminated,3.0,10,Emma Slater,Baseline,Boomer,1,0,0,0,1,0.0,5.333333333333333,0.0,0.15384615384615385,13,0.3459611525374582,0.6410256409434583
33,2,Reginald Veljohnson,5.0,-8.093399999999999,3,12.0,0,Actor/Actress,74,Eliminated,3.0,10,Emma Slater,Baseline,Boomer,1,0,0,0,1,-0.33333333333333304,5.166666666666666,0.2357022603955153,0.11538461538461539,13,0.40777614797778233,0.6410256409434583
33,3,Reginald Veljohnson,5.25,-8.093399999999999,4,11.0,0,Actor/Actress,74,Eliminated,3.0,10,Emma Slater,Baseline,Boomer,1,0,0,0,1,0.25,5.194444444444444,0.17347216662217751,0.09090909090909091,11,0.48023983477103066,0.6410256409434583
11,1,Rick Fox,7.333333333333333,2.6978,3,4.0,0,Athlete,41,Eliminated,7.0,6,Cheryl Burke,Baseline,GenX,1,0,0,1,0,0.0,7.333333333333333,0.0,0.75,12,0.49711840367327736,1.0465116276879394
11,2,Rick Fox,7.0,0.0,3,5.0,0,Athlete,41,Eliminated,7.0,6,Cheryl Burke,Baseline,GenX,1,0,0,1,0,-0.33333333333333304,7.166666666666666,0.2357022603955153,0.5454545454545454,11,0.486830811549821,1.0465116276879394
11,3,Rick Fox,8.0,0.0,3,2.0,0,Athlete,41,Eliminated,7.0,6,Cheryl Burke,Baseline,GenX,1,0,0,1,0,1.0,7.444444444444444,0.5091750772173159,0.8,10,0.3899869355281724,1.0465116276879394
11,4,Rick Fox,6.5,0.0,3,5.0,0,Athlete,41,Eliminated,7.0,6,Cheryl Burke,Baseline,GenX,1,0,0,1,0,-1.5,7.208333333333333,0.6291528696058958,0.5555555555555556,9,0.6522347657141515,1.0465116276879394
11,5,Rick Fox,8.0,0.0,3,3.0,0,Athlete,41,Eliminated,7.0,6,Cheryl Burke,Baseline,GenX,1,0,0,1,0,1.5,7.366666666666665,0.649786289653931,0.6875,8,0.43008614613880125,1.0465116276879394
11,6,Rick Fox,10.0,0.0,3,3.0,0,Athlete,41,Eliminated,7.0,6,Cheryl Burke,Baseline,GenX,1,0,0,1,0,2.0,7.8055555555555545,1.222095953073456,0.7142857142857143,7,0.6250382784599849,1.0465116276879394
11,7,Rick Fox,8.625,1.3489,4,4.0,0,Athlete,41,Eliminated,7.0,6,Cheryl Burke,Baseline,GenX,1,0,0,1,0,-1.375,7.922619047619047,1.1578107762716645,0.5,6,0.17753985897962493,1.0465116276879394
23,1,Rick Perry,5.0,-5.3956,4,13.0,0,Politician,66,Eliminated,3.0,12,Emma Slater,Baseline,Boomer,1,0,0,0,1,0.0,5.0,0.0,0.07692307692307693,13,0.3571948801843556,0.6097560974866152
23,2,Rick Perry,5.5,-8.093399999999999,4,13.0,0,Politician,66,Eliminated,3.0,12,Emma Slater,Baseline,Boomer,1,0,0,0,1,0.5,5.25,0.3535533905932738,0.07692307692307693,13,0.3393969869703097,0.6097560974866152
23,3,Rick Perry,5.75,-6.7445,4,11.0,0,Politician,66,Eliminated,3.0,12,Emma Slater,Baseline,Boomer,1,0,0,0,1,0.25,5.416666666666667,0.3818813079129866,0.125,12,0.3351138365713949,0.6097560974866152
13,1,Ricki Lake,6.666666666666667,1.3489,3,4.0,0,Actor/Actress,42,Finalist,9.0,3,Derek Hough,Baseline,GenX,1,0,0,1,0,0.0,6.666666666666667,0.0,0.75,12,0.4001000815088156,1.5909090904028926
13,2,Ricki Lake,7.666666666666667,2.6978,3,1.0,0,Actor/Actress,42,Finalist,9.0,3,Derek Hough,Baseline,GenX,1,0,0,1,0,1.0,7.166666666666667,0.7071067811865476,1.0,11,0.2882533034576482,1.5909090904028926
13,3,Ricki Lake,9.0,3.0,3,1.0,0,Actor/Actress,42,Finalist,9.0,3,Derek Hough,Baseline,GenX,1,0,0,1,0,1.333333333333333,7.777777777777779,1.1706281947614154,1.0,10,0.38749895520066063,1.5909090904028926
13,4,Ricki Lake,9.666666666666666,6.7445,3,1.0,0,Actor/Actress,42,Finalist,9.0,3,Derek Hough,Baseline,GenX,1,0,0,1,0,0.6666666666666661,8.25,1.3437096247164246,1.0,9,0.42867833173589376,1.5909090904028926
13,5,Ricki Lake,8.0,0.0,3,4.0,0,Actor/Actress,42,Finalist,9.0,3,Derek Hough,Baseline,GenX,1,0,0,1,0,-1.666666666666666,8.2,1.1690451944500118,0.5625,8,0.4097263080640605,1.5909090904028926
13,6,Ricki Lake,9.666666666666666,3.37225,3,1.0,0,Actor/Actress,42,Finalist,9.0,3,Derek Hough,Baseline,GenX,1,0,0,1,0,1.666666666666666,8.444444444444445,1.2049281521534185,0.9285714285714286,7,0.5883145326532028,1.5909090904028926
13,7,Ricki Lake,8.833333333333334,3.8539999999999996,3,1.0,0,Actor/Actress,42,Finalist,9.0,3,Derek Hough,Baseline,GenX,1,0,0,1,0,-0.8333333333333321,8.5,1.1097213530798988,1.0,6,0.23518265407988617,1.5909090904028926
13,8,Ricki Lake,8.666666666666666,1.3489,3,2.0,0,Actor/Actress,42,Finalist,9.0,3,Derek Hough,Baseline,GenX,1,0,0,1,0,-0.16666666666666785,8.520833333333334,1.0290907529357058,0.7,5,0.41854670825990764,1.5909090904028926
13,9,Ricki Lake,11.166633333333332,2.063047800562357,3,1.0,0,Actor/Actress,42,Finalist,9.0,3,Derek Hough,Baseline,GenX,1,0,0,1,0,2.4999666666666656,8.81481111111111,1.305548049671095,1.0,4,0.6152748026418484,1.5909090904028926
20,1,Riker Lynch,7.75,4.0466999999999995,4,2.0,0,Actor/Actress,23,RunnerUp,9.0,2,Allison Holker,Baseline,GenZ,1,1,0,0,0,0.0,7.75,0.0,0.9166666666666666,12,0.35460930964766507,0.5555555554938272
20,2,Riker Lynch,8.0,5.3956,4,2.0,0,Actor/Actress,23,RunnerUp,9.0,2,Allison Holker,Baseline,GenZ,1,1,0,0,0,0.25,7.875,0.1767766952966369,0.8333333333333334,12,0.3903364158374489,0.5555555554938272
20,3,Riker Lynch,8.5,4.0466999999999995,4,1.0,0,Actor/Actress,23,RunnerUp,9.0,2,Allison Holker,Baseline,GenZ,1,1,0,0,0,0.5,8.083333333333334,0.3818813079129864,0.9545454545454546,11,0.5102920942332644,0.5555555554938272
20,4,Riker Lynch,8.5,1.3489,4,4.0,0,Actor/Actress,23,RunnerUp,9.0,2,Allison Holker,Baseline,GenZ,1,1,0,0,0,0.0,8.1875,0.3749999999999997,0.65,10,0.4180589861580331,0.5555555554938272
20,5,Riker Lynch,9.5,6.7444999999999995,4,2.0,0,Actor/Actress,23,RunnerUp,9.0,2,Allison Holker,Baseline,GenZ,1,1,0,0,0,1.0,8.45,0.6708203932499369,0.8333333333333334,9,0.6406334904348918,0.5555555554938272
20,6,Riker Lynch,9.5,6.47472,4,1.0,0,Actor/Actress,23,RunnerUp,9.0,2,Allison Holker,Baseline,GenZ,1,1,0,0,0,0.0,8.625,0.7373940601876314,1.0,8,0.17178297693773606,0.5555555554938272
20,7,Riker Lynch,9.25,-0.8632960000000001,4,4.0,0,Actor/Actress,23,RunnerUp,9.0,2,Allison Holker,Baseline,GenZ,1,1,0,0,0,-0.25,8.714285714285714,0.7133922984085065,0.5,7,0.42713953969049817,0.5555555554938272
20,8,Riker Lynch,9.75,2.6978,4,2.0,0,Actor/Actress,23,RunnerUp,9.0,2,Allison Holker,Baseline,GenZ,1,1,0,0,0,0.5,8.84375,0.7551903733496609,0.8333333333333334,6,0.461179145750284,0.5555555554938272
20,9,Riker Lynch,10.0,0.0,4,1.0,0,Actor/Actress,23,RunnerUp,9.0,2,Allison Holker,Baseline,GenZ,1,1,0,0,0,0.25,8.972222222222221,0.8047169964928321,0.875,4,0.10592853681774375,0.5555555554938272
13,1,Rob Kardashian,5.333333333333333,-1.3489,3,9.0,0,Tv Personality,24,RunnerUp,9.0,2,Cheryl Burke,Baseline,GenZ,1,1,0,0,0,0.0,5.333333333333333,0.0,0.2916666666666667,12,0.4001000815088156,0.9821428569499362
13,2,Rob Kardashian,7.0,0.0,3,4.0,0,Tv Personality,24,RunnerUp,9.0,2,Cheryl Burke,Baseline,GenZ,1,1,0,0,0,1.666666666666667,6.166666666666666,1.1785113019775797,0.5909090909090909,11,0.2882533034576482,0.9821428569499362
13,3,Rob Kardashian,8.0,0.0,3,4.0,0,Tv Personality,24,RunnerUp,9.0,2,Cheryl Burke,Baseline,GenZ,1,1,0,0,0,1.0,6.777777777777778,1.3471506281091272,0.55,10,0.38749895520066063,0.9821428569499362
13,4,Rob Kardashian,8.0,0.0,3,3.0,0,Tv Personality,24,RunnerUp,9.0,2,Cheryl Burke,Baseline,GenZ,1,1,0,0,0,0.0,7.083333333333333,1.258305739211792,0.7222222222222222,9,0.42867833173589376,0.9821428569499362
13,5,Rob Kardashian,8.333333333333334,1.3489,3,2.0,0,Tv Personality,24,RunnerUp,9.0,2,Cheryl Burke,Baseline,GenZ,1,1,0,0,0,0.3333333333333339,7.333333333333333,1.2247448713915896,0.8125,8,0.4097263080640605,0.9821428569499362
13,6,Rob Kardashian,7.333333333333333,-1.3489,3,5.0,0,Tv Personality,24,RunnerUp,9.0,2,Cheryl Burke,Baseline,GenZ,1,1,0,0,0,-1.0000000000000009,7.333333333333333,1.0954451150103326,0.42857142857142855,7,0.5883145326532028,0.9821428569499362
13,7,Rob Kardashian,8.5,2.3124,3,2.0,0,Tv Personality,24,RunnerUp,9.0,2,Cheryl Burke,Baseline,GenZ,1,1,0,0,0,1.166666666666667,7.5,1.0929064207170005,0.8333333333333334,6,0.23518265407988617,0.9821428569499362
13,8,Rob Kardashian,8.5,0.0,3,4.0,0,Tv Personality,24,RunnerUp,9.0,2,Cheryl Burke,Baseline,GenZ,1,1,0,0,0,0.0,7.625,1.071825323366417,0.4,5,0.41854670825990764,0.9821428569499362
13,9,Rob Kardashian,10.833266666666667,1.4282003835339236,3,2.0,0,Tv Personality,24,RunnerUp,9.0,2,Cheryl Burke,Baseline,GenZ,1,1,0,0,0,2.333266666666667,7.981474074074075,1.4659032105552023,0.75,4,0.6152748026418484,0.9821428569499362
20,1,Robert Herjavec,7.0,0.0,4,4.0,0,Entrepreneur,52,Eliminated,8.0,6,Kym Johnson,Baseline,GenX,1,0,0,1,0,0.0,7.0,0.0,0.75,12,0.35460930964766507,0.7926829267035991
20,2,Robert Herjavec,7.0,0.0,4,6.0,0,Entrepreneur,52,Eliminated,8.0,6,Kym Johnson,Baseline,GenX,1,0,0,1,0,0.0,7.0,0.0,0.4583333333333333,12,0.3903364158374489,0.7926829267035991
20,3,Robert Herjavec,7.25,0.67445,4,6.0,0,Entrepreneur,52,Eliminated,8.0,6,Kym Johnson,Baseline,GenX,1,0,0,1,0,0.25,7.083333333333333,0.14433756729740657,0.5454545454545454,11,0.5102920942332644,0.7926829267035991
20,4,Robert Herjavec,8.5,1.3489,4,4.0,0,Entrepreneur,52,Eliminated,8.0,6,Kym Johnson,Baseline,GenX,1,0,0,1,0,1.25,7.4375,0.7180703308172537,0.65,10,0.4180589861580331,0.7926829267035991
20,5,Robert Herjavec,6.0,-2.6978,4,9.0,0,Entrepreneur,52,Eliminated,8.0,6,Kym Johnson,Baseline,GenX,1,0,0,1,0,-2.5,7.15,0.8944271909999161,0.1111111111111111,9,0.6406334904348918,0.7926829267035991
20,6,Robert Herjavec,8.375,-3.23736,4,8.0,0,Entrepreneur,52,Eliminated,8.0,6,Kym Johnson,Baseline,GenX,1,0,0,1,0,2.375,7.354166666666667,0.9434533198132629,0.125,8,0.17178297693773606,0.7926829267035991
20,7,Robert Herjavec,7.75,-6.043072,4,6.0,0,Entrepreneur,52,Eliminated,8.0,6,Kym Johnson,Baseline,GenX,1,0,0,1,0,-0.625,7.410714285714286,0.8741492462742874,0.21428571428571427,7,0.42713953969049817,0.7926829267035991
20,8,Robert Herjavec,7.75,-2.6978,4,6.0,0,Entrepreneur,52,Eliminated,8.0,6,Kym Johnson,Baseline,GenX,1,0,0,1,0,0.0,7.453125,0.8181465878959066,0.16666666666666666,6,0.461179145750284,0.7926829267035991
34,1,Robert Irwin,7.5,2.0233499999999998,2,1.0,0,Conservationist,22,Winner,10.0,1,Witney Carson (Xoshitl Gomez Week 9),Baseline,GenZ,1,1,0,0,0,0.0,7.5,0.0,0.9642857142857143,14,0.4627624262862272,0.9999999998
34,2,Robert Irwin,7.333333333333333,1.3489,3,1.0,0,Conservationist,22,Winner,10.0,1,Witney Carson (Xoshitl Gomez Week 9),Baseline,GenZ,1,1,0,0,0,-0.16666666666666696,7.416666666666666,0.11785113019775781,0.8928571428571429,14,0.3416136418926476,0.9999999998
34,3,Robert Irwin,7.333333333333333,1.3489,3,5.0,0,Conservationist,22,Winner,10.0,1,Witney Carson (Xoshitl Gomez Week 9),Baseline,GenZ,1,1,0,0,0,0.0,7.388888888888888,0.09622504486493748,0.5833333333333334,12,0.31108428718662545,0.9999999998
34,4,Robert Irwin,7.333333333333333,-2.6978,3,8.0,0,Conservationist,22,Winner,10.0,1,Witney Carson (Xoshitl Gomez Week 9),Baseline,GenZ,1,1,0,0,0,0.0,7.375,0.08333333333333323,0.36363636363636365,11,0.29030495428456765,0.9999999998
34,5,Robert Irwin,8.75,2.0233499999999998,4,2.0,0,Conservationist,22,Winner,10.0,1,Witney Carson (Xoshitl Gomez Week 9),Baseline,GenZ,1,1,0,0,0,1.416666666666667,7.65,0.6191391873668902,0.85,10,0.4041638843974973,0.9999999998
34,6,Robert Irwin,9.0,0.0,4,3.0,0,Conservationist,22,Winner,10.0,1,Witney Carson (Xoshitl Gomez Week 9),Baseline,GenZ,1,1,0,0,0,0.25,7.875,0.7812916655556146,0.7,10,0.460625841237017,0.9999999998
34,7,Robert Irwin,10.25,3.4531840000000003,4,3.0,0,Conservationist,22,Winner,10.0,1,Witney Carson (Xoshitl Gomez Week 9),Baseline,GenZ,1,1,0,0,0,1.25,8.214285714285714,1.1465095407296562,0.7777777777777778,9,0.5260998838984093,0.9999999998
34,8,Robert Irwin,9.5,0.0,4,4.0,0,Conservationist,22,Winner,10.0,1,Witney Carson (Xoshitl Gomez Week 9),Baseline,GenZ,1,1,0,0,0,-0.75,8.375,1.1547005383792517,0.5625,8,0.1868674562694525,0.9999999998
34,9,Robert Irwin,10.5,1.798533333333333,4,1.0,0,Conservationist,22,Winner,10.0,1,Witney Carson (Xoshitl Gomez Week 9),Baseline,GenZ,1,1,0,0,0,1.0,8.61111111111111,1.2916666666666667,0.8571428571428571,7,0.5261922064197656,0.9999999998
34,10,Robert Irwin,9.833333333333334,3.597066666666666,3,1.0,0,Conservationist,22,Winner,10.0,1,Witney Carson (Xoshitl Gomez Week 9),Baseline,GenZ,1,1,0,0,0,-0.6666666666666661,8.733333333333333,1.2776569991227724,1.0,6,0.10077420506021913,0.9999999998
7,1,Rocco Dispirito,5.833333333333333,-2.6978,3,11.0,0,Tv Personality,41,Eliminated,4.0,9,Karina Smirnoff,Baseline,GenX,1,0,0,1,0,0.0,5.833333333333333,0.0,0.23076923076923078,13,0.46761395795733807,0.9523809521995464
7,2,Rocco Dispirito,5.333333333333333,-6.7445,3,10.0,0,Tv Personality,41,Eliminated,4.0,9,Karina Smirnoff,Baseline,GenX,1,0,0,1,0,-0.5,5.583333333333333,0.3535533905932738,0.18181818181818182,11,0.45446442969466816,0.9523809521995464
7,3,Rocco Dispirito,6.666666666666667,-1.3489,3,8.0,0,Tv Personality,41,Eliminated,4.0,9,Karina Smirnoff,Baseline,GenX,1,0,0,1,0,1.333333333333334,5.944444444444444,0.6735753140545636,0.2222222222222222,9,0.49722893583777245,0.9523809521995464
7,4,Rocco Dispirito,6.0,-8.093399999999999,3,9.0,0,Tv Personality,41,Eliminated,4.0,9,Karina Smirnoff,Baseline,GenX,1,0,0,1,0,-0.666666666666667,5.958333333333333,0.550672988933306,0.1111111111111111,9,0.3840516658994702,0.9523809521995464
12,1,Romeo,6.333333333333333,1.3489,3,5.0,0,Singer/Rapper,21,Eliminated,8.0,5,Chelsie Hightower,Baseline,GenZ,1,1,0,0,0,0.0,6.333333333333333,0.0,0.5909090909090909,11,0.50164120636026,0.6666666665777777
12,2,Romeo,7.666666666666667,6.7445,3,1.0,0,Singer/Rapper,21,Eliminated,8.0,5,Chelsie Hightower,Baseline,GenZ,1,1,0,0,0,1.333333333333334,7.0,0.9428090415820638,0.9090909090909091,11,0.3689299109603921,0.6666666665777777
12,3,Romeo,6.666666666666667,-1.3489,3,8.0,0,Singer/Rapper,21,Eliminated,8.0,5,Chelsie Hightower,Baseline,GenZ,1,1,0,0,0,-1.0,6.888888888888889,0.6938886664887112,0.25,10,0.42980495215899384,0.6666666665777777
12,4,Romeo,7.666666666666667,-1.3489,3,4.0,0,Singer/Rapper,21,Eliminated,8.0,5,Chelsie Hightower,Baseline,GenZ,1,1,0,0,0,1.0,7.083333333333334,0.6871842709362769,0.5555555555555556,9,0.35713792233437924,0.6666666665777777
12,5,Romeo,8.666666666666666,1.3489,3,2.0,0,Singer/Rapper,21,Eliminated,8.0,5,Chelsie Hightower,Baseline,GenZ,1,1,0,0,0,0.9999999999999991,7.4,0.9249624617007736,0.75,8,0.32271516485598767,0.6666666665777777
12,6,Romeo,9.333333333333334,1.3489,3,1.0,0,Singer/Rapper,21,Eliminated,8.0,5,Chelsie Hightower,Baseline,GenZ,1,1,0,0,0,0.6666666666666679,7.722222222222222,1.1434191739722608,0.9285714285714286,7,0.3267043789129004,0.6666666665777777
12,7,Romeo,7.5,-5.3956,4,5.0,0,Singer/Rapper,21,Eliminated,8.0,5,Chelsie Hightower,Baseline,GenZ,1,1,0,0,0,-1.833333333333334,7.690476190476191,1.0471680125752727,0.25,6,0.15808827952431234,0.6666666665777777
12,8,Romeo,8.666666666666666,-2.6978,3,4.0,0,Singer/Rapper,21,Eliminated,8.0,5,Chelsie Hightower,Baseline,GenZ,1,1,0,0,0,1.166666666666666,7.8125,1.0290907529357056,0.4,5,0.2607780306831043,0.6666666665777777
14,1,Roshon Fegan,7.666666666666667,2.6978,3,4.0,0,Actor/Actress,20,Eliminated,8.0,6,Chelsie Hightower,Baseline,GenZ,1,1,0,0,0,0.0,7.666666666666667,0.0,0.625,12,0.31763966986668124,0.7142857141836735
14,2,Roshon Fegan,8.666666666666666,6.7445,3,1.0,0,Actor/Actress,20,Eliminated,8.0,6,Chelsie Hightower,Baseline,GenZ,1,1,0,0,0,0.9999999999999991,8.166666666666666,0.7071067811865472,0.9583333333333334,12,0.42874242358520726,0.7142857141836735
14,3,Roshon Fegan,8.333333333333334,1.3489,3,5.0,0,Actor/Actress,20,Eliminated,8.0,6,Chelsie Hightower,Baseline,GenZ,1,1,0,0,0,-0.33333333333333215,8.222222222222223,0.5091750772173156,0.5909090909090909,11,0.26687070216692765,0.7142857141836735
14,4,Roshon Fegan,8.666666666666666,2.6978,3,2.0,0,Actor/Actress,20,Eliminated,8.0,6,Chelsie Hightower,Baseline,GenZ,1,1,0,0,0,0.33333333333333215,8.333333333333334,0.4714045207910318,0.85,10,0.34805157127333136,0.7142857141836735
14,5,Roshon Fegan,8.666666666666666,1.3489,3,5.0,0,Actor/Actress,20,Eliminated,8.0,6,Chelsie Hightower,Baseline,GenZ,1,1,0,0,0,0.0,8.4,0.4346134936801768,0.5555555555555556,9,0.5290360116779419,0.7142857141836735
14,6,Roshon Fegan,9.333266666666667,-2.2326919012299706,3,7.0,0,Actor/Actress,20,Eliminated,8.0,6,Chelsie Hightower,Baseline,GenZ,1,1,0,0,0,0.6666000000000007,8.555544444444445,0.5443120027119528,0.25,8,0.7511618976913882,0.7142857141836735
14,7,Roshon Fegan,8.666666666666666,-2.6978,3,5.0,0,Actor/Actress,20,Eliminated,8.0,6,Chelsie Hightower,Baseline,GenZ,1,1,0,0,0,-0.6666000000000007,8.571419047619047,0.4986585185226846,0.42857142857142855,7,0.22476239603259227,0.7142857141836735
14,8,Roshon Fegan,9.333333333333334,0.67445,3,2.0,0,Actor/Actress,20,Eliminated,8.0,6,Chelsie Hightower,Baseline,GenZ,1,1,0,0,0,0.6666666666666679,8.666658333333334,0.5345106059351334,0.8333333333333334,6,0.15990606043517003,0.7142857141836735
20,1,Rumer Willis,8.0,5.3956,4,1.0,0,Actor/Actress,26,Winner,9.0,1,Valentin Chmerkovskiy,Baseline,Millennial,1,0,1,0,0,0.0,8.0,0.0,1.0,12,0.35460930964766507,0.8536585364396193
20,2,Rumer Willis,8.0,5.3956,4,2.0,0,Actor/Actress,26,Winner,9.0,1,Valentin Chmerkovskiy,Baseline,Millennial,1,0,1,0,0,0.0,8.0,0.0,0.8333333333333334,12,0.3903364158374489,0.8536585364396193
20,3,Rumer Willis,8.25,3.37225,4,3.0,0,Actor/Actress,26,Winner,9.0,1,Valentin Chmerkovskiy,Baseline,Millennial,1,0,1,0,0,0.25,8.083333333333334,0.14433756729740618,0.8181818181818182,11,0.5102920942332644,0.8536585364396193
20,4,Rumer Willis,8.75,2.0233499999999998,4,3.0,0,Actor/Actress,26,Winner,9.0,1,Valentin Chmerkovskiy,Baseline,Millennial,1,0,1,0,0,0.5,8.25,0.35355339059327356,0.8,10,0.4180589861580331,0.8536585364396193
20,5,Rumer Willis,9.75,7.418949999999999,4,1.0,0,Actor/Actress,26,Winner,9.0,1,Valentin Chmerkovskiy,Baseline,Millennial,1,0,1,0,0,1.0,8.55,0.737394060187631,1.0,9,0.6406334904348918,0.8536585364396193
20,6,Rumer Willis,8.875,1.0791199999999999,4,4.0,0,Actor/Actress,26,Winner,9.0,1,Valentin Chmerkovskiy,Baseline,Millennial,1,0,1,0,0,-0.875,8.604166666666666,0.672758624371822,0.625,8,0.17178297693773606,0.8536585364396193
20,7,Rumer Willis,9.25,-0.8632960000000001,4,4.0,0,Actor/Actress,26,Winner,9.0,1,Valentin Chmerkovskiy,Baseline,Millennial,1,0,1,0,0,0.375,8.696428571428571,0.6608751412944442,0.5,7,0.42713953969049817,0.8536585364396193
20,8,Rumer Willis,10.0,3.3722499999999997,4,1.0,0,Actor/Actress,26,Winner,9.0,1,Valentin Chmerkovskiy,Baseline,Millennial,1,0,1,0,0,0.75,8.859375,0.7660121105905751,1.0,6,0.461179145750284,0.8536585364396193
20,9,Rumer Willis,9.75,-2.6978,4,3.0,0,Actor/Actress,26,Winner,9.0,1,Valentin Chmerkovskiy,Baseline,Millennial,1,0,1,0,0,-0.25,8.958333333333334,0.7756046028744276,0.5,4,0.10592853681774375,0.8536585364396193
23,1,Ryan Lochte,6.0,0.0,4,9.0,0,Athlete,32,Eliminated,8.0,7,Cheryl Burke,Baseline,Millennial,1,0,1,0,0,0.0,6.0,0.0,0.34615384615384615,13,0.3571948801843556,0.967741935296566
23,2,Ryan Lochte,6.0,-5.3956,4,10.0,0,Athlete,32,Eliminated,8.0,7,Cheryl Burke,Baseline,Millennial,1,0,1,0,0,0.0,6.0,0.0,0.23076923076923078,13,0.3393969869703097,0.967741935296566
23,3,Ryan Lochte,6.25,-4.0466999999999995,4,8.0,0,Athlete,32,Eliminated,8.0,7,Cheryl Burke,Baseline,Millennial,1,0,1,0,0,0.25,6.083333333333333,0.14433756729740657,0.3333333333333333,12,0.3351138365713949,0.967741935296566
23,4,Ryan Lochte,7.333333333333333,-2.6978,3,9.0,0,Athlete,32,Eliminated,8.0,7,Cheryl Burke,Baseline,Millennial,1,0,1,0,0,1.083333333333333,6.395833333333333,0.6360140634364062,0.2727272727272727,11,0.47614799152396176,0.967741935296566
23,5,Ryan Lochte,8.0,0.0,3,6.0,0,Athlete,32,Eliminated,8.0,7,Cheryl Burke,Baseline,Millennial,1,0,1,0,0,0.666666666666667,6.716666666666666,0.9044642367476757,0.2777777777777778,9,0.2670765415358769,0.967741935296566
23,6,Ryan Lochte,7.5,-4.31648,4,7.0,0,Athlete,32,Eliminated,8.0,7,Cheryl Burke,Baseline,Millennial,1,0,1,0,0,-0.5,6.847222222222221,0.8698925008085556,0.2777777777777778,9,0.47408556627827925,0.967741935296566
23,7,Ryan Lochte,8.25,-1.3489,4,6.0,0,Athlete,32,Eliminated,8.0,7,Cheryl Burke,Baseline,Millennial,1,0,1,0,0,0.75,7.047619047619047,0.9548331525488363,0.3125,8,0.2015012068525293,0.967741935296566
23,8,Ryan Lochte,8.666666666666666,-1.798533333333333,3,5.0,0,Athlete,32,Eliminated,8.0,7,Cheryl Burke,Baseline,Millennial,1,0,1,0,0,0.4166666666666661,7.25,1.0531509787903082,0.42857142857142855,7,0.6690734446527706,0.967741935296566
5,1,Sabrina Bryan,8.666666666666666,6.7445,3,1.0,0,Actor/Actress,23,Eliminated,6.0,7,Mark Ballas,Baseline,GenZ,1,1,0,0,0,0.0,8.666666666666666,0.0,1.0,12,0.43333212536664834,0.9999999998
5,2,Sabrina Bryan,8.666666666666666,6.7445,3,2.0,0,Actor/Actress,23,Eliminated,6.0,7,Mark Ballas,Baseline,GenZ,1,1,0,0,0,0.0,8.666666666666666,0.0,0.9090909090909091,11,0.49926936703821634,0.9999999998
5,3,Sabrina Bryan,9.0,2.0233499999999998,3,1.0,0,Actor/Actress,23,Eliminated,6.0,7,Mark Ballas,Baseline,GenZ,1,1,0,0,0,0.3333333333333339,8.777777777777777,0.19245008972987585,0.9,10,0.48404598740959837,0.9999999998
5,4,Sabrina Bryan,10.0,4.0466999999999995,3,1.0,0,Actor/Actress,23,Eliminated,6.0,7,Mark Ballas,Baseline,GenZ,1,1,0,0,0,1.0,9.083333333333332,0.6309898162000311,1.0,9,0.3459611525374582,0.9999999998
5,5,Sabrina Bryan,9.333333333333334,2.6978,3,2.0,0,Actor/Actress,23,Eliminated,6.0,7,Mark Ballas,Baseline,GenZ,1,1,0,0,0,-0.6666666666666661,9.133333333333333,0.5577733510227179,0.875,8,0.44211573266568344,0.9999999998
5,6,Sabrina Bryan,8.333333333333334,-2.6978,3,4.0,0,Actor/Actress,23,Eliminated,6.0,7,Mark Ballas,Baseline,GenZ,1,1,0,0,0,-1.0,9.0,0.5962847939999443,0.5,7,0.41475381280507095,0.9999999998
15,1,Sabrina Bryan,7.5,2.0233499999999998,3,3.0,0,Actor/Actress,28,Eliminated,6.0,8,Louis Van Amstel,Baseline,Millennial,1,0,1,0,0,0.0,7.5,0.0,0.8461538461538461,13,0.2944450500991418,0.8695652172400756
15,2,Sabrina Bryan,8.666666666666666,7.55384,3,1.0,0,Actor/Actress,28,Eliminated,6.0,8,Louis Van Amstel,Baseline,Millennial,1,0,1,0,0,1.166666666666666,8.083333333333332,0.8249579113843056,1.0,12,0.32227699063508836,0.8695652172400756
15,3,Sabrina Bryan,8.5,0.0,3,4.0,0,Actor/Actress,28,Eliminated,6.0,8,Louis Van Amstel,Baseline,Millennial,1,0,1,0,0,-0.16666666666666607,8.222222222222221,0.6309898162000308,0.5909090909090909,11,0.20163019077307118,0.8695652172400756
15,4,Sabrina Bryan,8.875,-0.67445,4,6.0,0,Actor/Actress,28,Eliminated,6.0,8,Louis Van Amstel,Baseline,Millennial,1,0,1,0,0,0.375,8.385416666666666,0.609886715346019,0.4444444444444444,9,0.35325558404867186,0.8695652172400756
15,5,Sabrina Bryan,9.75,3.5970666666666666,3,1.0,0,Actor/Actress,28,Eliminated,6.0,8,Louis Van Amstel,Baseline,Millennial,1,0,1,0,0,0.875,8.658333333333333,0.8070866675202171,1.0,8,0.1723475897236556,0.8695652172400756
15,6,Sabrina Bryan,10.0,2.0233499999999998,3,1.0,0,Actor/Actress,28,Eliminated,6.0,8,Louis Van Amstel,Baseline,Millennial,1,0,1,0,0,0.25,8.881944444444445,0.9061582009699993,0.9375,8,0.2048631540320305,0.8695652172400756
19,1,Sadie Robertson,8.5,4.0466999999999995,4,2.0,0,Tv Personality,17,RunnerUp,11.0,2,Mark Ballas,Baseline,GenZ,1,1,0,0,0,0.0,8.5,0.0,0.9230769230769231,13,0.5160608028665913,0.8433734938336478
19,2,Sadie Robertson,7.75,1.3489,4,5.0,0,Tv Personality,17,RunnerUp,11.0,2,Mark Ballas,Baseline,GenZ,1,1,0,0,0,-0.75,8.125,0.5303300858899106,0.625,12,0.34613980535212147,0.8433734938336478
19,3,Sadie Robertson,8.0,0.0,4,4.0,0,Tv Personality,17,RunnerUp,11.0,2,Mark Ballas,Baseline,GenZ,1,1,0,0,0,0.25,8.083333333333334,0.3818813079129867,0.6363636363636364,11,0.4983770171434502,0.8433734938336478
19,4,Sadie Robertson,9.25,3.37225,4,3.0,0,Tv Personality,17,RunnerUp,11.0,2,Mark Ballas,Baseline,GenZ,1,1,0,0,0,1.25,8.375,0.6614378277661476,0.8,10,0.6408988180463647,0.8433734938336478
19,5,Sadie Robertson,9.0,2.3980444444444444,4,1.0,0,Tv Personality,17,RunnerUp,11.0,2,Mark Ballas,Baseline,GenZ,1,1,0,0,0,-0.25,8.5,0.6373774391990981,1.0,9,0.6379741452460631,0.8433734938336478
19,6,Sadie Robertson,8.75,2.0233499999999998,4,3.0,0,Tv Personality,17,RunnerUp,11.0,2,Mark Ballas,Baseline,GenZ,1,1,0,0,0,-0.25,8.541666666666666,0.5791516784631351,0.7777777777777778,9,0.40693072682428794,0.8433734938336478
19,7,Sadie Robertson,7.75,-1.3489,4,5.0,0,Tv Personality,17,RunnerUp,11.0,2,Mark Ballas,Baseline,GenZ,1,1,0,0,0,-1.0,8.428571428571429,0.6074928962939558,0.5,8,0.35475637925085574,0.8433734938336478
19,8,Sadie Robertson,9.5,0.2766974358974359,4,4.0,0,Tv Personality,17,RunnerUp,11.0,2,Mark Ballas,Baseline,GenZ,1,1,0,0,0,1.75,8.5625,0.6781013409302686,0.5714285714285714,7,0.7527152917135025,0.8433734938336478
19,9,Sadie Robertson,9.125,1.07912,4,4.0,0,Tv Personality,17,RunnerUp,11.0,2,Mark Ballas,Baseline,GenZ,1,1,0,0,0,-0.375,8.625,0.6614378277661476,0.5,6,0.4149567676500508,0.8433734938336478
19,10,Sadie Robertson,9.25,-2.6978,4,4.0,0,Tv Personality,17,RunnerUp,11.0,2,Mark Ballas,Baseline,GenZ,1,1,0,0,0,0.125,8.6875,0.6541799361711491,0.4,5,0.3498704421875686,0.8433734938336478
19,11,Sadie Robertson,9.833300000000001,2.3982042927609606,4,2.0,0,Tv Personality,17,RunnerUp,11.0,2,Mark Ballas,Baseline,GenZ,1,1,0,0,0,0.5833000000000013,8.791663636363637,0.71028652285219,0.75,4,0.09219822000948034,0.8433734938336478
28,1,Sailor Brinkley-Cook,6.0,2.0233499999999998,3,4.0,0,Model,21,Eliminated,6.0,9,Valentin Chmerkovskiy,Baseline,GenZ,1,1,0,0,0,0.0,6.0,0.0,0.75,12,0.43787372148581377,0.9999999998
28,2,Sailor Brinkley-Cook,6.0,0.0,3,8.0,0,Model,21,Eliminated,6.0,9,Valentin Chmerkovskiy,Baseline,GenZ,1,1,0,0,0,0.0,6.0,0.0,0.4166666666666667,12,0.47956350834282285,0.9999999998
28,3,Sailor Brinkley-Cook,7.666666666666667,0.9810181818181817,3,3.0,0,Model,21,Eliminated,6.0,9,Valentin Chmerkovskiy,Baseline,GenZ,1,1,0,0,0,1.666666666666667,6.555555555555556,0.9622504486493766,0.75,10,0.6133798883273475,0.9999999998
28,4,Sailor Brinkley-Cook,7.75,4.0466999999999995,4,5.0,0,Model,21,Eliminated,6.0,9,Valentin Chmerkovskiy,Baseline,GenZ,1,1,0,0,0,0.08333333333333304,6.854166666666667,0.9868932735272512,0.6,10,0.5078145797829611,0.9999999998
28,5,Sailor Brinkley-Cook,8.0,0.0,3,5.0,0,Model,21,Eliminated,6.0,9,Valentin Chmerkovskiy,Baseline,GenZ,1,1,0,0,0,0.25,7.083333333333333,0.9965217285917836,0.5,9,0.3793003283391501,0.9999999998
28,6,Sailor Brinkley-Cook,9.0,0.0,3,1.0,0,Model,21,Eliminated,6.0,9,Valentin Chmerkovskiy,Baseline,GenZ,1,1,0,0,0,1.0,7.402777777777779,1.1860493088244535,0.8888888888888888,9,0.2856680198138214,0.9999999998
31,1,Sam Champion,5.0,-2.6978,4,12.0,0,News Anchor,61,Eliminated,4.0,13,Cheryl Burke,Baseline,Boomer,1,0,0,0,1,0.0,5.0,0.0,0.25,16,0.4962325678954129,0.9090909089256198
31,2,Sam Champion,6.5,-2.15824,4,11.0,0,News Anchor,61,Eliminated,4.0,13,Cheryl Burke,Baseline,Boomer,1,0,0,0,1,1.5,5.75,1.0606601717798212,0.3333333333333333,15,0.3666293746095938,0.9090909089256198
31,3,Sam Champion,6.25,-3.2373600000000002,4,12.0,0,News Anchor,61,Eliminated,4.0,13,Cheryl Burke,Baseline,Boomer,1,0,0,0,1,-0.25,5.916666666666667,0.8036375634160795,0.21428571428571427,14,0.37876251151361706,0.9090909089256198
31,4,Sam Champion,6.25,-4.72115,4,13.0,0,News Anchor,61,Eliminated,4.0,13,Cheryl Burke,Baseline,Boomer,1,0,0,0,1,0.0,6.0,0.67700320038633,0.07692307692307693,13,0.3953571721926616,0.9090909089256198
3,1,Sara Evans,5.0,-1.3488999999999998,3,10.0,0,Singer/Rapper,35,Withdrew,,6,Tony Dovolani,Baseline,Millennial,1,0,1,0,0,0.0,5.0,0.0,0.18181818181818182,11,0.6156691610882334,1.6666666661111111
3,2,Sara Evans,7.0,-4.0466999999999995,3,7.0,0,Singer/Rapper,35,Withdrew,,6,Tony Dovolani,Baseline,Millennial,1,0,1,0,0,2.0,6.0,1.4142135623730951,0.3,10,0.42867833173589404,1.6666666661111111
3,3,Sara Evans,8.333333333333334,0.8992666666666665,3,3.0,0,Singer/Rapper,35,Withdrew,,6,Tony Dovolani,Baseline,Millennial,1,0,1,0,0,1.333333333333334,6.777777777777779,1.6777409856157224,0.7777777777777778,9,0.40399558795697227,1.6666666661111111
3,4,Sara Evans,6.666666666666667,-5.3956,3,8.0,0,Singer/Rapper,35,Withdrew,,6,Tony Dovolani,Baseline,Millennial,1,0,1,0,0,-1.666666666666667,6.75,1.370995853250341,0.125,8,0.45125042141248917,1.6666666661111111
3,5,Sara Evans,8.0,-4.0466999999999995,3,6.0,0,Singer/Rapper,35,Withdrew,,6,Tony Dovolani,Baseline,Millennial,1,0,1,0,0,1.333333333333333,7.0,1.3123346456686353,0.21428571428571427,7,0.2159447251290409,1.6666666661111111
25,1,Sasha Pieterse,6.0,0.0,3,7.0,0,Actor/Actress,21,Eliminated,5.0,10,Gleb Savchenko,Baseline,GenZ,1,1,0,0,0,0.0,6.0,0.0,0.46153846153846156,13,0.3689849053575016,0.6521739129584121
25,2,Sasha Pieterse,7.5,2.0233499999999998,3,4.0,0,Actor/Actress,21,Eliminated,5.0,10,Gleb Savchenko,Baseline,GenZ,1,1,0,0,0,1.5,6.75,1.0606601717798212,0.7307692307692307,13,0.32635345291716955,0.6521739129584121
25,3,Sasha Pieterse,6.333333333333333,-2.6978,3,11.0,0,Actor/Actress,21,Eliminated,5.0,10,Gleb Savchenko,Baseline,GenZ,1,1,0,0,0,-1.166666666666667,6.611111111111111,0.787635937708768,0.09090909090909091,11,0.32865933280605497,0.6521739129584121
25,4,Sasha Pieterse,8.0,0.0,3,4.0,0,Actor/Actress,21,Eliminated,5.0,10,Gleb Savchenko,Baseline,GenZ,1,1,0,0,0,1.666666666666667,6.958333333333333,0.9464847243000457,0.5,11,0.28962268552870457,0.6521739129584121
25,5,Sasha Pieterse,8.0,-4.0466999999999995,3,8.0,0,Actor/Actress,21,Eliminated,5.0,10,Gleb Savchenko,Baseline,GenZ,1,1,0,0,0,0.0,7.166666666666666,0.9428090415820636,0.25,10,0.37092052770744643,0.6521739129584121
34,1,Scott Hoying,5.0,-1.3489,2,9.0,0,Singer/Rapper,34,Eliminated,6.0,10,Rylee Arnold,Baseline,Millennial,1,0,1,0,0,0.0,5.0,0.0,0.32142857142857145,14,0.4627624262862272,0.9999999998
34,2,Scott Hoying,6.0,-4.0466999999999995,3,11.0,0,Singer/Rapper,34,Eliminated,6.0,10,Rylee Arnold,Baseline,Millennial,1,0,1,0,0,1.0,5.5,0.7071067811865476,0.25,14,0.3416136418926476,0.9999999998
34,3,Scott Hoying,7.333333333333333,1.3489,3,5.0,0,Singer/Rapper,34,Eliminated,6.0,10,Rylee Arnold,Baseline,Millennial,1,0,1,0,0,1.333333333333333,6.111111111111111,1.1706281947614154,0.5833333333333334,12,0.31108428718662545,0.9999999998
34,4,Scott Hoying,7.0,-4.0466999999999995,3,9.0,0,Singer/Rapper,34,Eliminated,6.0,10,Rylee Arnold,Baseline,Millennial,1,0,1,0,0,-0.33333333333333304,6.333333333333333,1.0540925533894598,0.22727272727272727,11,0.29030495428456765,0.9999999998
34,5,Scott Hoying,7.5,-1.3489,4,6.0,0,Singer/Rapper,34,Eliminated,6.0,10,Rylee Arnold,Baseline,Millennial,1,0,1,0,0,0.5,6.566666666666667,1.0514540197058337,0.45,10,0.4041638843974973,0.9999999998
34,6,Scott Hoying,7.0,-10.7912,4,9.0,0,Singer/Rapper,34,Eliminated,6.0,10,Rylee Arnold,Baseline,Millennial,1,0,1,0,0,-0.5,6.638888888888889,0.9569434365419625,0.2,10,0.460625841237017,0.9999999998
18,1,Sean Avery,6.666666666666667,-1.3489,3,10.0,0,Athlete,33,Eliminated,2.0,11,Karina Smirnoff,Baseline,Millennial,1,0,1,0,0,0.0,6.666666666666667,0.0,0.25,12,0.4824767313646609,0.8974358972748192
18,2,Sean Avery,7.0,0.0,3,7.0,0,Athlete,33,Eliminated,2.0,11,Karina Smirnoff,Baseline,Millennial,1,0,1,0,0,0.33333333333333304,6.833333333333334,0.2357022603955153,0.3181818181818182,11,0.4367050005272007,0.8974358972748192
16,1,Sean Lowe,6.333333333333333,1.3489,3,7.0,0,Tv Personality,29,Eliminated,8.0,6,Peta Murgatroyd,Baseline,Millennial,1,0,1,0,0,0.0,6.333333333333333,0.0,0.5,12,0.43333212536664834,0.7894736840858726
16,2,Sean Lowe,6.666666666666667,0.337225,3,5.0,0,Tv Personality,29,Eliminated,8.0,6,Peta Murgatroyd,Baseline,Millennial,1,0,1,0,0,0.3333333333333339,6.5,0.23570226039551626,0.5833333333333334,12,0.5423210352279798,0.7894736840858726
16,3,Sean Lowe,7.0,0.0,3,6.0,0,Tv Personality,29,Eliminated,8.0,6,Peta Murgatroyd,Baseline,Millennial,1,0,1,0,0,0.33333333333333304,6.666666666666667,0.33333333333333337,0.45454545454545453,11,0.5569510497714374,0.7894736840858726
16,4,Sean Lowe,6.666666666666667,-1.3489,3,8.0,0,Tv Personality,29,Eliminated,8.0,6,Peta Murgatroyd,Baseline,Millennial,1,0,1,0,0,-0.33333333333333304,6.666666666666667,0.2721655269759087,0.3,10,0.4877780857411537,0.7894736840858726
16,5,Sean Lowe,8.0,0.0,3,5.0,0,Tv Personality,29,Eliminated,8.0,6,Peta Murgatroyd,Baseline,Millennial,1,0,1,0,0,1.333333333333333,6.933333333333333,0.6411794687223781,0.5555555555555556,9,0.5797384912032801,0.7894736840858726
16,6,Sean Lowe,7.666666666666667,0.67445,3,4.0,0,Tv Personality,29,Eliminated,8.0,6,Peta Murgatroyd,Baseline,Millennial,1,0,1,0,0,-0.33333333333333304,7.055555555555556,0.6469300723559839,0.5625,8,0.35359918454235945,0.7894736840858726
16,7,Sean Lowe,8.0,-2.0233499999999998,3,6.0,0,Tv Personality,29,Eliminated,8.0,6,Peta Murgatroyd,Baseline,Millennial,1,0,1,0,0,0.33333333333333304,7.190476190476191,0.6900655593423543,0.2857142857142857,7,0.7312421113649391,0.7894736840858726
16,8,Sean Lowe,7.0,-4.72115,3,6.0,0,Tv Personality,29,Eliminated,8.0,6,Peta Murgatroyd,Baseline,Millennial,1,0,1,0,0,-1.0,7.166666666666667,0.642416074439621,0.16666666666666666,6,0.43864487487552734,0.7894736840858726
28,1,Sean Spicer,4.0,-6.070049999999999,3,11.0,0,Politician,48,Eliminated,9.0,6,Lindsay Arnold,Baseline,GenX,1,0,0,1,0,0.0,4.0,0.0,0.16666666666666666,12,0.43787372148581377,1.1111111108641976
28,2,Sean Spicer,5.333333333333333,-1.3489,3,9.0,0,Politician,48,Eliminated,9.0,6,Lindsay Arnold,Baseline,GenX,1,0,0,1,0,1.333333333333333,4.666666666666666,0.9428090415820635,0.3333333333333333,12,0.47956350834282285,1.1111111108641976
28,3,Sean Spicer,5.0,-2.943054545454545,3,9.0,0,Politician,48,Eliminated,9.0,6,Lindsay Arnold,Baseline,GenX,1,0,0,1,0,-0.33333333333333304,4.777777777777778,0.6938886664887111,0.2,10,0.6133798883273475,1.1111111108641976
28,4,Sean Spicer,5.25,-9.4423,4,9.0,0,Politician,48,Eliminated,9.0,6,Lindsay Arnold,Baseline,GenX,1,0,0,1,0,0.25,4.895833333333333,0.6137883276106766,0.2,10,0.5078145797829611,1.1111111108641976
28,5,Sean Spicer,6.333333333333333,-3.37225,3,9.0,0,Politician,48,Eliminated,9.0,6,Lindsay Arnold,Baseline,GenX,1,0,0,1,0,1.083333333333333,5.183333333333333,0.8341662504161467,0.1111111111111111,9,0.3793003283391501,1.1111111108641976
28,6,Sean Spicer,7.0,-8.093399999999999,3,9.0,0,Politician,48,Eliminated,9.0,6,Lindsay Arnold,Baseline,GenX,1,0,0,1,0,0.666666666666667,5.486111111111111,1.0520042599547605,0.1111111111111111,9,0.2856680198138214,1.1111111108641976
28,7,Sean Spicer,7.0,-6.070049999999999,3,8.0,0,Politician,48,Eliminated,9.0,6,Lindsay Arnold,Baseline,GenX,1,0,0,1,0,0.0,5.702380952380952,1.1178860908738926,0.125,8,0.30539195900041965,1.1111111108641976
28,8,Sean Spicer,6.666666666666667,-4.552550146253656,3,7.0,0,Politician,48,Eliminated,9.0,6,Lindsay Arnold,Baseline,GenX,1,0,0,1,0,-0.33333333333333304,5.822916666666667,1.08966783565612,0.14285714285714285,7,0.6478244180031981,1.1111111108641976
28,9,Sean Spicer,6.25,-14.837899999999998,4,6.0,0,Politician,48,Eliminated,9.0,6,Lindsay Arnold,Baseline,GenX,1,0,0,1,0,-0.41666666666666696,5.87037037037037,1.0291844727804371,0.16666666666666666,6,0.5638778459091766,1.1111111108641976
31,1,Selma Blair,7.0,2.6978,4,3.0,0,Actor/Actress,50,Withdrew,,12,Sasha Farber,Baseline,GenX,1,0,0,1,0,0.0,7.0,0.0,0.8125,16,0.4962325678954129,0.9183673467700958
31,2,Selma Blair,7.0,0.0,4,6.0,0,Actor/Actress,50,Withdrew,,12,Sasha Farber,Baseline,GenX,1,0,0,1,0,0.0,7.0,0.0,0.6,15,0.3666293746095938,0.9183673467700958
31,3,Selma Blair,7.0,0.0,4,9.0,0,Actor/Actress,50,Withdrew,,12,Sasha Farber,Baseline,GenX,1,0,0,1,0,0.0,7.0,0.0,0.42857142857142855,14,0.37876251151361706,0.9183673467700958
31,4,Selma Blair,8.0,0.0,4,6.0,0,Actor/Actress,50,Withdrew,,12,Sasha Farber,Baseline,GenX,1,0,0,1,0,1.0,7.25,0.5,0.5769230769230769,13,0.3953571721926616,0.9183673467700958
31,5,Selma Blair,10.0,2.6978,4,4.0,0,Actor/Actress,50,Withdrew,,12,Sasha Farber,Baseline,GenX,1,0,0,1,0,2.0,7.8,1.3038404810405297,0.75,12,0.37602750171537164,0.9183673467700958
4,1,Shandi Finnessey,6.333333333333333,0.67445,3,5.0,0,Beauty Pagent,28,Eliminated,3.0,10,Brian Fortuna,Baseline,Millennial,1,0,1,0,0,0.0,6.333333333333333,0.0,0.5909090909090909,11,0.4984762460179316,0.9999999998
4,2,Shandi Finnessey,6.666666666666667,-1.3489,3,10.0,0,Beauty Pagent,28,Eliminated,3.0,10,Brian Fortuna,Baseline,Millennial,1,0,1,0,0,0.3333333333333339,6.5,0.23570226039551626,0.18181818181818182,11,0.396332693824844,0.9999999998
4,3,Shandi Finnessey,7.0,0.0,3,6.0,0,Beauty Pagent,28,Eliminated,3.0,10,Brian Fortuna,Baseline,Millennial,1,0,1,0,0,0.33333333333333304,6.666666666666667,0.33333333333333337,0.4,10,0.3796189342990133,0.9999999998
31,1,Shangela,7.0,2.6978,4,3.0,0,Tv Personality,40,Active,,4,Gleb Savchenko,Baseline,Millennial,1,0,1,0,0,0.0,7.0,0.0,0.8125,16,0.4962325678954129,0.592105263087777
31,2,Shangela,7.0,0.0,4,6.0,0,Tv Personality,40,Active,,4,Gleb Savchenko,Baseline,Millennial,1,0,1,0,0,0.0,7.0,0.0,0.6,15,0.3666293746095938,0.592105263087777
31,3,Shangela,7.5,2.15824,4,6.0,0,Tv Personality,40,Active,,4,Gleb Savchenko,Baseline,Millennial,1,0,1,0,0,0.5,7.166666666666667,0.28867513459481275,0.6428571428571429,14,0.37876251151361706,0.592105263087777
31,4,Shangela,8.0,0.0,4,6.0,0,Tv Personality,40,Active,,4,Gleb Savchenko,Baseline,Millennial,1,0,1,0,0,0.5,7.375,0.47871355387816894,0.5769230769230769,13,0.3953571721926616,0.592105263087777
31,5,Shangela,9.625,1.0791199999999999,4,6.0,0,Tv Personality,40,Active,,4,Gleb Savchenko,Baseline,Millennial,1,0,1,0,0,1.625,7.825,1.0882899429839459,0.5833333333333334,12,0.37602750171537164,0.592105263087777
31,6,Shangela,9.0,0.0,4,3.0,0,Tv Personality,40,Active,,4,Gleb Savchenko,Baseline,Millennial,1,0,1,0,0,-0.625,8.020833333333334,1.085174717115482,0.75,10,0.35084095845467406,0.592105263087777
31,7,Shangela,9.125,0.67445,4,4.0,0,Tv Personality,40,Active,,4,Gleb Savchenko,Baseline,Millennial,1,0,1,0,0,0.125,8.178571428571429,1.0749446275883014,0.6111111111111112,9,0.2653023984663571,0.592105263087777
31,8,Shangela,10.5,1.1990222222222222,4,3.0,0,Tv Personality,40,Active,,4,Gleb Savchenko,Baseline,Millennial,1,0,1,0,0,1.375,8.46875,1.2899854650343932,0.75,8,0.5876811811507717,0.592105263087777
31,9,Shangela,9.125,0.5995111111111111,4,3.0,0,Tv Personality,40,Active,,4,Gleb Savchenko,Baseline,Millennial,1,0,1,0,0,-1.375,8.541666666666666,1.2263385543967862,0.5833333333333334,6,0.32944843197985524,0.592105263087777
31,10,Shangela,9.5,0.0,4,1.0,0,Tv Personality,40,Active,,4,Gleb Savchenko,Baseline,Millennial,1,0,1,0,0,0.375,8.6375,1.1952597346741558,1.0,1,0.0,0.592105263087777
3,1,Shanna Moakler,6.0,0.0,3,7.0,0,Model,31,Eliminated,2.0,10,Jesse Desoto,Baseline,Millennial,1,0,1,0,0,0.0,6.0,0.0,0.45454545454545453,11,0.6156691610882334,0.9999999998
3,2,Shanna Moakler,7.333333333333333,-2.6978,3,6.0,0,Model,31,Eliminated,2.0,10,Jesse Desoto,Baseline,Millennial,1,0,1,0,0,1.333333333333333,6.666666666666666,0.9428090415820635,0.5,10,0.42867833173589404,0.9999999998
10,1,Shannen Doherty,6.0,0.0,3,6.0,0,Actor/Actress,38,Eliminated,2.0,11,Mark Ballas,Baseline,Millennial,1,0,1,0,0,0.0,6.0,0.0,0.45454545454545453,11,0.49807921190792886,0.8620689653686088
10,2,Shannen Doherty,6.666666666666667,-0.67445,3,6.0,0,Actor/Actress,38,Eliminated,2.0,11,Mark Ballas,Baseline,Millennial,1,0,1,0,0,0.666666666666667,6.333333333333334,0.47140452079103157,0.5,11,0.6597220325535085,0.8620689653686088
6,1,Shannon Elizabeth,7.0,0.0,3,6.0,0,Actor/Actress,34,Eliminated,7.0,6,Derek Hough,Baseline,Millennial,1,0,1,0,0,0.0,7.0,0.0,0.5416666666666666,12,0.5700360697074371,1.2499999996875
6,2,Shannon Elizabeth,8.0,2.0233499999999998,3,4.0,0,Actor/Actress,34,Eliminated,7.0,6,Derek Hough,Baseline,Millennial,1,0,1,0,0,1.0,7.5,0.7071067811865476,0.7083333333333334,12,0.6209750281031806,1.2499999996875
6,3,Shannon Elizabeth,8.0,2.0233499999999998,3,4.0,0,Actor/Actress,34,Eliminated,7.0,6,Derek Hough,Baseline,Millennial,1,0,1,0,0,0.0,7.666666666666667,0.5773502691896257,0.7,10,0.3859358227489988,1.2499999996875
6,4,Shannon Elizabeth,9.333333333333334,5.3956,3,3.0,0,Actor/Actress,34,Eliminated,7.0,6,Derek Hough,Baseline,Millennial,1,0,1,0,0,1.333333333333334,8.083333333333334,0.9574271077563382,0.7777777777777778,9,0.4947915244151312,1.2499999996875
6,5,Shannon Elizabeth,7.666666666666667,-0.67445,3,5.0,0,Actor/Actress,34,Eliminated,7.0,6,Derek Hough,Baseline,Millennial,1,0,1,0,0,-1.666666666666667,8.0,0.8498365855987975,0.4375,8,0.4172448490929672,1.2499999996875
6,6,Shannon Elizabeth,8.0,-4.0466999999999995,3,5.0,0,Actor/Actress,34,Eliminated,7.0,6,Derek Hough,Baseline,Millennial,1,0,1,0,0,0.33333333333333304,8.0,0.760116950066092,0.35714285714285715,7,0.44020720490261217,1.2499999996875
6,7,Shannon Elizabeth,8.5,0.0,3,4.0,0,Actor/Actress,34,Eliminated,7.0,6,Derek Hough,Baseline,Millennial,1,0,1,0,0,0.5,8.071428571428571,0.7191632409931471,0.4166666666666667,6,0.23207779639437903,1.2499999996875
8,1,Shawn Johnson,7.666666666666667,4.496333333333332,3,2.0,0,Athlete,17,Winner,10.0,1,Mark Ballas,Baseline,GenZ,1,1,0,0,0,0.0,7.666666666666667,0.0,0.8846153846153846,13,0.5052533901080313,0.7894736840858726
8,2,Shawn Johnson,8.0,2.0233499999999998,3,3.0,0,Athlete,17,Winner,10.0,1,Mark Ballas,Baseline,GenZ,1,1,0,0,0,0.33333333333333304,7.833333333333334,0.2357022603955153,0.8461538461538461,13,0.5569947257167678,0.7894736840858726
8,3,Shawn Johnson,9.0,1.2451384615384615,3,1.0,0,Athlete,17,Winner,10.0,1,Mark Ballas,Baseline,GenZ,1,1,0,0,0,1.0,8.222222222222223,0.6938886664887103,0.9166666666666666,12,0.8197399719654512,0.7894736840858726
8,4,Shawn Johnson,8.333333333333334,0.337225,3,4.0,0,Athlete,17,Winner,10.0,1,Mark Ballas,Baseline,GenZ,1,1,0,0,0,-0.6666666666666661,8.25,0.5692750425533105,0.6818181818181818,11,0.8727302162833207,0.7894736840858726
8,5,Shawn Johnson,8.666666666666666,1.3489,3,2.0,0,Athlete,17,Winner,10.0,1,Mark Ballas,Baseline,GenZ,1,1,0,0,0,0.33333333333333215,8.333333333333334,0.5270462766947294,0.8333333333333334,9,0.5110184890411691,0.7894736840858726
8,6,Shawn Johnson,8.666666666666666,1.3489,3,3.0,0,Athlete,17,Winner,10.0,1,Mark Ballas,Baseline,GenZ,1,1,0,0,0,0.0,8.38888888888889,0.4906533814626575,0.6875,8,0.6442250432639264,0.7894736840858726
8,7,Shawn Johnson,9.333333333333334,1.3489,3,2.0,0,Athlete,17,Winner,10.0,1,Mark Ballas,Baseline,GenZ,1,1,0,0,0,0.6666666666666679,8.523809523809524,0.572749795322816,0.8571428571428571,7,0.39948152909330925,0.7894736840858726
8,8,Shawn Johnson,8.666666666666666,-1.5415999999999999,3,3.0,0,Athlete,17,Winner,10.0,1,Mark Ballas,Baseline,GenZ,1,1,0,0,0,-0.6666666666666679,8.541666666666666,0.5326632695523115,0.5833333333333334,6,0.25973282394927005,0.7894736840858726
8,9,Shawn Johnson,9.333333333333334,1.3489,3,2.0,0,Athlete,17,Winner,10.0,1,Mark Ballas,Baseline,GenZ,1,1,0,0,0,0.6666666666666679,8.62962962962963,0.5638273091717898,0.7,5,0.33639355175374314,0.7894736840858726
8,10,Shawn Johnson,9.333333333333334,0.38539999999999996,3,2.0,0,Athlete,17,Winner,10.0,1,Mark Ballas,Baseline,GenZ,1,1,0,0,0,0.0,8.7,0.5762801102173306,0.75,4,0.36818065497615426,0.7894736840858726
15,1,Shawn Johnson,7.333333333333333,1.3489,3,4.0,0,Athlete,20,RunnerUp,9.0,2,Derek Hough,Baseline,GenZ,1,1,0,0,0,0.0,7.333333333333333,0.0,0.7307692307692307,13,0.2944450500991418,1.5517241374494648
15,2,Shawn Johnson,8.333333333333334,5.3956,3,3.0,0,Athlete,20,RunnerUp,9.0,2,Derek Hough,Baseline,GenZ,1,1,0,0,0,1.0000000000000009,7.833333333333334,0.7071067811865478,0.8333333333333334,12,0.32227699063508836,1.5517241374494648
15,3,Shawn Johnson,8.833333333333334,1.3489,3,3.0,0,Athlete,20,RunnerUp,9.0,2,Derek Hough,Baseline,GenZ,1,1,0,0,0,0.5,8.166666666666666,0.7637626158259733,0.8181818181818182,11,0.20163019077307118,1.5517241374494648
15,4,Shawn Johnson,9.875,4.72115,4,1.0,0,Athlete,20,RunnerUp,9.0,2,Derek Hough,Baseline,GenZ,1,1,0,0,0,1.041666666666666,8.59375,1.0575866788747543,0.9444444444444444,9,0.35325558404867186,1.5517241374494648
15,5,Shawn Johnson,9.416666666666666,1.1990222222222222,3,2.0,0,Athlete,20,RunnerUp,9.0,2,Derek Hough,Baseline,GenZ,1,1,0,0,0,-0.4583333333333339,8.758333333333333,0.9870691746557355,0.6875,8,0.1723475897236556,1.5517241374494648
15,6,Shawn Johnson,9.333333333333334,-0.67445,3,4.0,0,Athlete,20,RunnerUp,9.0,2,Derek Hough,Baseline,GenZ,1,1,0,0,0,-0.08333333333333215,8.854166666666666,0.9135363217251468,0.625,8,0.2048631540320305,1.5517241374494648
15,7,Shawn Johnson,12.6666,2.023350000000002,3,2.0,0,Athlete,20,RunnerUp,9.0,2,Derek Hough,Baseline,GenZ,1,1,0,0,0,3.333266666666667,9.3988,1.664883014019415,0.8571428571428571,7,0.539380041253953,1.5517241374494648
15,8,Shawn Johnson,9.277766666666666,-1.7986232600000012,3,6.0,0,Athlete,20,RunnerUp,9.0,2,Derek Hough,Baseline,GenZ,1,1,0,0,0,-3.3888333333333343,9.383670833333333,1.541976034487093,0.2857142857142857,7,0.21908088718211424,1.5517241374494648
15,9,Shawn Johnson,9.833333333333334,2.1114502621898734,3,1.0,0,Athlete,20,RunnerUp,9.0,2,Derek Hough,Baseline,GenZ,1,1,0,0,0,0.5555666666666674,9.433633333333333,1.4501534719546836,1.0,5,0.1619106807935631,1.5517241374494648
14,1,Sherri Sheperd,7.666666666666667,2.6978,3,4.0,0,Actor/Actress,44,Eliminated,4.0,10,Valentin Chmerkovskiy,Baseline,GenX,1,0,0,1,0,0.0,7.666666666666667,0.0,0.625,12,0.31763966986668124,0.45454545450413225
14,2,Sherri Sheperd,7.666666666666667,2.6978,3,6.0,0,Actor/Actress,44,Eliminated,4.0,10,Valentin Chmerkovskiy,Baseline,GenX,1,0,0,1,0,0.0,7.666666666666667,0.0,0.5833333333333334,12,0.42874242358520726,0.45454545450413225
14,3,Sherri Sheperd,8.0,0.0,3,7.0,0,Actor/Actress,44,Eliminated,4.0,10,Valentin Chmerkovskiy,Baseline,GenX,1,0,0,1,0,0.33333333333333304,7.777777777777779,0.1924500897298752,0.2727272727272727,11,0.26687070216692765,0.45454545450413225
14,4,Sherri Sheperd,7.0,-4.0466999999999995,3,9.0,0,Actor/Actress,44,Eliminated,4.0,10,Valentin Chmerkovskiy,Baseline,GenX,1,0,0,1,0,-1.0,7.583333333333334,0.41943524640393043,0.2,10,0.34805157127333136,0.45454545450413225
24,1,Simone Biles,8.0,5.3956,4,1.0,0,Athlete,20,Eliminated,9.0,4,Sasha Farber,Baseline,GenZ,1,1,0,0,0,0.0,8.0,0.0,1.0,12,0.5077415287029913,0.7142857141836735
24,2,Simone Biles,7.25,0.67445,4,4.0,0,Athlete,20,Eliminated,9.0,4,Sasha Farber,Baseline,GenZ,1,1,0,0,0,-0.75,7.625,0.5303300858899106,0.75,12,0.3694657571555838,0.7142857141836735
24,3,Simone Biles,8.0,2.6978,4,4.0,0,Athlete,20,Eliminated,9.0,4,Sasha Farber,Baseline,GenZ,1,1,0,0,0,0.75,7.75,0.4330127018922193,0.7272727272727273,11,0.44606142611441296,0.7142857141836735
24,4,Simone Biles,9.0,4.31648,4,2.0,0,Athlete,20,Eliminated,9.0,4,Sasha Farber,Baseline,GenZ,1,1,0,0,0,1.0,8.0625,0.7180703308172536,0.9,10,0.36209665770517047,0.7142857141836735
24,5,Simone Biles,9.5,8.093399999999999,4,2.0,0,Athlete,20,Eliminated,9.0,4,Sasha Farber,Baseline,GenZ,1,1,0,0,0,0.5,8.35,0.894427190999916,0.8888888888888888,9,0.37835288634956515,0.7142857141836735
24,6,Simone Biles,8.625,0.5995111111111111,4,4.0,0,Athlete,20,Eliminated,9.0,4,Sasha Farber,Baseline,GenZ,1,1,0,0,0,-0.875,8.395833333333334,0.8078391960450216,0.625,8,0.2673542650595688,0.7142857141836735
24,7,Simone Biles,9.75,2.6978,4,2.0,0,Athlete,20,Eliminated,9.0,4,Sasha Farber,Baseline,GenZ,1,1,0,0,0,1.125,8.589285714285714,0.897665623396915,0.7857142857142857,7,0.4490923486826755,0.7142857141836735
24,8,Simone Biles,9.0,0.0,4,3.0,0,Athlete,20,Eliminated,9.0,4,Sasha Farber,Baseline,GenZ,1,1,0,0,0,-0.75,8.640625,0.843667323991767,0.6,5,0.4618422361657111,0.7142857141836735
24,9,Simone Biles,10.0,2.6978,4,1.0,0,Athlete,20,Eliminated,9.0,4,Sasha Farber,Baseline,GenZ,1,1,0,0,0,1.0,8.791666666666666,0.9100137361600652,1.0,4,0.2319678850472748,0.7142857141836735
29,1,Skai Jackson,7.0,4.0466999999999995,3,1.0,0,Actor/Actress,18,Eliminated,10.0,5,Alan Bersten,Baseline,GenZ,1,1,0,0,0,0.0,7.0,0.0,0.9666666666666667,15,0.4586531304965921,0.9523809521995464
29,2,Skai Jackson,5.0,-4.0466999999999995,3,14.0,0,Actor/Actress,18,Eliminated,10.0,5,Alan Bersten,Baseline,GenZ,1,1,0,0,0,-2.0,6.0,1.4142135623730951,0.1,15,0.31639157203440565,0.9523809521995464
29,3,Skai Jackson,6.0,-2.3124,3,11.0,0,Actor/Actress,18,Eliminated,10.0,5,Alan Bersten,Baseline,GenZ,1,1,0,0,0,1.0,6.0,1.0,0.25,14,0.5059628499334231,0.9523809521995464
29,4,Skai Jackson,9.333333333333334,5.3956,3,1.0,0,Actor/Actress,18,Eliminated,10.0,5,Alan Bersten,Baseline,GenZ,1,1,0,0,0,3.333333333333334,6.833333333333334,1.8559214542766742,1.0,13,0.30617401395313787,0.9523809521995464
29,5,Skai Jackson,8.0,0.0,3,5.0,0,Actor/Actress,18,Eliminated,10.0,5,Alan Bersten,Baseline,GenZ,1,1,0,0,0,-1.333333333333334,7.066666666666667,1.6898389140848769,0.5,12,0.44681844876186,0.9523809521995464
29,6,Skai Jackson,6.0,-8.093399999999999,3,11.0,0,Actor/Actress,18,Eliminated,10.0,5,Alan Bersten,Baseline,GenZ,1,1,0,0,0,-2.0,6.888888888888889,1.5729189661499015,0.09090909090909091,11,0.43896422409120317,0.9523809521995464
29,7,Skai Jackson,9.0,0.0,3,2.0,0,Actor/Actress,18,Eliminated,10.0,5,Alan Bersten,Baseline,GenZ,1,1,0,0,0,3.0,7.190476190476191,1.6426846010152707,0.8,10,0.31099594861117197,0.9523809521995464
29,8,Skai Jackson,8.999933333333333,-0.00026977999999699964,3,7.0,0,Actor/Actress,18,Eliminated,10.0,5,Alan Bersten,Baseline,GenZ,1,1,0,0,0,-6.666666666710341e-05,7.416658333333333,1.649906683436254,0.25,8,0.2923894771165262,0.9523809521995464
29,9,Skai Jackson,9.6666,0.0,3,3.0,0,Actor/Actress,18,Eliminated,10.0,5,Alan Bersten,Baseline,GenZ,1,1,0,0,0,0.6666666666666679,7.666651851851851,1.7159221689089184,0.6428571428571429,7,0.3698505511411933,0.9523809521995464
29,10,Skai Jackson,9.5,0.0,3,4.0,0,Actor/Actress,18,Eliminated,10.0,5,Alan Bersten,Baseline,GenZ,1,1,0,0,0,-0.16660000000000075,7.849986666666666,1.7185316732319003,0.4166666666666667,6,0.1234226908160677,0.9523809521995464
2,1,Stacy Keibler,7.333333333333333,0.49050909090909084,3,4.0,0,Athlete,26,Finalist,7.0,3,Tony Dovolani,Baseline,Millennial,1,0,1,0,0,0.0,7.333333333333333,0.0,0.7,10,0.611207926325423,0.9999999998
2,2,Stacy Keibler,9.666666666666666,7.194133333333333,3,1.0,0,Athlete,26,Finalist,7.0,3,Tony Dovolani,Baseline,Millennial,1,0,1,0,0,2.333333333333333,8.5,1.6499158227686104,1.0,9,0.6249006826786333,0.9999999998
2,3,Stacy Keibler,9.0,2.0233499999999998,3,1.0,0,Athlete,26,Finalist,7.0,3,Tony Dovolani,Baseline,Millennial,1,0,1,0,0,-0.6666666666666661,8.666666666666666,1.201850425154663,0.9375,8,0.6679176515427974,0.9999999998
2,4,Stacy Keibler,8.666666666666666,1.3489,3,2.0,0,Athlete,26,Finalist,7.0,3,Tony Dovolani,Baseline,Millennial,1,0,1,0,0,-0.3333333333333339,8.666666666666666,0.981306762925316,0.7857142857142857,7,0.999999999557445,0.9999999998
2,5,Stacy Keibler,10.0,8.093399999999999,3,1.0,0,Athlete,26,Finalist,7.0,3,Tony Dovolani,Baseline,Millennial,1,0,1,0,0,1.333333333333334,8.933333333333334,1.0381607668264956,1.0,6,0.43176946429931184,0.9999999998
2,6,Stacy Keibler,10.0,2.0233499999999998,3,1.0,0,Athlete,26,Finalist,7.0,3,Tony Dovolani,Baseline,Millennial,1,0,1,0,0,0.0,9.11111111111111,1.02559828970794,0.9,5,0.5173667882126445,0.9999999998
2,7,Stacy Keibler,9.166666666666666,0.7707999999999999,3,1.0,0,Athlete,26,Finalist,7.0,3,Tony Dovolani,Baseline,Millennial,1,0,1,0,0,-0.8333333333333339,9.119047619047619,0.9364743066331969,0.875,4,0.4966207044959312,0.9999999998
33,1,Stephen Nedoroscik,7.0,4.0466999999999995,3,3.0,0,Athlete,26,Active,,4,Rylee Arnold,Baseline,Millennial,1,0,1,0,0,0.0,7.0,0.0,0.8076923076923077,13,0.3459611525374582,0.8333333331944445
33,2,Stephen Nedoroscik,7.333333333333333,1.3489,3,2.0,0,Athlete,26,Active,,4,Rylee Arnold,Baseline,Millennial,1,0,1,0,0,0.33333333333333304,7.166666666666666,0.23570226039551595,0.8461538461538461,13,0.40777614797778233,0.8333333331944445
33,3,Stephen Nedoroscik,7.75,0.8992666666666665,4,3.0,0,Athlete,26,Active,,4,Rylee Arnold,Baseline,Millennial,1,0,1,0,0,0.41666666666666696,7.361111111111111,0.3757708127352415,0.7727272727272727,11,0.48023983477103066,0.8333333331944445
33,4,Stephen Nedoroscik,8.25,5.3956,4,3.0,0,Athlete,26,Active,,4,Rylee Arnold,Baseline,Millennial,1,0,1,0,0,0.5,7.583333333333333,0.540061724867322,0.7777777777777778,9,0.24113156160144034,0.8333333331944445
33,5,Stephen Nedoroscik,8.0,-4.0466999999999995,3,6.0,0,Athlete,26,Active,,4,Rylee Arnold,Baseline,Millennial,1,0,1,0,0,-0.25,7.666666666666666,0.5034602488997741,0.25,8,0.16727006482522272,0.8333333331944445
33,6,Stephen Nedoroscik,9.333333333333334,-1.3489,3,5.0,0,Athlete,26,Active,,4,Rylee Arnold,Baseline,Millennial,1,0,1,0,0,1.333333333333334,7.944444444444444,0.8159293723973551,0.35714285714285715,7,0.4330874815477384,0.8333333331944445
33,7,Stephen Nedoroscik,9.0,1.1562,3,3.0,0,Athlete,26,Active,,4,Rylee Arnold,Baseline,Millennial,1,0,1,0,0,-0.3333333333333339,8.095238095238095,0.8449585945210732,0.6666666666666666,6,0.3011205324272617,0.8333333331944445
33,8,Stephen Nedoroscik,8.833333333333334,-0.5,3,2.0,0,Athlete,26,Active,,4,Rylee Arnold,Baseline,Millennial,1,0,1,0,0,-0.16666666666666607,8.1875,0.8246572159446158,0.5,2,0.052155606136620986,0.8333333331944445
33,9,Stephen Nedoroscik,9.833333333333334,3.597066666666666,3,1.0,0,Athlete,26,Active,,4,Rylee Arnold,Baseline,Millennial,1,0,1,0,0,1.0,8.37037037037037,0.9465866228549304,1.0,2,0.1564668184098627,0.8333333331944445
6,1,Steve Guttenberg,6.0,-2.0233499999999998,3,8.0,0,Actor/Actress,49,Eliminated,3.0,10,Anna Trebunskaya,Baseline,GenX,1,0,0,1,0,0.0,6.0,0.0,0.375,12,0.5700360697074371,0.769230769112426
6,2,Steve Guttenberg,5.333333333333333,-3.37225,3,11.0,0,Actor/Actress,49,Eliminated,3.0,10,Anna Trebunskaya,Baseline,GenX,1,0,0,1,0,-0.666666666666667,5.666666666666666,0.47140452079103157,0.16666666666666666,12,0.6209750281031806,0.769230769112426
6,3,Steve Guttenberg,7.0,-2.0233499999999998,3,6.0,0,Actor/Actress,49,Eliminated,3.0,10,Anna Trebunskaya,Baseline,GenX,1,0,0,1,0,1.666666666666667,6.111111111111111,0.8388704928078613,0.35,10,0.3859358227489988,0.769230769112426
8,1,Steve Wozniak,4.333333333333333,-4.496333333333332,3,13.0,0,Entrepreneur,58,Eliminated,4.0,10,Karina Smirnoff,Baseline,GenX,1,0,0,1,0,0.0,4.333333333333333,0.0,0.07692307692307693,13,0.5052533901080313,0.8333333331944445
8,2,Steve Wozniak,5.666666666666667,-2.6978,3,11.0,0,Entrepreneur,58,Eliminated,4.0,10,Karina Smirnoff,Baseline,GenX,1,0,0,1,0,1.333333333333334,5.0,0.9428090415820638,0.19230769230769232,13,0.5569947257167678,0.8333333331944445
8,3,Steve Wozniak,3.3333333333333335,-5.810646153846154,3,12.0,0,Entrepreneur,58,Eliminated,4.0,10,Karina Smirnoff,Baseline,GenX,1,0,0,1,0,-2.3333333333333335,4.444444444444445,1.1706281947614157,0.08333333333333333,12,0.8197399719654512,0.8333333331944445
8,4,Steve Wozniak,4.0,-4.0466999999999995,3,11.0,0,Entrepreneur,58,Eliminated,4.0,10,Karina Smirnoff,Baseline,GenX,1,0,0,1,0,0.6666666666666665,4.333333333333333,0.9813067629253165,0.09090909090909091,11,0.8727302162833207,0.8333333331944445
8,1,Steve-O,5.666666666666667,-0.8992666666666665,3,9.0,0,Tv Personality,34,Eliminated,6.0,8,Lacey Schwimmer,Baseline,Millennial,1,0,1,0,0,0.0,5.666666666666667,0.0,0.34615384615384615,13,0.5052533901080313,1.6666666661111111
8,2,Steve-O,4.666666666666667,-4.72115,3,13.0,0,Tv Personality,34,Eliminated,6.0,8,Lacey Schwimmer,Baseline,Millennial,1,0,1,0,0,-1.0,5.166666666666667,0.7071067811865476,0.07692307692307693,13,0.5569947257167678,1.6666666661111111
8,3,Steve-O,5.0,-3.7354153846153846,3,11.0,0,Tv Personality,34,Eliminated,6.0,8,Lacey Schwimmer,Baseline,Millennial,1,0,1,0,0,0.33333333333333304,5.111111111111112,0.5091750772173156,0.16666666666666666,12,0.8197399719654512,1.6666666661111111
8,4,Steve-O,5.0,-3.0350249999999996,3,10.0,0,Tv Personality,34,Eliminated,6.0,8,Lacey Schwimmer,Baseline,Millennial,1,0,1,0,0,0.0,5.083333333333334,0.41943524640393065,0.18181818181818182,11,0.8727302162833207,1.6666666661111111
8,5,Steve-O,6.0,-4.0466999999999995,3,9.0,0,Tv Personality,34,Eliminated,6.0,8,Lacey Schwimmer,Baseline,Millennial,1,0,1,0,0,1.0,5.2666666666666675,0.5477225575051659,0.1111111111111111,9,0.5110184890411691,1.6666666661111111
8,6,Steve-O,5.333333333333333,-5.3956,3,8.0,0,Tv Personality,34,Eliminated,6.0,8,Lacey Schwimmer,Baseline,Millennial,1,0,1,0,0,-0.666666666666667,5.277777777777778,0.49065338146265797,0.125,8,0.6442250432639264,1.6666666661111111
12,1,Sugar Ray Leonard,5.666666666666667,-1.3489,3,9.0,0,Athlete,54,Eliminated,4.0,9,Anna Trebunskaya,Baseline,GenX,1,0,0,1,0,0.0,5.666666666666667,0.0,0.2727272727272727,11,0.50164120636026,0.7317073169660916
12,2,Sugar Ray Leonard,5.666666666666667,-1.3489,3,9.0,0,Athlete,54,Eliminated,4.0,9,Anna Trebunskaya,Baseline,GenX,1,0,0,1,0,0.0,5.666666666666667,0.0,0.18181818181818182,11,0.3689299109603921,0.7317073169660916
12,3,Sugar Ray Leonard,6.666666666666667,-1.3489,3,8.0,0,Athlete,54,Eliminated,4.0,9,Anna Trebunskaya,Baseline,GenX,1,0,0,1,0,1.0,6.0,0.5773502691896258,0.25,10,0.42980495215899384,0.7317073169660916
12,4,Sugar Ray Leonard,7.0,-4.0466999999999995,3,8.0,0,Athlete,54,Eliminated,4.0,9,Anna Trebunskaya,Baseline,GenX,1,0,0,1,0,0.33333333333333304,6.25,0.6871842709362769,0.2222222222222222,9,0.35713792233437924,0.7317073169660916
30,1,Suni Lee,7.0,5.3956,4,2.0,0,Athlete,18,Eliminated,9.0,5,Sasha Farber,Baseline,GenZ,1,1,0,0,0,0.0,7.0,0.0,0.9,15,0.4260464104775318,0.9090909089256198
30,2,Suni Lee,7.0,5.3956,4,4.0,0,Athlete,18,Eliminated,9.0,5,Sasha Farber,Baseline,GenZ,1,1,0,0,0,0.0,7.0,0.0,0.8,15,0.45935864257411446,0.9090909089256198
30,3,Suni Lee,7.0,0.0,3,7.0,0,Athlete,18,Eliminated,9.0,5,Sasha Farber,Baseline,GenZ,1,1,0,0,0,0.0,7.0,0.0,0.5,14,0.29177648852342086,0.9090909089256198
30,4,Suni Lee,8.5,1.3489,4,4.0,0,Athlete,18,Eliminated,9.0,5,Sasha Farber,Baseline,GenZ,1,1,0,0,0,1.5,7.375,0.75,0.7307692307692307,13,0.33713528172762924,0.9090909089256198
30,5,Suni Lee,9.0,0.0,4,3.0,0,Athlete,18,Eliminated,9.0,5,Sasha Farber,Baseline,GenZ,1,1,0,0,0,0.5,7.7,0.9746794344808963,0.6363636363636364,11,0.3735594089309465,0.9090909089256198
30,6,Suni Lee,9.0,0.0,4,5.0,0,Athlete,18,Eliminated,9.0,5,Sasha Farber,Baseline,GenZ,1,1,0,0,0,0.0,7.916666666666667,1.0206207261596574,0.5,10,0.2913253614880169,0.9090909089256198
30,7,Suni Lee,8.5,-2.1582399999999997,4,6.0,0,Athlete,18,Eliminated,9.0,5,Sasha Farber,Baseline,GenZ,1,1,0,0,0,-0.5,8.0,0.957427107756338,0.3333333333333333,9,0.3498704421875686,0.9090909089256198
30,8,Suni Lee,10.5,1.798533333333333,4,1.0,0,Athlete,18,Eliminated,9.0,5,Sasha Farber,Baseline,GenZ,1,1,0,0,0,2.0,8.3125,1.25178444059442,0.875,8,0.4264566622918705,0.9090909089256198
30,9,Suni Lee,9.375,-0.67445,4,3.0,0,Athlete,18,Eliminated,9.0,5,Sasha Farber,Baseline,GenZ,1,1,0,0,0,-1.125,8.430555555555555,1.2233265213252664,0.5833333333333334,6,0.199967613869675,0.9090909089256198
7,1,Susan Lucci,6.166666666666667,-1.3489,3,8.0,0,Actor/Actress,61,Eliminated,7.0,6,Tony Dovolani,Baseline,Boomer,1,0,0,0,1,0.0,6.166666666666667,0.0,0.38461538461538464,13,0.46761395795733807,0.8928571426977041
7,2,Susan Lucci,7.0,0.0,3,4.0,0,Actor/Actress,61,Eliminated,7.0,6,Tony Dovolani,Baseline,Boomer,1,0,0,0,1,0.833333333333333,6.583333333333334,0.5892556509887891,0.6363636363636364,11,0.45446442969466816,0.8928571426977041
7,3,Susan Lucci,7.0,0.0,3,6.0,0,Actor/Actress,61,Eliminated,7.0,6,Tony Dovolani,Baseline,Boomer,1,0,0,0,1,0.0,6.722222222222222,0.4811252243246877,0.3888888888888889,9,0.49722893583777245,0.8928571426977041
7,4,Susan Lucci,8.0,0.0,3,3.0,0,Actor/Actress,61,Eliminated,7.0,6,Tony Dovolani,Baseline,Boomer,1,0,0,0,1,1.0,7.041666666666667,0.7499999999999997,0.7777777777777778,9,0.3840516658994702,0.8928571426977041
7,5,Susan Lucci,7.333333333333333,-1.3489,3,5.0,0,Actor/Actress,61,Eliminated,7.0,6,Tony Dovolani,Baseline,Boomer,1,0,0,0,1,-0.666666666666667,7.1,0.6624868971450594,0.4375,8,0.48567564156210624,0.8928571426977041
7,6,Susan Lucci,7.666666666666667,-1.3489,3,4.0,0,Actor/Actress,61,Eliminated,7.0,6,Tony Dovolani,Baseline,Boomer,1,0,0,0,1,0.3333333333333339,7.194444444444444,0.6361050460652149,0.5,7,0.5927017263992317,0.8928571426977041
7,7,Susan Lucci,8.0,0.0,3,4.0,0,Actor/Actress,61,Eliminated,7.0,6,Tony Dovolani,Baseline,Boomer,1,0,0,0,1,0.33333333333333304,7.30952380952381,0.6556631603912023,0.5,6,0.46415559278875823,0.8928571426977041
20,1,Suzanne Somers,6.25,-4.0466999999999995,4,8.0,0,Actor/Actress,68,Eliminated,5.0,9,Tony Dovolani,Baseline,Boomer,1,0,0,0,1,0.0,6.25,0.0,0.3333333333333333,12,0.35460930964766507,0.6870229006689587
20,2,Suzanne Somers,7.0,0.0,4,6.0,0,Actor/Actress,68,Eliminated,5.0,9,Tony Dovolani,Baseline,Boomer,1,0,0,0,1,0.75,6.625,0.5303300858899106,0.4583333333333333,12,0.3903364158374489,0.6870229006689587
20,3,Suzanne Somers,6.25,-2.0233499999999998,4,8.0,0,Actor/Actress,68,Eliminated,5.0,9,Tony Dovolani,Baseline,Boomer,1,0,0,0,1,-0.75,6.5,0.4330127018922193,0.36363636363636365,11,0.5102920942332644,0.6870229006689587
20,4,Suzanne Somers,7.0,-2.6978,4,9.0,0,Actor/Actress,68,Eliminated,5.0,9,Tony Dovolani,Baseline,Boomer,1,0,0,0,1,0.75,6.625,0.4330127018922193,0.2,10,0.4180589861580331,0.6870229006689587
20,5,Suzanne Somers,7.0,0.0,4,5.0,0,Actor/Actress,68,Eliminated,5.0,9,Tony Dovolani,Baseline,Boomer,1,0,0,0,1,0.0,6.7,0.41079191812887456,0.5,9,0.6406334904348918,0.6870229006689587
21,1,Tamar Braxton,7.666666666666667,0.8992666666666665,3,3.0,0,Singer/Rapper,38,Withdrew,,5,Valentin Chmerkovskiy,Baseline,Millennial,1,0,1,0,0,0.0,7.666666666666667,0.0,0.8076923076923077,13,0.6601447958346751,0.9523809521995464
21,2,Tamar Braxton,8.166666666666666,1.798533333333333,3,1.0,0,Singer/Rapper,38,Withdrew,,5,Valentin Chmerkovskiy,Baseline,Millennial,1,0,1,0,0,0.4999999999999991,7.916666666666666,0.35355339059327345,1.0,13,0.446165184304094,0.9523809521995464
21,3,Tamar Braxton,8.25,1.07912,4,3.0,0,Singer/Rapper,38,Withdrew,,5,Valentin Chmerkovskiy,Baseline,Millennial,1,0,1,0,0,0.08333333333333393,8.027777777777779,0.31549490810001535,0.75,10,0.545144606709089,0.9523809521995464
21,4,Tamar Braxton,9.0,2.0233499999999998,3,2.0,0,Singer/Rapper,38,Withdrew,,5,Valentin Chmerkovskiy,Baseline,Millennial,1,0,1,0,0,0.75,8.270833333333334,0.5501472866760662,0.8,10,0.6070398743083226,0.9523809521995464
21,5,Tamar Braxton,7.25,-4.72115,4,7.0,0,Singer/Rapper,38,Withdrew,,5,Valentin Chmerkovskiy,Baseline,Millennial,1,0,1,0,0,-1.75,8.066666666666666,0.6598610964943054,0.2777777777777778,9,0.556258550366338,0.9523809521995464
21,6,Tamar Braxton,10.0,2.6978,4,1.0,0,Singer/Rapper,38,Withdrew,,5,Valentin Chmerkovskiy,Baseline,Millennial,1,0,1,0,0,2.75,8.38888888888889,0.9855436551955963,0.8888888888888888,9,0.654027973633366,0.9523809521995464
21,7,Tamar Braxton,9.0,0.0,3,6.0,0,Singer/Rapper,38,Withdrew,,5,Valentin Chmerkovskiy,Baseline,Millennial,1,0,1,0,0,-1.0,8.476190476190476,0.9288511992049912,0.3125,8,0.11662348072918957,0.9523809521995464
21,8,Tamar Braxton,9.333333333333334,1.3489,3,3.0,0,Singer/Rapper,38,Withdrew,,5,Valentin Chmerkovskiy,Baseline,Millennial,1,0,1,0,0,0.3333333333333339,8.583333333333334,0.9117835304222195,0.6428571428571429,7,0.43189472916258315,0.9523809521995464
21,9,Tamar Braxton,8.166666666666666,-2.248166666666666,3,6.0,0,Singer/Rapper,38,Withdrew,,5,Valentin Chmerkovskiy,Baseline,Millennial,1,0,1,0,0,-1.1666666666666679,8.537037037037036,0.8641300127945712,0.16666666666666666,6,0.33450140748703683,0.9523809521995464
2,1,Tatum O'Neal,7.666666666666667,0.9810181818181817,3,2.0,0,Actor/Actress,42,Eliminated,2.0,9,Nick Kosovich,Baseline,GenX,1,0,0,1,0,0.0,7.666666666666667,0.0,0.85,10,0.611207926325423,0.9999999998
2,2,Tatum O'Neal,5.666666666666667,-3.597066666666666,3,8.0,0,Actor/Actress,42,Eliminated,2.0,9,Nick Kosovich,Baseline,GenX,1,0,0,1,0,-2.0,6.666666666666667,1.4142135623730951,0.2222222222222222,9,0.6249006826786333,0.9999999998
19,1,Tavis Smiley,7.25,0.67445,4,7.0,0,Radio Personality,50,Eliminated,2.0,12,Sharna Burgess,Baseline,GenX,1,0,0,1,0,0.0,7.25,0.0,0.5,13,0.5160608028665913,0.624999999921875
19,2,Tavis Smiley,7.0,-2.6978,4,8.0,0,Radio Personality,50,Eliminated,2.0,12,Sharna Burgess,Baseline,GenX,1,0,0,1,0,-0.25,7.125,0.1767766952966369,0.2916666666666667,12,0.34613980535212147,0.624999999921875
7,1,Ted Mcginley,6.166666666666667,-1.3489,3,8.0,0,Actor/Actress,50,Eliminated,1.0,12,Inna Brayer,Baseline,GenX,1,0,0,1,0,0.0,6.166666666666667,0.0,0.38461538461538464,13,0.46761395795733807,0.9999999998
31,1,Teresa Giudice,5.0,-2.6978,4,12.0,0,Tv Personality,50,Eliminated,2.0,15,Pasha Pashkov,Baseline,GenX,1,0,0,1,0,0.0,5.0,0.0,0.25,16,0.4962325678954129,0.4285714285346939
31,2,Teresa Giudice,5.75,-5.3956,4,14.0,0,Tv Personality,50,Eliminated,2.0,15,Pasha Pashkov,Baseline,GenX,1,0,0,1,0,0.75,5.375,0.5303300858899106,0.13333333333333333,15,0.3666293746095938,0.4285714285346939
23,1,Terra Jole,6.25,1.3489,4,7.0,0,Tv Personality,36,Eliminated,10.0,5,Sasha Farber,Baseline,Millennial,1,0,1,0,0,0.0,6.25,0.0,0.5,13,0.3571948801843556,0.624999999921875
23,2,Terra Jole,7.75,4.0466999999999995,4,2.0,0,Tv Personality,36,Eliminated,10.0,5,Sasha Farber,Baseline,Millennial,1,0,1,0,0,1.5,7.0,1.0606601717798212,0.9230769230769231,13,0.3393969869703097,0.624999999921875
23,3,Terra Jole,7.5,2.6978,4,3.0,0,Tv Personality,36,Eliminated,10.0,5,Sasha Farber,Baseline,Millennial,1,0,1,0,0,-0.25,7.166666666666667,0.8036375634160795,0.8333333333333334,12,0.3351138365713949,0.624999999921875
23,4,Terra Jole,8.333333333333334,1.3489,3,3.0,0,Tv Personality,36,Eliminated,10.0,5,Sasha Farber,Baseline,Millennial,1,0,1,0,0,0.8333333333333339,7.458333333333334,0.8779711460710616,0.8181818181818182,11,0.47614799152396176,0.624999999921875
23,5,Terra Jole,9.0,4.0466999999999995,3,2.0,0,Tv Personality,36,Eliminated,10.0,5,Sasha Farber,Baseline,Millennial,1,0,1,0,0,0.6666666666666661,7.7666666666666675,1.026387949180144,0.8333333333333334,9,0.2670765415358769,0.624999999921875
23,6,Terra Jole,7.5,-4.31648,4,7.0,0,Tv Personality,36,Eliminated,10.0,5,Sasha Farber,Baseline,Millennial,1,0,1,0,0,-1.5,7.722222222222222,0.9244618053925371,0.2777777777777778,9,0.47408556627827925,0.624999999921875
23,7,Terra Jole,8.625,0.67445,4,3.0,0,Tv Personality,36,Eliminated,10.0,5,Sasha Farber,Baseline,Millennial,1,0,1,0,0,1.125,7.851190476190476,0.9102862361620279,0.625,8,0.2015012068525293,0.624999999921875
23,8,Terra Jole,8.0,-2.6977999999999995,3,6.0,0,Tv Personality,36,Eliminated,10.0,5,Sasha Farber,Baseline,Millennial,1,0,1,0,0,-0.625,7.869791666666667,0.8444019380227092,0.2857142857142857,7,0.6690734446527706,0.624999999921875
23,9,Terra Jole,9.5,2.6978,4,3.0,0,Tv Personality,36,Eliminated,10.0,5,Sasha Farber,Baseline,Millennial,1,0,1,0,0,1.5,8.050925925925926,0.9587358253012392,0.6666666666666666,6,0.20300527052245879,0.624999999921875
23,10,Terra Jole,10.0,0.0,3,1.0,0,Tv Personality,36,Eliminated,10.0,5,Sasha Farber,Baseline,Millennial,1,0,1,0,0,0.5,8.245833333333334,1.0940442725824073,0.9,5,0.12342269081606787,0.624999999921875
25,1,Terrell Owens,5.0,-4.0466999999999995,3,12.0,0,Athlete,43,Eliminated,8.0,6,Cheryl Burke,Baseline,GenX,1,0,0,1,0,0.0,5.0,0.0,0.15384615384615385,13,0.3689849053575016,0.9499999998194999
25,2,Terrell Owens,6.5,-2.0233499999999998,3,9.0,0,Athlete,43,Eliminated,8.0,6,Cheryl Burke,Baseline,GenX,1,0,0,1,0,1.5,5.75,1.0606601717798212,0.34615384615384615,13,0.32635345291716955,0.9499999998194999
25,3,Terrell Owens,7.0,0.0,3,6.0,0,Athlete,43,Eliminated,8.0,6,Cheryl Burke,Baseline,GenX,1,0,0,1,0,0.5,6.166666666666667,1.0408329997330663,0.36363636363636365,11,0.32865933280605497,0.9499999998194999
25,4,Terrell Owens,8.0,0.0,3,4.0,0,Athlete,43,Eliminated,8.0,6,Cheryl Burke,Baseline,GenX,1,0,0,1,0,1.0,6.625,1.25,0.5,11,0.28962268552870457,0.9499999998194999
25,5,Terrell Owens,8.333333333333334,-2.6978,3,6.0,0,Athlete,43,Eliminated,8.0,6,Cheryl Burke,Baseline,GenX,1,0,0,1,0,0.3333333333333339,6.966666666666667,1.3249737942901194,0.45,10,0.37092052770744643,0.9499999998194999
25,6,Terrell Owens,9.25,1.07912,4,3.0,0,Athlete,43,Eliminated,8.0,6,Cheryl Burke,Baseline,GenX,1,0,0,1,0,0.9166666666666661,7.347222222222222,1.5077730696724987,0.7777777777777778,9,0.5189417288061872,0.9499999998194999
25,7,Terrell Owens,8.166666666666666,-3.37225,3,7.0,0,Athlete,43,Eliminated,8.0,6,Cheryl Burke,Baseline,GenX,1,0,0,1,0,-1.083333333333334,7.464285714285714,1.4108189298808167,0.25,8,0.30981358245498597,0.9499999998194999
25,8,Terrell Owens,8.5,0.0,3,4.0,0,Athlete,43,Eliminated,8.0,6,Cheryl Burke,Baseline,GenX,1,0,0,1,0,0.3333333333333339,7.59375,1.3565226757563875,0.5,6,0.3472691388757993,0.9499999998194999
11,1,The Situation,5.0,-2.0233499999999998,3,10.0,0,Tv Personality,28,Eliminated,4.0,9,Karina Smirnoff,Baseline,Millennial,1,0,1,0,0,0.0,5.0,0.0,0.16666666666666666,12,0.49711840367327736,0.7777777776567901
11,2,The Situation,6.0,-4.0466999999999995,3,9.0,0,Tv Personality,28,Eliminated,4.0,9,Karina Smirnoff,Baseline,Millennial,1,0,1,0,0,1.0,5.5,0.7071067811865476,0.22727272727272727,11,0.486830811549821,0.7777777776567901
11,3,The Situation,6.666666666666667,-5.3956,3,7.0,0,Tv Personality,28,Eliminated,4.0,9,Karina Smirnoff,Baseline,Millennial,1,0,1,0,0,0.666666666666667,5.888888888888889,0.8388704928078611,0.35,10,0.3899869355281724,0.7777777776567901
11,4,The Situation,4.666666666666667,-3.297311111111111,3,9.0,0,Tv Personality,28,Eliminated,4.0,9,Karina Smirnoff,Baseline,Millennial,1,0,1,0,0,-2.0,5.583333333333334,0.9179284245476839,0.1111111111111111,9,0.6522347657141515,0.7777777776567901
2,1,Tia Carrere,6.666666666666667,-0.49050909090909084,3,6.0,0,Actor/Actress,39,Eliminated,5.0,6,Maksim Chmerkoskiy,Baseline,Millennial,1,0,1,0,0,0.0,6.666666666666667,0.0,0.5,10,0.611207926325423,0.9999999998
2,2,Tia Carrere,7.333333333333333,0.8992666666666665,3,5.0,0,Actor/Actress,39,Eliminated,5.0,6,Maksim Chmerkoskiy,Baseline,Millennial,1,0,1,0,0,0.6666666666666661,7.0,0.47140452079103123,0.5,9,0.6249006826786333,0.9999999998
2,3,Tia Carrere,8.666666666666666,1.3489,3,3.0,0,Actor/Actress,39,Eliminated,5.0,6,Maksim Chmerkoskiy,Baseline,Millennial,1,0,1,0,0,1.333333333333333,7.5555555555555545,1.0183501544346307,0.75,8,0.6679176515427974,0.9999999998
2,4,Tia Carrere,8.333333333333334,0.67445,3,4.0,0,Actor/Actress,39,Eliminated,5.0,6,Maksim Chmerkoskiy,Baseline,Millennial,1,0,1,0,0,-0.33333333333333215,7.75,0.9179284245476834,0.5714285714285714,7,0.999999999557445,0.9999999998
2,5,Tia Carrere,7.333333333333333,-2.6978,3,6.0,0,Actor/Actress,39,Eliminated,5.0,6,Maksim Chmerkoskiy,Baseline,Millennial,1,0,1,0,0,-1.0000000000000009,7.666666666666667,0.8164965809277259,0.16666666666666666,6,0.43176946429931184,0.9999999998
27,1,Tinashe,7.666666666666667,4.72115,3,1.0,0,Singer/Rapper,25,Eliminated,4.0,10,Brandon Armstrong,Baseline,GenZ,1,1,0,0,0,0.0,7.666666666666667,0.0,0.9615384615384616,13,0.3774877622322794,0.9999999998
27,2,Tinashe,8.666666666666666,2.4729833333333335,3,1.0,0,Singer/Rapper,25,Eliminated,4.0,10,Brandon Armstrong,Baseline,GenZ,1,1,0,0,0,0.9999999999999991,8.166666666666666,0.7071067811865472,0.9166666666666666,12,0.44306691366167916,0.9999999998
27,3,Tinashe,9.0,2.0233499999999998,3,2.0,0,Singer/Rapper,25,Eliminated,4.0,10,Brandon Armstrong,Baseline,GenZ,1,1,0,0,0,0.3333333333333339,8.444444444444445,0.6938886664887108,0.8181818181818182,11,0.50360920609646,0.9999999998
27,4,Tinashe,8.666666666666666,1.5415999999999999,3,2.0,0,Singer/Rapper,25,Eliminated,4.0,10,Brandon Armstrong,Baseline,GenZ,1,1,0,0,0,-0.3333333333333339,8.5,0.5773502691896256,0.85,10,0.5768115562129592,0.9999999998
9,1,Tom Delay,6.666633333333333,-2.1424385013809104,3,12.0,0,Politician,62,Withdrew,,13,Cheryl Burke,Baseline,Boomer,1,0,0,0,1,0.0,6.666633333333333,0.0,0.28125,16,0.7859138369788743,1.34615384579142
9,2,Tom Delay,6.0,-4.0466999999999995,3,13.0,0,Politician,62,Withdrew,,13,Cheryl Burke,Baseline,Boomer,1,0,0,0,1,-0.6666333333333334,6.333316666666667,0.4713809505649922,0.10714285714285714,14,0.4556015122439362,1.34615384579142
9,3,Tom Delay,5.0,-4.0466999999999995,3,12.0,0,Politician,62,Withdrew,,13,Cheryl Burke,Baseline,Boomer,1,0,0,0,1,-1.0,5.888877777777778,0.8388550400087899,0.15384615384615385,13,0.5708475093633384,1.34615384579142
19,1,Tommy Chong,6.75,-0.67445,4,9.0,0,Comedian,76,Eliminated,10.0,5,Peta Murgatroyd,Baseline,Boomer,1,0,0,0,1,0.0,6.75,0.0,0.38461538461538464,13,0.5160608028665913,0.8333333331944445
19,2,Tommy Chong,7.0,-2.6978,4,8.0,0,Comedian,76,Eliminated,10.0,5,Peta Murgatroyd,Baseline,Boomer,1,0,0,0,1,0.25,6.875,0.1767766952966369,0.2916666666666667,12,0.34613980535212147,0.8333333331944445
19,3,Tommy Chong,8.5,2.6978,4,3.0,0,Comedian,76,Eliminated,10.0,5,Peta Murgatroyd,Baseline,Boomer,1,0,0,0,1,1.5,7.416666666666667,0.9464847243000455,0.8181818181818182,11,0.4983770171434502,0.8333333331944445
19,4,Tommy Chong,7.0,-2.6978,4,8.0,0,Comedian,76,Eliminated,10.0,5,Peta Murgatroyd,Baseline,Boomer,1,0,0,0,1,-1.5,7.3125,0.8003905296791061,0.3,10,0.6408988180463647,0.8333333331944445
19,5,Tommy Chong,5.75,-5.3956,4,8.0,0,Comedian,76,Eliminated,10.0,5,Peta Murgatroyd,Baseline,Boomer,1,0,0,0,1,-1.25,7.0,0.9842509842514763,0.2222222222222222,9,0.6379741452460631,0.8333333331944445
19,6,Tommy Chong,7.0,-2.6978,4,8.0,0,Comedian,76,Eliminated,10.0,5,Peta Murgatroyd,Baseline,Boomer,1,0,0,0,1,1.25,7.0,0.8803408430829504,0.16666666666666666,9,0.40693072682428794,0.8333333331944445
19,7,Tommy Chong,7.5,-2.6978,4,6.0,0,Comedian,76,Eliminated,10.0,5,Peta Murgatroyd,Baseline,Boomer,1,0,0,0,1,0.5,7.071428571428571,0.8255589736945622,0.375,8,0.35475637925085574,0.8333333331944445
19,8,Tommy Chong,7.25,-4.70385641025641,4,6.0,0,Comedian,76,Eliminated,10.0,5,Peta Murgatroyd,Baseline,Boomer,1,0,0,0,1,-0.25,7.09375,0.7669221882675861,0.2857142857142857,7,0.7527152917135025,0.8333333331944445
19,9,Tommy Chong,7.125,-16.1868,4,6.0,0,Comedian,76,Eliminated,10.0,5,Peta Murgatroyd,Baseline,Boomer,1,0,0,0,1,-0.125,7.097222222222222,0.7174656399051067,0.16666666666666666,6,0.4149567676500508,0.8333333331944445
19,10,Tommy Chong,7.75,-18.8846,4,5.0,0,Comedian,76,Eliminated,10.0,5,Peta Murgatroyd,Baseline,Boomer,1,0,0,0,1,0.625,7.1625,0.7072295321259647,0.2,5,0.3498704421875686,0.8333333331944445
7,1,Toni Braxton,7.5,4.0466999999999995,3,2.0,0,Singer/Rapper,40,Eliminated,5.0,8,Alec Mazo,Baseline,Millennial,1,0,1,0,0,0.0,7.5,0.0,0.9230769230769231,13,0.46761395795733807,0.624999999921875
7,2,Toni Braxton,7.666666666666667,2.6978,3,3.0,0,Singer/Rapper,40,Eliminated,5.0,8,Alec Mazo,Baseline,Millennial,1,0,1,0,0,0.16666666666666696,7.583333333333334,0.11785113019775781,0.8181818181818182,11,0.45446442969466816,0.624999999921875
7,3,Toni Braxton,7.333333333333333,1.3489,3,4.0,0,Singer/Rapper,40,Eliminated,5.0,8,Alec Mazo,Baseline,Millennial,1,0,1,0,0,-0.3333333333333339,7.5,0.16666666666666696,0.6111111111111112,9,0.49722893583777245,0.624999999921875
7,4,Toni Braxton,7.333333333333333,-2.6978,3,5.0,0,Singer/Rapper,40,Eliminated,5.0,8,Alec Mazo,Baseline,Millennial,1,0,1,0,0,0.0,7.458333333333333,0.1595711846260566,0.4444444444444444,9,0.3840516658994702,0.624999999921875
7,5,Toni Braxton,7.333333333333333,-1.3489,3,5.0,0,Singer/Rapper,40,Eliminated,5.0,8,Alec Mazo,Baseline,Millennial,1,0,1,0,0,0.0,7.433333333333333,0.14907119849998612,0.4375,8,0.48567564156210624,0.624999999921875
26,1,Tonya Harding,7.666666666666667,1.3489,3,3.0,0,Athlete,47,Finalist,3.0,3,Sasha Farber,Baseline,GenX,1,0,0,1,0,0.0,7.666666666666667,0.0,0.75,10,0.3679753688408884,0.799999999872
26,2,Tonya Harding,8.25,-1.1102230246251565e-16,4,4.0,0,Athlete,47,Finalist,3.0,3,Sasha Farber,Baseline,GenX,1,0,0,1,0,0.583333333333333,7.958333333333334,0.4124789556921522,0.5625,8,0.29927657257065027,0.799999999872
26,3,Tonya Harding,8.75,-0.8992666666666665,4,3.0,0,Athlete,47,Finalist,3.0,3,Sasha Farber,Baseline,GenX,1,0,0,1,0,0.5,8.222222222222223,0.5422005915539753,0.5833333333333334,6,0.45572779556481996,0.799999999872
33,1,Tori Spelling,5.666666666666667,-1.3489,3,11.0,0,Actor/Actress,51,Eliminated,2.0,12,Pasha Pashkov,Baseline,GenX,1,0,0,1,0,0.0,5.666666666666667,0.0,0.23076923076923078,13,0.3459611525374582,0.4716981131630474
33,2,Tori Spelling,6.333333333333333,-2.6978,3,9.0,0,Actor/Actress,51,Eliminated,2.0,12,Pasha Pashkov,Baseline,GenX,1,0,0,1,0,0.6666666666666661,6.0,0.47140452079103123,0.34615384615384615,13,0.40777614797778233,0.4716981131630474
31,1,Trevor Donovan,5.25,-2.0233499999999998,4,10.0,0,Actor/Actress,39,Eliminated,9.0,6,Emma Slater,Baseline,Millennial,1,0,1,0,0,0.0,5.25,0.0,0.40625,16,0.4962325678954129,0.6372549018795656
31,2,Trevor Donovan,7.5,2.15824,4,4.0,0,Actor/Actress,39,Eliminated,9.0,6,Emma Slater,Baseline,Millennial,1,0,1,0,0,2.25,6.375,1.590990257669732,0.8,15,0.3666293746095938,0.6372549018795656
31,3,Trevor Donovan,6.75,-1.07912,4,10.0,0,Actor/Actress,39,Eliminated,9.0,6,Emma Slater,Baseline,Millennial,1,0,1,0,0,-0.75,6.5,1.14564392373896,0.35714285714285715,14,0.37876251151361706,0.6372549018795656
31,4,Trevor Donovan,7.0,-2.6978,4,11.0,0,Actor/Actress,39,Eliminated,9.0,6,Emma Slater,Baseline,Millennial,1,0,1,0,0,0.25,6.625,0.9682458365518543,0.19230769230769232,13,0.3953571721926616,0.6372549018795656
31,5,Trevor Donovan,9.0,-1.61868,4,7.0,0,Actor/Actress,39,Eliminated,9.0,6,Emma Slater,Baseline,Millennial,1,0,1,0,0,2.0,7.1,1.3532368602724358,0.4583333333333333,12,0.37602750171537164,0.6372549018795656
31,6,Trevor Donovan,8.5,-2.6978,4,5.0,0,Actor/Actress,39,Eliminated,9.0,6,Emma Slater,Baseline,Millennial,1,0,1,0,0,-0.5,7.333333333333333,1.3385315336840844,0.45,10,0.35084095845467406,0.6372549018795656
31,7,Trevor Donovan,9.75,4.0466999999999995,4,1.0,0,Actor/Actress,39,Eliminated,9.0,6,Emma Slater,Baseline,Millennial,1,0,1,0,0,1.25,7.678571428571429,1.5255756134590488,0.9444444444444444,9,0.2653023984663571,0.6372549018795656
31,8,Trevor Donovan,9.75,-0.5995111111111111,4,5.0,0,Actor/Actress,39,Eliminated,9.0,6,Emma Slater,Baseline,Millennial,1,0,1,0,0,0.0,7.9375,1.5909902576697321,0.4375,8,0.5876811811507717,0.6372549018795656
31,9,Trevor Donovan,8.125,-4.196577777777778,4,6.0,0,Actor/Actress,39,Eliminated,9.0,6,Emma Slater,Baseline,Millennial,1,0,1,0,0,-1.625,7.958333333333333,1.4895469109766235,0.16666666666666666,6,0.32944843197985524,0.6372549018795656
1,1,Trista Sutter,6.0,0.0,3,4.0,0,Tv Personality,32,Eliminated,2.0,6,Louis Van Amstel,Baseline,Millennial,1,0,1,0,0,0.0,6.0,0.0,0.4166666666666667,6,0.40038841227878064,0.9999999998
1,2,Trista Sutter,6.333333333333333,-0.337225,3,4.0,0,Tv Personality,32,Eliminated,2.0,6,Louis Van Amstel,Baseline,Millennial,1,0,1,0,0,0.33333333333333304,6.166666666666666,0.23570226039551595,0.5,6,0.6558623636356736,0.9999999998
3,1,Tucker Carlson,4.0,-2.6978,3,11.0,0,Tv Personality,37,Eliminated,1.0,11,Elena Grinenko,Baseline,Millennial,1,0,1,0,0,0.0,4.0,0.0,0.09090909090909091,11,0.6156691610882334,0.9999999998
8,1,Ty Murray,4.666666666666667,-3.597066666666666,3,12.0,0,Athlete,39,Eliminated,10.0,4,Chelsie Hightower,Baseline,Millennial,1,0,1,0,0,0.0,4.666666666666667,0.0,0.15384615384615385,13,0.5052533901080313,0.9999999998
8,2,Ty Murray,6.666666666666667,-0.67445,3,6.0,0,Athlete,39,Eliminated,10.0,4,Chelsie Hightower,Baseline,Millennial,1,0,1,0,0,2.0,5.666666666666667,1.4142135623730951,0.5384615384615384,13,0.5569947257167678,0.9999999998
8,3,Ty Murray,7.666666666666667,-0.41504615384615384,3,6.0,0,Athlete,39,Eliminated,10.0,4,Chelsie Hightower,Baseline,Millennial,1,0,1,0,0,1.0,6.333333333333333,1.5275252316519465,0.5416666666666666,12,0.8197399719654512,0.9999999998
8,4,Ty Murray,8.333333333333334,0.337225,3,4.0,0,Athlete,39,Eliminated,10.0,4,Chelsie Hightower,Baseline,Millennial,1,0,1,0,0,0.666666666666667,6.833333333333334,1.5986105077709065,0.6818181818181818,11,0.8727302162833207,0.9999999998
8,5,Ty Murray,7.0,-2.0233499999999998,3,7.0,0,Athlete,39,Eliminated,10.0,4,Chelsie Hightower,Baseline,Millennial,1,0,1,0,0,-1.333333333333334,6.866666666666667,1.386442289539028,0.3333333333333333,9,0.5110184890411691,0.9999999998
8,6,Ty Murray,6.0,-4.0466999999999995,3,7.0,0,Athlete,39,Eliminated,10.0,4,Chelsie Hightower,Baseline,Millennial,1,0,1,0,0,-1.0,6.722222222222222,1.2895592126625914,0.25,8,0.6442250432639264,0.9999999998
8,7,Ty Murray,8.0,-4.0466999999999995,3,6.0,0,Athlete,39,Eliminated,10.0,4,Chelsie Hightower,Baseline,Millennial,1,0,1,0,0,2.0,6.904761904761905,1.2724180205607034,0.2857142857142857,7,0.39948152909330925,0.9999999998
8,8,Ty Murray,8.666666666666666,-1.5415999999999999,3,3.0,0,Athlete,39,Eliminated,10.0,4,Chelsie Hightower,Baseline,Millennial,1,0,1,0,0,0.6666666666666661,7.125,1.3325890779957827,0.5833333333333334,6,0.25973282394927005,0.9999999998
8,9,Ty Murray,7.666666666666667,-5.3956,3,5.0,0,Athlete,39,Eliminated,10.0,4,Chelsie Hightower,Baseline,Millennial,1,0,1,0,0,-0.9999999999999991,7.185185185185186,1.2595315609727369,0.2,5,0.33639355175374314,0.9999999998
8,10,Ty Murray,8.0,-5.781,3,4.0,0,Athlete,39,Eliminated,10.0,4,Chelsie Hightower,Baseline,Millennial,1,0,1,0,0,0.33333333333333304,7.2666666666666675,1.2151309435104278,0.25,4,0.36818065497615426,0.9999999998
32,1,Tyson Beckford,4.0,-3.4685999999999995,3,12.0,0,Model,52,Eliminated,3.0,12,Jenna Johnson,Baseline,GenX,1,0,0,1,0,0.0,4.0,0.0,0.14285714285714285,14,0.5167192700762964,0.9374999998242188
32,2,Tyson Beckford,6.0,0.0,3,7.0,0,Model,52,Eliminated,3.0,12,Jenna Johnson,Baseline,GenX,1,0,0,1,0,2.0,5.0,1.4142135623730951,0.5,13,0.5399540890069909,0.9374999998242188
32,3,Tyson Beckford,5.0,-4.0466999999999995,4,12.0,0,Model,52,Eliminated,3.0,12,Jenna Johnson,Baseline,GenX,1,0,0,1,0,-1.0,5.0,1.0,0.08333333333333333,12,0.538842474800634,0.9374999998242188
17,1,Valerie Harper,7.0,0.0,3,8.0,0,Actor/Actress,74,Eliminated,4.0,10,Tristan Macmanus,Baseline,Boomer,1,0,0,0,1,0.0,7.0,0.0,0.375,12,0.5199731865129118,0.5263157894182825
17,2,Valerie Harper,6.333333333333333,-5.3956,3,10.0,0,Actor/Actress,74,Eliminated,4.0,10,Tristan Macmanus,Baseline,Boomer,1,0,0,0,1,-0.666666666666667,6.666666666666666,0.47140452079103157,0.25,12,0.4484757246093171,0.5263157894182825
17,3,Valerie Harper,5.333333333333333,-10.7912,3,10.0,0,Actor/Actress,74,Eliminated,4.0,10,Tristan Macmanus,Baseline,Boomer,1,0,0,0,1,-1.0,6.222222222222221,0.8388704928078607,0.13636363636363635,11,0.5590854517439097,0.5263157894182825
17,4,Valerie Harper,6.0,-4.0466999999999995,3,10.0,0,Actor/Actress,74,Eliminated,4.0,10,Tristan Macmanus,Baseline,Boomer,1,0,0,0,1,0.666666666666667,6.166666666666666,0.6938886664887106,0.1,10,0.44008948670157627,0.5263157894182825
25,1,Vanessa Lachey,7.0,4.0466999999999995,3,3.0,0,Tv Personality,36,Eliminated,7.0,7,Maksim Chmerkoskiy,Baseline,Millennial,1,0,1,0,0,0.0,7.0,0.0,0.8461538461538461,13,0.3689849053575016,0.8421052630160665
25,2,Vanessa Lachey,7.833333333333333,3.37225,3,3.0,0,Tv Personality,36,Eliminated,7.0,7,Maksim Chmerkoskiy,Baseline,Millennial,1,0,1,0,0,0.833333333333333,7.416666666666666,0.5892556509887897,0.8461538461538461,13,0.32635345291716955,0.8421052630160665
25,3,Vanessa Lachey,7.666666666666667,2.6978,3,3.0,0,Tv Personality,36,Eliminated,7.0,7,Maksim Chmerkoskiy,Baseline,Millennial,1,0,1,0,0,-0.16666666666666607,7.5,0.4409585518440986,0.7727272727272727,11,0.32865933280605497,0.8421052630160665
25,4,Vanessa Lachey,8.0,0.0,3,4.0,0,Tv Personality,36,Eliminated,7.0,7,Maksim Chmerkoskiy,Baseline,Millennial,1,0,1,0,0,0.33333333333333304,7.625,0.43832593994609736,0.5,11,0.28962268552870457,0.8421052630160665
25,5,Vanessa Lachey,8.0,-4.0466999999999995,3,8.0,0,Tv Personality,36,Eliminated,7.0,7,Maksim Chmerkoskiy,Baseline,Millennial,1,0,1,0,0,0.0,7.7,0.4149966532662912,0.25,10,0.37092052770744643,0.8421052630160665
25,6,Vanessa Lachey,9.0,0.0,4,4.0,0,Tv Personality,36,Eliminated,7.0,7,Maksim Chmerkoskiy,Baseline,Millennial,1,0,1,0,0,1.0,7.916666666666667,0.6476453075908483,0.6111111111111112,9,0.5189417288061872,0.8421052630160665
25,7,Vanessa Lachey,9.0,0.0,3,4.0,0,Tv Personality,36,Eliminated,7.0,7,Maksim Chmerkoskiy,Baseline,Millennial,1,0,1,0,0,0.0,8.071428571428571,0.7191632409931469,0.5625,8,0.30981358245498597,0.8421052630160665
23,1,Vanilla Ice,6.25,1.3489,4,7.0,0,Singer/Rapper,48,Eliminated,4.0,10,Witney Carson,Baseline,GenX,1,0,0,1,0,0.0,6.25,0.0,0.5,13,0.3571948801843556,0.9615384613535503
23,2,Vanilla Ice,6.5,-2.6978,4,8.0,0,Singer/Rapper,48,Eliminated,4.0,10,Witney Carson,Baseline,GenX,1,0,0,1,0,0.25,6.375,0.1767766952966369,0.4230769230769231,13,0.3393969869703097,0.9615384613535503
23,3,Vanilla Ice,5.75,-6.7445,4,11.0,0,Singer/Rapper,48,Eliminated,4.0,10,Witney Carson,Baseline,GenX,1,0,0,1,0,-0.75,6.166666666666667,0.3818813079129868,0.125,12,0.3351138365713949,0.9615384613535503
23,4,Vanilla Ice,7.666666666666667,-1.3489,3,6.0,0,Singer/Rapper,48,Eliminated,4.0,10,Witney Carson,Baseline,GenX,1,0,0,1,0,1.916666666666667,6.541666666666667,0.8122328620674137,0.45454545454545453,11,0.47614799152396176,0.9615384613535503
29,1,Veron Davis,5.666666666666667,-1.3489,3,11.0,0,Athlete,36,Eliminated,6.0,11,Peta Murgatroyd,Baseline,Millennial,1,0,1,0,0,0.0,5.666666666666667,0.0,0.3333333333333333,15,0.4586531304965921,0.7792207790993422
29,2,Veron Davis,6.0,0.0,3,6.0,0,Athlete,36,Eliminated,6.0,11,Peta Murgatroyd,Baseline,Millennial,1,0,1,0,0,0.33333333333333304,5.833333333333334,0.2357022603955153,0.5,15,0.31639157203440565,0.7792207790993422
29,3,Veron Davis,7.333333333333333,0.7707999999999999,3,4.0,0,Athlete,36,Eliminated,6.0,11,Peta Murgatroyd,Baseline,Millennial,1,0,1,0,0,1.333333333333333,6.333333333333333,0.8819171036881962,0.7142857142857143,14,0.5059628499334231,0.7792207790993422
29,4,Veron Davis,7.333333333333333,-2.6978,3,8.0,0,Athlete,36,Eliminated,6.0,11,Peta Murgatroyd,Baseline,Millennial,1,0,1,0,0,0.0,6.583333333333333,0.8766518798921937,0.4230769230769231,13,0.30617401395313787,0.7792207790993422
29,5,Veron Davis,7.0,-3.2373600000000002,3,10.0,0,Athlete,36,Eliminated,6.0,11,Peta Murgatroyd,Baseline,Millennial,1,0,1,0,0,-0.33333333333333304,6.666666666666667,0.7817359599705709,0.25,12,0.44681844876186,0.7792207790993422
29,6,Veron Davis,7.0,-4.0466999999999995,3,10.0,0,Athlete,36,Eliminated,6.0,11,Peta Murgatroyd,Baseline,Millennial,1,0,1,0,0,0.0,6.722222222222222,0.7123253522144263,0.18181818181818182,11,0.43896422409120317,0.7792207790993422
21,1,Victor Espinoza,5.0,-2.6977999999999995,3,9.0,0,Athlete,43,Eliminated,2.0,12,Karina Smirnoff,Baseline,GenX,1,0,0,1,0,0.0,5.0,0.0,0.3076923076923077,13,0.6601447958346751,0.799999999872
21,2,Victor Espinoza,6.166666666666667,-3.597066666666666,3,9.0,0,Athlete,43,Eliminated,2.0,12,Karina Smirnoff,Baseline,GenX,1,0,0,1,0,1.166666666666667,5.583333333333334,0.8249579113843053,0.3076923076923077,13,0.446165184304094,0.799999999872
16,1,Victor Ortiz,6.0,0.0,3,8.0,0,Athlete,26,Eliminated,6.0,8,Lindsay Arnold,Baseline,Millennial,1,0,1,0,0,0.0,6.0,0.0,0.3333333333333333,12,0.43333212536664834,0.9999999998
16,2,Victor Ortiz,6.0,-1.0116749999999999,3,8.0,0,Athlete,26,Eliminated,6.0,8,Lindsay Arnold,Baseline,Millennial,1,0,1,0,0,0.0,6.0,0.0,0.3333333333333333,12,0.5423210352279798,0.9999999998
16,3,Victor Ortiz,7.666666666666667,1.3489,3,4.0,0,Athlete,26,Eliminated,6.0,8,Lindsay Arnold,Baseline,Millennial,1,0,1,0,0,1.666666666666667,6.555555555555556,0.9622504486493766,0.6818181818181818,11,0.5569510497714374,0.9999999998
16,4,Victor Ortiz,6.0,-4.0466999999999995,3,9.0,0,Athlete,26,Eliminated,6.0,8,Lindsay Arnold,Baseline,Millennial,1,0,1,0,0,-1.666666666666667,6.416666666666667,0.8333333333333335,0.15,10,0.4877780857411537,0.9999999998
16,5,Victor Ortiz,7.0,-2.0233499999999998,3,6.0,0,Athlete,26,Eliminated,6.0,8,Lindsay Arnold,Baseline,Millennial,1,0,1,0,0,1.0,6.533333333333333,0.767390962214756,0.3888888888888889,9,0.5797384912032801,0.9999999998
16,6,Victor Ortiz,6.666666666666667,-3.37225,3,8.0,0,Athlete,26,Eliminated,6.0,8,Lindsay Arnold,Baseline,Millennial,1,0,1,0,0,-0.33333333333333304,6.555555555555556,0.6885303726590966,0.125,8,0.35359918454235945,0.9999999998
25,1,Victoria Arlen,6.333333333333333,1.3489,3,5.0,0,Athlete,22,Eliminated,9.0,5,Valentin Chmerkovskiy,Baseline,GenZ,1,1,0,0,0,0.0,6.333333333333333,0.0,0.6538461538461539,13,0.3689849053575016,1.1111111108641976
25,2,Victoria Arlen,7.333333333333333,1.3489,3,6.0,0,Athlete,22,Eliminated,9.0,5,Valentin Chmerkovskiy,Baseline,GenZ,1,1,0,0,0,1.0,6.833333333333333,0.7071067811865476,0.6153846153846154,13,0.32635345291716955,1.1111111108641976
25,3,Victoria Arlen,7.333333333333333,1.3489,3,5.0,0,Athlete,22,Eliminated,9.0,5,Valentin Chmerkovskiy,Baseline,GenZ,1,1,0,0,0,0.0,7.0,0.5773502691896257,0.6363636363636364,11,0.32865933280605497,1.1111111108641976
25,4,Victoria Arlen,9.0,3.0,3,2.0,0,Athlete,22,Eliminated,9.0,5,Valentin Chmerkovskiy,Baseline,GenZ,1,1,0,0,0,1.666666666666667,7.5,1.1055415967851332,0.9090909090909091,11,0.28962268552870457,1.1111111108641976
25,5,Victoria Arlen,9.0,0.0,3,4.0,0,Athlete,22,Eliminated,9.0,5,Valentin Chmerkovskiy,Baseline,GenZ,1,1,0,0,0,0.0,7.8,1.1690451944500122,0.65,10,0.37092052770744643,1.1111111108641976
25,6,Victoria Arlen,7.75,-5.3956,4,6.0,0,Athlete,22,Eliminated,9.0,5,Valentin Chmerkovskiy,Baseline,GenZ,1,1,0,0,0,-1.25,7.791666666666667,1.0458250331675945,0.3888888888888889,9,0.5189417288061872,1.1111111108641976
25,7,Victoria Arlen,9.5,2.0233499999999998,3,2.0,0,Athlete,22,Eliminated,9.0,5,Valentin Chmerkovskiy,Baseline,GenZ,1,1,0,0,0,1.75,8.035714285714286,1.1525506565322916,0.8125,8,0.30981358245498597,1.1111111108641976
25,8,Victoria Arlen,8.0,-2.0233499999999998,3,5.0,0,Athlete,22,Eliminated,9.0,5,Valentin Chmerkovskiy,Baseline,GenZ,1,1,0,0,0,-1.5,8.03125,1.0671292709659788,0.3333333333333333,6,0.3472691388757993,1.1111111108641976
25,9,Victoria Arlen,9.333333333333334,1.07912,3,3.0,0,Athlete,22,Eliminated,9.0,5,Valentin Chmerkovskiy,Baseline,GenZ,1,1,0,0,0,1.333333333333334,8.175925925925926,1.0884849023831473,0.6,5,0.3172501667528296,1.1111111108641976
31,1,Vinny Guadagnino,4.25,-4.72115,4,16.0,0,Tv Personality,34,Eliminated,8.0,7,Koko Iwasaki,Baseline,Millennial,1,0,1,0,0,0.0,4.25,0.0,0.0625,16,0.4962325678954129,0.9999999998
31,2,Vinny Guadagnino,6.75,-1.07912,4,9.0,0,Tv Personality,34,Eliminated,8.0,7,Koko Iwasaki,Baseline,Millennial,1,0,1,0,0,2.5,5.5,1.7677669529663689,0.43333333333333335,15,0.3666293746095938,0.9999999998
31,3,Vinny Guadagnino,5.75,-5.3956,4,14.0,0,Tv Personality,34,Eliminated,8.0,7,Koko Iwasaki,Baseline,Millennial,1,0,1,0,0,-1.0,5.583333333333333,1.2583057392117918,0.07142857142857142,14,0.37876251151361706,0.9999999998
31,4,Vinny Guadagnino,7.25,-2.0233499999999998,4,9.0,0,Tv Personality,34,Eliminated,8.0,7,Koko Iwasaki,Baseline,Millennial,1,0,1,0,0,1.5,6.0,1.3228756555322954,0.34615384615384615,13,0.3953571721926616,0.9999999998
31,5,Vinny Guadagnino,7.75,-7.01428,4,12.0,0,Tv Personality,34,Eliminated,8.0,7,Koko Iwasaki,Baseline,Millennial,1,0,1,0,0,0.5,6.35,1.3874436925511608,0.08333333333333333,12,0.37602750171537164,0.9999999998
31,6,Vinny Guadagnino,7.0,-10.7912,4,10.0,0,Tv Personality,34,Eliminated,8.0,7,Koko Iwasaki,Baseline,Millennial,1,0,1,0,0,-0.75,6.458333333333333,1.2690219330912555,0.1,10,0.35084095845467406,0.9999999998
31,7,Vinny Guadagnino,7.875,-6.07005,4,9.0,0,Tv Personality,34,Eliminated,8.0,7,Koko Iwasaki,Baseline,Millennial,1,0,1,0,0,0.875,6.660714285714286,1.27621324162353,0.1111111111111111,9,0.2653023984663571,0.9999999998
31,8,Vinny Guadagnino,7.25,-6.594622222222222,4,8.0,0,Tv Personality,34,Eliminated,8.0,7,Koko Iwasaki,Baseline,Millennial,1,0,1,0,0,-0.625,6.734375,1.1997721137782793,0.125,8,0.5876811811507717,0.9999999998
3,1,Vivica A. Fox,7.333333333333333,1.798533333333333,3,3.0,0,Actor/Actress,42,Eliminated,4.0,8,Nick Kosovich,Baseline,GenX,1,0,0,1,0,0.0,7.333333333333333,0.0,0.7727272727272727,11,0.6156691610882334,0.5555555554938272
3,2,Vivica A. Fox,8.0,0.0,3,3.0,0,Actor/Actress,42,Eliminated,4.0,8,Nick Kosovich,Baseline,GenX,1,0,0,1,0,0.666666666666667,7.666666666666666,0.4714045207910322,0.75,10,0.42867833173589404,0.5555555554938272
3,3,Vivica A. Fox,9.0,2.6977999999999995,3,1.0,0,Actor/Actress,42,Eliminated,4.0,8,Nick Kosovich,Baseline,GenX,1,0,0,1,0,1.0,8.11111111111111,0.8388704928078615,0.9444444444444444,9,0.40399558795697227,0.5555555554938272
3,4,Vivica A. Fox,8.0,0.0,3,4.0,0,Actor/Actress,42,Eliminated,4.0,8,Nick Kosovich,Baseline,GenX,1,0,0,1,0,-1.0,8.083333333333332,0.6871842709362771,0.5,8,0.45125042141248917,0.5555555554938272
22,1,Von Miller,7.0,0.0,3,4.0,0,Athlete,27,Eliminated,7.0,7,Witney Carson,Baseline,Millennial,1,0,1,0,0,0.0,7.0,0.0,0.625,12,0.4877442861994343,1.0526315787257619
22,2,Von Miller,6.666666666666667,-1.3489,3,5.0,0,Athlete,27,Eliminated,7.0,7,Witney Carson,Baseline,Millennial,1,0,1,0,0,-0.33333333333333304,6.833333333333334,0.23570226039551595,0.5416666666666666,12,0.4636580673185359,1.0526315787257619
22,3,Von Miller,6.666666666666667,-1.3489,3,8.0,0,Athlete,27,Eliminated,7.0,7,Witney Carson,Baseline,Millennial,1,0,1,0,0,0.0,6.777777777777779,0.19245008972987546,0.2727272727272727,11,0.30492889283715907,1.0526315787257619
22,4,Von Miller,8.0,0.0,4,6.0,0,Athlete,27,Eliminated,7.0,7,Witney Carson,Baseline,Millennial,1,0,1,0,0,1.333333333333333,7.083333333333334,0.63098981620003,0.45,10,0.4648875844007378,1.0526315787257619
22,5,Von Miller,7.25,-4.0466999999999995,4,6.0,0,Athlete,27,Eliminated,7.0,7,Witney Carson,Baseline,Millennial,1,0,1,0,0,-0.75,7.116666666666667,0.5515130702591429,0.4444444444444444,9,0.3911670460246567,1.0526315787257619
22,6,Von Miller,8.0,0.0,3,6.0,0,Athlete,27,Eliminated,7.0,7,Witney Carson,Baseline,Millennial,1,0,1,0,0,0.75,7.263888888888889,0.6110479765367276,0.3333333333333333,9,0.35966785659869965,1.0526315787257619
22,7,Von Miller,8.666666666666666,-2.6978,3,5.0,0,Athlete,27,Eliminated,7.0,7,Witney Carson,Baseline,Millennial,1,0,1,0,0,0.6666666666666661,7.464285714285714,0.7695855408997132,0.375,8,0.1421522207639567,1.0526315787257619
22,1,Wanya Morris,7.666666666666667,2.6978,3,1.0,0,Singer/Rapper,42,Eliminated,9.0,4,Lindsay Arnold,Baseline,GenX,1,0,0,1,0,0.0,7.666666666666667,0.0,0.9166666666666666,12,0.4877442861994343,0.9090909089256198
22,2,Wanya Morris,8.0,4.0466999999999995,3,1.0,0,Singer/Rapper,42,Eliminated,9.0,4,Lindsay Arnold,Baseline,GenX,1,0,0,1,0,0.33333333333333304,7.833333333333334,0.2357022603955153,0.9583333333333334,12,0.4636580673185359,0.9090909089256198
22,3,Wanya Morris,8.0,4.0466999999999995,3,2.0,0,Singer/Rapper,42,Eliminated,9.0,4,Lindsay Arnold,Baseline,GenX,1,0,0,1,0,0.0,7.888888888888889,0.19245008972987476,0.9090909090909091,11,0.30492889283715907,0.9090909089256198
22,4,Wanya Morris,8.75,2.0233499999999998,4,3.0,0,Singer/Rapper,42,Eliminated,9.0,4,Lindsay Arnold,Baseline,GenX,1,0,0,1,0,0.75,8.104166666666668,0.4583333333333327,0.75,10,0.4648875844007378,0.9090909089256198
22,5,Wanya Morris,7.5,-2.6978,4,5.0,0,Singer/Rapper,42,Eliminated,9.0,4,Lindsay Arnold,Baseline,GenX,1,0,0,1,0,-1.25,7.983333333333334,0.4801620096962643,0.5555555555555556,9,0.3911670460246567,0.9090909089256198
22,6,Wanya Morris,9.666666666666666,6.7445,3,1.0,0,Singer/Rapper,42,Eliminated,9.0,4,Lindsay Arnold,Baseline,GenX,1,0,0,1,0,2.166666666666666,8.26388888888889,0.8103782838668384,1.0,9,0.35966785659869965,0.9090909089256198
22,7,Wanya Morris,9.166666666666666,1.3489,3,2.0,0,Singer/Rapper,42,Eliminated,9.0,4,Lindsay Arnold,Baseline,GenX,1,0,0,1,0,-0.5,8.392857142857142,0.814672005282172,0.75,8,0.1421522207639567,0.9090909089256198
22,8,Wanya Morris,8.333333333333334,-4.72115,3,6.0,0,Singer/Rapper,42,Eliminated,9.0,4,Lindsay Arnold,Baseline,GenX,1,0,0,1,0,-0.8333333333333321,8.385416666666666,0.7545332573902463,0.16666666666666666,6,0.28630213384560527,0.9090909089256198
22,9,Wanya Morris,10.0,4.0466999999999995,3,1.0,0,Singer/Rapper,42,Eliminated,9.0,4,Lindsay Arnold,Baseline,GenX,1,0,0,1,0,1.666666666666666,8.564814814814815,0.8875858504816918,1.0,5,0.15295026107435583,0.9090909089256198
7,1,Warren Sapp,7.166666666666667,2.6978,3,3.0,0,Athlete,35,RunnerUp,9.0,2,Kym Johnson,Baseline,Millennial,1,0,1,0,0,0.0,7.166666666666667,0.0,0.8076923076923077,13,0.46761395795733807,0.7407407406310014
7,2,Warren Sapp,8.0,4.0466999999999995,3,1.0,0,Athlete,35,RunnerUp,9.0,2,Kym Johnson,Baseline,Millennial,1,0,1,0,0,0.833333333333333,7.583333333333334,0.5892556509887891,0.9545454545454546,11,0.45446442969466816,0.7407407406310014
7,3,Warren Sapp,8.333333333333334,5.3956,3,2.0,0,Athlete,35,RunnerUp,9.0,2,Kym Johnson,Baseline,Millennial,1,0,1,0,0,0.3333333333333339,7.833333333333333,0.6009252125773313,0.8888888888888888,9,0.49722893583777245,0.7407407406310014
7,4,Warren Sapp,7.333333333333333,-2.6978,3,5.0,0,Athlete,35,RunnerUp,9.0,2,Kym Johnson,Baseline,Millennial,1,0,1,0,0,-1.0000000000000009,7.708333333333334,0.5506729889333059,0.4444444444444444,9,0.3840516658994702,0.7407407406310014
7,5,Warren Sapp,8.333333333333334,0.67445,3,4.0,0,Athlete,35,RunnerUp,9.0,2,Kym Johnson,Baseline,Millennial,1,0,1,0,0,1.0000000000000009,7.833333333333334,0.5527707983925667,0.625,8,0.48567564156210624,0.7407407406310014
7,6,Warren Sapp,8.333333333333334,1.3489,3,3.0,0,Athlete,35,RunnerUp,9.0,2,Kym Johnson,Baseline,Millennial,1,0,1,0,0,0.0,7.916666666666667,0.5348935511960404,0.7142857142857143,7,0.5927017263992317,0.7407407406310014
7,7,Warren Sapp,7.0,-2.0233499999999998,3,6.0,0,Athlete,35,RunnerUp,9.0,2,Kym Johnson,Baseline,Millennial,1,0,1,0,0,-1.333333333333334,7.785714285714286,0.5987199750013428,0.16666666666666666,6,0.46415559278875823,0.7407407406310014
7,8,Warren Sapp,9.0,2.0233499999999998,3,2.0,0,Athlete,35,RunnerUp,9.0,2,Kym Johnson,Baseline,Millennial,1,0,1,0,0,2.0,7.9375,0.701118720558409,0.8,5,0.24463147698635002,0.7407407406310014
7,9,Warren Sapp,8.166666666666666,1.07912,3,2.0,0,Athlete,35,RunnerUp,9.0,2,Kym Johnson,Baseline,Millennial,1,0,1,0,0,-0.8333333333333339,7.962962962962964,0.660270240222484,0.625,4,0.34792128806784095,0.7407407406310014
31,1,Wayne Brady,7.25,3.37225,4,2.0,0,Comedian,50,Finalist,9.0,3,Witney Carson,Baseline,GenX,1,0,0,1,0,0.0,7.25,0.0,0.9375,16,0.4962325678954129,0.8695652172400756
31,2,Wayne Brady,8.0,4.31648,4,1.0,0,Comedian,50,Finalist,9.0,3,Witney Carson,Baseline,GenX,1,0,0,1,0,0.75,7.625,0.5303300858899106,0.9333333333333333,15,0.3666293746095938,0.8695652172400756
31,3,Wayne Brady,8.25,5.3956,4,1.0,0,Comedian,50,Finalist,9.0,3,Witney Carson,Baseline,GenX,1,0,0,1,0,0.25,7.833333333333333,0.5204164998665333,0.9285714285714286,14,0.37876251151361706,0.8695652172400756
31,4,Wayne Brady,9.0,2.6978,4,1.0,0,Comedian,50,Finalist,9.0,3,Witney Carson,Baseline,GenX,1,0,0,1,0,0.75,8.125,0.7216878364870323,0.9230769230769231,13,0.3953571721926616,0.8695652172400756
31,5,Wayne Brady,10.25,3.7769199999999996,4,2.0,0,Comedian,50,Finalist,9.0,3,Witney Carson,Baseline,GenX,1,0,0,1,0,1.25,8.55,1.1374313166077326,0.875,12,0.37602750171537164,0.8695652172400756
31,6,Wayne Brady,8.5,-2.6978,4,5.0,0,Comedian,50,Finalist,9.0,3,Witney Carson,Baseline,GenX,1,0,0,1,0,-1.75,8.541666666666666,1.017554257357644,0.45,10,0.35084095845467406,0.8695652172400756
31,7,Wayne Brady,9.5,2.6978,4,3.0,0,Comedian,50,Finalist,9.0,3,Witney Carson,Baseline,GenX,1,0,0,1,0,1.0,8.678571428571429,0.9970193674385762,0.7777777777777778,9,0.2653023984663571,0.8695652172400756
31,8,Wayne Brady,11.25,2.9975555555555555,4,1.0,0,Comedian,50,Finalist,9.0,3,Witney Carson,Baseline,GenX,1,0,0,1,0,1.75,9.0,1.2955969390869324,0.9375,8,0.5876811811507717,0.8695652172400756
31,9,Wayne Brady,9.125,0.5995111111111111,4,3.0,0,Comedian,50,Finalist,9.0,3,Witney Carson,Baseline,GenX,1,0,0,1,0,-2.125,9.01388888888889,1.2126360175712705,0.5833333333333334,6,0.32944843197985524,0.8695652172400756
5,1,Wayne Newton,6.333333333333333,-2.6978,3,10.0,0,Singer/Rapper,65,Eliminated,3.0,10,Cheryl Burke,Baseline,Boomer,1,0,0,0,1,0.0,6.333333333333333,0.0,0.25,12,0.43333212536664834,2.49999999875
5,2,Wayne Newton,5.0,-8.093399999999999,3,11.0,0,Singer/Rapper,65,Eliminated,3.0,10,Cheryl Burke,Baseline,Boomer,1,0,0,0,1,-1.333333333333333,5.666666666666666,0.9428090415820629,0.09090909090909091,11,0.49926936703821634,2.49999999875
5,3,Wayne Newton,6.0,-4.0466999999999995,3,10.0,0,Singer/Rapper,65,Eliminated,3.0,10,Cheryl Burke,Baseline,Boomer,1,0,0,0,1,1.0,5.777777777777778,0.6938886664887106,0.1,10,0.48404598740959837,2.49999999875
12,1,Wendy Williams,4.666666666666667,-5.3956,3,10.0,0,Tv Personality,46,Eliminated,3.0,10,Tony Dovolani,Baseline,GenX,1,0,0,1,0,0.0,4.666666666666667,0.0,0.18181818181818182,11,0.50164120636026,0.7575757574609734
12,2,Wendy Williams,5.666666666666667,-1.3489,3,9.0,0,Tv Personality,46,Eliminated,3.0,10,Tony Dovolani,Baseline,GenX,1,0,0,1,0,1.0,5.166666666666667,0.7071067811865476,0.18181818181818182,11,0.3689299109603921,0.7575757574609734
12,3,Wendy Williams,5.0,-8.093399999999999,3,10.0,0,Tv Personality,46,Eliminated,3.0,10,Tony Dovolani,Baseline,GenX,1,0,0,1,0,-0.666666666666667,5.111111111111112,0.5091750772173156,0.1,10,0.42980495215899384,0.7575757574609734
34,1,Whitney Leavitt,7.5,2.0233499999999998,2,1.0,0,Tv Personality,32,Eliminated,10.0,6,Mark Ballas,Baseline,Millennial,1,0,1,0,0,0.0,7.5,0.0,0.9642857142857143,14,0.4627624262862272,0.9708737862192477
34,2,Whitney Leavitt,7.333333333333333,1.3489,3,1.0,0,Tv Personality,32,Eliminated,10.0,6,Mark Ballas,Baseline,Millennial,1,0,1,0,0,-0.16666666666666696,7.416666666666666,0.11785113019775781,0.8928571428571429,14,0.3416136418926476,0.9708737862192477
34,3,Whitney Leavitt,8.0,4.0466999999999995,3,1.0,0,Tv Personality,32,Eliminated,10.0,6,Mark Ballas,Baseline,Millennial,1,0,1,0,0,0.666666666666667,7.611111111111111,0.34694433324435575,0.9583333333333334,12,0.31108428718662545,0.9708737862192477
34,4,Whitney Leavitt,8.333333333333334,1.3489,3,1.0,0,Tv Personality,32,Eliminated,10.0,6,Mark Ballas,Baseline,Millennial,1,0,1,0,0,0.3333333333333339,7.791666666666666,0.45896421227384254,1.0,11,0.29030495428456765,0.9708737862192477
34,5,Whitney Leavitt,8.25,0.67445,4,4.0,0,Tv Personality,32,Eliminated,10.0,6,Mark Ballas,Baseline,Millennial,1,0,1,0,0,-0.08333333333333393,7.883333333333333,0.4472135954999586,0.7,10,0.4041638843974973,0.9708737862192477
34,6,Whitney Leavitt,9.75,4.0466999999999995,4,1.0,0,Tv Personality,32,Eliminated,10.0,6,Mark Ballas,Baseline,Millennial,1,0,1,0,0,1.5,8.194444444444445,0.8606629658238707,0.95,10,0.460625841237017,0.9708737862192477
34,7,Whitney Leavitt,10.5,4.31648,4,2.0,0,Tv Personality,32,Eliminated,10.0,6,Mark Ballas,Baseline,Millennial,1,0,1,0,0,0.75,8.523809523809524,1.1733087569576217,0.8888888888888888,9,0.5260998838984093,0.9708737862192477
34,8,Whitney Leavitt,9.875,2.0233499999999998,4,1.0,0,Tv Personality,32,Eliminated,10.0,6,Mark Ballas,Baseline,Millennial,1,0,1,0,0,-0.625,8.692708333333334,1.1866773466279703,1.0,8,0.1868674562694525,0.9708737862192477
34,9,Whitney Leavitt,10.5,1.798533333333333,4,1.0,0,Tv Personality,32,Eliminated,10.0,6,Mark Ballas,Baseline,Millennial,1,0,1,0,0,0.625,8.893518518518519,1.2629728059788046,0.8571428571428571,7,0.5261922064197656,0.9708737862192477
34,10,Whitney Leavitt,9.666666666666666,1.798533333333333,3,2.0,0,Tv Personality,32,Eliminated,10.0,6,Mark Ballas,Baseline,Millennial,1,0,1,0,0,-0.8333333333333339,8.970833333333333,1.2155832949302898,0.75,6,0.10077420506021913,0.9708737862192477
3,1,Willa Ford,7.333333333333333,1.798533333333333,3,3.0,0,Singer/Rapper,25,Eliminated,5.0,7,Maksim Chmerkoskiy,Baseline,GenZ,1,1,0,0,0,0.0,7.333333333333333,0.0,0.7727272727272727,11,0.6156691610882334,0.8333333331944445
3,2,Willa Ford,7.666666666666667,-1.3489,3,5.0,0,Singer/Rapper,25,Eliminated,5.0,7,Maksim Chmerkoskiy,Baseline,GenZ,1,1,0,0,0,0.3333333333333339,7.5,0.23570226039551626,0.6,10,0.42867833173589404,0.8333333331944445
3,3,Willa Ford,7.333333333333333,-1.798533333333333,3,4.0,0,Singer/Rapper,25,Eliminated,5.0,7,Maksim Chmerkoskiy,Baseline,GenZ,1,1,0,0,0,-0.3333333333333339,7.444444444444444,0.19245008972987565,0.5,9,0.40399558795697227,0.8333333331944445
3,4,Willa Ford,9.333333333333334,5.3956,3,2.0,0,Singer/Rapper,25,Eliminated,5.0,7,Maksim Chmerkoskiy,Baseline,GenZ,1,1,0,0,0,2.000000000000001,7.916666666666667,0.9574271077563383,0.875,8,0.45125042141248917,0.8333333331944445
3,5,Willa Ford,9.0,0.0,3,1.0,0,Singer/Rapper,25,Eliminated,5.0,7,Maksim Chmerkoskiy,Baseline,GenZ,1,1,0,0,0,-0.3333333333333339,8.133333333333335,0.9603240193925291,0.7857142857142857,7,0.2159447251290409,0.8333333331944445
14,1,William Levy,8.0,4.0466999999999995,3,3.0,0,Actor/Actress,31,Finalist,9.0,3,Cheryl Burke,Baseline,Millennial,1,0,1,0,0,0.0,8.0,0.0,0.8333333333333334,12,0.31763966986668124,1.0344827584066587
14,2,William Levy,8.333333333333334,5.3956,3,3.0,0,Actor/Actress,31,Finalist,9.0,3,Cheryl Burke,Baseline,Millennial,1,0,1,0,0,0.3333333333333339,8.166666666666668,0.23570226039551562,0.7916666666666666,12,0.42874242358520726,1.0344827584066587
14,3,William Levy,9.333333333333334,5.3956,3,2.0,0,Actor/Actress,31,Finalist,9.0,3,Cheryl Burke,Baseline,Millennial,1,0,1,0,0,1.0,8.555555555555555,0.6938886664887103,0.9090909090909091,11,0.26687070216692765,1.0344827584066587
14,4,William Levy,7.333333333333333,-2.6978,3,6.0,0,Actor/Actress,31,Finalist,9.0,3,Cheryl Burke,Baseline,Millennial,1,0,1,0,0,-2.000000000000001,8.25,0.8333333333333338,0.4,10,0.34805157127333136,1.0344827584066587
14,5,William Levy,9.666666666666666,3.37225,3,1.0,0,Actor/Actress,31,Finalist,9.0,3,Cheryl Burke,Baseline,Millennial,1,0,1,0,0,2.333333333333333,8.533333333333335,0.9603240193925284,0.9444444444444444,9,0.5290360116779419,1.0344827584066587
14,6,William Levy,12.0,2.232636086025509,3,3.0,0,Actor/Actress,31,Finalist,9.0,3,Cheryl Burke,Baseline,Millennial,1,0,1,0,0,2.333333333333334,9.111111111111112,1.6555182695279258,0.75,8,0.7511618976913882,1.0344827584066587
14,7,William Levy,8.833333333333334,-1.3489,3,3.0,0,Actor/Actress,31,Finalist,9.0,3,Cheryl Burke,Baseline,Millennial,1,0,1,0,0,-3.166666666666666,9.071428571428571,1.5149170092693338,0.6428571428571429,7,0.22476239603259227,1.0344827584066587
14,8,William Levy,9.5,2.0233499999999998,3,1.0,0,Actor/Actress,31,Finalist,9.0,3,Cheryl Burke,Baseline,Millennial,1,0,1,0,0,0.6666666666666661,9.125,1.4107017278926695,1.0,6,0.15990606043517003,1.0344827584066587
14,9,William Levy,9.666666666666666,1.3489,3,2.0,0,Actor/Actress,31,Finalist,9.0,3,Cheryl Burke,Baseline,Millennial,1,0,1,0,0,0.16666666666666607,9.185185185185185,1.331885788304094,0.75,4,0.09522267327127348,1.0344827584066587
20,1,Willow Shields,6.25,-4.0466999999999995,4,8.0,0,Actor/Actress,14,Eliminated,7.0,7,Mark Ballas,Baseline,GenZ,1,1,0,0,0,0.0,6.25,0.0,0.3333333333333333,12,0.35460930964766507,0.8823529410207612
20,2,Willow Shields,8.0,5.3956,4,2.0,0,Actor/Actress,14,Eliminated,7.0,7,Mark Ballas,Baseline,GenZ,1,1,0,0,0,1.75,7.125,1.2374368670764582,0.8333333333333334,12,0.3903364158374489,0.8823529410207612
20,3,Willow Shields,8.0,2.6978,4,4.0,0,Actor/Actress,14,Eliminated,7.0,7,Mark Ballas,Baseline,GenZ,1,1,0,0,0,0.0,7.416666666666667,1.0103629710818451,0.7272727272727273,11,0.5102920942332644,0.8823529410207612
20,4,Willow Shields,9.75,4.72115,4,1.0,0,Actor/Actress,14,Eliminated,7.0,7,Mark Ballas,Baseline,GenZ,1,1,0,0,0,1.75,8.0,1.4288690166235205,1.0,10,0.4180589861580331,0.8823529410207612
20,5,Willow Shields,8.5,4.0466999999999995,4,4.0,0,Actor/Actress,14,Eliminated,7.0,7,Mark Ballas,Baseline,GenZ,1,1,0,0,0,-1.25,8.1,1.2574776339959293,0.6666666666666666,9,0.6406334904348918,0.8823529410207612
20,6,Willow Shields,9.125,3.23736,4,2.0,0,Actor/Actress,14,Eliminated,7.0,7,Mark Ballas,Baseline,GenZ,1,1,0,0,0,0.625,8.270833333333334,1.2000434019928892,0.8125,8,0.17178297693773606,0.8823529410207612
20,7,Willow Shields,9.75,0.8632960000000001,4,2.0,0,Actor/Actress,14,Eliminated,7.0,7,Mark Ballas,Baseline,GenZ,1,1,0,0,0,0.625,8.482142857142858,1.2298978858115865,0.8571428571428571,7,0.42713953969049817,0.8823529410207612
16,1,Wynonna Judd,6.0,0.0,3,8.0,0,Singer/Rapper,48,Eliminated,3.0,11,Tony Dovolani,Baseline,GenX,1,0,0,1,0,0.0,6.0,0.0,0.3333333333333333,12,0.43333212536664834,0.7142857141836735
16,2,Wynonna Judd,6.0,-1.0116749999999999,3,8.0,0,Singer/Rapper,48,Eliminated,3.0,11,Tony Dovolani,Baseline,GenX,1,0,0,1,0,0.0,6.0,0.0,0.3333333333333333,12,0.5423210352279798,0.7142857141836735
16,3,Wynonna Judd,5.0,-4.0466999999999995,3,11.0,0,Singer/Rapper,48,Eliminated,3.0,11,Tony Dovolani,Baseline,GenX,1,0,0,1,0,-1.0,5.666666666666667,0.5773502691896258,0.09090909090909091,11,0.5569510497714374,0.7142857141836735
32,1,Xochitl Gomez,6.0,1.1562,3,5.0,0,Actor/Actress,17,Winner,9.0,1,Valentin Chmerkovskiy,Baseline,GenZ,1,1,0,0,0,0.0,6.0,0.0,0.6785714285714286,14,0.5167192700762964,0.9090909089256198
32,2,Xochitl Gomez,8.0,4.0466999999999995,3,1.0,0,Actor/Actress,17,Winner,9.0,1,Valentin Chmerkovskiy,Baseline,GenZ,1,1,0,0,0,2.0,7.0,1.4142135623730951,0.9615384615384616,13,0.5399540890069909,0.9090909089256198
32,3,Xochitl Gomez,8.0,4.0466999999999995,4,3.0,0,Actor/Actress,17,Winner,9.0,1,Valentin Chmerkovskiy,Baseline,GenZ,1,1,0,0,0,0.0,7.333333333333333,1.1547005383792517,0.7916666666666666,12,0.538842474800634,0.9090909089256198
32,4,Xochitl Gomez,9.0,8.093399999999999,3,1.0,0,Actor/Actress,17,Winner,9.0,1,Valentin Chmerkovskiy,Baseline,GenZ,1,1,0,0,0,1.0,7.75,1.2583057392117918,1.0,11,0.4316930922346303,0.9090909089256198
32,5,Xochitl Gomez,9.333333333333334,3.0831999999999997,3,1.0,0,Actor/Actress,17,Winner,9.0,1,Valentin Chmerkovskiy,Baseline,GenZ,1,1,0,0,0,0.3333333333333339,8.066666666666666,1.299572579307862,0.95,10,0.4664939229167582,0.9090909089256198
32,6,Xochitl Gomez,10.5,4.6248,4,1.0,0,Actor/Actress,17,Winner,9.0,1,Valentin Chmerkovskiy,Baseline,GenZ,1,1,0,0,0,1.166666666666666,8.472222222222223,1.5290398827247653,1.0,9,0.5153253660800832,0.9090909089256198
32,7,Xochitl Gomez,9.25,2.6978,4,1.0,0,Actor/Actress,17,Winner,9.0,1,Valentin Chmerkovskiy,Baseline,GenZ,1,1,0,0,0,-1.25,8.583333333333334,1.4264368973853079,0.9375,8,0.21729018814696918,0.9090909089256198
32,8,Xochitl Gomez,10.0,4.85604,4,2.0,0,Actor/Actress,17,Winner,9.0,1,Valentin Chmerkovskiy,Baseline,GenZ,1,1,0,0,0,0.75,8.760416666666666,1.4124148380002157,0.8571428571428571,7,0.5245279148293601,0.9090909089256198
32,9,Xochitl Gomez,10.25,3.0832,4,2.0,0,Actor/Actress,17,Winner,9.0,1,Valentin Chmerkovskiy,Baseline,GenZ,1,1,0,0,0,0.25,8.925925925925926,1.411414556175016,0.8333333333333334,6,0.5572357290736578,0.9090909089256198
16,1,Zendaya,8.0,8.093399999999999,3,1.0,0,Actor/Actress,16,RunnerUp,10.0,2,Valentin Chmerkovskiy,Baseline,GenZ,1,1,0,0,0,0.0,8.0,0.0,1.0,12,0.43333212536664834,0.624999999921875
16,2,Zendaya,8.666666666666666,4.383925,3,1.0,0,Actor/Actress,16,RunnerUp,10.0,2,Valentin Chmerkovskiy,Baseline,GenZ,1,1,0,0,0,0.6666666666666661,8.333333333333332,0.4714045207910319,0.9583333333333334,12,0.5423210352279798,0.624999999921875
16,3,Zendaya,8.6666,3.3721151100000015,3,1.0,0,Actor/Actress,16,RunnerUp,10.0,2,Valentin Chmerkovskiy,Baseline,GenZ,1,1,0,0,0,-6.666666666532706e-05,8.444422222222222,0.38488093589422595,0.9545454545454546,11,0.5569510497714374,0.624999999921875
16,4,Zendaya,8.666666666666666,6.7445,3,2.0,0,Actor/Actress,16,RunnerUp,10.0,2,Valentin Chmerkovskiy,Baseline,GenZ,1,1,0,0,0,6.666666666532706e-05,8.499983333333333,0.3333222237037535,0.85,10,0.4877780857411537,0.624999999921875
16,5,Zendaya,9.666666666666666,3.37225,3,1.0,0,Actor/Actress,16,RunnerUp,10.0,2,Valentin Chmerkovskiy,Baseline,GenZ,1,1,0,0,0,1.0,8.73332,0.5962866581323675,1.0,9,0.5797384912032801,0.624999999921875
16,6,Zendaya,8.5,4.0466999999999995,3,3.0,0,Actor/Actress,16,RunnerUp,10.0,2,Valentin Chmerkovskiy,Baseline,GenZ,1,1,0,0,0,-1.166666666666666,8.694433333333334,0.5417741780483822,0.75,8,0.35359918454235945,0.624999999921875
16,7,Zendaya,10.0,2.0233499999999998,3,2.0,0,Actor/Actress,16,RunnerUp,10.0,2,Valentin Chmerkovskiy,Baseline,GenZ,1,1,0,0,0,1.5,8.880942857142857,0.6986415394427395,0.8571428571428571,7,0.7312421113649391,0.624999999921875
16,8,Zendaya,9.666666666666666,2.4729833333333335,3,1.0,0,Actor/Actress,16,RunnerUp,10.0,2,Valentin Chmerkovskiy,Baseline,GenZ,1,1,0,0,0,-0.3333333333333339,8.979158333333332,0.7039472048543287,1.0,6,0.43864487487552734,0.624999999921875
16,9,Zendaya,9.166666666666666,-1.3489,3,4.0,0,Actor/Actress,16,RunnerUp,10.0,2,Valentin Chmerkovskiy,Baseline,GenZ,1,1,0,0,0,-0.5,8.999992592592593,0.6614420277313672,0.4,5,0.25337105425618095,0.624999999921875
16,10,Zendaya,10.0,0.0,3,1.0,0,Actor/Actress,16,RunnerUp,10.0,2,Valentin Chmerkovskiy,Baseline,GenZ,1,1,0,0,0,0.8333333333333339,9.099993333333334,0.6992104898286493,0.875,4,0.14124446904833549,0.624999999921875
